#VRML V2.0 utf8

# Generated by VCGLIB, (C)Copyright 1999-2001 VCG, IEI-CNR

NavigationInfo {
	type [ "EXAMINE", "ANY" ]
}
Transform {
  scale 1 1 1
  translation 0 0 0
  children
  [
    Shape
    {
      geometry IndexedFaceSet
      {
        creaseAngle .5
        solid FALSE
        coord Coordinate
        {
          point
          [
            0.0363259 1.16635 -1.16809e-17, 0.0393701 1.19517 0.0393701, 1.3791 1.53543 0.0393701, 1.49422 1.52145 0.0393701, 
            1.33137 1.40157 0.0393701, 1.63128 1.44549 0.0393701, 1.33137 1.05512 0.0393701, 1.40255 1.03381 0.0393701, 
            1.72899 1.32884 0.0393701, 1.4379 1.04914 0.0393701, 1.7728 1.14173 0.0393701, -1.00456 0.846607 0.0393701, 
            -1.72899 0.628053 0.0393701, 1.7728 0.815157 0.0393701, 1.44069 0.426303 0.0393701, 1.3791 0.421457 0.0393701, 
            1.50076 0.440728 0.0393701, -0.125984 0.809012 0.0393701, 1.61863 0.498832 0.0393701, 0.10652 0.579146 0.0393701, 
            -1.58067 0.475697 0.0393701, -1.3791 0.421457 0.0393701, -1.50076 0.440728 0.0393701, -1.44069 0.426303 0.0393701, 
            -1.65749 0.536772 0.0393701, -1.76796 0.753571 0.0393701, -1.7728 0.815157 0.0393701, 1.20516 0.822638 0.0393701, 
            0.110236 0.809012 0.0393701, 0.110236 0.84252 0.0393701, 1.45973 0.604563 0.0393701, 1.73613 0.642051 0.0393701, 
            1.46066 1.02908 0.0393701, 1.20911 0.837402 0.0393701, -1.3791 1.53543 0.0393701, -0.754595 1.40157 0.0393701, 
            -0.711287 1.40157 0.0393701, -0.927823 1.40157 0.0393701, -0.97113 1.40157 0.0393701, -1.21654 1.40157 0.0393701, 
            -1.17323 1.40157 0.0393701, 0.826114 1.23941 0.0393701, 0.927165 1.23941 0.0393701, 0.768374 1.05512 0.0393701, 
            1.40326 0.608972 0.0393701, 1.46106 0.79311 0.0393701, 1.63797 0.793515 0.0393701, 1.22036 0.793651 0.0393701, 
            1.40201 0.79311 0.0393701, -0.0866142 0.601272 0.0393701, 0.0511811 0.53426 0.0393701, 0.077428 0.547661 0.0393701, 
            1.6568 0.849201 0.0393701, 1.76796 0.753571 0.0393701, 1.46106 0.852165 0.0393701, 1.76796 1.20332 0.0393701, 
            -0.870079 1.05512 0.0393701, -1.00595 0.905446 0.0393701, 0.984909 1.05512 0.0393701, 1.2251 0.85176 0.0393701, 
            -0.379265 1.40157 0.0393701, -0.451082 1.40006 0.0393701, -0.125984 0.84252 0.0393701, -0.984129 0.869623 0.0393701, 
            -0.988209 0.890748 0.0393701, 1.40201 0.852165 0.0393701, -0.494752 1.1362 0.0393701, -0.530839 1.1362 0.0393701, 
            -0.41847 1.21402 0.0393701, 0.101776 0.650893 0.0393701, 0.465224 1.05512 0.0393701, 0.421917 1.05512 0.0393701, 
            -0.711287 1.09198 0.0393701, -0.538059 1.32049 0.0393701, 1.04987 1.05512 0.0393701, 1.28806 1.40157 0.0393701, 
            1.18701 1.40157 0.0393701, -1.21654 1.05512 0.0393701, -1.5148 0.905025 0.0393701, -1.7728 1.14173 0.0393701, 
            -1.52743 0.866663 0.0393701, -1.5064 0.846522 0.0393701, 0.0692586 0.584893 0.0393701, -0.0515207 0.562121 0.0393701, 
            0.00146098 0.526359 0.0393701, -0.119422 0.601272 0.0393701, 0.0577429 0.64148 0.0393701, -0.104095 0.561074 0.0393701, 
            -0.0603673 0.53426 0.0393701, -0.0734909 0.809012 0.0393701, 0.652886 1.40157 0.0393701, 0.595146 1.12146 0.0393701, 
            0.537402 1.40157 0.0393701, 1.26641 1.05512 0.0393701, 1.12926 1.40157 0.0393701, 1.28806 1.12883 0.0393701, 
            1.02822 1.40157 0.0393701, 0.984909 1.40157 0.0393701, 1.02822 1.12883 0.0393701, 0.71063 1.40157 0.0393701, 
            0.566272 1.05512 0.0393701, 1.15814 1.36472 0.0393701, 0.826114 1.27626 0.0393701, 0.927165 1.27626 0.0393701, 
            0.479657 1.40157 0.0393701, 0.14042 1.40157 0.0393701, 0.624016 1.05512 0.0393701, 0.508532 1.32049 0.0393701, 
            0.725067 1.05512 0.0393701, 0.68176 1.32049 0.0393701, 0.367252 1.13826 0.0393701, 0.308061 1.05837 0.0393701, 
            0.345253 1.20739 0.0393701, 0.30643 1.23941 0.0393701, 0.140985 1.24897 0.0393701, -0.521078 1.36219 0.0393701, 
            0.097113 1.40157 0.0393701, -0.0905512 1.40157 0.0393701, 0.097113 1.05512 0.0393701, -0.323293 1.11818 0.0393701, 
            -0.0472441 1.06249 0.0393701, -0.456149 1.09314 0.0393701, -0.399423 1.05058 0.0393701, -0.595799 1.05512 0.0393701, 
            0.017154 1.11044 0.0393701, -0.503656 1.32172 0.0393701, -0.344448 1.24601 0.0393701, 0.024942 1.33908 0.0393701, 
            -0.0472441 1.3942 0.0393701, -0.133858 1.3942 0.0393701, -0.21106 1.32902 0.0393701, -0.318925 1.38096 0.0393701, 
            -0.284291 1.14448 0.0393701, -0.292336 1.24527 0.0393701, -0.44313 1.36733 0.0393701, -0.181995 1.09368 0.0393701, 
            -1.7516 1.28632 0.0393701, -0.276442 1.32284 0.0393701, -0.341437 1.3544 0.0393701, -0.309723 1.31067 0.0393701, 
            -0.422571 1.23941 0.0393701, -0.32269 1.22367 0.0393701, -0.342804 1.191 0.0393701, -0.297347 1.09783 0.0393701, 
            -0.513985 1.09199 0.0393701, -0.595799 1.09198 0.0393701, -0.110516 1.05484 0.0393701, -0.217428 1.16635 0.0393701, 
            -1.09383 1.22466 0.0393701, -0.870079 1.09198 0.0393701, -0.927823 1.05512 0.0393701, -0.754595 1.09198 0.0393701, 
            -1.05052 1.22466 0.0393701, -1.07218 1.26152 0.0393701, -1.50917 1.51659 0.0393701, -1.63967 1.43833 0.0393701, 
            -1.17323 1.05512 0.0393701, -1.07218 1.19517 0.0393701, -0.97113 1.05512 0.0393701, -0.138428 1.3531 0.0393701, 
            -0.180323 1.29209 0.0393701, -0.0495497 1.36006 0.0393701, -0.18172 1.16909 0.0393701, 0.000617957 1.28761 0.0393701, 
            -0.0571379 1.09319 0.0393701, -0.00077897 1.1646 0.0393701, -0.1415 1.10587 0.0393701, 0.289749 1.20159 0.0393701, 
            0.323336 1.15867 0.0393701, 0.296621 1.09327 0.0393701, 0.14042 1.09198 0.0393701, 0.14042 1.20255 0.0393701, 
            -1.3791 1.53543 0, 1.3791 1.53543 0, 1.94882 -0.925197 0, 1.94882 -1.77165 0, 
            2.55882 -0.890839 6.75358e-16, 2.52896 -0.909602 6.8676e-16, 2.46063 -0.925197 0, 2.49567 -0.921248 7.01248e-16, 
            2.28809 -0.744457 5.7402e-18, 2.31926 -0.713287 1.28944e-17, 2.60252 -0.836043 6.52492e-16, 2.58375 -0.865906 6.67472e-16, 
            2.34271 -0.675961 -1.69811e-16, 2.35727 -0.634354 1.83277e-16, 2.61811 -0.767717 0, 2.61416 -0.80276 6.40331e-16, 
            2.35727 -0.546748 1.5617e-16, 2.34271 -0.505142 -2.0492e-16, 2.61811 -0.413386 0, 2.46063 -0.255906 0, 
            2.49567 -0.259854 6.40331e-16, 2.52896 -0.271501 6.52492e-16, 2.55882 -0.290263 6.67472e-16, 2.58375 -0.315198 6.75358e-16, 
            2.25076 -0.413197 1.90813e-16, 2.20916 -0.398638 1.93837e-17, 2.28809 -0.436646 9.26646e-18, 1.94882 -0.255906 0, 
            2.16535 -0.393701 0, 2.3622 -0.590551 5.03685e-18, 1.60592 0.489599 1.60029e-18, -2.49567 -0.259854 -7.51291e-16, 
            -2.46063 -0.255906 0, -2.52896 -0.271501 -4.58587e-17, -2.31926 -0.467815 -1.01535e-17, -2.61811 -0.413386 0, 
            -2.61416 -0.378343 -6.97461e-16, -2.55882 -0.290263 -7.31039e-16, -2.58375 -0.315198 -7.23346e-16, -2.34271 -0.505142 -2.0492e-16, 
            -2.35727 -0.546748 1.5617e-16, -2.28809 -0.436646 9.26646e-18, -2.60252 -0.345058 -2.00143e-17, -2.3622 -0.590551 5.03685e-18, 
            -2.35727 -0.634354 1.83277e-16, -2.34271 -0.675961 -1.69811e-16, -2.61811 -0.767717 0, -2.20916 -0.398638 1.93837e-17, 
            -2.16535 -0.393701 0, -2.55882 -0.890839 -7.23346e-16, -2.46063 -0.925197 0, -2.52896 -0.909602 -2.00143e-17, 
            -2.49567 -0.921248 -6.97461e-16, -2.58375 -0.865906 -7.31039e-16, -2.25076 -0.767906 1.68568e-16, -2.20916 -0.782465 -1.7469e-17, 
            -2.28809 -0.744457 5.7402e-18, -2.16535 -0.787402 0, -1.94882 -0.925197 0, 1.3791 0.421457 -4.52988e-18, 
            2.07994 -0.767906 1.3855e-16, 2.12155 -0.782465 -2.64597e-17, 1.50076 0.440728 1.45976e-18, 1.44069 0.426303 1.69912e-18, 
            -1.3791 0.421457 0, -1.94882 -1.77165 0, -1.94882 1.77165 0, 1.94882 1.77165 0, 
            -2.07994 -0.413197 1.93879e-16, -1.94882 -0.255906 0, -2.04262 -0.436646 3.40143e-17, -1.9685 -0.590551 -6.6589e-18, 
            -1.97344 -0.546748 1.68798e-16, 1.50917 1.51659 2.29868e-18, 1.63967 1.43833 8.6041e-19, 1.73613 1.31484 9.74695e-19, 
            1.77238 1.17533 2.25764e-19, 1.7728 0.815157 0, 1.76796 0.753571 2.35799e-18, 1.74169 0.658982 2.35375e-18, 
            1.69761 0.583748 1.89216e-18, -1.7728 0.815157 0, -1.44069 0.426303 1.70333e-18, -1.56622 0.465274 1.75785e-18, 
            -1.68286 0.562982 2.50403e-18, -1.74591 0.669173 1.82826e-18, -1.76796 0.753571 1.35004e-18, -1.77046 1.21033 8.78671e-19, 
            -1.7128 1.3527 1.11328e-18, -1.63128 1.44549 1.32712e-18, -1.49422 1.52145 2.28804e-18, -2.60252 -0.836043 -4.58587e-17, 
            -2.61416 -0.80276 -7.51291e-16, -2.31926 -0.713287 1.28944e-17, -2.25076 -0.413197 1.90813e-16, -1.988 -0.67596 1.28215e-19, 
            -1.97344 -0.634354 1.65937e-16, -2.12155 -0.398638 8.95772e-18, -2.01145 -0.467815 3.11748e-17, -1.988 -0.505142 -1.77811e-16, 
            -2.01145 -0.713287 -2.46411e-17, -2.07994 -0.767906 1.3855e-16, -2.04262 -0.744457 -3.40166e-17, -2.12155 -0.782465 -2.64597e-17, 
            2.60252 -0.345058 6.8676e-16, 2.16535 -0.787402 0, 2.20916 -0.782465 -1.7469e-17, 2.61416 -0.378343 7.01248e-16, 
            2.31926 -0.467815 -1.01535e-17, 2.25076 -0.767906 1.68568e-16, 1.988 -0.505142 -1.77811e-16, 1.97344 -0.546748 1.68798e-16, 
            2.04262 -0.744457 -3.40166e-17, 1.988 -0.675961 -1.9772e-16, 2.01145 -0.713287 -2.46411e-17, 1.97344 -0.634354 1.65937e-16, 
            1.9685 -0.590551 -6.6589e-18, 2.01145 -0.467815 3.11748e-17, 2.07994 -0.413197 1.93879e-16, 2.04262 -0.436646 3.40143e-17, 
            2.12155 -0.398638 8.95772e-18, 0.54224 -0.647346 0, 0.454476 -0.557717 0, 0.533464 -0.611492 0, 
            0.296506 -0.871417 0, 0.761646 -0.647346 0, 0.919618 -0.647346 0, 0.840634 -0.889346 0, 
            2.07994 -0.767906 1.41732, 2.12155 -0.782465 1.41732, 2.16535 -0.787402 1.41732, 1.988 -0.675961 1.41732, 
            2.01145 -0.713283 1.41732, 2.04262 -0.744457 1.41732, 1.97344 -0.546748 1.41732, 1.9685 -0.590551 1.41732, 
            1.97344 -0.634354 1.41732, 2.04262 -0.436646 1.41732, 2.01145 -0.467819 1.41732, 1.988 -0.505142 1.41732, 
            2.07994 -0.413197 1.41732, 2.12155 -0.398638 1.41732, 2.16535 -0.393701 1.41732, 2.25076 -0.413197 1.41732, 
            2.20916 -0.398638 1.41732, 2.34271 -0.505142 1.41732, 2.31926 -0.467819 1.41732, 2.28809 -0.436646 1.41732, 
            2.35727 -0.634354 1.41732, 2.3622 -0.590551 1.41732, 2.35727 -0.546748 1.41732, 2.28809 -0.744457 1.41732, 
            2.31926 -0.713283 1.41732, 2.34271 -0.675961 1.41732, 2.25076 -0.767906 1.41732, 2.20916 -0.782465 1.41732, 
            2.60252 -0.345058 1.41732, 2.58375 -0.315198 1.41732, 1.94882 -0.925197 1.41732, 2.46063 -0.925197 1.41732, 
            2.55882 -0.290263 1.41732, 2.52896 -0.271501 1.41732, 2.49567 -0.259854 1.41732, 2.46063 -0.255906 1.41732, 
            1.94882 -0.255906 1.41732, 2.49567 -0.921248 1.41732, 2.52896 -0.909602 1.41732, 2.58375 -0.865906 1.41732, 
            2.60252 -0.836043 1.41732, 2.61416 -0.80276 1.41732, 2.55882 -0.890839 1.41732, 2.61811 -0.767717 1.41732, 
            2.61811 -0.413386 1.41732, 2.61416 -0.378343 1.41732, 1.94882 1.77165 1.65354, 1.94882 -1.77165 1.65354, 
            1.94404 -1.77165 1.70824, 1.75197 -1.77165 1.77165, 1.75197 -1.77165 0.19685, 1.63386 -1.77165 1.9685, 
            1.74158 -1.77165 1.94951, 1.68855 -1.77165 1.96372, 1.83631 -1.77165 1.89482, 1.79134 -1.77165 1.92631, 
            1.87513 -1.77165 1.856, 1.90662 -1.77165 1.81102, 1.92982 -1.77165 1.76127, -1.63386 -1.77165 1.9685, 
            -1.3189 -1.77165 1.77165, -1.74158 -1.77165 1.94951, -1.68855 -1.77165 1.96372, -1.94882 -1.77165 1.65354, 
            -1.75197 -1.77165 1.33858, -1.79134 -1.77165 1.92631, -1.83631 -1.77165 1.89482, -1.87513 -1.77165 1.856, 
            -1.90662 -1.77165 1.81102, -1.92982 -1.77165 1.76127, -1.94404 -1.77165 1.70824, -1.75197 -1.77165 0.629921, 
            -1.3189 -1.77165 0.19685, -1.79134 1.77165 1.92631, -1.76515 0.683427 1.93983, -1.77042 0.722642 1.93739, 
            -1.77162 0.748335 1.93678, -1.87513 1.77165 1.856, -1.83631 1.77165 1.89482, -1.94404 1.77165 1.70824, 
            -1.92982 1.77165 1.76127, -1.90662 1.77165 1.81102, -1.74158 1.77165 1.94951, -1.68855 1.77165 1.96372, 
            -1.63386 1.77165 1.9685, -1.94882 1.77165 1.65354, -1.74304 0.616158 1.94908, -1.69697 0.542982 1.96263, 
            -1.64765 0.49727 1.96833, -1.75442 0.742984 1.90144, -1.68688 0.540364 1.9244, -1.63318 0.487576 1.92914, 
            -1.66369 0.5137 1.92778, -1.7339 0.626768 1.91054, -1.75009 0.691886 1.90344, -1.77161 1.22666 1.93678, 
            -1.74891 1.34201 1.94729, -1.5724 1.51712 1.96864, -1.63386 1.48086 1.92913, -1.71763 1.37998 1.91642, 
            -1.76787 1.26841 1.9386, -1.75438 1.23301 1.90141, -1.74693 1.29499 1.90496, -1.6876 1.4368 1.9648, 
            -1.66978 1.44858 1.92713, -1.54778 1.52463 1.92913, -1.45666 1.53543 1.92913, -1.45666 1.53543 1.9685, 
            1.45666 1.53543 1.9685, 1.63386 1.77165 1.9685, 1.56917 1.51939 1.96864, -1.45666 0.433374 1.9685, 
            1.55338 0.446471 1.9685, 1.63386 0.487945 1.9685, -1.52275 0.439572 1.9685, -1.59313 0.464472 1.9685, 
            1.45666 0.433374 1.9685, 1.56668 1.51854 1.92919, 1.45666 1.53543 1.92913, 1.71983 1.37636 1.91593, 
            1.66439 1.45406 1.9277, 1.703 1.42121 1.96233, 1.76466 1.28901 1.94013, 1.75426 1.25431 1.90151, 
            1.77161 1.22673 1.93678, 1.77145 0.715671 1.93695, 1.74158 1.77165 1.94951, 1.79134 1.77165 1.92631, 
            1.83631 1.77165 1.89482, 1.87513 1.77165 1.856, 1.90662 1.77165 1.81102, 1.94404 1.77165 1.70824, 
            1.92982 1.77165 1.76127, 1.74274 0.615553 1.94923, 1.70507 0.553534 1.96057, 1.67374 0.520118 1.96602, 
            1.6545 0.50326 1.96781, 1.68855 1.77165 1.96372, 0.661976 1.77165 1.35618, -0.661976 1.77165 1.35618, 
            0.718189 1.77165 1.39826, 1.1229 1.77165 1.45644, 1.18869 1.77165 1.43191, -0.612327 1.77165 1.30653, 
            0.612327 1.77165 1.30653, 1.30653 1.77165 1.35618, 1.35618 1.77165 1.30653, -1.35618 1.77165 0.661976, 
            -1.30653 1.77165 0.612327, -0.914217 1.77165 1.47137, -0.984252 1.77165 1.47637, -0.497134 1.77165 1.05429, 
            -0.512063 1.77165 1.1229, 0.512063 1.77165 1.1229, -1.1229 1.77165 1.45644, 0.570248 1.77165 1.25031, 
            -0.570248 1.77165 1.25031, -0.718189 1.77165 1.39826, 1.45644 1.77165 1.1229, 1.43191 1.77165 1.18869, 
            1.47137 1.77165 1.05429, 1.39826 1.77165 1.25031, -1.05429 1.77165 1.47137, -0.845602 1.77165 1.45644, 
            -1.45644 1.77165 1.1229, -1.47137 1.77165 1.05429, -1.25031 1.77165 1.39826, -1.18869 1.77165 1.43191, 
            -1.35618 1.77165 1.30653, -1.30653 1.77165 1.35618, -1.43191 1.77165 1.18869, -1.39826 1.77165 1.25031, 
            -1.47638 1.77165 0.984252, -1.47137 1.77165 0.914217, -1.45644 1.77165 0.845602, -1.39826 1.77165 0.718189, 
            -1.43191 1.77165 0.779815, -0.984252 1.77165 0.49213, -0.914217 1.77165 0.497138, -1.18869 1.77165 0.536595, 
            -1.25031 1.77165 0.570248, -1.05429 1.77165 0.497138, -1.1229 1.77165 0.512059, -0.845602 1.77165 0.512059, 
            0.845602 1.77165 0.512059, -0.612327 1.77165 0.661976, 0.612327 1.77165 0.661976, -0.661976 1.77165 0.612327, 
            0.661976 1.77165 0.612327, 0.718189 1.77165 0.570248, -0.718189 1.77165 0.570248, 0.512063 1.77165 0.845602, 
            0.536598 1.77165 0.779815, -0.536598 1.77165 0.779815, 0.570248 1.77165 0.718189, -0.570248 1.77165 0.718189, 
            -0.497134 1.77165 0.914217, -0.492126 1.77165 0.984252, 0.492126 1.77165 0.984252, 0.497134 1.77165 0.914217, 
            -0.512063 1.77165 0.845602, 0.536598 1.77165 1.18869, -0.536598 1.77165 1.18869, 0.497134 1.77165 1.05429, 
            1.47137 1.77165 0.914217, 0.779815 1.77165 1.43191, 1.47638 1.77165 0.984252, -0.779815 1.77165 1.43191, 
            1.25031 1.77165 1.39826, 0.845602 1.77165 1.45644, 1.05429 1.77165 1.47137, 0.914217 1.77165 1.47137, 
            0.984252 1.77165 1.47637, -0.779815 1.77165 0.536595, 0.779815 1.77165 0.536595, 0.984252 1.77165 0.49213, 
            0.914217 1.77165 0.497138, 1.1229 1.77165 0.512059, 1.05429 1.77165 0.497138, 1.25031 1.77165 0.570248, 
            1.18869 1.77165 0.536595, 1.35618 1.77165 0.661976, 1.30653 1.77165 0.612327, 1.43191 1.77165 0.779815, 
            1.39826 1.77165 0.718189, 1.45644 1.77165 0.845602, -1.94882 -0.255906 1.41732, -1.94882 -0.925197 1.41732, 
            -2.60252 -0.345058 1.41732, -2.34271 -0.505142 1.41732, -2.58375 -0.315198 1.41732, -2.35727 -0.634354 1.41732, 
            -2.3622 -0.590551 1.41732, -2.61811 -0.767717 1.41732, -2.52896 -0.271501 1.41732, -2.55882 -0.290263 1.41732, 
            -2.46063 -0.255906 1.41732, -2.49567 -0.259854 1.41732, -2.31926 -0.467815 1.41732, -2.61811 -0.413386 1.41732, 
            -2.35727 -0.546748 1.41732, -2.34271 -0.675961 1.41732, -2.60252 -0.836043 1.41732, -2.58375 -0.865906 1.41732, 
            -2.20916 -0.398638 1.41732, -2.16535 -0.393701 1.41732, -2.61416 -0.80276 1.41732, -2.55882 -0.890839 1.41732, 
            -2.52896 -0.909602 1.41732, -2.20916 -0.782465 1.41732, -2.46063 -0.925197 1.41732, -2.16535 -0.787402 1.41732, 
            -2.49567 -0.921248 1.41732, -2.07994 -0.767906 1.41732, -2.12155 -0.782465 1.41732, -2.28809 -0.436646 1.41732, 
            -2.25076 -0.413197 1.41732, -2.61416 -0.378343 1.41732, -2.28809 -0.744457 1.41732, -2.31926 -0.713287 1.41732, 
            -2.25076 -0.767906 1.41732, -2.01145 -0.713287 1.41732, -2.04262 -0.744457 1.41732, -1.97344 -0.634354 1.41732, 
            -1.988 -0.675961 1.41732, -1.9685 -0.590551 1.41732, -1.988 -0.505142 1.41732, -1.97344 -0.546748 1.41732, 
            -2.04262 -0.436646 1.41732, -2.01145 -0.467815 1.41732, -2.12155 -0.398638 1.41732, -2.07994 -0.413197 1.41732, 
            1.63333 0.487669 1.92913, 1.75393 0.701057 1.9019, 1.71052 0.574865 1.91882, 1.66236 0.512792 1.9278, 
            1.45666 0.433374 1.92913, 1.5478 0.444184 1.92913, -1.45666 0.433374 1.92913, -1.55338 0.446471 1.92913, 
            -1.48806 0.550676 1.92913, -1.37077 0.506771 1.92913, -1.43426 1.04304 1.92913, -0.524933 1.15991 1.92913, 
            -1.14885 0.984802 1.92913, -0.924166 1.08165 1.92913, 1.32283 1.42126 1.92913, 1.25492 1.42126 1.92913, 
            1.14173 0.877953 1.92913, -0.0697035 1.13688 1.92913, -1.13492 0.597799 1.92913, 1.05118 0.877953 1.92913, 
            -1.2429 0.523886 1.92913, -1.1725 0.563539 1.92913, -1.57878 0.642397 1.92913, -1.60948 0.732827 1.92913, 
            -1.61417 0.783465 1.92913, -1.57192 0.935612 1.92913, -1.60948 0.834102 1.92913, -1.50467 1.00339 1.92913, 
            -0.94078 1.25792 1.92913, -0.951445 1.15991 1.92913, -1.2344 1.03975 1.92913, -1.33402 1.06007 1.92913, 
            -0.726418 1.19028 1.92913, -1.08893 0.902668 1.92913, -0.753193 1.07603 1.92913, -1.06273 0.804441 1.92913, 
            -0.402664 1.07025 1.92913, -0.684874 1.10546 1.92913, -0.556921 1.11635 1.92913, -0.00246063 1.07279 1.92913, 
            -1.06769 0.732827 1.92913, 0.0615157 1.07279 1.92913, 0.27477 1.42126 1.92913, 0.177272 1.38058 1.92913, 
            -1.00476 1.15991 1.92913, -0.514272 1.41037 1.92913, -0.72602 1.40458 1.92913, -0.450295 1.42126 1.92913, 
            -0.839132 1.4238 1.92913, -0.983433 1.29058 1.92913, -1.00821 1.34792 1.92913, -0.701272 1.22458 1.92913, 
            -0.716862 1.33414 1.92913, -0.983433 1.38859 1.92913, -0.94078 1.41037 1.92913, -0.734832 1.36314 1.92913, 
            -0.856794 1.38035 1.92913, -0.938115 1.35947 1.92913, -0.556921 1.38859 1.92913, -0.684874 1.3777 1.92913, 
            -0.663551 1.33414 1.92913, -0.660099 1.14613 1.92913, -0.578248 1.15991 1.92913, -0.951445 1.33414 1.92913, 
            -0.923927 1.296 1.92913, -0.540524 1.26947 1.92913, -0.317867 1.19805 1.92913, -0.290354 1.15991 1.92913, 
            -0.385001 1.1137 1.92913, -0.50697 1.13092 1.92913, 0.669291 1.42126 1.92913, 0.870079 1.42126 1.92913, 
            -0.811513 1.1137 1.92913, -0.933475 1.13091 1.92913, -0.983433 1.11635 1.92913, -0.730192 1.13458 1.92913, 
            -0.515775 1.08947 1.92913, -0.150135 1.42108 1.92913, -0.386319 1.42126 1.92913, -0.581701 1.34792 1.92913, 
            -0.290354 1.33414 1.92913, -0.274767 1.22459 1.92913, -0.30832 1.36314 1.92913, -0.430288 1.38035 1.92913, 
            -0.524389 1.35032 1.92913, -0.0984252 1.42126 1.92913, -0.130413 1.33414 1.92913, -0.497422 1.296 1.92913, 
            -0.237041 1.33414 1.92913, 0.0188648 1.42126 1.92913, -0.129009 1.13562 1.92913, 0.0828413 1.42126 1.92913, 
            0.302341 1.09401 1.92913, 0.179728 1.11297 1.92913, -1.093 0.656098 1.92913, -0.30368 1.13459 1.92913, 
            -0.27058 1.39357 1.92913, -0.0769059 1.38966 1.92913, -0.301017 1.08368 1.92913, -0.066437 1.08368 1.92913, 
            0.172212 1.24535 1.92913, 0.27477 1.15991 1.92913, 0.036301 1.11337 1.92913, 0.615976 1.42126 1.92913, 
            0.499915 1.14435 1.92913, 0.615976 1.14902 1.92913, 0.13847 1.15176 1.92913, 0.0744928 1.19462 1.92913, 
            -0.233588 1.14613 1.92913, -0.0770996 1.19258 1.92913, -0.258366 1.10546 1.92913, 0.937992 1.42126 1.92913, 
            0.189469 1.15991 1.92913, 0.615976 1.07279 1.92913, 0.53698 1.06998 1.92913, 0.456928 1.1076 1.92913, 
            0.498689 1.42126 1.92913, 0.610271 1.09352 1.92913, 0.366377 1.06998 1.92913, 0.136155 1.08368 1.92913, 
            0.328084 1.42126 1.92913, 0.328084 1.15991 1.92913, 0.445374 1.15991 1.92913, 0.422449 1.12257 1.92913, 
            0.355826 1.11952 1.92913, 0.445374 1.42126 1.92913, 0.572841 1.11473 1.92913, 0.669291 1.07279 1.92913, 
            0.983268 1.28254 1.92913, 1.20965 1.28254 1.92913, 1.09646 0.924193 1.92913, 1.19833 1.2363 1.92913, 
            0.994587 1.2363 1.92913, 0.101603 1.24693 1.92913, 0.138261 1.32696 1.92913, 0.0188648 1.3777 1.92913, 
            0.100508 1.37409 1.92913, -0.0721064 1.32556 1.92913, -0.0770996 1.23614 1.92913, -1.45335 0.596334 1.92913, 
            -1.26378 0.893701 1.92913, -1.29893 0.56481 1.92913, -1.39562 0.679196 1.92913, -1.26378 0.677165 1.92913, 
            -1.43262 0.729131 1.92913, -1.16448 0.649763 1.92913, -1.12526 0.845739 1.92913, -1.20742 0.957087 1.92913, 
            -1.29085 0.893701 1.92913, -1.40363 0.893701 1.92913, -1.36754 0.796953 1.92913, -1.29085 0.796953 1.92913, 
            -1.27167 0.989402 1.92913, -1.4352 0.893701 1.92913, -1.37823 1.00212 1.92913, -1.49754 0.932066 1.92913, 
            -1.12678 0.738445 1.92913, -1.41682 0.775211 1.92913, -1.3946 0.787736 1.92913, -1.54143 0.699539 1.92913, 
            -1.55202 0.834793 1.92913, -1.38418 0.76871 1.92913, -1.40476 0.705715 1.92913, -1.29085 0.700201 1.92913, 
            -1.29085 0.769307 1.92913, 1.14173 0.877953 1.9685, 1.05118 0.877953 1.9685, 0.870079 1.42126 1.9685, 
            0.937992 1.42126 1.9685, 0.983268 1.28254 1.9685, 1.20965 1.28254 1.9685, 1.25492 1.42126 1.9685, 
            1.32283 1.42126 1.9685, 0.994587 1.2363 1.9685, 1.19833 1.2363 1.9685, 1.09646 0.924193 1.9685, 
            0.615976 1.14902 1.9685, 0.615976 1.42126 1.9685, 0.669291 1.42126 1.9685, 0.669291 1.07279 1.9685, 
            0.615976 1.07279 1.9685, 0.615976 1.10546 1.9685, 0.57145 1.07049 1.9685, 0.488024 1.08368 1.9685, 
            0.415817 1.07754 1.9685, 0.315196 1.07945 1.9685, 0.27477 1.15991 1.9685, 0.27477 1.42126 1.9685, 
            0.328084 1.42126 1.9685, 0.328084 1.15991 1.9685, 0.351011 1.12257 1.9685, 0.440277 1.12668 1.9685, 
            0.445374 1.15991 1.9685, 0.445374 1.42126 1.9685, 0.498689 1.42126 1.9685, 0.499181 1.14751 1.9685, 
            0.563449 1.1129 1.9685, -0.066437 1.08368 1.9685, 0.0326014 1.07031 1.9685, 0.0227539 1.11337 1.9685, 
            0.133397 1.14458 1.9685, 0.191845 1.1592 1.9685, 0.158879 1.09115 1.9685, 0.1099 1.3698 1.9685, 
            -0.0726112 1.13988 1.9685, -0.127504 1.13175 1.9685, -0.0770996 1.19258 1.9685, -0.0770996 1.23614 1.9685, 
            0.172433 1.38715 1.9685, 0.138384 1.3235 1.9685, 0.0477722 1.42418 1.9685, 0.179197 1.25552 1.9685, 
            0.0188648 1.3777 1.9685, -0.130413 1.33414 1.9685, -0.0749192 1.38738 1.9685, -0.149329 1.42075 1.9685, 
            -0.0665037 1.33396 1.9685, -0.0971477 1.42115 1.9685, 0.0845897 1.19649 1.9685, 0.0918734 1.24204 1.9685, 
            -0.316079 1.07832 1.9685, -0.305768 1.13304 1.9685, -0.290354 1.15991 1.9685, -0.23348 1.14917 1.9685, 
            -0.312839 1.19539 1.9685, -0.281361 1.22862 1.9685, -0.396916 1.1135 1.9685, -0.509753 1.13253 1.9685, 
            -0.524933 1.15991 1.9685, -0.578248 1.15991 1.9685, -0.556921 1.11635 1.9685, -0.482283 1.29058 1.9685, 
            -0.483952 1.07813 1.9685, -0.258366 1.10546 1.9685, -0.418373 1.38055 1.9685, -0.533931 1.26544 1.9685, 
            -0.583186 1.35862 1.9685, -0.530657 1.34644 1.9685, -0.499209 1.41574 1.9685, -0.290113 1.34507 1.9685, 
            -0.237339 1.34578 1.9685, -0.331336 1.41592 1.9685, -0.732049 1.36152 1.9685, -0.742591 1.07832 1.9685, 
            -0.732281 1.13304 1.9685, -0.658614 1.13543 1.9685, -0.720104 1.18475 1.9685, -0.707866 1.22862 1.9685, 
            -0.910464 1.07813 1.9685, -0.823428 1.1135 1.9685, -0.936258 1.13253 1.9685, -0.951445 1.15991 1.9685, 
            -1.00476 1.15991 1.9685, -0.983433 1.11635 1.9685, -0.94078 1.25792 1.9685, -0.908791 1.29058 1.9685, 
            -0.684874 1.3777 1.9685, -0.925716 1.41574 1.9685, -0.844879 1.38055 1.9685, -0.757844 1.41592 1.9685, 
            -0.983433 1.29058 1.9685, -0.94078 1.31236 1.9685, -0.951445 1.33414 1.9685, -1.00832 1.34488 1.9685, 
            -0.983433 1.38859 1.9685, -0.936026 1.36101 1.9685, -0.716862 1.33414 1.9685, -0.663551 1.33414 1.9685, 
            -1.27959 0.508467 1.9685, -1.1284 0.60066 1.9685, -1.07129 0.712147 1.9685, -1.06604 0.841038 1.9685, 
            -1.45687 0.531268 1.9685, -1.58694 0.651471 1.9685, -1.61443 0.804441 1.9685, -1.34603 1.06462 1.9685, 
            -1.46143 1.03016 1.9685, -1.56744 0.946958 1.9685, -1.19685 1.02105 1.9685, -1.1206 0.953814 1.9685, 
            -1.18741 0.624288 1.9685, -1.34527 1.00558 1.9685, -1.21401 0.96188 1.9685, -1.46975 0.957087 1.9685, 
            -1.1294 0.858467 1.9685, -1.54143 0.86739 1.9685, -1.44325 0.590502 1.9685, -1.30984 0.565838 1.9685, 
            -1.54777 0.708462 1.9685, -1.13041 0.720114 1.9685, -1.26378 0.893701 1.9685, -1.29085 0.893701 1.9685, 
            -1.29085 0.796953 1.9685, -1.40363 0.893701 1.9685, -1.4352 0.893701 1.9685, -1.3946 0.787736 1.9685, 
            -1.36754 0.796953 1.9685, -1.43185 0.724977 1.9685, -1.39251 0.678166 1.9685, -1.39093 0.701982 1.9685, 
            -1.29085 0.700201 1.9685, -1.26378 0.677165 1.9685, -1.29085 0.769307 1.9685, -1.40441 0.746071 1.9685, 
            -1.41953 0.772085 1.9685, -1.3824 0.769049 1.9685, -1.75197 0.905512 0.629921, -1.75197 0.905512 1.33858, 
            -1.3189 0.905512 1.77165, -0.914217 0.905512 1.47137, -0.984252 0.905512 1.47637, -0.536598 0.905512 1.18869, 
            -0.512063 0.905512 1.1229, 0.512063 0.905512 1.1229, -1.43191 0.905512 1.18869, -1.45644 0.905512 1.1229, 
            -0.570248 0.905512 1.25031, 0.570248 0.905512 1.25031, -0.612327 0.905512 1.30653, -1.47638 0.905512 0.984252, 
            0.914217 0.905512 0.497138, 1.75197 0.905512 0.19685, 0.984252 0.905512 0.49213, -1.47137 0.905512 1.05429, 
            -1.39826 0.905512 1.25031, -1.35618 0.905512 1.30653, -1.30653 0.905512 1.35618, -1.25031 0.905512 1.39826, 
            -1.18869 0.905512 1.43191, -1.05429 0.905512 1.47137, -1.1229 0.905512 1.45644, 0.718189 0.905512 1.39826, 
            -0.779815 0.905512 1.43191, -0.718189 0.905512 1.39826, -0.845602 0.905512 1.45644, 0.612327 0.905512 1.30653, 
            -0.661976 0.905512 1.35618, 0.661976 0.905512 1.35618, -1.1229 0.905512 0.512059, -1.18869 0.905512 0.536595, 
            -1.3189 0.905512 0.19685, 0.536598 0.905512 1.18869, -0.497134 0.905512 1.05429, 0.497134 0.905512 1.05429, 
            -0.492126 0.905512 0.984252, 0.492126 0.905512 0.984252, 0.914217 0.905512 1.47137, 1.75197 0.905512 1.77165, 
            -0.570248 0.905512 0.718189, 0.570248 0.905512 0.718189, -0.536598 0.905512 0.779815, 0.536598 0.905512 0.779815, 
            0.512063 0.905512 0.845602, -0.512063 0.905512 0.845602, 0.718189 0.905512 0.570248, -0.718189 0.905512 0.570248, 
            0.779815 0.905512 0.536595, -0.661976 0.905512 0.612327, 0.661976 0.905512 0.612327, 1.43191 0.905512 0.779815, 
            1.39826 0.905512 0.718189, -0.779815 0.905512 0.536595, 1.25031 0.905512 0.570248, 1.18869 0.905512 0.536595, 
            1.35618 0.905512 0.661976, 1.30653 0.905512 0.612327, -0.914217 0.905512 0.497138, -0.845602 0.905512 0.512059, 
            -1.05429 0.905512 0.497138, -0.984252 0.905512 0.49213, -1.25031 0.905512 0.570248, -1.35618 0.905512 0.661976, 
            -1.30653 0.905512 0.612327, -1.43191 0.905512 0.779815, -1.39826 0.905512 0.718189, -1.47137 0.905512 0.914217, 
            -1.45644 0.905512 0.845602, 1.47137 0.905512 1.05429, 1.47638 0.905512 0.984252, 0.497134 0.905512 0.914217, 
            -0.497134 0.905512 0.914217, 0.779815 0.905512 1.43191, 0.845602 0.905512 1.45644, 1.05429 0.905512 1.47137, 
            0.984252 0.905512 1.47637, 1.18869 0.905512 1.43191, 1.1229 0.905512 1.45644, 1.30653 0.905512 1.35618, 
            1.25031 0.905512 1.39826, 1.39826 0.905512 1.25031, 1.35618 0.905512 1.30653, 1.45644 0.905512 1.1229, 
            1.43191 0.905512 1.18869, 1.45644 0.905512 0.845602, 1.47137 0.905512 0.914217, 0.845602 0.905512 0.512059, 
            1.05429 0.905512 0.497138, 1.1229 0.905512 0.512059, -0.612327 0.905512 0.661976, 0.612327 0.905512 0.661976, 
            -0.927823 1.40157 0, -0.97113 1.40157 0, -1.07218 1.26152 0, -1.17323 1.40157 0, 
            -1.21654 1.40157 0, -1.09383 1.22466 5.4637e-18, -1.21654 1.05512 -1.09274e-17, -1.17323 1.05512 0, 
            -1.07218 1.19517 0, -0.97113 1.05512 0, -0.927823 1.05512 0, -1.05052 1.22466 -1.09274e-17, 
            -0.711287 1.09198 0, -0.870079 1.05512 0, -0.754595 1.09198 0, -0.870079 1.09198 0, 
            -0.711287 1.40157 0, -0.754595 1.40157 0, -0.595799 1.05512 0, -0.595799 1.09198 0, 
            -0.352387 1.2375 0, -0.319015 1.12521 0, -0.31755 1.27699 0, -0.288041 1.10537 0, 
            -0.385291 1.05397 0, -0.405832 1.09044 0, -0.484627 1.1165 0, -0.507201 1.08087 0, 
            -0.530839 1.1362 0, -0.356351 1.39856 0, -0.454921 1.40011 0, -0.297014 1.19142 0, 
            -0.344812 1.19258 0, -0.421074 1.21291 0, -0.421401 1.23707 0, -0.275516 1.31692 0, 
            -0.294788 1.24261 0, -0.315649 1.32731 0, -0.343478 1.3554 0, -0.453705 1.36524 0, 
            -0.516406 1.36472 0, -0.503247 1.32089 0, -0.540091 1.32191 0, -0.299869 1.36472 0, 
            -0.1415 1.35082 0, -0.0970211 1.05039 0, 0.0379344 1.2827 8.14728e-19, 0.00589157 1.18764 -1.47927e-18, 
            -0.00393701 1.29837 0, -0.138427 1.10359 0, -0.0495497 1.09663 0, 0.000892481 1.09368 -0, 
            -0.219037 1.174 0, -0.180323 1.1646 0, -0.185485 1.09738 0, -0.18172 1.28761 0, 
            -0.206044 1.33908 0, -0.010885 1.37688 0, -0.057138 1.3635 0, -0.110515 1.40185 0, 
            0.286895 1.20213 -0, 0.270341 1.24678 0, 0.097113 1.40157 0, 0.14042 1.40157 0, 
            0.14042 1.24678 0, 0.14042 1.20255 0, 0.097113 1.05512 0, 0.300551 1.09483 -0, 
            0.361695 1.12222 -0, 0.320274 1.23269 -0, 0.303086 1.05672 -0, 0.14042 1.09198 0, 
            0.322113 1.16537 -0, 0.362888 1.17625 -0, 0.595146 1.12146 0, 0.566272 1.05512 0, 
            0.508532 1.32049 0, 0.652886 1.40157 0, 0.71063 1.40157 0, 0.68176 1.32049 0, 
            0.624016 1.05512 0, 0.725067 1.05512 0, 0.768374 1.05512 0, 0.479657 1.40157 0, 
            0.421917 1.05512 0, 0.537402 1.40157 0, 0.465224 1.05512 0, 0.826114 1.23941 0, 
            0.826114 1.27626 0, 0.927165 1.27626 0, 0.927165 1.23941 0, 1.28806 1.12883 0, 
            1.33137 1.40157 0, 1.33137 1.05512 0, 1.26641 1.05512 0, 1.15814 1.36472 0, 
            1.18701 1.40157 0, 0.984909 1.40157 0, 1.02822 1.40157 0, 1.02822 1.12883 0, 
            0.984909 1.05512 0, 1.04987 1.05512 0, 1.12926 1.40157 0, 1.28806 1.40157 0, 
            -0.0734909 0.809012 0, 0.110236 0.84252 0, 0.110236 0.809012 0, 0.0410502 0.526592 -0, 
            0.0357726 0.562121 -0, -0.125984 0.84252 0, -0.0979293 0.55097 0, -0.0774132 0.583365 0, 
            -0.119422 0.601272 0, 0.0577429 0.64148 0, -0.125984 0.809012 0, 0.11024 0.584581 0, 
            0.0730575 0.608065 -0, 0.0992106 0.653125 -0, -1.50779 0.846607 -2.72432e-18, -0.982129 0.873701 4.60006e-16, 
            -1.53022 0.878269 -1.56614e-17, -1.5064 0.905446 2.00131e-20, -1.00456 0.905362 6.57277e-18, -1.00595 0.846522 1.88697e-17, 
            1.40334 0.604563 1.69327e-19, 1.40501 1.04369 -1.50883e-20, 1.46052 1.03381 -1.96411e-19, 1.40201 0.852165 0, 
            1.46106 0.852165 0, 1.64271 0.793651 -5.84756e-20, 1.65259 0.849161 8.26854e-20, 1.46106 0.79311 0, 
            1.40201 0.79311 0, 1.45981 0.608972 2.2085e-20, 1.21787 0.79436 -8.35637e-21, 1.21346 0.850831 9.92048e-20, 
            0.984252 2.55906 1.47638, 1.05429 2.55906 1.47137, 1.1229 2.55906 1.45644, 1.18869 2.55906 1.43191, 
            1.25031 2.55906 1.39826, 1.30653 2.55906 1.35618, 1.35618 2.55906 1.30653, 1.39826 2.55906 1.25031, 
            1.43191 2.55906 1.18869, 1.45644 2.55906 1.1229, 1.47137 2.55906 1.05429, 1.47638 2.55906 0.984252, 
            0.914217 2.55906 1.47137, 0.845602 2.55906 1.45644, 0.779815 2.55906 1.43191, 0.718189 2.55906 1.39826, 
            0.661976 2.55906 1.35618, 0.612327 2.55906 1.30653, 0.570248 2.55906 1.25031, 0.536598 2.55906 1.18869, 
            0.512059 2.55906 1.1229, 0.497134 2.55906 1.05429, 0.492126 2.55906 0.984252, 0.984252 2.55906 0.492126, 
            0.914217 2.55906 0.497134, 0.845602 2.55906 0.512059, 0.779815 2.55906 0.536598, 0.718189 2.55906 0.570248, 
            0.661976 2.55906 0.612327, 0.612327 2.55906 0.661976, 0.570248 2.55906 0.718189, 0.536598 2.55906 0.779815, 
            0.512059 2.55906 0.845602, 0.497134 2.55906 0.914217, 1.05429 2.55906 0.497134, 1.1229 2.55906 0.512059, 
            1.18869 2.55906 0.536598, 1.25031 2.55906 0.570248, 1.30653 2.55906 0.612327, 1.35618 2.55906 0.661976, 
            1.39826 2.55906 0.718189, 1.43191 2.55906 0.779815, 1.45644 2.55906 0.845602, 1.47137 2.55906 0.914217, 
            1.14001 2.55906 0.642945, 1.04581 2.55906 0.615339, 1.24238 2.55906 0.711997, 1.3168 2.55906 0.810577, 
            1.35517 2.55906 0.92795, 1.32873 2.55925 1.13536, 1.25641 2.55906 1.2455, 0.631243 2.55906 0.857219, 
            1.1299 2.55906 1.32999, 1.01519 2.55915 1.36011, 0.712094 2.55906 0.723003, 0.958778 2.55906 0.609949, 
            0.838609 2.55906 0.638509, 1.23825 2.68595 0.706553, 1.16488 2.69659 0.654429, 1.07549 2.6752 0.61924, 
            1.34744 2.55912 1.0786, 1.2008 2.77521 1.28357, 1.13843 2.71643 1.32391, 0.613289 2.55905 1.0424, 
            0.64121 2.55907 1.13454, 0.670114 2.55907 1.18857, 0.727888 2.5591 1.25972, 0.830242 2.55913 1.32795, 
            0.919031 2.55915 1.35405, 0.671407 3.12164 0.421262, 0.725004 3.15521 1.10887, 0.729615 2.96058 0.567028, 
            0.806633 2.78362 0.627283, 0.806634 2.87944 0.569807, 0.953176 2.68347 0.608765, 0.629496 3.45041 0.449843, 
            0.641435 3.43143 0.609375, 0.670546 3.34299 0.859026, 0.611505 3.36855 0.430369, 0.730239 3.29808 1.00798, 
            0.862437 3.09185 1.23736, 0.77909 3.07398 1.20218, 0.944396 2.89508 1.32721, 0.833544 2.89258 1.29793, 
            0.953304 3.06037 1.27234, 1.01521 2.75283 1.35209, 0.922689 2.74342 1.34798, 0.6216 3.43689 0.329702, 
            0.670495 3.54706 0.377951, 0.641504 3.49505 0.333115, 0.730376 3.61789 0.374112, 0.805778 3.66498 0.429148, 
            0.728728 3.62118 0.282522, 0.80624 3.67539 0.275591, 0.861541 3.69829 0.346585, 0.953294 3.71605 0.37278, 
            0.949299 3.72002 0.267417, 0.653791 3.16765 0.326759, 0.73143 3.06886 0.301069, 0.894657 2.9819 0.294675, 
            1.01853 2.97265 0.292489, 0.953146 2.95917 0.372716, 0.727689 3.05637 0.39764, 0.806216 3.01631 0.329776, 
            0.621687 3.25345 0.337531, 0.692506 3.552 0.517069, 0.754076 3.61197 0.521246, 0.611534 3.30826 0.429524, 
            0.805773 3.61527 0.626593, 0.884631 3.68039 0.522717, 0.948118 3.66378 0.623726, 0.863572 2.97374 0.395708, 
            0.778096 2.99518 0.445108, 0.670884 3.46289 0.668646, 0.730371 3.54708 0.654378, 1.0152 3.64141 0.681583, 
            0.687304 3.04881 0.523064, 0.628976 3.17271 0.52766, 0.621574 3.37678 0.588792, 0.708158 3.43778 0.813584, 
            0.772893 3.51977 0.787313, 0.862422 3.5989 0.731039, 0.953298 3.59678 0.778001, 0.954133 2.91098 0.471539, 
            0.611527 3.1282 0.752601, 0.833717 3.51242 0.860927, 0.953301 3.54292 0.869586, 0.979475 2.80176 0.569893, 
            0.931351 2.81967 0.563664, 0.834354 2.92211 0.505497, 0.641592 3.32628 0.790284, 0.670884 3.18021 1.01116, 
            0.779279 3.42781 0.925542, 0.65364 3.01444 0.652447, 0.611502 3.20737 0.758059, 0.621506 3.22893 0.82145, 
            0.805783 3.33441 1.04592, 0.862438 3.42535 0.990368, 0.95326 3.44685 0.996917, 0.863574 2.8213 0.58156, 
            0.6218 3.05751 0.732061, 0.892277 3.31785 1.10491, 0.612422 2.98998 0.953603, 0.641435 3.18037 0.944085, 
            0.833719 3.22184 1.15108, 0.9533 3.24671 1.17074, 0.709931 2.83386 0.688567, 0.62951 2.98499 1.0318, 
            0.670549 2.98471 1.12256, 0.922689 3.14576 1.22593, 1.01521 3.15604 1.22612, 0.756617 2.83422 0.642121, 
            0.671405 2.8769 0.720741, 0.628863 2.89111 0.8092, 0.611521 2.87581 0.914423, 0.863514 2.69242 0.628174, 
            0.671511 2.71866 0.775443, 0.621574 2.78794 1.06404, 0.641436 2.8012 1.12092, 0.719351 2.91843 1.21067, 
            0.806625 2.67968 0.653908, 0.728997 2.68565 0.707744, 0.629325 2.72449 0.858771, 0.684088 2.75393 1.20299, 
            0.754077 2.78363 1.26962, 0.611521 2.55907 0.95879, 0.833708 2.74018 1.32301, 0.619714 3.26886 0.050076, 
            0.652662 3.17128 0.0658035, 0.830181 3.00455 0.0657968, 0.946344 2.9735 0.0657314, 0.609432 3.35162 0.0641111, 
            0.622414 3.43968 0.0642695, 0.657055 3.52938 0.0641184, 0.734192 3.62572 0.0641195, 0.807772 3.67581 0.0642668, 
            0.897258 3.71108 0.0641099, 1.02036 3.71957 0.0641173, 0.888319 3.62571 2.513e-17, 0.984252 3.64173 3.54343e-08, 
            0.843642 3.6061 1.99667e-17, 0.935618 3.6377 2.24181e-17, 0.825941 3.62692 0.00371058, 0.802807 3.5794 1.15855e-17, 
            0.809024 3.65653 0.0241988, 0.766937 3.54635 5.15008e-18, 0.698024 3.27393 -1.31515e-17, 0.713878 3.22778 -1.10212e-17, 
            0.673332 3.16433 0.0274478, 0.689988 3.32206 -1.0623e-17, 0.843819 3.08672 -2.1448e-17, 0.888465 3.06716 -1.6207e-17, 
            0.829028 3.0278 0.0202114, 0.917217 3.00789 0.0126192, 0.935618 3.05521 -7.68654e-18, 0.984252 3.05118 3.54343e-08, 
            0.780854 3.07444 0.00990886, 0.783867 3.12812 6.95698e-06, 0.725392 3.07593 0.0562532, 0.675381 3.2231 0.0071711, 
            0.737114 3.18488 -9.9661e-18, 0.689988 3.37081 -4.8761e-18, 0.650912 3.4193 0.0111558, 0.698 3.41887 4.98409e-19, 
            0.737 3.50785 3.25894e-18, 0.671444 3.48799 0.0133775, 0.706553 3.55083 0.0127225, 0.937348 3.69045 0.0153458, 
            0.713811 3.46497 3.00056e-18, 0.643253 3.3462 0.0105422, 1.08019 3.0672 2.85587e-18, 1.04366 3.02021 0.00784692, 
            1.16073 3.01711 0.0642673, 1.12486 3.08681 -3.42171e-18, 1.03289 3.05521 3.22269e-18, 1.18056 3.09424 0.00385386, 
            1.1657 3.11351 -1.064e-17, 1.20157 3.14656 -1.36028e-17, 1.34155 3.40105 0.0310357, 1.27048 3.41899 2.87989e-18, 
            1.25463 3.46513 8.73925e-19, 1.29964 3.40316 0.00378324, 1.27852 3.37086 1.85049e-18, 1.12469 3.60618 1.61921e-18, 
            1.08004 3.62575 5.51433e-18, 1.13956 3.68763 0.0641137, 1.06859 3.67903 0.0112163, 1.03289 3.6377 5.52185e-18, 
            1.20141 3.54652 -5.16874e-18, 1.165 3.64008 0.0127186, 1.26975 3.55687 0.0208914, 1.16552 3.57954 -3.1333e-18, 
            1.29204 3.49372 0.0111544, 1.23139 3.50804 -3.09117e-18, 1.27852 3.3221 -1.44125e-18, 1.34685 3.43668 0.064269, 
            1.2705 3.27405 -5.54701e-18, 1.30686 3.23597 0.010545, 1.2315 3.18506 -1.23791e-17, 1.25697 3.17515 0.00371084, 
            1.26426 3.13184 0.0224036, 1.10171 2.99241 0.0537743, 1.18329 3.05296 0.0244728, 1.02914 2.97656 0.0503257, 
            1.12251 3.04387 0.00781293, 1.21253 3.05064 0.0642708, 1.27686 3.11215 0.064119, 1.25469 3.22794 -9.31087e-18, 
            1.33709 3.21986 0.0641164, 1.3565 3.31406 0.0642619, 1.33551 3.31127 0.0213813, 1.32705 3.49514 0.0642634, 
            1.28247 3.57384 0.0658059, 1.21497 3.64037 0.0642709, 1.35701 3.37918 0.0803471, 1.34646 3.43537 0.398786, 
            1.27677 3.58136 0.275973, 1.18469 3.66359 0.275669, 1.06634 3.71125 0.339739, 1.34661 3.25227 0.339936, 
            1.31668 3.17157 0.327063, 1.24139 3.07293 0.301165, 1.15892 3.01436 0.329922, 1.10496 2.99224 0.296476, 
            1.32639 3.49657 0.331027, 1.29762 3.54147 0.412179, 1.29796 3.48199 0.629196, 1.26035 3.38118 0.889422, 
            1.21443 3.38114 0.951458, 1.13478 3.22184 1.15108, 1.10569 2.84506 1.31759, 1.29677 3.04511 0.576161, 
            1.2389 3.01148 0.499433, 1.19041 2.90312 0.568953, 1.31378 3.14352 0.436144, 1.21298 2.81565 0.650782, 
            1.07838 2.76796 0.59655, 1.23813 3.61789 0.374106, 1.21443 3.49871 0.793458, 1.25979 3.50724 0.689019, 
            1.13497 3.67981 0.431434, 1.02038 3.69296 0.521478, 1.04603 3.43692 1.00035, 1.14194 3.6312 0.616193, 
            1.07753 3.60639 0.738276, 1.35699 3.3634 0.429745, 1.23933 3.05855 0.381657, 1.21443 3.61197 0.521247, 
            1.25979 3.57119 0.51147, 1.21398 3.5652 0.659732, 1.32707 3.46033 0.529977, 1.347 3.32406 0.695643, 
            1.07681 2.96592 0.387623, 1.04581 3.53377 0.87426, 1.13495 3.54087 0.818325, 1.1613 2.9651 0.471552, 
            1.35696 3.30038 0.469757, 1.3467 3.20024 0.536699, 1.13478 3.45084 0.943832, 1.31683 3.35792 0.789413, 
            1.35701 3.23264 0.731761, 1.32644 3.08977 0.607994, 1.07666 2.91608 0.481931, 1.01521 3.33152 1.10675, 
            1.10609 3.35141 1.06419, 1.16272 3.33441 1.04592, 1.31712 3.24519 0.91597, 1.04581 3.23646 1.17156, 
            1.34688 3.17241 0.87233, 1.3467 3.05751 0.732061, 1.28142 2.90552 0.677603, 1.23826 3.22312 1.06917, 
            1.31094 3.16062 1.00089, 1.347 2.97504 1.00612, 1.35699 2.94592 0.952611, 1.35697 3.05492 0.821515, 
            1.02038 2.91835 1.32207, 1.07753 3.09302 1.24772, 1.18924 3.11894 1.17839, 1.28633 3.01277 1.13096, 
            1.32707 2.96296 1.0728, 1.33814 2.94301 0.776637, 1.14191 2.82446 0.59516, 1.04541 2.84137 0.550044, 
            1.10608 2.99534 1.27724, 1.23827 2.96754 1.20491, 1.16272 2.9866 1.25386, 1.28844 2.73154 0.760842, 
            1.28224 2.74982 1.20778, 1.33901 2.7878 1.09303, 1.357 2.55911 1.02554, 1.35698 2.74838 0.948417, 
            1.33925 2.75241 0.856295, 1.27827 3.3737 -0.708661, 1.27827 3.31921 -0.708661, 1.26826 3.26565 -0.708661, 
            1.24857 3.21484 -0.708661, 1.21989 3.16851 -0.708661, 1.18318 3.12824 -0.708661, 1.13969 3.09541 -0.708661, 
            1.09092 3.07112 -0.708661, 1.03851 3.05621 -0.708661, 0.984252 3.05118 -0.708661, 1.26826 3.42726 -0.708661, 
            1.24857 3.47807 -0.708661, 1.21989 3.5244 -0.708661, 1.18318 3.56467 -0.708661, 1.13969 3.5975 -0.708661, 
            1.09092 3.62179 -0.708661, 1.03851 3.6367 -0.708661, 0.984252 3.64173 -0.708661, 0.690236 3.31921 -0.708661, 
            0.690236 3.3737 -0.708661, 0.700248 3.42726 -0.708661, 0.719929 3.47807 -0.708661, 0.748618 3.5244 -0.708661, 
            0.785327 3.56467 -0.708661, 0.828811 3.5975 -0.708661, 0.877587 3.62179 -0.708661, 0.929996 3.6367 -0.708661, 
            0.700248 3.26565 -0.708661, 0.719929 3.21484 -0.708661, 0.748618 3.16851 -0.708661, 0.785327 3.12824 -0.708661, 
            0.828811 3.09541 -0.708661, 0.877587 3.07112 -0.708661, 0.929996 3.05621 -0.708661, 0.959723 3.56239 -0.787404, 
            0.800656 3.2243 -0.787812, 0.911216 3.14021 -0.78742, 1.00877 3.13052 -0.787404, 0.765894 3.36028 -0.787424, 
            0.79712 3.45694 -0.787404, 0.838291 3.50639 -0.787402, 0.883342 3.53893 -0.787404, 1.16788 3.46853 -0.787813, 
            1.05741 3.55266 -0.78742, 1.20261 3.3325 -0.787424, 1.1713 3.23582 -0.787404, 1.13003 3.18636 -0.787402, 
            1.08509 3.15397 -0.787404, -0.497134 2.55906 1.05429, -0.492126 2.55906 0.984252, -0.570248 2.55906 1.25031, 
            -0.536598 2.55906 1.18869, -0.512059 2.55906 1.1229, -0.661976 2.55906 1.35618, -0.718189 2.55906 1.39826, 
            -0.612327 2.55906 1.30653, -0.845602 2.55906 1.45644, -0.914217 2.55906 1.47137, -0.779815 2.55906 1.43191, 
            -1.1229 2.55906 1.45644, -1.05429 2.55906 1.47137, -0.984252 2.55906 1.47638, -1.25031 2.55906 1.39826, 
            -1.30653 2.55906 1.35618, -1.18869 2.55906 1.43191, -1.35618 2.55906 1.30653, -1.39826 2.55906 1.25031, 
            -1.43191 2.55906 1.18869, -1.45644 2.55906 1.1229, -1.47137 2.55906 1.05429, -1.47638 2.55906 0.984252, 
            -0.512059 2.55906 0.845602, -0.497134 2.55906 0.914217, -0.570248 2.55906 0.718189, -0.612327 2.55906 0.661976, 
            -0.536598 2.55906 0.779815, -0.779815 2.55906 0.536598, -0.718189 2.55906 0.570248, -0.661976 2.55906 0.612327, 
            -0.984252 2.55906 0.492126, -0.914217 2.55906 0.497134, -0.845602 2.55906 0.512059, -1.1229 2.55906 0.512059, 
            -1.18869 2.55906 0.536598, -1.05429 2.55906 0.497134, -1.35618 2.55906 0.661976, -1.30653 2.55906 0.612327, 
            -1.25031 2.55906 0.570248, -1.39826 2.55906 0.718189, -1.43191 2.55906 0.779815, -1.45644 2.55906 0.845602, 
            -1.47137 2.55906 0.914217, -0.838608 2.55906 1.32999, -0.712091 2.55906 1.2455, -0.919031 2.55915 1.35405, 
            -0.984252 2.55914 1.36009, -1.35938 2.55906 0.978731, -0.616693 2.55906 0.899281, -0.684835 2.55906 0.758194, 
            -0.774454 2.55906 0.673226, -1.3265 2.55906 0.825541, -1.2097 2.55906 0.681774, -1.03855 2.55906 0.610929, 
            -0.886826 2.55906 0.621956, -1.32873 2.55925 1.13536, -0.639771 2.55925 1.13536, -1.28135 2.66819 0.754388, 
            -1.34676 2.74066 0.886972, -1.32658 2.72884 0.829242, -1.347 2.55906 1.07652, -1.21622 2.55911 1.27907, 
            -1.28201 2.55908 1.21402, -1.13826 2.55913 1.32795, -1.04947 2.55915 1.35405, -0.859813 2.69241 0.629449, 
            -0.805286 2.66247 0.655346, -0.62106 2.55912 1.0786, -0.72768 2.71048 1.25587, -0.670241 2.70501 1.18538, 
            -0.803707 2.71545 1.30936, -0.859877 2.71759 1.33445, -0.622526 3.243 0.422099, -0.691666 3.49211 0.678513, 
            -0.708713 3.28285 0.990269, -0.75408 3.23501 1.08349, -0.772903 3.40301 0.949533, -0.833719 3.22184 1.15108, 
            -0.953308 2.8578 1.33563, -0.725005 3.43471 0.847423, -0.922689 2.74342 1.34798, -0.6423 3.19365 0.33361, 
            -0.680265 3.06383 0.519177, -0.691572 3.02377 0.554571, -0.730638 2.91498 0.608596, -0.755523 2.99411 0.488761, 
            -0.778391 2.84188 0.616408, -0.955256 2.66153 0.609696, -0.7756 3.03437 0.298717, -0.611503 3.37923 0.0809784, 
            -0.888277 2.98355 0.295485, -0.986281 2.97132 0.324963, -0.642499 3.49592 0.369859, -0.672655 3.55056 0.37628, 
            -0.710354 3.59993 0.33846, -0.77296 3.65334 0.362531, -0.754079 3.54534 0.706551, -0.838684 3.69223 0.275606, 
            -0.862425 3.68972 0.432409, -0.926013 3.71441 0.346865, -0.984252 3.72047 0.275591, -0.961017 3.65778 0.643721, 
            -0.953308 3.70133 0.477982, -0.892298 3.66399 0.587308, -0.611489 3.33944 0.539448, -0.687048 3.11571 0.340532, 
            -0.779659 3.01676 0.387586, -0.779093 3.63077 0.526227, -0.708714 3.57119 0.511469, -0.622045 3.43537 0.398787, 
            -0.611543 3.30038 0.469756, -0.653554 3.13799 0.456486, -0.891687 2.96894 0.376135, -0.922689 3.58813 0.783555, 
            -0.833721 3.60981 0.679058, -0.651379 3.47534 0.554007, -0.621506 3.32406 0.695643, -0.953301 3.54292 0.869585, 
            -0.862435 3.54966 0.82301, -0.892267 3.14298 1.22165, -0.805777 3.52802 0.810544, -0.64976 3.38297 0.745697, 
            -0.891877 2.91648 0.482317, -0.953297 3.40965 1.03475, -0.892277 3.46658 0.956299, -0.670546 3.34299 0.859026, 
            -0.611513 3.15545 0.806907, -0.64206 3.08977 0.607995, -0.948124 3.29747 1.13505, -0.862417 3.35141 1.06419, 
            -0.805783 3.33441 1.04592, -0.807207 2.94432 0.50268, -0.629508 3.18954 0.898468, -0.621885 3.08098 0.712037, 
            -0.653643 2.93368 0.718678, -0.670884 3.18021 1.01116, -0.641171 3.00185 1.05782, -0.621505 2.97504 1.00612, 
            -0.61151 2.94592 0.952611, -0.611537 3.05492 0.821514, -0.948131 3.01957 1.28954, -0.708712 3.13101 1.10239, 
            -0.621718 2.90425 0.832574, -0.891866 2.81616 0.573227, -0.827458 3.07421 1.23124, -0.75408 3.06593 1.18447, 
            -0.680152 2.99055 1.13624, -0.653555 2.8153 0.776996, -0.958444 2.74619 0.593817, -0.83371 2.84235 1.30794, 
            -0.754086 2.88042 1.25053, -0.833735 2.94257 1.28292, -0.709931 2.83386 0.688567, -0.752342 2.70231 0.688194, 
            -0.692505 2.8558 1.19567, -0.629496 2.7878 1.09303, -0.611499 2.55911 1.02554, -0.807206 2.76649 0.634705, 
            -0.61152 2.74838 0.948417, -0.628901 2.727 0.859612, -0.688221 2.69164 0.751923, -0.628429 3.46442 0.0637847, 
            -0.745955 3.63312 0.0499951, -0.805882 3.67481 0.0642372, -0.983658 3.72013 0.0642389, -0.615818 3.27881 0.0555812, 
            -0.888388 3.70885 0.0637771, -0.80654 3.06523 0.00781243, -0.734753 3.56914 0.00773415, -0.686314 3.57406 0.0637519, 
            -0.64229 3.19581 0.0642326, -0.647239 3.41283 0.0133075, -0.837317 3.00159 0.0637796, -0.923331 2.97778 0.064234, 
            -0.888319 3.0672 -4.77339e-17, -0.955204 3.00774 0.00996972, -0.849559 3.02668 0.015061, -1.01808 2.97355 0.055589, 
            -0.984252 3.05118 3.54343e-08, -0.935618 3.05521 -3.73065e-17, -0.724864 3.13815 0.00781306, -0.656985 3.28671 0.00781309, 
            -0.616782 3.34509 0.0425281, -0.677997 3.52041 0.0159105, -0.87428 3.64916 0.00371058, -0.933075 3.68535 0.0126848, 
            -0.984252 3.64173 3.54343e-08, -0.935618 3.6377 -6.99291e-18, -0.840136 3.66847 0.0224021, -0.888465 3.62575 -3.60402e-18, 
            -0.843819 3.60618 -7.96736e-18, -0.783865 3.5648 3.9963e-06, -0.737114 3.50804 -2.75329e-17, -0.713878 3.46513 -2.70634e-17, 
            -0.698024 3.41899 -2.88313e-17, -0.689988 3.37086 -3.45693e-17, -0.689988 3.3221 -4.07815e-17, -0.672768 3.20186 0.0133387, 
            -0.698 3.27405 -4.36161e-17, -0.690898 3.11307 0.063787, -0.713811 3.22794 -4.21264e-17, -0.737 3.18506 -4.05638e-17, 
            -0.70116 3.12419 0.0320818, -0.766937 3.14656 -4.40185e-17, -0.756231 3.05119 0.0538035, -0.802807 3.11351 -5.08657e-17, 
            -0.843642 3.08681 -5.29563e-17, -0.690236 3.3737 -0.708661, -0.690236 3.31921 -0.708661, -0.700248 3.26565 -0.708661, 
            -0.719929 3.21484 -0.708661, -0.748618 3.16851 -0.708661, -0.785327 3.12824 -0.708661, -0.828811 3.09541 -0.708661, 
            -0.877587 3.07112 -0.708661, -0.929996 3.05621 -0.708661, -0.984252 3.05118 -0.708661, -0.700248 3.42726 -0.708661, 
            -0.719929 3.47807 -0.708661, -0.748618 3.5244 -0.708661, -0.785327 3.56467 -0.708661, -0.828811 3.5975 -0.708661, 
            -0.877587 3.62179 -0.708661, -0.929996 3.6367 -0.708661, -0.984252 3.64173 -0.708661, -1.27852 3.3221 3.54343e-08, 
            -1.27852 3.37086 3.54343e-08, -1.27827 3.31921 -0.708661, -1.27827 3.3737 -0.708661, -1.27048 3.41899 3.54343e-08, 
            -1.25463 3.46513 3.54343e-08, -1.26826 3.42726 -0.708661, -1.23139 3.50804 3.54343e-08, -1.24857 3.47807 -0.708661, 
            -1.21989 3.5244 -0.708661, -1.20141 3.54652 3.54343e-08, -1.16552 3.57954 3.54343e-08, -1.18318 3.56467 -0.708661, 
            -1.12469 3.60618 3.54343e-08, -1.13969 3.5975 -0.708661, -1.09092 3.62179 -0.708661, -1.08004 3.62575 3.54343e-08, 
            -1.03289 3.6377 3.54343e-08, -1.03851 3.6367 -0.708661, -1.2705 3.27405 3.54343e-08, -1.26826 3.26565 -0.708661, 
            -1.25469 3.22794 3.54343e-08, -1.2315 3.18506 3.54343e-08, -1.24857 3.21484 -0.708661, -1.21989 3.16851 -0.708661, 
            -1.20157 3.14656 3.54343e-08, -1.18318 3.12824 -0.708661, -1.1657 3.11351 3.54343e-08, -1.12486 3.08681 3.54343e-08, 
            -1.13969 3.09541 -0.708661, -1.09092 3.07112 -0.708661, -1.08019 3.0672 3.54343e-08, -1.03851 3.05621 -0.708661, 
            -1.03289 3.05521 3.54343e-08, -1.22757 3.06361 0.0521572, -1.14021 3.00544 0.0666927, -1.13186 3.04967 0.00668912, 
            -1.35504 3.29049 0.0666933, -1.31203 3.52835 0.0637865, -1.2133 3.6417 0.0642412, -1.26897 3.51334 0.00591253, 
            -1.13119 3.69132 0.063779, -1.04517 3.71513 0.0642338, -1.15523 3.62873 0.00591303, -1.25716 3.60408 0.0715295, 
            -1.3566 3.37791 0.0642289, -1.30959 3.27659 0.00619323, -1.32669 3.1969 0.0642323, -1.34249 3.44953 0.0499899, 
            -1.28371 3.12075 0.0667012, -1.25532 3.1557 0.00668989, -1.08437 2.99973 0.0303526, -1.18329 3.05296 0.0244729, 
            -1.30152 3.17649 0.0320831, -1.34345 3.27824 0.0395612, -1.32553 3.38273 0.012703, -1.26103 3.56523 0.0224037, 
            -1.148 3.66275 0.0241996, -1.00433 3.6924 0.0144534, -1.35699 3.37626 0.326577, -1.23707 3.06886 0.301069, 
            -1.13285 3.00169 0.296126, -1.0463 2.97575 0.338319, -1.327 3.49505 0.333111, -1.13642 3.68801 0.346519, 
            -1.04581 3.71537 0.275591, -1.29741 3.14104 0.326949, -1.23812 3.26117 1.03829, -1.26035 3.08969 1.12718, 
            -1.18924 3.20511 1.12688, -1.25766 3.06104 0.450065, -1.21298 3.02886 0.415128, -1.33884 3.22286 0.317832, 
            -1.23763 2.87396 0.638568, -1.07726 2.69056 0.618713, -1.1613 2.83407 0.602702, -1.35699 3.31437 0.341465, 
            -1.34703 3.43232 0.403048, -1.32707 3.46033 0.529977, -1.28633 3.50777 0.615294, -1.13478 3.30486 1.08961, 
            -1.28019 3.39107 0.838822, -1.16273 3.08078 1.21497, -1.08388 2.80844 1.3334, -1.01522 2.96064 1.30896, 
            -1.08388 3.01153 1.27978, -1.01521 2.75283 1.35209, -1.29801 3.54706 0.377948, -1.25979 3.58982 0.418801, 
            -1.21493 3.6395 0.342705, -1.01521 3.71605 0.37278, -1.34455 3.20348 0.512368, -1.31505 3.0766 0.575443, 
            -1.01487 2.8589 0.528948, -1.16226 3.65546 0.478016, -1.21443 3.61197 0.521246, -1.08387 3.68039 0.522716, 
            -1.16273 3.61527 0.626593, -1.01364 2.92603 0.447977, -1.1613 2.99704 0.40393, -1.357 3.32289 0.571965, 
            -1.24351 3.53094 0.680979, -1.04603 3.65344 0.639405, -1.10493 2.97374 0.395708, -1.31486 3.12997 0.479641, 
            -1.18942 3.51524 0.803706, -1.10608 3.5989 0.731039, -1.01521 3.59678 0.778001, -1.10539 2.91297 0.50136, 
            -1.35698 3.25782 0.559002, -1.04581 3.53377 0.87426, -1.19025 2.94402 0.527043, -1.347 3.32406 0.695643, 
            -1.32707 3.35106 0.757799, -1.29762 3.18021 1.01116, -1.18941 3.39537 0.96473, -1.10608 3.49156 0.909803, 
            -1.01521 3.48034 0.955442, -1.35699 3.15545 0.806907, -1.34688 3.17241 0.87233, -1.32691 3.21262 0.914717, 
            -1.2801 3.29986 0.942233, -1.07621 3.39587 1.03425, -1.08038 2.81465 0.575295, -1.28107 2.97754 0.61546, 
            -1.01805 3.28939 1.14095, -1.31896 2.98936 0.691394, -1.3467 3.05751 0.73206, -1.35698 3.10217 0.774707, 
            -1.32677 3.11498 0.98974, -1.21442 3.06593 1.18447, -1.08388 3.20025 1.18758, -1.29796 2.98471 1.12256, 
            -1.16272 2.78904 1.30312, -1.01521 3.15604 1.22612, -1.23917 2.76386 0.691544, -1.2971 2.78545 0.758838, 
            -1.33964 2.88567 0.809728, -1.347 2.97504 1.00612, -1.32707 2.96296 1.0728, -1.18635 2.69567 0.666066, 
            -1.25979 2.8698 1.20995, -1.18924 2.93354 1.25491, -1.35697 2.81921 0.937948, -1.35702 2.85388 0.996455, 
            -1.34093 2.78602 1.08807, -1.29762 2.7694 1.18, -1.21443 2.78363 1.26962, -1.25943 2.73209 1.23294, 
            -1.19254 3.28729 -0.787402, -1.14262 3.19245 -0.787424, -1.06254 3.14457 -0.787402, -1.20152 3.34204 -0.78741, 
            -0.999869 3.12969 -0.787404, -1.17538 3.45644 -0.787813, -1.08507 3.53895 -0.787408, -1.00877 3.56239 -0.787405, 
            -0.768642 3.32646 -0.787402, -0.793122 3.23647 -0.787813, -0.775606 3.41232 -0.787416, -0.899437 3.14477 -0.78742, 
            -0.826647 3.49607 -0.787404, -0.911086 3.55267 -0.787409, 1.46067 -0.846453 1.10758, 1.47282 -0.846457 1.04331, 
            1.47282 0.511811 1.04331, 1.41148 -0.846453 1.2285, 1.4401 -0.846453 1.16968, 1.283 -0.846453 1.37531, 
            1.33223 -0.846453 1.33223, 1.37531 -0.846453 1.283, 1.16968 -0.846453 1.4401, 1.10758 -0.846453 1.46067, 
            0.860921 -0.846453 1.46067, 0.925197 -0.846457 1.47282, 0.6855 -0.846453 1.37531, 0.740004 -0.846453 1.41148, 
            0.798823 -0.846453 1.4401, 0.593193 -0.846453 1.283, 0.636276 -0.846453 1.33223, 0.507839 -0.846453 1.10758, 
            0.528402 -0.846453 1.16968, 0.495681 -0.846457 1.04331, 0.495681 0.511811 1.04331, 0.491255 0.511812 0.984265, 
            0.925197 0.511811 1.47282, 0.984252 0.511811 1.47638, 1.04331 -0.846457 1.47282, 1.04331 0.511811 1.47282, 
            1.04331 0.511811 1.04331, 1.11274 -1.31782 1.04332, 1.04331 -1.33144 1.04331, 1.24448 -1.26196 1.0433, 
            1.46315 -0.950706 1.0433, 1.42734 -1.0523 1.0433, 1.37281 -1.14449 1.0433, 0.925197 0.511811 0.925197, 
            1.04331 0.511811 0.925197, 0.925197 0.511811 1.04331, 0.984252 0.511811 0.49213, 1.04331 0.511811 0.495681, 
            0.925197 0.511811 0.495681, 1.47725 0.511812 0.984265, 1.47282 0.511811 0.925197, 0.495681 0.511811 0.925197, 
            0.495681 -0.846457 0.925197, 0.85576 -1.31782 0.925185, 0.925197 -1.33144 0.925197, 0.724026 -1.26196 0.9252, 
            0.505357 -0.950706 0.925203, 0.541161 -1.0523 0.925201, 0.595689 -1.14449 0.9252, 0.507839 -0.846453 0.860921, 
            0.557024 -0.846453 0.740004, 0.528402 -0.846453 0.798823, 0.6855 -0.846453 0.593193, 0.636276 -0.846453 0.636276, 
            0.593193 -0.846453 0.6855, 0.798823 -0.846453 0.528402, 0.860921 -0.846453 0.507839, 1.10758 -0.846453 0.507839, 
            1.04331 -0.846457 0.495685, 1.283 -0.846453 0.593193, 1.2285 -0.846453 0.557024, 1.16968 -0.846453 0.528402, 
            1.37531 -0.846453 0.6855, 1.33223 -0.846453 0.636276, 1.41148 -0.846453 0.740004, 1.46067 -0.846453 0.860921, 
            1.4401 -0.846453 0.798823, 1.47282 -0.846457 0.925197, 0.925197 -0.846457 0.495685, 0.740006 -0.88488 0.557178, 
            0.543944 -1.01238 0.833685, 0.520801 -0.915527 0.830403, 0.656503 -1.07809 0.695962, 0.830875 -0.915291 0.520607, 
            0.586458 -1.08277 0.807894, 0.925189 -0.956706 0.507099, 0.649187 -1.18289 0.846534, 0.741605 -1.23149 0.791548, 
            0.817649 -1.1977 0.677323, 0.764078 -1.27407 0.871524, 0.581582 -0.949144 0.716494, 0.869474 -1.30232 0.832506, 
            0.701596 -1.16419 0.735341, 0.66616 -0.949148 0.620039, 0.73598 -1.02213 0.594927, 0.754335 -1.10868 0.635931, 
            0.853532 -1.25663 0.743654, 0.925197 -1.30558 0.813935, 0.837961 -1.01495 0.543261, 0.85643 -1.13585 0.605026, 
            0.925197 -1.2235 0.668378, 0.925196 -1.08676 0.557542, 1.11893 -1.10498 0.58694, 1.04331 -1.2235 0.668378, 
            1.04331 -1.11414 0.575543, 1.13811 -0.915528 0.520806, 1.04331 -1.01775 0.524964, 1.39285 -0.941027 0.722956, 
            1.04331 -0.917031 0.500807, 1.32618 -0.950017 0.64107, 1.20662 -1.13632 0.651712, 1.2337 -1.04792 0.60973, 
            1.44789 -0.915294 0.830871, 1.4677 -0.917031 0.925197, 1.45243 -0.98613 0.925197, 1.43405 -0.982807 0.835142, 
            1.24334 -0.957339 0.578383, 1.13483 -1.01238 0.543948, 1.18689 -1.23458 0.756124, 1.11292 -1.20683 0.669294, 
            1.08978 -1.2768 0.765642, 1.04331 -1.30559 0.813948, 1.0433 -1.33144 0.925201, 1.09215 -1.31482 0.876358, 
            1.16251 -1.28993 0.863592, 1.32339 -1.04792 0.688497, 1.26032 -1.18352 0.752071, 1.33465 -1.08668 0.72948, 
            1.11275 -1.31783 0.925197, 1.39842 -1.07767 0.846043, 1.33223 -1.16463 0.838461, 1.25769 -1.23737 0.853851, 
            1.2445 -1.26195 0.925197, 1.41096 -1.08676 0.925196, 1.35001 -1.17038 0.925197, 0.507107 -0.956721 1.04331, 
            0.557535 -1.08675 1.0433, 0.668414 -1.22352 1.0433, 0.813899 -1.30557 1.04331, 0.925197 -1.33144 1.04331, 
            1.2285 -0.884879 1.41133, 1.42456 -1.01238 1.13482, 1.4477 -0.915527 1.1381, 1.312 -1.07809 1.27254, 
            1.13763 -0.915291 1.4479, 1.38205 -1.08277 1.16061, 1.04331 -0.956705 1.46141, 1.31932 -1.18289 1.12197, 
            1.2269 -1.23149 1.17695, 1.15085 -1.1977 1.29118, 1.20443 -1.27407 1.09698, 1.38692 -0.949144 1.25201, 
            1.09903 -1.30232 1.136, 1.26691 -1.16419 1.23316, 1.30234 -0.949148 1.34846, 1.23252 -1.02213 1.37358, 
            1.21417 -1.10868 1.33257, 1.11497 -1.25663 1.22485, 1.04331 -1.30558 1.15457, 1.13054 -1.01495 1.42524, 
            1.11207 -1.13585 1.36348, 1.04331 -1.2235 1.30013, 1.04331 -1.08676 1.41096, 0.557178 -0.88488 1.2285, 
            0.925197 -1.14452 1.3728, 0.925197 -1.0523 1.42734, 0.833677 -1.01238 1.42456, 0.830389 -0.915528 1.4477, 
            0.9252 -0.950701 1.46315, 0.695962 -1.07809 1.312, 0.520606 -0.9153 1.13762, 0.807883 -1.08277 1.38204, 
            0.846497 -1.18289 1.3193, 0.925197 -1.26195 1.2445, 0.791549 -1.23149 1.2269, 0.677304 -1.1977 1.15082, 
            0.871526 -1.27407 1.20443, 0.925197 -1.31783 1.11275, 0.716494 -0.949144 1.38692, 0.832505 -1.30232 1.09904, 
            0.735341 -1.16419 1.26691, 0.62004 -0.949147 1.30234, 0.594927 -1.02213 1.23252, 0.635931 -1.10868 1.21417, 
            0.743654 -1.25662 1.11498, 0.543258 -1.01495 1.13053, 0.605021 -1.13586 1.11204, -0.6855 -0.846453 1.37531, 
            -1.47282 -0.846457 1.04331, -1.46067 -0.846453 1.10758, -0.636276 -0.846453 1.33223, -1.37531 -0.846453 1.283, 
            -1.41148 -0.846453 1.2285, -1.4401 -0.846453 1.16968, -1.283 -0.846453 1.37531, -1.2285 -0.846453 1.41148, 
            -1.33223 -0.846453 1.33223, -1.16968 -0.846453 1.4401, -1.10758 -0.846453 1.46067, -1.04331 -0.846457 1.47282, 
            -1.04331 0.511811 1.47282, -0.593193 -0.846453 1.283, -0.925197 -0.846457 1.47282, -0.860921 -0.846453 1.46067, 
            -0.557024 -0.846453 1.2285, -0.740004 -0.846453 1.41148, -0.798823 -0.846453 1.4401, -0.528402 -0.846453 1.16968, 
            -0.507839 -0.846453 1.10758, -0.495681 -0.846457 1.04331, -0.495681 0.511811 1.04331, -0.925197 0.511811 1.47282, 
            -0.984252 0.511811 1.47638, -1.47282 0.511811 1.04331, -1.47725 0.511812 0.984265, -1.04331 0.511811 0.925197, 
            -1.04331 0.511811 0.495681, -0.984252 0.511811 0.49213, -1.04331 0.511811 1.04331, -0.925197 0.511811 1.04331, 
            -0.925197 0.511811 0.925197, -1.47282 0.511811 0.925197, -0.491255 0.511812 0.984265, -0.495681 0.511811 0.925197, 
            -0.925197 0.511811 0.495681, -0.495681 -0.846457 0.925197, -0.925197 -1.33144 0.925197, -0.813899 -1.30557 0.92519, 
            -0.668414 -1.22352 0.9252, -0.507107 -0.956721 0.925193, -0.557535 -1.08675 0.9252, -1.283 -0.846453 0.593193, 
            -0.507839 -0.846453 0.860921, -1.33223 -0.846453 0.636276, -0.593193 -0.846453 0.6855, -0.528402 -0.846453 0.798823, 
            -0.6855 -0.846453 0.593193, -0.740004 -0.846453 0.557024, -0.636276 -0.846453 0.636276, -0.798823 -0.846453 0.528402, 
            -0.860921 -0.846453 0.507839, -0.925197 -0.846457 0.495685, -1.37531 -0.846453 0.6855, -1.04331 -0.846457 0.495685, 
            -1.10758 -0.846453 0.507839, -1.41148 -0.846453 0.740004, -1.16968 -0.846453 0.528402, -1.4401 -0.846453 0.798823, 
            -1.46067 -0.846453 0.860921, -1.47282 -0.846457 0.925197, -1.46315 -0.950706 0.925203, -1.42734 -1.0523 0.925201, 
            -1.37281 -1.14449 0.9252, -1.24448 -1.26196 0.9252, -1.11274 -1.31782 0.925185, -1.04331 -1.33144 0.925197, 
            -1.04331 -1.30557 0.813899, -1.0433 -1.22352 0.668414, -1.04331 -0.956712 0.507105, -1.0433 -1.08675 0.557535, 
            -0.791548 -1.23149 0.741605, -0.833677 -1.01238 0.543948, -0.807883 -1.08277 0.586464, -0.925197 -1.26195 0.724008, 
            -0.925197 -1.14452 0.595709, -0.925197 -1.0523 0.541161, -0.9252 -0.950701 0.505351, -0.846497 -1.18289 0.649203, 
            -0.695962 -1.07809 0.656503, -0.557178 -0.88488 0.740007, -0.520606 -0.9153 0.830882, -0.83039 -0.915528 0.520806, 
            -0.677305 -1.1977 0.817679, -0.871526 -1.27407 0.764077, -0.925197 -1.31783 0.855756, -0.716494 -0.949144 0.581582, 
            -0.832505 -1.30232 0.869465, -0.735341 -1.16419 0.701596, -0.620039 -0.949148 0.66616, -0.594927 -1.02213 0.73598, 
            -0.635931 -1.10868 0.754335, -0.743654 -1.25662 0.853527, -0.543258 -1.01495 0.837969, -0.605021 -1.13586 0.856459, 
            -1.2269 -1.23149 0.791549, -1.42456 -1.01238 0.833685, -1.38205 -1.08277 0.807894, -1.31932 -1.18289 0.846534, 
            -1.312 -1.07809 0.695962, -1.2285 -0.88488 0.557178, -1.13762 -0.915297 0.520605, -1.4477 -0.915527 0.830402, 
            -1.15082 -1.1977 0.677304, -1.20443 -1.27407 0.871524, -1.38692 -0.949144 0.716494, -1.09905 -1.30232 0.832511, 
            -1.26691 -1.16419 0.735341, -1.30234 -0.949147 0.62004, -1.23252 -1.02213 0.594927, -1.21417 -1.10867 0.63593, 
            -1.11498 -1.25662 0.743654, -1.13053 -1.01495 0.543258, -1.11204 -1.13586 0.605021, -1.04331 -1.33144 1.04331, 
            -1.1546 -1.30557 1.04331, -1.30009 -1.22352 1.0433, -1.45243 -0.98613 1.0433, -1.46769 -0.917031 1.0433, 
            -1.41097 -1.08675 1.0433, -1.04331 -1.01775 1.44354, -1.16183 -1.1886 1.29205, -1.21583 -1.10867 1.33148, 
            -1.11893 -1.10498 1.38156, -1.04331 -1.17038 1.35001, -1.04331 -1.11414 1.39296, -1.32618 -0.950017 1.32743, 
            -1.39285 -0.941027 1.24555, -1.04331 -0.917031 1.4677, -1.1079 -1.16135 1.34228, -1.2337 -1.04792 1.35877, 
            -1.4479 -0.9153 1.13762, -1.43406 -0.982809 1.13335, -1.13811 -0.915529 1.4477, -1.24334 -0.957339 1.39012, 
            -1.13483 -1.01238 1.42456, -1.18689 -1.23458 1.21238, -1.09434 -1.21219 1.29507, -1.09698 -1.27407 1.20443, 
            -1.04331 -1.26195 1.2445, -1.04331 -1.31783 1.11275, -1.136 -1.30232 1.09904, -1.24679 -1.18203 1.2356, 
            -1.32339 -1.04792 1.28001, -1.33465 -1.08668 1.23902, -1.2577 -1.23737 1.11462, -1.39843 -1.07767 1.12245, 
            -1.33224 -1.16464 1.13, -0.543948 -1.01238 1.13483, -0.639749 -1.19424 1.04331, -0.557542 -1.08676 1.04331, 
            -0.662874 -0.915481 1.35192, -0.505352 -0.950706 1.0433, -0.61154 -1.13236 1.14047, -0.597616 -1.01532 1.24175, 
            -0.832344 -0.948863 1.44339, -0.925189 -0.956705 1.46141, -0.520806 -0.915528 1.13811, -0.756124 -1.23458 1.18689, 
            -0.68047 -1.21213 1.11555, -0.764076 -1.27407 1.09698, -0.746883 -1.27428 1.04331, -0.577502 -0.915477 1.25447, 
            -0.855756 -1.31783 1.04331, -0.925201 -1.33144 1.0433, -0.86949 -1.30233 1.136, -0.684166 -1.13632 1.24878, 
            -0.678928 -1.01532 1.33434, -0.769619 -1.1886 1.26747, -0.744941 -0.948917 1.40329, -0.752442 -1.08453 1.34969, 
            -0.853531 -1.25663 1.22485, -0.925197 -1.30559 1.15456, -0.846043 -1.07767 1.39842, -0.838461 -1.16463 1.33223, 
            -0.855425 -1.21427 1.28639, -0.925197 -1.24617 1.26653, -0.925196 -1.08676 1.41096, -0.925197 -1.17038 1.35001, 
            2.03274 -0.708035 1.41732, 2.06471 -0.736354 1.41732, 2.10253 -0.756205 1.41732, 2.06471 -0.444748 1.41732, 
            2.34252 -0.590551 1.41732, 2.10253 -0.424898 1.41732, 2.144 -0.766425 1.41732, 2.00848 -0.672882 1.41732, 
            2.18671 -0.766425 1.41732, 2.22818 -0.756205 1.41732, 1.99334 -0.632949 1.41732, 1.98819 -0.590551 1.41732, 
            2.266 -0.736354 1.41732, 2.32222 -0.672882 1.41732, 2.03274 -0.473067 1.41732, 2.00848 -0.50822 1.41732, 
            2.29796 -0.708035 1.41732, 1.99334 -0.548154 1.41732, 2.144 -0.414677 1.41732, 2.33737 -0.548154 1.41732, 
            2.33737 -0.632949 1.41732, 2.22818 -0.424898 1.41732, 2.29796 -0.473067 1.41732, 2.266 -0.444748 1.41732, 
            2.18671 -0.414677 1.41732, 2.32222 -0.50822 1.41732, 2.144 -0.414677 -0.728346, 2.10253 -0.424898 -0.728346, 
            2.06471 -0.444748 -0.728346, 2.03274 -0.473067 -0.728346, 2.00848 -0.50822 -0.728346, 1.99334 -0.548154 -0.728346, 
            1.98819 -0.590551 -0.728346, 2.18671 -0.414677 -0.728346, 2.22818 -0.424898 -0.728346, 2.266 -0.444748 -0.728346, 
            2.29796 -0.473067 -0.728346, 2.32222 -0.50822 -0.728346, 2.33737 -0.548154 -0.728346, 2.34252 -0.590551 -0.728346, 
            2.08037 -0.502921 -0.787452, 2.22478 -0.46162 -0.787821, 2.21695 -0.480485 -0.787965, 2.04527 -0.595347 -0.787427, 
            2.11376 -0.70062 -0.787965, 2.10593 -0.719481 -0.787822, 2.22351 -0.694132 -0.787408, 2.26499 -0.655265 -0.787406, 
            2.28544 -0.585735 -0.787427, 2.22818 -0.756205 -0.728346, 1.99334 -0.632949 -0.728346, 2.266 -0.736354 -0.728346, 
            2.18671 -0.766425 -0.728346, 2.29796 -0.708035 -0.728346, 2.32222 -0.672882 -0.728346, 2.33737 -0.632949 -0.728346, 
            2.144 -0.766425 -0.728346, 2.10253 -0.756205 -0.728346, 2.06471 -0.736354 -0.728346, 2.03274 -0.708035 -0.728346, 
            2.00848 -0.672882 -0.728346, -2.34252 -0.590551 1.41732, -2.06471 -0.444748 1.41732, -2.10253 -0.424898 1.41732, 
            -2.29796 -0.473067 1.41732, -2.18671 -0.414677 1.41732, -2.22818 -0.424898 1.41732, -2.266 -0.444748 1.41732, 
            -2.144 -0.414677 1.41732, -2.32222 -0.50822 1.41732, -2.33737 -0.548154 1.41732, -2.33737 -0.632949 1.41732, 
            -2.03274 -0.473067 1.41732, -2.29796 -0.708035 1.41732, -2.00848 -0.50822 1.41732, -2.32222 -0.672882 1.41732, 
            -2.18671 -0.766425 1.41732, -1.99334 -0.632949 1.41732, -2.22818 -0.756205 1.41732, -2.266 -0.736354 1.41732, 
            -1.98819 -0.590551 1.41732, -1.99334 -0.548154 1.41732, -2.03274 -0.708035 1.41732, -2.10253 -0.756205 1.41732, 
            -2.06471 -0.736354 1.41732, -2.00848 -0.672882 1.41732, -2.144 -0.766425 1.41732, -2.18671 -0.414677 -0.728346, 
            -2.22818 -0.424898 -0.728346, -2.266 -0.444748 -0.728346, -2.29796 -0.473067 -0.728346, -2.32222 -0.50822 -0.728346, 
            -2.33737 -0.548154 -0.728346, -2.34252 -0.590551 -0.728346, -2.144 -0.414677 -0.728346, -2.10253 -0.424898 -0.728346, 
            -2.06471 -0.444748 -0.728346, -2.03274 -0.473067 -0.728346, -2.00848 -0.50822 -0.728346, -1.99334 -0.548154 -0.728346, 
            -1.98819 -0.590551 -0.728346, -2.22672 -0.485606 -0.787962, -2.28311 -0.566636 -0.787436, -2.14039 -0.474405 -0.787411, 
            -2.09842 -0.493268 -0.787402, -2.06963 -0.520176 -0.787406, -2.22962 -0.692091 -0.787422, -2.27522 -0.635763 -0.787407, 
            -2.04527 -0.585704 -0.787427, -2.09309 -0.712739 -0.787827, -2.10409 -0.69552 -0.787964, -2.10253 -0.756205 -0.728346, 
            -2.33737 -0.632949 -0.728346, -2.06471 -0.736354 -0.728346, -2.144 -0.766425 -0.728346, -2.03274 -0.708035 -0.728346, 
            -2.00848 -0.672882 -0.728346, -1.99334 -0.632949 -0.728346, -2.18671 -0.766425 -0.728346, -2.22818 -0.756205 -0.728346, 
            -2.266 -0.736354 -0.728346, -2.29796 -0.708035 -0.728346, -2.32222 -0.672882 -0.728346
          ]
        }
        color Color
        {
          color
          [
            0.988235 0.741176 0.364706, 0.988235 0.741176 0.364706, 0.988235 0.741176 0.364706, 0.988235 0.741176 0.364706, 
            0.988235 0.741176 0.364706, 0.988235 0.741176 0.364706, 0.988235 0.741176 0.364706, 0.988235 0.741176 0.364706, 
            0.988235 0.741176 0.364706, 0.988235 0.741176 0.364706, 0.988235 0.741176 0.364706, 0.988235 0.741176 0.364706, 
            0.988235 0.741176 0.364706, 0.988235 0.741176 0.364706, 0.988235 0.741176 0.364706, 0.988235 0.741176 0.364706, 
            0.988235 0.741176 0.364706, 0.988235 0.741176 0.364706, 0.988235 0.741176 0.364706, 0.988235 0.741176 0.364706, 
            0.988235 0.741176 0.364706, 0.988235 0.741176 0.364706, 0.988235 0.741176 0.364706, 0.988235 0.741176 0.364706, 
            0.988235 0.741176 0.364706, 0.988235 0.741176 0.364706, 0.988235 0.741176 0.364706, 0.988235 0.741176 0.364706, 
            0.988235 0.741176 0.364706, 0.988235 0.741176 0.364706, 0.988235 0.741176 0.364706, 0.988235 0.741176 0.364706, 
            0.988235 0.741176 0.364706, 0.988235 0.741176 0.364706, 0.988235 0.741176 0.364706, 0.988235 0.741176 0.364706, 
            0.988235 0.741176 0.364706, 0.988235 0.741176 0.364706, 0.988235 0.741176 0.364706, 0.988235 0.741176 0.364706, 
            0.988235 0.741176 0.364706, 0.988235 0.741176 0.364706, 0.988235 0.741176 0.364706, 0.988235 0.741176 0.364706, 
            0.988235 0.741176 0.364706, 0.988235 0.741176 0.364706, 0.988235 0.741176 0.364706, 0.988235 0.741176 0.364706, 
            0.988235 0.741176 0.364706, 0.988235 0.741176 0.364706, 0.988235 0.741176 0.364706, 0.988235 0.741176 0.364706, 
            0.988235 0.741176 0.364706, 0.988235 0.741176 0.364706, 0.988235 0.741176 0.364706, 0.988235 0.741176 0.364706, 
            0.988235 0.741176 0.364706, 0.988235 0.741176 0.364706, 0.988235 0.741176 0.364706, 0.988235 0.741176 0.364706, 
            0.988235 0.741176 0.364706, 0.988235 0.741176 0.364706, 0.988235 0.741176 0.364706, 0.988235 0.741176 0.364706, 
            0.988235 0.741176 0.364706, 0.988235 0.741176 0.364706, 0.988235 0.741176 0.364706, 0.988235 0.741176 0.364706, 
            0.988235 0.741176 0.364706, 0.988235 0.741176 0.364706, 0.988235 0.741176 0.364706, 0.988235 0.741176 0.364706, 
            0.988235 0.741176 0.364706, 0.988235 0.741176 0.364706, 0.988235 0.741176 0.364706, 0.988235 0.741176 0.364706, 
            0.988235 0.741176 0.364706, 0.988235 0.741176 0.364706, 0.988235 0.741176 0.364706, 0.988235 0.741176 0.364706, 
            0.988235 0.741176 0.364706, 0.988235 0.741176 0.364706, 0.988235 0.741176 0.364706, 0.988235 0.741176 0.364706, 
            0.988235 0.741176 0.364706, 0.988235 0.741176 0.364706, 0.988235 0.741176 0.364706, 0.988235 0.741176 0.364706, 
            0.988235 0.741176 0.364706, 0.988235 0.741176 0.364706, 0.988235 0.741176 0.364706, 0.988235 0.741176 0.364706, 
            0.988235 0.741176 0.364706, 0.988235 0.741176 0.364706, 0.988235 0.741176 0.364706, 0.988235 0.741176 0.364706, 
            0.988235 0.741176 0.364706, 0.988235 0.741176 0.364706, 0.988235 0.741176 0.364706, 0.988235 0.741176 0.364706, 
            0.988235 0.741176 0.364706, 0.988235 0.741176 0.364706, 0.988235 0.741176 0.364706, 0.988235 0.741176 0.364706, 
            0.988235 0.741176 0.364706, 0.988235 0.741176 0.364706, 0.988235 0.741176 0.364706, 0.988235 0.741176 0.364706, 
            0.988235 0.741176 0.364706, 0.988235 0.741176 0.364706, 0.988235 0.741176 0.364706, 0.988235 0.741176 0.364706, 
            0.988235 0.741176 0.364706, 0.988235 0.741176 0.364706, 0.988235 0.741176 0.364706, 0.988235 0.741176 0.364706, 
            0.988235 0.741176 0.364706, 0.988235 0.741176 0.364706, 0.988235 0.741176 0.364706, 0.988235 0.741176 0.364706, 
            0.988235 0.741176 0.364706, 0.988235 0.741176 0.364706, 0.988235 0.741176 0.364706, 0.988235 0.741176 0.364706, 
            0.988235 0.741176 0.364706, 0.988235 0.741176 0.364706, 0.988235 0.741176 0.364706, 0.988235 0.741176 0.364706, 
            0.988235 0.741176 0.364706, 0.988235 0.741176 0.364706, 0.988235 0.741176 0.364706, 0.988235 0.741176 0.364706, 
            0.988235 0.741176 0.364706, 0.988235 0.741176 0.364706, 0.988235 0.741176 0.364706, 0.988235 0.741176 0.364706, 
            0.988235 0.741176 0.364706, 0.988235 0.741176 0.364706, 0.988235 0.741176 0.364706, 0.988235 0.741176 0.364706, 
            0.988235 0.741176 0.364706, 0.988235 0.741176 0.364706, 0.988235 0.741176 0.364706, 0.988235 0.741176 0.364706, 
            0.988235 0.741176 0.364706, 0.988235 0.741176 0.364706, 0.988235 0.741176 0.364706, 0.988235 0.741176 0.364706, 
            0.988235 0.741176 0.364706, 0.988235 0.741176 0.364706, 0.988235 0.741176 0.364706, 0.988235 0.741176 0.364706, 
            0.988235 0.741176 0.364706, 0.988235 0.741176 0.364706, 0.988235 0.741176 0.364706, 0.988235 0.741176 0.364706, 
            0.988235 0.741176 0.364706, 0.988235 0.741176 0.364706, 0.988235 0.741176 0.364706, 0.988235 0.741176 0.364706, 
            0.988235 0.741176 0.364706, 0.988235 0.741176 0.364706, 0.988235 0.741176 0.364706, 0.988235 0.741176 0.364706, 
            0.988235 0.741176 0.364706, 0.988235 0.741176 0.364706, 0.988235 0.741176 0.364706, 0.988235 0.741176 0.364706, 
            0.988235 0.741176 0.364706, 0.988235 0.741176 0.364706, 0.988235 0.741176 0.364706, 0.988235 0.741176 0.364706, 
            0.988235 0.741176 0.364706, 0.988235 0.741176 0.364706, 0.988235 0.741176 0.364706, 0.988235 0.741176 0.364706, 
            0.988235 0.741176 0.364706, 0.988235 0.741176 0.364706, 0.988235 0.741176 0.364706, 0.988235 0.741176 0.364706, 
            0.988235 0.741176 0.364706, 0.988235 0.741176 0.364706, 0.988235 0.741176 0.364706, 0.988235 0.741176 0.364706, 
            0.988235 0.741176 0.364706, 0.988235 0.741176 0.364706, 0.988235 0.741176 0.364706, 0.988235 0.741176 0.364706, 
            0.988235 0.741176 0.364706, 0.988235 0.741176 0.364706, 0.988235 0.741176 0.364706, 0.988235 0.741176 0.364706, 
            0.988235 0.741176 0.364706, 0.988235 0.741176 0.364706, 0.988235 0.741176 0.364706, 0.988235 0.741176 0.364706, 
            0.988235 0.741176 0.364706, 0.988235 0.741176 0.364706, 0.988235 0.741176 0.364706, 0.988235 0.741176 0.364706, 
            0.988235 0.741176 0.364706, 0.988235 0.741176 0.364706, 0.988235 0.741176 0.364706, 0.988235 0.741176 0.364706, 
            0.988235 0.741176 0.364706, 0.988235 0.741176 0.364706, 0.988235 0.741176 0.364706, 0.988235 0.741176 0.364706, 
            0.988235 0.741176 0.364706, 0.988235 0.741176 0.364706, 0.988235 0.741176 0.364706, 0.988235 0.741176 0.364706, 
            0.988235 0.741176 0.364706, 0.988235 0.741176 0.364706, 0.988235 0.741176 0.364706, 0.988235 0.741176 0.364706, 
            0.988235 0.741176 0.364706, 0.988235 0.741176 0.364706, 0.988235 0.741176 0.364706, 0.988235 0.741176 0.364706, 
            0.988235 0.741176 0.364706, 0.988235 0.741176 0.364706, 0.988235 0.741176 0.364706, 0.988235 0.741176 0.364706, 
            0.988235 0.741176 0.364706, 0.988235 0.741176 0.364706, 0.988235 0.741176 0.364706, 0.988235 0.741176 0.364706, 
            0.988235 0.741176 0.364706, 0.988235 0.741176 0.364706, 0.988235 0.741176 0.364706, 0.988235 0.741176 0.364706, 
            0.988235 0.741176 0.364706, 0.988235 0.741176 0.364706, 0.988235 0.741176 0.364706, 0.988235 0.741176 0.364706, 
            0.988235 0.741176 0.364706, 0.988235 0.741176 0.364706, 0.988235 0.741176 0.364706, 0.988235 0.741176 0.364706, 
            0.988235 0.741176 0.364706, 0.988235 0.741176 0.364706, 0.988235 0.741176 0.364706, 0.988235 0.741176 0.364706, 
            0.988235 0.741176 0.364706, 0.988235 0.741176 0.364706, 0.988235 0.741176 0.364706, 0.988235 0.741176 0.364706, 
            0.988235 0.741176 0.364706, 0.988235 0.741176 0.364706, 0.988235 0.741176 0.364706, 0.988235 0.741176 0.364706, 
            0.988235 0.741176 0.364706, 0.988235 0.741176 0.364706, 0.988235 0.741176 0.364706, 0.988235 0.741176 0.364706, 
            0.988235 0.741176 0.364706, 0.988235 0.741176 0.364706, 0.988235 0.741176 0.364706, 0.988235 0.741176 0.364706, 
            0.988235 0.741176 0.364706, 0.988235 0.741176 0.364706, 0.988235 0.741176 0.364706, 0.988235 0.741176 0.364706, 
            0.988235 0.741176 0.364706, 0.988235 0.741176 0.364706, 0.988235 0.741176 0.364706, 0.988235 0.741176 0.364706, 
            0.988235 0.741176 0.364706, 0.988235 0.741176 0.364706, 0.988235 0.741176 0.364706, 0.988235 0.741176 0.364706, 
            0.988235 0.741176 0.364706, 0.988235 0.741176 0.364706, 0.988235 0.741176 0.364706, 0.988235 0.741176 0.364706, 
            0.988235 0.741176 0.364706, 0.988235 0.741176 0.364706, 0.988235 0.741176 0.364706, 0.988235 0.741176 0.364706, 
            0.988235 0.741176 0.364706, 0.988235 0.741176 0.364706, 0.988235 0.741176 0.364706, 0.988235 0.741176 0.364706, 
            0.988235 0.741176 0.364706, 0.988235 0.741176 0.364706, 0.988235 0.741176 0.364706, 0.988235 0.741176 0.364706, 
            0.988235 0.741176 0.364706, 0.988235 0.741176 0.364706, 0.988235 0.741176 0.364706, 0.988235 0.741176 0.364706, 
            0.988235 0.741176 0.364706, 0.988235 0.741176 0.364706, 0.988235 0.741176 0.364706, 0.988235 0.741176 0.364706, 
            0.988235 0.741176 0.364706, 0.988235 0.741176 0.364706, 0.988235 0.741176 0.364706, 0.988235 0.741176 0.364706, 
            0.988235 0.741176 0.364706, 0.988235 0.741176 0.364706, 0.988235 0.741176 0.364706, 0.988235 0.741176 0.364706, 
            0.988235 0.741176 0.364706, 0.988235 0.741176 0.364706, 0.988235 0.741176 0.364706, 0.988235 0.741176 0.364706, 
            0.988235 0.741176 0.364706, 0.988235 0.741176 0.364706, 0.988235 0.741176 0.364706, 0.988235 0.741176 0.364706, 
            0.988235 0.741176 0.364706, 0.988235 0.741176 0.364706, 0.988235 0.741176 0.364706, 0.988235 0.741176 0.364706, 
            0.988235 0.741176 0.364706, 0.988235 0.741176 0.364706, 0.988235 0.741176 0.364706, 0.988235 0.741176 0.364706, 
            0.988235 0.741176 0.364706, 0.988235 0.741176 0.364706, 0.988235 0.741176 0.364706, 0.988235 0.741176 0.364706, 
            0.988235 0.741176 0.364706, 0.988235 0.741176 0.364706, 0.988235 0.741176 0.364706, 0.988235 0.741176 0.364706, 
            0.988235 0.741176 0.364706, 0.988235 0.741176 0.364706, 0.988235 0.741176 0.364706, 0.988235 0.741176 0.364706, 
            0.988235 0.741176 0.364706, 0.988235 0.741176 0.364706, 0.988235 0.741176 0.364706, 0.988235 0.741176 0.364706, 
            0.988235 0.741176 0.364706, 0.988235 0.741176 0.364706, 0.988235 0.741176 0.364706, 0.988235 0.741176 0.364706, 
            0.988235 0.741176 0.364706, 0.988235 0.741176 0.364706, 0.988235 0.741176 0.364706, 0.988235 0.741176 0.364706, 
            0.988235 0.741176 0.364706, 0.988235 0.741176 0.364706, 0.988235 0.741176 0.364706, 0.988235 0.741176 0.364706, 
            0.988235 0.741176 0.364706, 0.988235 0.741176 0.364706, 0.988235 0.741176 0.364706, 0.988235 0.741176 0.364706, 
            0.988235 0.741176 0.364706, 0.988235 0.741176 0.364706, 0.988235 0.741176 0.364706, 0.988235 0.741176 0.364706, 
            0.988235 0.741176 0.364706, 0.988235 0.741176 0.364706, 0.988235 0.741176 0.364706, 0.988235 0.741176 0.364706, 
            0.988235 0.741176 0.364706, 0.988235 0.741176 0.364706, 0.988235 0.741176 0.364706, 0.988235 0.741176 0.364706, 
            0.988235 0.741176 0.364706, 0.988235 0.741176 0.364706, 0.988235 0.741176 0.364706, 0.988235 0.741176 0.364706, 
            0.988235 0.741176 0.364706, 0.988235 0.741176 0.364706, 0.988235 0.741176 0.364706, 0.988235 0.741176 0.364706, 
            0.988235 0.741176 0.364706, 0.988235 0.741176 0.364706, 0.988235 0.741176 0.364706, 0.988235 0.741176 0.364706, 
            0.988235 0.741176 0.364706, 0.988235 0.741176 0.364706, 0.988235 0.741176 0.364706, 0.988235 0.741176 0.364706, 
            0.988235 0.741176 0.364706, 0.988235 0.741176 0.364706, 0.988235 0.741176 0.364706, 0.988235 0.741176 0.364706, 
            0.988235 0.741176 0.364706, 0.988235 0.741176 0.364706, 0.988235 0.741176 0.364706, 0.988235 0.741176 0.364706, 
            0.988235 0.741176 0.364706, 0.988235 0.741176 0.364706, 0.988235 0.741176 0.364706, 0.988235 0.741176 0.364706, 
            0.988235 0.741176 0.364706, 0.988235 0.741176 0.364706, 0.988235 0.741176 0.364706, 0.988235 0.741176 0.364706, 
            0.988235 0.741176 0.364706, 0.988235 0.741176 0.364706, 0.988235 0.741176 0.364706, 0.988235 0.741176 0.364706, 
            0.988235 0.741176 0.364706, 0.988235 0.741176 0.364706, 0.988235 0.741176 0.364706, 0.988235 0.741176 0.364706, 
            0.988235 0.741176 0.364706, 0.988235 0.741176 0.364706, 0.988235 0.741176 0.364706, 0.988235 0.741176 0.364706, 
            0.988235 0.741176 0.364706, 0.988235 0.741176 0.364706, 0.988235 0.741176 0.364706, 0.988235 0.741176 0.364706, 
            0.988235 0.741176 0.364706, 0.988235 0.741176 0.364706, 0.988235 0.741176 0.364706, 0.988235 0.741176 0.364706, 
            0.988235 0.741176 0.364706, 0.988235 0.741176 0.364706, 0.988235 0.741176 0.364706, 0.988235 0.741176 0.364706, 
            0.988235 0.741176 0.364706, 0.988235 0.741176 0.364706, 0.988235 0.741176 0.364706, 0.988235 0.741176 0.364706, 
            0.988235 0.741176 0.364706, 0.988235 0.741176 0.364706, 0.988235 0.741176 0.364706, 0.988235 0.741176 0.364706, 
            0.988235 0.741176 0.364706, 0.988235 0.741176 0.364706, 0.988235 0.741176 0.364706, 0.988235 0.741176 0.364706, 
            0.988235 0.741176 0.364706, 0.988235 0.741176 0.364706, 0.988235 0.741176 0.364706, 0.988235 0.741176 0.364706, 
            0.988235 0.741176 0.364706, 0.988235 0.741176 0.364706, 0.988235 0.741176 0.364706, 0.988235 0.741176 0.364706, 
            0.988235 0.741176 0.364706, 0.988235 0.741176 0.364706, 0.988235 0.741176 0.364706, 0.988235 0.741176 0.364706, 
            0.988235 0.741176 0.364706, 0.988235 0.741176 0.364706, 0.988235 0.741176 0.364706, 0.988235 0.741176 0.364706, 
            0.988235 0.741176 0.364706, 0.988235 0.741176 0.364706, 0.988235 0.741176 0.364706, 0.988235 0.741176 0.364706, 
            0.988235 0.741176 0.364706, 0.988235 0.741176 0.364706, 0.988235 0.741176 0.364706, 0.988235 0.741176 0.364706, 
            0.988235 0.741176 0.364706, 0.988235 0.741176 0.364706, 0.988235 0.741176 0.364706, 0.988235 0.741176 0.364706, 
            0.988235 0.741176 0.364706, 0.988235 0.741176 0.364706, 0.988235 0.741176 0.364706, 0.988235 0.741176 0.364706, 
            0.988235 0.741176 0.364706, 0.988235 0.741176 0.364706, 0.988235 0.741176 0.364706, 0.988235 0.741176 0.364706, 
            0.988235 0.741176 0.364706, 0.988235 0.741176 0.364706, 0.988235 0.741176 0.364706, 0.988235 0.741176 0.364706, 
            0.988235 0.741176 0.364706, 0.988235 0.741176 0.364706, 0.988235 0.741176 0.364706, 0.988235 0.741176 0.364706, 
            0.988235 0.741176 0.364706, 0.988235 0.741176 0.364706, 0.988235 0.741176 0.364706, 0.988235 0.741176 0.364706, 
            0.988235 0.741176 0.364706, 0.988235 0.741176 0.364706, 0.988235 0.741176 0.364706, 0.988235 0.741176 0.364706, 
            0.988235 0.741176 0.364706, 0.988235 0.741176 0.364706, 0.988235 0.741176 0.364706, 0.988235 0.741176 0.364706, 
            0.988235 0.741176 0.364706, 0.988235 0.741176 0.364706, 0.988235 0.741176 0.364706, 0.988235 0.741176 0.364706, 
            0.988235 0.741176 0.364706, 0.988235 0.741176 0.364706, 0.988235 0.741176 0.364706, 0.988235 0.741176 0.364706, 
            0.988235 0.741176 0.364706, 0.988235 0.741176 0.364706, 0.988235 0.741176 0.364706, 0.988235 0.741176 0.364706, 
            0.988235 0.741176 0.364706, 0.988235 0.741176 0.364706, 0.988235 0.741176 0.364706, 0.988235 0.741176 0.364706, 
            0.988235 0.741176 0.364706, 0.988235 0.741176 0.364706, 0.988235 0.741176 0.364706, 0.988235 0.741176 0.364706, 
            0.988235 0.741176 0.364706, 0.988235 0.741176 0.364706, 0.988235 0.741176 0.364706, 0.988235 0.741176 0.364706, 
            0.988235 0.741176 0.364706, 0.988235 0.741176 0.364706, 0.988235 0.741176 0.364706, 0.988235 0.741176 0.364706, 
            0.988235 0.741176 0.364706, 0.988235 0.741176 0.364706, 0.988235 0.741176 0.364706, 0.988235 0.741176 0.364706, 
            0.988235 0.741176 0.364706, 0.988235 0.741176 0.364706, 0.988235 0.741176 0.364706, 0.988235 0.741176 0.364706, 
            0.988235 0.741176 0.364706, 0.988235 0.741176 0.364706, 0.988235 0.741176 0.364706, 0.988235 0.741176 0.364706, 
            0.988235 0.741176 0.364706, 0.988235 0.741176 0.364706, 0.988235 0.741176 0.364706, 0.988235 0.741176 0.364706, 
            0.988235 0.741176 0.364706, 0.988235 0.741176 0.364706, 0.988235 0.741176 0.364706, 0.988235 0.741176 0.364706, 
            0.988235 0.741176 0.364706, 0.988235 0.741176 0.364706, 0.988235 0.741176 0.364706, 0.988235 0.741176 0.364706, 
            0.988235 0.741176 0.364706, 0.988235 0.741176 0.364706, 0.988235 0.741176 0.364706, 0.988235 0.741176 0.364706, 
            0.988235 0.741176 0.364706, 0.988235 0.741176 0.364706, 0.988235 0.741176 0.364706, 0.988235 0.741176 0.364706, 
            0.988235 0.741176 0.364706, 0.988235 0.741176 0.364706, 0.988235 0.741176 0.364706, 0.988235 0.741176 0.364706, 
            0.988235 0.741176 0.364706, 0.988235 0.741176 0.364706, 0.988235 0.741176 0.364706, 0.988235 0.741176 0.364706, 
            0.988235 0.741176 0.364706, 0.988235 0.741176 0.364706, 0.988235 0.741176 0.364706, 0.988235 0.741176 0.364706, 
            0.988235 0.741176 0.364706, 0.988235 0.741176 0.364706, 0.988235 0.741176 0.364706, 0.988235 0.741176 0.364706, 
            0.988235 0.741176 0.364706, 0.988235 0.741176 0.364706, 0.988235 0.741176 0.364706, 0.988235 0.741176 0.364706, 
            0.988235 0.741176 0.364706, 0.988235 0.741176 0.364706, 0.988235 0.741176 0.364706, 0.988235 0.741176 0.364706, 
            0.988235 0.741176 0.364706, 0.988235 0.741176 0.364706, 0.988235 0.741176 0.364706, 0.988235 0.741176 0.364706, 
            0.988235 0.741176 0.364706, 0.988235 0.741176 0.364706, 0.988235 0.741176 0.364706, 0.988235 0.741176 0.364706, 
            0.988235 0.741176 0.364706, 0.988235 0.741176 0.364706, 0.988235 0.741176 0.364706, 0.988235 0.741176 0.364706, 
            0.988235 0.741176 0.364706, 0.988235 0.741176 0.364706, 0.988235 0.741176 0.364706, 0.988235 0.741176 0.364706, 
            0.988235 0.741176 0.364706, 0.988235 0.741176 0.364706, 0.988235 0.741176 0.364706, 0.988235 0.741176 0.364706, 
            0.988235 0.741176 0.364706, 0.988235 0.741176 0.364706, 0.988235 0.741176 0.364706, 0.988235 0.741176 0.364706, 
            0.988235 0.741176 0.364706, 0.988235 0.741176 0.364706, 0.988235 0.741176 0.364706, 0.988235 0.741176 0.364706, 
            0.988235 0.741176 0.364706, 0.988235 0.741176 0.364706, 0.988235 0.741176 0.364706, 0.988235 0.741176 0.364706, 
            0.988235 0.741176 0.364706, 0.988235 0.741176 0.364706, 0.988235 0.741176 0.364706, 0.988235 0.741176 0.364706, 
            0.988235 0.741176 0.364706, 0.988235 0.741176 0.364706, 0.988235 0.741176 0.364706, 0.988235 0.741176 0.364706, 
            0.988235 0.741176 0.364706, 0.988235 0.741176 0.364706, 0.988235 0.741176 0.364706, 0.988235 0.741176 0.364706, 
            0.988235 0.741176 0.364706, 0.988235 0.741176 0.364706, 0.988235 0.741176 0.364706, 0.988235 0.741176 0.364706, 
            0.988235 0.741176 0.364706, 0.988235 0.741176 0.364706, 0.988235 0.741176 0.364706, 0.988235 0.741176 0.364706, 
            0.988235 0.741176 0.364706, 0.988235 0.741176 0.364706, 0.988235 0.741176 0.364706, 0.988235 0.741176 0.364706, 
            0.988235 0.741176 0.364706, 0.988235 0.741176 0.364706, 0.988235 0.741176 0.364706, 0.988235 0.741176 0.364706, 
            0.988235 0.741176 0.364706, 0.988235 0.741176 0.364706, 0.988235 0.741176 0.364706, 0.988235 0.741176 0.364706, 
            0.988235 0.741176 0.364706, 0.988235 0.741176 0.364706, 0.988235 0.741176 0.364706, 0.988235 0.741176 0.364706, 
            0.988235 0.741176 0.364706, 0.988235 0.741176 0.364706, 0.988235 0.741176 0.364706, 0.988235 0.741176 0.364706, 
            0.988235 0.741176 0.364706, 0.988235 0.741176 0.364706, 0.988235 0.741176 0.364706, 0.988235 0.741176 0.364706, 
            0.988235 0.741176 0.364706, 0.988235 0.741176 0.364706, 0.988235 0.741176 0.364706, 0.988235 0.741176 0.364706, 
            0.988235 0.741176 0.364706, 0.988235 0.741176 0.364706, 0.988235 0.741176 0.364706, 0.988235 0.741176 0.364706, 
            0.988235 0.741176 0.364706, 0.988235 0.741176 0.364706, 0.988235 0.741176 0.364706, 0.988235 0.741176 0.364706, 
            0.988235 0.741176 0.364706, 0.988235 0.741176 0.364706, 0.988235 0.741176 0.364706, 0.988235 0.741176 0.364706, 
            0.988235 0.741176 0.364706, 0.988235 0.741176 0.364706, 0.988235 0.741176 0.364706, 0.988235 0.741176 0.364706, 
            0.988235 0.741176 0.364706, 0.988235 0.741176 0.364706, 0.988235 0.741176 0.364706, 0.988235 0.741176 0.364706, 
            0.988235 0.741176 0.364706, 0.988235 0.741176 0.364706, 0.988235 0.741176 0.364706, 0.988235 0.741176 0.364706, 
            0.988235 0.741176 0.364706, 0.988235 0.741176 0.364706, 0.988235 0.741176 0.364706, 0.988235 0.741176 0.364706, 
            0.988235 0.741176 0.364706, 0.988235 0.741176 0.364706, 0.988235 0.741176 0.364706, 0.988235 0.741176 0.364706, 
            0.988235 0.741176 0.364706, 0.988235 0.741176 0.364706, 0.988235 0.741176 0.364706, 0.988235 0.741176 0.364706, 
            0.988235 0.741176 0.364706, 0.988235 0.741176 0.364706, 0.988235 0.741176 0.364706, 0.988235 0.741176 0.364706, 
            0.988235 0.741176 0.364706, 0.988235 0.741176 0.364706, 0.988235 0.741176 0.364706, 0.988235 0.741176 0.364706, 
            0.988235 0.741176 0.364706, 0.988235 0.741176 0.364706, 0.988235 0.741176 0.364706, 0.988235 0.741176 0.364706, 
            0.988235 0.741176 0.364706, 0.988235 0.741176 0.364706, 0.988235 0.741176 0.364706, 0.988235 0.741176 0.364706, 
            0.988235 0.741176 0.364706, 0.988235 0.741176 0.364706, 0.988235 0.741176 0.364706, 0.988235 0.741176 0.364706, 
            0.988235 0.741176 0.364706, 0.988235 0.741176 0.364706, 0.988235 0.741176 0.364706, 0.988235 0.741176 0.364706, 
            0.988235 0.741176 0.364706, 0.988235 0.741176 0.364706, 0.988235 0.741176 0.364706, 0.988235 0.741176 0.364706, 
            0.988235 0.741176 0.364706, 0.988235 0.741176 0.364706, 0.988235 0.741176 0.364706, 0.988235 0.741176 0.364706, 
            0.988235 0.741176 0.364706, 0.988235 0.741176 0.364706, 0.988235 0.741176 0.364706, 0.988235 0.741176 0.364706, 
            0.988235 0.741176 0.364706, 0.988235 0.741176 0.364706, 0.988235 0.741176 0.364706, 0.988235 0.741176 0.364706, 
            0.988235 0.741176 0.364706, 0.988235 0.741176 0.364706, 0.988235 0.741176 0.364706, 0.988235 0.741176 0.364706, 
            0.988235 0.741176 0.364706, 0.988235 0.741176 0.364706, 0.988235 0.741176 0.364706, 0.988235 0.741176 0.364706, 
            0.988235 0.741176 0.364706, 0.988235 0.741176 0.364706, 0.988235 0.741176 0.364706, 0.988235 0.741176 0.364706, 
            0.988235 0.741176 0.364706, 0.988235 0.741176 0.364706, 0.988235 0.741176 0.364706, 0.988235 0.741176 0.364706, 
            0.988235 0.741176 0.364706, 0.988235 0.741176 0.364706, 0.988235 0.741176 0.364706, 0.988235 0.741176 0.364706, 
            0.988235 0.741176 0.364706, 0.988235 0.741176 0.364706, 0.988235 0.741176 0.364706, 0.988235 0.741176 0.364706, 
            0.988235 0.741176 0.364706, 0.988235 0.741176 0.364706, 0.988235 0.741176 0.364706, 0.988235 0.741176 0.364706, 
            0.988235 0.741176 0.364706, 0.988235 0.741176 0.364706, 0.988235 0.741176 0.364706, 0.988235 0.741176 0.364706, 
            0.988235 0.741176 0.364706, 0.988235 0.741176 0.364706, 0.988235 0.741176 0.364706, 0.988235 0.741176 0.364706, 
            0.988235 0.741176 0.364706, 0.988235 0.741176 0.364706, 0.988235 0.741176 0.364706, 0.988235 0.741176 0.364706, 
            0.988235 0.741176 0.364706, 0.988235 0.741176 0.364706, 0.988235 0.741176 0.364706, 0.988235 0.741176 0.364706, 
            0.988235 0.741176 0.364706, 0.988235 0.741176 0.364706, 0.988235 0.741176 0.364706, 0.988235 0.741176 0.364706, 
            0.988235 0.741176 0.364706, 0.988235 0.741176 0.364706, 0.988235 0.741176 0.364706, 0.988235 0.741176 0.364706, 
            0.988235 0.741176 0.364706, 0.988235 0.741176 0.364706, 0.988235 0.741176 0.364706, 0.988235 0.741176 0.364706, 
            0.988235 0.741176 0.364706, 0.988235 0.741176 0.364706, 0.988235 0.741176 0.364706, 0.988235 0.741176 0.364706, 
            0.988235 0.741176 0.364706, 0.988235 0.741176 0.364706, 0.988235 0.741176 0.364706, 0.988235 0.741176 0.364706, 
            0.988235 0.741176 0.364706, 0.988235 0.741176 0.364706, 0.988235 0.741176 0.364706, 0.988235 0.741176 0.364706, 
            0.988235 0.741176 0.364706, 0.988235 0.741176 0.364706, 0.988235 0.741176 0.364706, 0.988235 0.741176 0.364706, 
            0.988235 0.741176 0.364706, 0.988235 0.741176 0.364706, 0.988235 0.741176 0.364706, 0.988235 0.741176 0.364706, 
            0.988235 0.741176 0.364706, 0.988235 0.741176 0.364706, 0.988235 0.741176 0.364706, 0.988235 0.741176 0.364706, 
            0.988235 0.741176 0.364706, 0.988235 0.741176 0.364706, 0.988235 0.741176 0.364706, 0.988235 0.741176 0.364706, 
            0.988235 0.741176 0.364706, 0.988235 0.741176 0.364706, 0.988235 0.741176 0.364706, 0.988235 0.741176 0.364706, 
            0.988235 0.741176 0.364706, 0.988235 0.741176 0.364706, 0.988235 0.741176 0.364706, 0.988235 0.741176 0.364706, 
            0.988235 0.741176 0.364706, 0.988235 0.741176 0.364706, 0.988235 0.741176 0.364706, 0.988235 0.741176 0.364706, 
            0.988235 0.741176 0.364706, 0.988235 0.741176 0.364706, 0.988235 0.741176 0.364706, 0.988235 0.741176 0.364706, 
            0.988235 0.741176 0.364706, 0.988235 0.741176 0.364706, 0.988235 0.741176 0.364706, 0.988235 0.741176 0.364706, 
            0.988235 0.741176 0.364706, 0.988235 0.741176 0.364706, 0.988235 0.741176 0.364706, 0.988235 0.741176 0.364706, 
            0.988235 0.741176 0.364706, 0.988235 0.741176 0.364706, 0.988235 0.741176 0.364706, 0.988235 0.741176 0.364706, 
            0.988235 0.741176 0.364706, 0.988235 0.741176 0.364706, 0.988235 0.741176 0.364706, 0.988235 0.741176 0.364706, 
            0.988235 0.741176 0.364706, 0.988235 0.741176 0.364706, 0.988235 0.741176 0.364706, 0.988235 0.741176 0.364706, 
            0.988235 0.741176 0.364706, 0.988235 0.741176 0.364706, 0.988235 0.741176 0.364706, 0.988235 0.741176 0.364706, 
            0.988235 0.741176 0.364706, 0.988235 0.741176 0.364706, 0.988235 0.741176 0.364706, 0.988235 0.741176 0.364706, 
            0.988235 0.741176 0.364706, 0.988235 0.741176 0.364706, 0.988235 0.741176 0.364706, 0.988235 0.741176 0.364706, 
            0.988235 0.741176 0.364706, 0.988235 0.741176 0.364706, 0.988235 0.741176 0.364706, 0.988235 0.741176 0.364706, 
            0.988235 0.741176 0.364706, 0.988235 0.741176 0.364706, 0.988235 0.741176 0.364706, 0.988235 0.741176 0.364706, 
            0.988235 0.741176 0.364706, 0.988235 0.741176 0.364706, 0.988235 0.741176 0.364706, 0.988235 0.741176 0.364706, 
            0.988235 0.741176 0.364706, 0.988235 0.741176 0.364706, 0.988235 0.741176 0.364706, 0.988235 0.741176 0.364706, 
            0.988235 0.741176 0.364706, 0.988235 0.741176 0.364706, 0.988235 0.741176 0.364706, 0.988235 0.741176 0.364706, 
            0.988235 0.741176 0.364706, 0.988235 0.741176 0.364706, 0.988235 0.741176 0.364706, 0.988235 0.741176 0.364706, 
            0.988235 0.741176 0.364706, 0.988235 0.741176 0.364706, 0.988235 0.741176 0.364706, 0.988235 0.741176 0.364706, 
            0.988235 0.741176 0.364706, 0.988235 0.741176 0.364706, 0.988235 0.741176 0.364706, 0.988235 0.741176 0.364706, 
            0.988235 0.741176 0.364706, 0.988235 0.741176 0.364706, 0.988235 0.741176 0.364706, 0.988235 0.741176 0.364706, 
            0.988235 0.741176 0.364706, 0.988235 0.741176 0.364706, 0.988235 0.741176 0.364706, 0.988235 0.741176 0.364706, 
            0.988235 0.741176 0.364706, 0.988235 0.741176 0.364706, 0.988235 0.741176 0.364706, 0.988235 0.741176 0.364706, 
            0.988235 0.741176 0.364706, 0.988235 0.741176 0.364706, 0.988235 0.741176 0.364706, 0.988235 0.741176 0.364706, 
            0.988235 0.741176 0.364706, 0.988235 0.741176 0.364706, 0.988235 0.741176 0.364706, 0.988235 0.741176 0.364706, 
            0.988235 0.741176 0.364706, 0.988235 0.741176 0.364706, 0.988235 0.741176 0.364706, 0.988235 0.741176 0.364706, 
            0.988235 0.741176 0.364706, 0.988235 0.741176 0.364706, 0.988235 0.741176 0.364706, 0.988235 0.741176 0.364706, 
            0.988235 0.741176 0.364706, 0.988235 0.741176 0.364706, 0.988235 0.741176 0.364706, 0.988235 0.741176 0.364706, 
            0.988235 0.741176 0.364706, 0.988235 0.741176 0.364706, 0.988235 0.741176 0.364706, 0.988235 0.741176 0.364706, 
            0.988235 0.741176 0.364706, 0.988235 0.741176 0.364706, 0.988235 0.741176 0.364706, 0.988235 0.741176 0.364706, 
            0.988235 0.741176 0.364706, 0.988235 0.741176 0.364706, 0.988235 0.741176 0.364706, 0.988235 0.741176 0.364706, 
            0.988235 0.741176 0.364706, 0.988235 0.741176 0.364706, 0.988235 0.741176 0.364706, 0.988235 0.741176 0.364706, 
            0.988235 0.741176 0.364706, 0.988235 0.741176 0.364706, 0.988235 0.741176 0.364706, 0.988235 0.741176 0.364706, 
            0.988235 0.741176 0.364706, 0.988235 0.741176 0.364706, 0.988235 0.741176 0.364706, 0.988235 0.741176 0.364706, 
            0.988235 0.741176 0.364706, 0.988235 0.741176 0.364706, 0.988235 0.741176 0.364706, 0.988235 0.741176 0.364706, 
            0.988235 0.741176 0.364706, 0.988235 0.741176 0.364706, 0.988235 0.741176 0.364706, 0.988235 0.741176 0.364706, 
            0.988235 0.741176 0.364706, 0.988235 0.741176 0.364706, 0.988235 0.741176 0.364706, 0.988235 0.741176 0.364706, 
            0.988235 0.741176 0.364706, 0.988235 0.741176 0.364706, 0.988235 0.741176 0.364706, 0.988235 0.741176 0.364706, 
            0.988235 0.741176 0.364706, 0.988235 0.741176 0.364706, 0.988235 0.741176 0.364706, 0.988235 0.741176 0.364706, 
            0.988235 0.741176 0.364706, 0.988235 0.741176 0.364706, 0.988235 0.741176 0.364706, 0.988235 0.741176 0.364706, 
            0.988235 0.741176 0.364706, 0.988235 0.741176 0.364706, 0.988235 0.741176 0.364706, 0.988235 0.741176 0.364706, 
            0.988235 0.741176 0.364706, 0.988235 0.741176 0.364706, 0.988235 0.741176 0.364706, 0.988235 0.741176 0.364706, 
            0.988235 0.741176 0.364706, 0.988235 0.741176 0.364706, 0.988235 0.741176 0.364706, 0.988235 0.741176 0.364706, 
            0.988235 0.741176 0.364706, 0.988235 0.741176 0.364706, 0.988235 0.741176 0.364706, 0.988235 0.741176 0.364706, 
            0.988235 0.741176 0.364706, 0.988235 0.741176 0.364706, 0.988235 0.741176 0.364706, 0.988235 0.741176 0.364706, 
            0.988235 0.741176 0.364706, 0.988235 0.741176 0.364706, 0.988235 0.741176 0.364706, 0.988235 0.741176 0.364706, 
            0.988235 0.741176 0.364706, 0.988235 0.741176 0.364706, 0.988235 0.741176 0.364706, 0.988235 0.741176 0.364706, 
            0.988235 0.741176 0.364706, 0.988235 0.741176 0.364706, 0.988235 0.741176 0.364706, 0.988235 0.741176 0.364706, 
            0.988235 0.741176 0.364706, 0.988235 0.741176 0.364706, 0.988235 0.741176 0.364706, 0.988235 0.741176 0.364706, 
            0.988235 0.741176 0.364706, 0.988235 0.741176 0.364706, 0.988235 0.741176 0.364706, 0.988235 0.741176 0.364706, 
            0.988235 0.741176 0.364706, 0.988235 0.741176 0.364706, 0.988235 0.741176 0.364706, 0.988235 0.741176 0.364706, 
            0.988235 0.741176 0.364706, 0.988235 0.741176 0.364706, 0.988235 0.741176 0.364706, 0.988235 0.741176 0.364706, 
            0.988235 0.741176 0.364706, 0.988235 0.741176 0.364706, 0.988235 0.741176 0.364706, 0.988235 0.741176 0.364706, 
            0.988235 0.741176 0.364706, 0.988235 0.741176 0.364706, 0.988235 0.741176 0.364706, 0.988235 0.741176 0.364706, 
            0.988235 0.741176 0.364706, 0.988235 0.741176 0.364706, 0.988235 0.741176 0.364706, 0.988235 0.741176 0.364706, 
            0.988235 0.741176 0.364706, 0.988235 0.741176 0.364706, 0.988235 0.741176 0.364706, 0.988235 0.741176 0.364706, 
            0.988235 0.741176 0.364706, 0.988235 0.741176 0.364706, 0.988235 0.741176 0.364706, 0.988235 0.741176 0.364706, 
            0.988235 0.741176 0.364706, 0.988235 0.741176 0.364706, 0.988235 0.741176 0.364706, 0.988235 0.741176 0.364706, 
            0.988235 0.741176 0.364706, 0.988235 0.741176 0.364706, 0.988235 0.741176 0.364706, 0.988235 0.741176 0.364706, 
            0.988235 0.741176 0.364706, 0.988235 0.741176 0.364706, 0.988235 0.741176 0.364706, 0.988235 0.741176 0.364706, 
            0.988235 0.741176 0.364706, 0.988235 0.741176 0.364706, 0.988235 0.741176 0.364706, 0.988235 0.741176 0.364706, 
            0.988235 0.741176 0.364706, 0.988235 0.741176 0.364706, 0.988235 0.741176 0.364706, 0.988235 0.741176 0.364706, 
            0.988235 0.741176 0.364706, 0.988235 0.741176 0.364706, 0.988235 0.741176 0.364706, 0.988235 0.741176 0.364706, 
            0.988235 0.741176 0.364706, 0.988235 0.741176 0.364706, 0.988235 0.741176 0.364706, 0.988235 0.741176 0.364706, 
            0.988235 0.741176 0.364706, 0.988235 0.741176 0.364706, 0.988235 0.741176 0.364706, 0.988235 0.741176 0.364706, 
            0.988235 0.741176 0.364706, 0.988235 0.741176 0.364706, 0.988235 0.741176 0.364706, 0.988235 0.741176 0.364706, 
            0.988235 0.741176 0.364706, 0.988235 0.741176 0.364706, 0.988235 0.741176 0.364706, 0.988235 0.741176 0.364706, 
            0.988235 0.741176 0.364706, 0.988235 0.741176 0.364706, 0.988235 0.741176 0.364706, 0.988235 0.741176 0.364706, 
            0.988235 0.741176 0.364706, 0.988235 0.741176 0.364706, 0.988235 0.741176 0.364706, 0.988235 0.741176 0.364706, 
            0.988235 0.741176 0.364706, 0.988235 0.741176 0.364706, 0.988235 0.741176 0.364706, 0.988235 0.741176 0.364706, 
            0.988235 0.741176 0.364706, 0.988235 0.741176 0.364706, 0.988235 0.741176 0.364706, 0.988235 0.741176 0.364706, 
            0.988235 0.741176 0.364706, 0.988235 0.741176 0.364706, 0.988235 0.741176 0.364706, 0.988235 0.741176 0.364706, 
            0.988235 0.741176 0.364706, 0.988235 0.741176 0.364706, 0.988235 0.741176 0.364706, 0.988235 0.741176 0.364706, 
            0.988235 0.741176 0.364706, 0.988235 0.741176 0.364706, 0.988235 0.741176 0.364706, 0.988235 0.741176 0.364706, 
            0.913725 0.776471 0.529412, 0.913725 0.776471 0.529412, 0.913725 0.776471 0.529412, 0.913725 0.776471 0.529412, 
            0.913725 0.776471 0.529412, 0.913725 0.776471 0.529412, 0.913725 0.776471 0.529412, 0.913725 0.776471 0.529412, 
            0.913725 0.776471 0.529412, 0.913725 0.776471 0.529412, 0.913725 0.776471 0.529412, 0.913725 0.776471 0.529412, 
            0.913725 0.776471 0.529412, 0.913725 0.776471 0.529412, 0.913725 0.776471 0.529412, 0.913725 0.776471 0.529412, 
            0.913725 0.776471 0.529412, 0.913725 0.776471 0.529412, 0.913725 0.776471 0.529412, 0.913725 0.776471 0.529412, 
            0.913725 0.776471 0.529412, 0.913725 0.776471 0.529412, 0.913725 0.776471 0.529412, 0.913725 0.776471 0.529412, 
            0.913725 0.776471 0.529412, 0.913725 0.776471 0.529412, 0.913725 0.776471 0.529412, 0.913725 0.776471 0.529412, 
            0.913725 0.776471 0.529412, 0.913725 0.776471 0.529412, 0.913725 0.776471 0.529412, 0.913725 0.776471 0.529412, 
            0.913725 0.776471 0.529412, 0.913725 0.776471 0.529412, 0.913725 0.776471 0.529412, 0.913725 0.776471 0.529412, 
            0.913725 0.776471 0.529412, 0.913725 0.776471 0.529412, 0.913725 0.776471 0.529412, 0.913725 0.776471 0.529412, 
            0.913725 0.776471 0.529412, 0.913725 0.776471 0.529412, 0.913725 0.776471 0.529412, 0.913725 0.776471 0.529412, 
            0.913725 0.776471 0.529412, 0.913725 0.776471 0.529412, 0.913725 0.776471 0.529412, 0.913725 0.776471 0.529412, 
            0.913725 0.776471 0.529412, 0.913725 0.776471 0.529412, 0.913725 0.776471 0.529412, 0.913725 0.776471 0.529412, 
            0.913725 0.776471 0.529412, 0.913725 0.776471 0.529412, 0.913725 0.776471 0.529412, 0.913725 0.776471 0.529412, 
            0.913725 0.776471 0.529412, 0.913725 0.776471 0.529412, 0.913725 0.776471 0.529412, 0.913725 0.776471 0.529412, 
            0.913725 0.776471 0.529412, 0.913725 0.776471 0.529412, 0.913725 0.776471 0.529412, 0.913725 0.776471 0.529412, 
            0.913725 0.776471 0.529412, 0.913725 0.776471 0.529412, 0.913725 0.776471 0.529412, 0.913725 0.776471 0.529412, 
            0.913725 0.776471 0.529412, 0.913725 0.776471 0.529412, 0.913725 0.776471 0.529412, 0.913725 0.776471 0.529412, 
            0.913725 0.776471 0.529412, 0.913725 0.776471 0.529412, 0.913725 0.776471 0.529412, 0.913725 0.776471 0.529412, 
            0.913725 0.776471 0.529412, 0.913725 0.776471 0.529412, 0.913725 0.776471 0.529412, 0.913725 0.776471 0.529412, 
            0.913725 0.776471 0.529412, 0.913725 0.776471 0.529412, 0.913725 0.776471 0.529412, 0.913725 0.776471 0.529412, 
            0.913725 0.776471 0.529412, 0.913725 0.776471 0.529412, 0.913725 0.776471 0.529412, 0.913725 0.776471 0.529412, 
            0.913725 0.776471 0.529412, 0.913725 0.776471 0.529412, 0.913725 0.776471 0.529412, 0.913725 0.776471 0.529412, 
            0.913725 0.776471 0.529412, 0.913725 0.776471 0.529412, 0.913725 0.776471 0.529412, 0.913725 0.776471 0.529412, 
            0.913725 0.776471 0.529412, 0.913725 0.776471 0.529412, 0.913725 0.776471 0.529412, 0.913725 0.776471 0.529412, 
            0.913725 0.776471 0.529412, 0.913725 0.776471 0.529412, 0.913725 0.776471 0.529412, 0.913725 0.776471 0.529412, 
            0.913725 0.776471 0.529412, 0.913725 0.776471 0.529412, 0.913725 0.776471 0.529412, 0.913725 0.776471 0.529412, 
            0.913725 0.776471 0.529412, 0.913725 0.776471 0.529412, 0.913725 0.776471 0.529412, 0.913725 0.776471 0.529412, 
            0.913725 0.776471 0.529412, 0.913725 0.776471 0.529412, 0.913725 0.776471 0.529412, 0.913725 0.776471 0.529412, 
            0.913725 0.776471 0.529412, 0.913725 0.776471 0.529412, 0.913725 0.776471 0.529412, 0.913725 0.776471 0.529412, 
            0.913725 0.776471 0.529412, 0.913725 0.776471 0.529412, 0.913725 0.776471 0.529412, 0.913725 0.776471 0.529412, 
            0.913725 0.776471 0.529412, 0.913725 0.776471 0.529412, 0.913725 0.776471 0.529412, 0.913725 0.776471 0.529412, 
            0.913725 0.776471 0.529412, 0.913725 0.776471 0.529412, 0.913725 0.776471 0.529412, 0.913725 0.776471 0.529412, 
            0.913725 0.776471 0.529412, 0.913725 0.776471 0.529412, 0.913725 0.776471 0.529412, 0.913725 0.776471 0.529412, 
            0.913725 0.776471 0.529412, 0.913725 0.776471 0.529412, 0.913725 0.776471 0.529412, 0.913725 0.776471 0.529412, 
            0.913725 0.776471 0.529412, 0.913725 0.776471 0.529412, 0.913725 0.776471 0.529412, 0.913725 0.776471 0.529412, 
            0.913725 0.776471 0.529412, 0.913725 0.776471 0.529412, 0.913725 0.776471 0.529412, 0.913725 0.776471 0.529412, 
            0.913725 0.776471 0.529412, 0.913725 0.776471 0.529412, 0.913725 0.776471 0.529412, 0.913725 0.776471 0.529412, 
            0.913725 0.776471 0.529412, 0.913725 0.776471 0.529412, 0.913725 0.776471 0.529412, 0.913725 0.776471 0.529412, 
            0.913725 0.776471 0.529412, 0.913725 0.776471 0.529412, 0.913725 0.776471 0.529412, 0.913725 0.776471 0.529412, 
            0.913725 0.776471 0.529412, 0.913725 0.776471 0.529412, 0.913725 0.776471 0.529412, 0.913725 0.776471 0.529412, 
            0.913725 0.776471 0.529412, 0.913725 0.776471 0.529412, 0.913725 0.776471 0.529412, 0.913725 0.776471 0.529412, 
            0.913725 0.776471 0.529412, 0.913725 0.776471 0.529412, 0.913725 0.776471 0.529412, 0.913725 0.776471 0.529412, 
            0.913725 0.776471 0.529412, 0.913725 0.776471 0.529412, 0.913725 0.776471 0.529412, 0.913725 0.776471 0.529412, 
            0.913725 0.776471 0.529412, 0.913725 0.776471 0.529412, 0.913725 0.776471 0.529412, 0.913725 0.776471 0.529412, 
            0.913725 0.776471 0.529412, 0.913725 0.776471 0.529412, 0.913725 0.776471 0.529412, 0.913725 0.776471 0.529412, 
            0.913725 0.776471 0.529412, 0.913725 0.776471 0.529412, 0.913725 0.776471 0.529412, 0.913725 0.776471 0.529412, 
            0.913725 0.776471 0.529412, 0.913725 0.776471 0.529412, 0.913725 0.776471 0.529412, 0.913725 0.776471 0.529412, 
            0.913725 0.776471 0.529412, 0.913725 0.776471 0.529412, 0.913725 0.776471 0.529412, 0.913725 0.776471 0.529412, 
            0.913725 0.776471 0.529412, 0.913725 0.776471 0.529412, 0.913725 0.776471 0.529412, 0.913725 0.776471 0.529412, 
            0.913725 0.776471 0.529412, 0.913725 0.776471 0.529412, 0.913725 0.776471 0.529412, 0.913725 0.776471 0.529412, 
            0.913725 0.776471 0.529412, 0.913725 0.776471 0.529412, 0.913725 0.776471 0.529412, 0.913725 0.776471 0.529412, 
            0.913725 0.776471 0.529412, 0.913725 0.776471 0.529412, 0.913725 0.776471 0.529412, 0.913725 0.776471 0.529412, 
            0.913725 0.776471 0.529412, 0.913725 0.776471 0.529412, 0.913725 0.776471 0.529412, 0.913725 0.776471 0.529412, 
            0.913725 0.776471 0.529412, 0.913725 0.776471 0.529412, 0.913725 0.776471 0.529412, 0.913725 0.776471 0.529412, 
            0.913725 0.776471 0.529412, 0.913725 0.776471 0.529412, 0.913725 0.776471 0.529412, 0.913725 0.776471 0.529412, 
            0.913725 0.776471 0.529412, 0.913725 0.776471 0.529412, 0.913725 0.776471 0.529412, 0.913725 0.776471 0.529412, 
            0.913725 0.776471 0.529412, 0.913725 0.776471 0.529412, 0.913725 0.776471 0.529412, 0.913725 0.776471 0.529412, 
            0.913725 0.776471 0.529412, 0.913725 0.776471 0.529412, 0.913725 0.776471 0.529412, 0.913725 0.776471 0.529412, 
            0.913725 0.776471 0.529412, 0.913725 0.776471 0.529412, 0.913725 0.776471 0.529412, 0.913725 0.776471 0.529412, 
            0.913725 0.776471 0.529412, 0.913725 0.776471 0.529412, 0.913725 0.776471 0.529412, 0.913725 0.776471 0.529412, 
            0.913725 0.776471 0.529412, 0.913725 0.776471 0.529412, 0.913725 0.776471 0.529412, 0.913725 0.776471 0.529412, 
            0.913725 0.776471 0.529412, 0.913725 0.776471 0.529412, 0.913725 0.776471 0.529412, 0.913725 0.776471 0.529412, 
            0.913725 0.776471 0.529412, 0.913725 0.776471 0.529412, 0.913725 0.776471 0.529412, 0.913725 0.776471 0.529412, 
            0.913725 0.776471 0.529412, 0.913725 0.776471 0.529412, 0.913725 0.776471 0.529412, 0.913725 0.776471 0.529412, 
            0.913725 0.776471 0.529412, 0.913725 0.776471 0.529412, 0.913725 0.776471 0.529412, 0.913725 0.776471 0.529412, 
            0.913725 0.776471 0.529412, 0.913725 0.776471 0.529412, 0.913725 0.776471 0.529412, 0.913725 0.776471 0.529412, 
            0.913725 0.776471 0.529412, 0.913725 0.776471 0.529412, 0.913725 0.776471 0.529412, 0.913725 0.776471 0.529412, 
            0.913725 0.776471 0.529412, 0.913725 0.776471 0.529412, 0.913725 0.776471 0.529412, 0.913725 0.776471 0.529412, 
            0.913725 0.776471 0.529412, 0.913725 0.776471 0.529412, 0.913725 0.776471 0.529412, 0.913725 0.776471 0.529412, 
            0.913725 0.776471 0.529412, 0.913725 0.776471 0.529412, 0.913725 0.776471 0.529412, 0.913725 0.776471 0.529412, 
            0.913725 0.776471 0.529412, 0.913725 0.776471 0.529412, 0.913725 0.776471 0.529412, 0.913725 0.776471 0.529412, 
            0.913725 0.776471 0.529412, 0.913725 0.776471 0.529412, 0.913725 0.776471 0.529412, 0.913725 0.776471 0.529412, 
            0.913725 0.776471 0.529412, 0.913725 0.776471 0.529412, 0.913725 0.776471 0.529412, 0.913725 0.776471 0.529412, 
            0.913725 0.776471 0.529412, 0.913725 0.776471 0.529412, 0.913725 0.776471 0.529412, 0.913725 0.776471 0.529412, 
            0.913725 0.776471 0.529412, 0.913725 0.776471 0.529412, 0.913725 0.776471 0.529412, 0.913725 0.776471 0.529412, 
            0.913725 0.776471 0.529412, 0.913725 0.776471 0.529412, 0.913725 0.776471 0.529412, 0.913725 0.776471 0.529412, 
            0.913725 0.776471 0.529412, 0.913725 0.776471 0.529412, 0.913725 0.776471 0.529412, 0.913725 0.776471 0.529412, 
            0.913725 0.776471 0.529412, 0.913725 0.776471 0.529412, 0.913725 0.776471 0.529412, 0.913725 0.776471 0.529412, 
            0.913725 0.776471 0.529412, 0.913725 0.776471 0.529412, 0.913725 0.776471 0.529412, 0.913725 0.776471 0.529412, 
            0.913725 0.776471 0.529412, 0.913725 0.776471 0.529412, 0.913725 0.776471 0.529412, 0.913725 0.776471 0.529412, 
            0.913725 0.776471 0.529412, 0.913725 0.776471 0.529412, 0.913725 0.776471 0.529412, 0.913725 0.776471 0.529412, 
            0.913725 0.776471 0.529412, 0.913725 0.776471 0.529412, 0.913725 0.776471 0.529412, 0.913725 0.776471 0.529412, 
            0.913725 0.776471 0.529412, 0.913725 0.776471 0.529412, 0.913725 0.776471 0.529412, 0.913725 0.776471 0.529412, 
            0.913725 0.776471 0.529412, 0.913725 0.776471 0.529412, 0.913725 0.776471 0.529412, 0.913725 0.776471 0.529412, 
            0.913725 0.776471 0.529412, 0.913725 0.776471 0.529412, 0.913725 0.776471 0.529412, 0.913725 0.776471 0.529412, 
            0.913725 0.776471 0.529412, 0.913725 0.776471 0.529412, 0.913725 0.776471 0.529412, 0.913725 0.776471 0.529412, 
            0.913725 0.776471 0.529412, 0.913725 0.776471 0.529412, 0.913725 0.776471 0.529412, 0.913725 0.776471 0.529412, 
            0.913725 0.776471 0.529412, 0.913725 0.776471 0.529412, 0.913725 0.776471 0.529412, 0.913725 0.776471 0.529412, 
            0.913725 0.776471 0.529412, 0.913725 0.776471 0.529412, 0.913725 0.776471 0.529412, 0.913725 0.776471 0.529412, 
            0.913725 0.776471 0.529412, 0.913725 0.776471 0.529412, 0.913725 0.776471 0.529412, 0.913725 0.776471 0.529412, 
            0.913725 0.776471 0.529412, 0.913725 0.776471 0.529412, 0.913725 0.776471 0.529412, 0.913725 0.776471 0.529412, 
            0.913725 0.776471 0.529412, 0.913725 0.776471 0.529412, 0.913725 0.776471 0.529412, 0.913725 0.776471 0.529412, 
            0.913725 0.776471 0.529412, 0.913725 0.776471 0.529412, 0.913725 0.776471 0.529412, 0.913725 0.776471 0.529412, 
            0.913725 0.776471 0.529412, 0.913725 0.776471 0.529412, 0.913725 0.776471 0.529412, 0.913725 0.776471 0.529412, 
            0.913725 0.776471 0.529412, 0.913725 0.776471 0.529412, 0.913725 0.776471 0.529412, 0.913725 0.776471 0.529412, 
            0.913725 0.776471 0.529412, 0.913725 0.776471 0.529412, 0.913725 0.776471 0.529412, 0.913725 0.776471 0.529412, 
            0.913725 0.776471 0.529412, 0.913725 0.776471 0.529412, 0.913725 0.776471 0.529412, 0.913725 0.776471 0.529412, 
            0.913725 0.776471 0.529412, 0.913725 0.776471 0.529412, 0.913725 0.776471 0.529412, 0.913725 0.776471 0.529412, 
            0.913725 0.776471 0.529412, 0.913725 0.776471 0.529412, 0.913725 0.776471 0.529412, 0.913725 0.776471 0.529412, 
            0.913725 0.776471 0.529412, 0.913725 0.776471 0.529412, 0.913725 0.776471 0.529412, 0.913725 0.776471 0.529412, 
            0.913725 0.776471 0.529412, 0.913725 0.776471 0.529412, 0.913725 0.776471 0.529412, 0.913725 0.776471 0.529412, 
            0.913725 0.776471 0.529412, 0.913725 0.776471 0.529412, 0.913725 0.776471 0.529412, 0.913725 0.776471 0.529412, 
            0.913725 0.776471 0.529412, 0.913725 0.776471 0.529412, 0.913725 0.776471 0.529412, 0.913725 0.776471 0.529412, 
            0.913725 0.776471 0.529412, 0.913725 0.776471 0.529412, 0.913725 0.776471 0.529412, 0.913725 0.776471 0.529412, 
            0.913725 0.776471 0.529412, 0.913725 0.776471 0.529412, 0.913725 0.776471 0.529412, 0.913725 0.776471 0.529412, 
            0.913725 0.776471 0.529412, 0.913725 0.776471 0.529412, 0.913725 0.776471 0.529412, 0.913725 0.776471 0.529412, 
            0.913725 0.776471 0.529412, 0.913725 0.776471 0.529412, 0.913725 0.776471 0.529412, 0.913725 0.776471 0.529412, 
            0.913725 0.776471 0.529412, 0.913725 0.776471 0.529412, 0.913725 0.776471 0.529412, 0.913725 0.776471 0.529412, 
            0.913725 0.776471 0.529412, 0.913725 0.776471 0.529412, 0.913725 0.776471 0.529412, 0.913725 0.776471 0.529412, 
            0.913725 0.776471 0.529412, 0.913725 0.776471 0.529412, 0.913725 0.776471 0.529412, 0.913725 0.776471 0.529412, 
            0.913725 0.776471 0.529412, 0.913725 0.776471 0.529412, 0.913725 0.776471 0.529412, 0.913725 0.776471 0.529412, 
            0.913725 0.776471 0.529412, 0.913725 0.776471 0.529412, 0.913725 0.776471 0.529412, 0.913725 0.776471 0.529412, 
            0.913725 0.776471 0.529412, 0.913725 0.776471 0.529412, 0.913725 0.776471 0.529412, 0.913725 0.776471 0.529412, 
            0.913725 0.776471 0.529412, 0.913725 0.776471 0.529412, 0.913725 0.776471 0.529412, 0.913725 0.776471 0.529412, 
            0.913725 0.776471 0.529412, 0.913725 0.776471 0.529412, 0.913725 0.776471 0.529412, 0.913725 0.776471 0.529412, 
            0.913725 0.776471 0.529412, 0.913725 0.776471 0.529412, 0.913725 0.776471 0.529412, 0.913725 0.776471 0.529412, 
            0.913725 0.776471 0.529412, 0.913725 0.776471 0.529412, 0.913725 0.776471 0.529412, 0.913725 0.776471 0.529412, 
            0.913725 0.776471 0.529412, 0.913725 0.776471 0.529412, 0.913725 0.776471 0.529412, 0.913725 0.776471 0.529412, 
            0.913725 0.776471 0.529412, 0.913725 0.776471 0.529412, 0.913725 0.776471 0.529412, 0.913725 0.776471 0.529412, 
            0.913725 0.776471 0.529412, 0.913725 0.776471 0.529412, 0.913725 0.776471 0.529412, 0.913725 0.776471 0.529412, 
            0.913725 0.776471 0.529412, 0.913725 0.776471 0.529412, 0.913725 0.776471 0.529412, 0.913725 0.776471 0.529412, 
            0.913725 0.776471 0.529412, 0.913725 0.776471 0.529412, 0.913725 0.776471 0.529412, 0.913725 0.776471 0.529412, 
            0.913725 0.776471 0.529412, 0.913725 0.776471 0.529412, 0.913725 0.776471 0.529412, 0.913725 0.776471 0.529412, 
            0.913725 0.776471 0.529412, 0.913725 0.776471 0.529412, 0.913725 0.776471 0.529412, 0.913725 0.776471 0.529412, 
            0.913725 0.776471 0.529412, 0.913725 0.776471 0.529412, 0.913725 0.776471 0.529412, 0.913725 0.776471 0.529412, 
            0.913725 0.776471 0.529412, 0.913725 0.776471 0.529412, 0.913725 0.776471 0.529412, 0.913725 0.776471 0.529412, 
            0.913725 0.776471 0.529412, 0.913725 0.776471 0.529412, 0.913725 0.776471 0.529412, 0.913725 0.776471 0.529412, 
            0.913725 0.776471 0.529412, 0.913725 0.776471 0.529412, 0.913725 0.776471 0.529412, 0.913725 0.776471 0.529412, 
            0.913725 0.776471 0.529412, 0.913725 0.776471 0.529412, 0.913725 0.776471 0.529412, 0.913725 0.776471 0.529412, 
            0.913725 0.776471 0.529412, 0.913725 0.776471 0.529412, 0.913725 0.776471 0.529412, 0.913725 0.776471 0.529412, 
            0.913725 0.776471 0.529412, 0.913725 0.776471 0.529412, 0.913725 0.776471 0.529412, 0.913725 0.776471 0.529412, 
            0.913725 0.776471 0.529412, 0.913725 0.776471 0.529412, 0.913725 0.776471 0.529412, 0.913725 0.776471 0.529412, 
            0.913725 0.776471 0.529412, 0.913725 0.776471 0.529412, 0.913725 0.776471 0.529412, 0.913725 0.776471 0.529412, 
            0.913725 0.776471 0.529412, 0.913725 0.776471 0.529412, 0.913725 0.776471 0.529412, 0.913725 0.776471 0.529412, 
            0.913725 0.776471 0.529412, 0.913725 0.776471 0.529412, 0.913725 0.776471 0.529412, 0.913725 0.776471 0.529412, 
            0.913725 0.776471 0.529412, 0.913725 0.776471 0.529412, 0.913725 0.776471 0.529412, 0.913725 0.776471 0.529412, 
            0.913725 0.776471 0.529412, 0.913725 0.776471 0.529412, 0.913725 0.776471 0.529412, 0.913725 0.776471 0.529412, 
            0.913725 0.776471 0.529412, 0.913725 0.776471 0.529412, 0.913725 0.776471 0.529412, 0.913725 0.776471 0.529412, 
            0.913725 0.776471 0.529412, 0.913725 0.776471 0.529412, 0.913725 0.776471 0.529412, 0.913725 0.776471 0.529412, 
            0.913725 0.776471 0.529412, 0.913725 0.776471 0.529412, 0.913725 0.776471 0.529412, 0.913725 0.776471 0.529412, 
            0.913725 0.776471 0.529412, 0.913725 0.776471 0.529412, 0.913725 0.776471 0.529412, 0.913725 0.776471 0.529412, 
            0.913725 0.776471 0.529412, 0.913725 0.776471 0.529412, 0.913725 0.776471 0.529412, 0.913725 0.776471 0.529412, 
            0.913725 0.776471 0.529412, 0.913725 0.776471 0.529412, 0.913725 0.776471 0.529412, 0.913725 0.776471 0.529412, 
            0.913725 0.776471 0.529412, 0.913725 0.776471 0.529412, 0.913725 0.776471 0.529412, 0.913725 0.776471 0.529412, 
            0.913725 0.776471 0.529412, 0.913725 0.776471 0.529412, 0.913725 0.776471 0.529412, 0.913725 0.776471 0.529412, 
            0.913725 0.776471 0.529412, 0.913725 0.776471 0.529412, 0.913725 0.776471 0.529412, 0.913725 0.776471 0.529412, 
            0.913725 0.776471 0.529412, 0.913725 0.776471 0.529412, 0.913725 0.776471 0.529412, 0.913725 0.776471 0.529412, 
            0.913725 0.776471 0.529412, 0.913725 0.776471 0.529412, 0.913725 0.776471 0.529412, 0.913725 0.776471 0.529412, 
            0.913725 0.776471 0.529412, 0.913725 0.776471 0.529412, 0.913725 0.776471 0.529412, 0.913725 0.776471 0.529412, 
            0.913725 0.776471 0.529412, 0.913725 0.776471 0.529412, 0.913725 0.776471 0.529412, 0.913725 0.776471 0.529412, 
            0.913725 0.776471 0.529412, 0.913725 0.776471 0.529412, 0.913725 0.776471 0.529412, 0.913725 0.776471 0.529412, 
            0.913725 0.776471 0.529412, 0.913725 0.776471 0.529412, 0.913725 0.776471 0.529412, 0.913725 0.776471 0.529412, 
            0.913725 0.776471 0.529412, 0.913725 0.776471 0.529412, 0.913725 0.776471 0.529412, 0.913725 0.776471 0.529412, 
            0.913725 0.776471 0.529412, 0.913725 0.776471 0.529412, 0.913725 0.776471 0.529412, 0.913725 0.776471 0.529412, 
            0.913725 0.776471 0.529412, 0.913725 0.776471 0.529412, 0.913725 0.776471 0.529412, 0.913725 0.776471 0.529412, 
            0.913725 0.776471 0.529412, 0.913725 0.776471 0.529412, 0.913725 0.776471 0.529412, 0.913725 0.776471 0.529412, 
            0.913725 0.776471 0.529412, 0.913725 0.776471 0.529412, 0.913725 0.776471 0.529412, 0.913725 0.776471 0.529412, 
            0.913725 0.776471 0.529412, 0.913725 0.776471 0.529412, 0.913725 0.776471 0.529412, 0.913725 0.776471 0.529412, 
            0.913725 0.776471 0.529412, 0.913725 0.776471 0.529412, 0.913725 0.776471 0.529412, 0.913725 0.776471 0.529412, 
            0.913725 0.776471 0.529412, 0.913725 0.776471 0.529412, 0.913725 0.776471 0.529412, 0.913725 0.776471 0.529412, 
            0.913725 0.776471 0.529412, 0.913725 0.776471 0.529412, 0.913725 0.776471 0.529412, 0.913725 0.776471 0.529412, 
            0.913725 0.776471 0.529412, 0.913725 0.776471 0.529412, 0.913725 0.776471 0.529412, 0.913725 0.776471 0.529412, 
            0.913725 0.776471 0.529412, 0.913725 0.776471 0.529412, 0.913725 0.776471 0.529412, 0.913725 0.776471 0.529412, 
            0.913725 0.776471 0.529412, 0.913725 0.776471 0.529412, 0.913725 0.776471 0.529412, 0.913725 0.776471 0.529412, 
            0.913725 0.776471 0.529412, 0.913725 0.776471 0.529412, 0.913725 0.776471 0.529412, 0.913725 0.776471 0.529412, 
            0.913725 0.776471 0.529412, 0.913725 0.776471 0.529412, 0.913725 0.776471 0.529412, 0.913725 0.776471 0.529412, 
            0.913725 0.776471 0.529412, 0.913725 0.776471 0.529412, 0.913725 0.776471 0.529412, 0.913725 0.776471 0.529412, 
            0.913725 0.776471 0.529412, 0.913725 0.776471 0.529412, 0.913725 0.776471 0.529412, 0.913725 0.776471 0.529412, 
            0.913725 0.776471 0.529412, 0.913725 0.776471 0.529412, 0.913725 0.776471 0.529412, 0.913725 0.776471 0.529412, 
            0.913725 0.776471 0.529412, 0.913725 0.776471 0.529412, 0.913725 0.776471 0.529412, 0.913725 0.776471 0.529412, 
            0.913725 0.776471 0.529412, 0.913725 0.776471 0.529412, 0.913725 0.776471 0.529412, 0.913725 0.776471 0.529412, 
            0.913725 0.776471 0.529412, 0.913725 0.776471 0.529412, 0.913725 0.776471 0.529412, 0.913725 0.776471 0.529412, 
            0.913725 0.776471 0.529412, 0.913725 0.776471 0.529412, 0.913725 0.776471 0.529412, 0.913725 0.776471 0.529412, 
            0.913725 0.776471 0.529412, 0.913725 0.776471 0.529412, 0.913725 0.776471 0.529412, 0.913725 0.776471 0.529412, 
            0.913725 0.776471 0.529412, 0.913725 0.776471 0.529412, 0.913725 0.776471 0.529412, 0.913725 0.776471 0.529412, 
            0.913725 0.776471 0.529412, 0.913725 0.776471 0.529412, 0.913725 0.776471 0.529412, 0.913725 0.776471 0.529412, 
            0.913725 0.776471 0.529412, 0.913725 0.776471 0.529412, 0.913725 0.776471 0.529412, 0.913725 0.776471 0.529412, 
            0.913725 0.776471 0.529412, 0.913725 0.776471 0.529412, 0.913725 0.776471 0.529412, 0.913725 0.776471 0.529412, 
            0.913725 0.776471 0.529412, 0.913725 0.776471 0.529412, 0.913725 0.776471 0.529412, 0.913725 0.776471 0.529412, 
            0.913725 0.776471 0.529412, 0.913725 0.776471 0.529412, 0.913725 0.776471 0.529412, 0.913725 0.776471 0.529412, 
            0.913725 0.776471 0.529412, 0.913725 0.776471 0.529412, 0.913725 0.776471 0.529412, 0.913725 0.776471 0.529412, 
            0.913725 0.776471 0.529412, 0.913725 0.776471 0.529412, 0.913725 0.776471 0.529412, 0.913725 0.776471 0.529412, 
            0.913725 0.776471 0.529412, 0.913725 0.776471 0.529412, 0.913725 0.776471 0.529412, 0.913725 0.776471 0.529412, 
            0.913725 0.776471 0.529412, 0.913725 0.776471 0.529412, 0.913725 0.776471 0.529412, 0.913725 0.776471 0.529412, 
            0.913725 0.776471 0.529412, 0.913725 0.776471 0.529412, 0.913725 0.776471 0.529412, 0.913725 0.776471 0.529412, 
            0.913725 0.776471 0.529412, 0.913725 0.776471 0.529412, 0.913725 0.776471 0.529412, 0.913725 0.776471 0.529412, 
            0.913725 0.776471 0.529412, 0.913725 0.776471 0.529412, 0.913725 0.776471 0.529412, 0.913725 0.776471 0.529412, 
            0.913725 0.776471 0.529412, 0.913725 0.776471 0.529412, 0.913725 0.776471 0.529412, 0.913725 0.776471 0.529412, 
            0.913725 0.776471 0.529412, 0.913725 0.776471 0.529412, 0.913725 0.776471 0.529412, 0.913725 0.776471 0.529412, 
            0.913725 0.776471 0.529412, 0.913725 0.776471 0.529412, 0.913725 0.776471 0.529412, 0.913725 0.776471 0.529412, 
            0.913725 0.776471 0.529412, 0.913725 0.776471 0.529412, 0.913725 0.776471 0.529412, 0.913725 0.776471 0.529412, 
            0.913725 0.776471 0.529412, 0.913725 0.776471 0.529412, 0.913725 0.776471 0.529412, 0.913725 0.776471 0.529412, 
            0.913725 0.776471 0.529412, 0.913725 0.776471 0.529412, 0.913725 0.776471 0.529412, 0.913725 0.776471 0.529412, 
            0.913725 0.776471 0.529412, 0.913725 0.776471 0.529412, 0.913725 0.776471 0.529412, 0.913725 0.776471 0.529412, 
            0.913725 0.776471 0.529412, 0.913725 0.776471 0.529412, 0.913725 0.776471 0.529412, 0.913725 0.776471 0.529412, 
            0.913725 0.776471 0.529412, 0.913725 0.776471 0.529412, 0.913725 0.776471 0.529412, 0.913725 0.776471 0.529412, 
            0.913725 0.776471 0.529412, 0.913725 0.776471 0.529412, 0.913725 0.776471 0.529412, 0.913725 0.776471 0.529412, 
            0.913725 0.776471 0.529412, 0.913725 0.776471 0.529412, 0.913725 0.776471 0.529412, 0.913725 0.776471 0.529412, 
            0.913725 0.776471 0.529412, 0.913725 0.776471 0.529412, 0.913725 0.776471 0.529412, 0.913725 0.776471 0.529412, 
            0.913725 0.776471 0.529412, 0.913725 0.776471 0.529412, 0.913725 0.776471 0.529412, 0.913725 0.776471 0.529412, 
            0.913725 0.776471 0.529412, 0.913725 0.776471 0.529412, 0.913725 0.776471 0.529412, 0.913725 0.776471 0.529412, 
            0.913725 0.776471 0.529412, 0.913725 0.776471 0.529412, 0.913725 0.776471 0.529412, 0.913725 0.776471 0.529412, 
            0.913725 0.776471 0.529412, 0.913725 0.776471 0.529412, 0.913725 0.776471 0.529412, 0.913725 0.776471 0.529412, 
            0.913725 0.776471 0.529412, 0.913725 0.776471 0.529412, 0.913725 0.776471 0.529412, 0.913725 0.776471 0.529412, 
            0.913725 0.776471 0.529412, 0.913725 0.776471 0.529412, 0.913725 0.776471 0.529412, 0.913725 0.776471 0.529412, 
            0.913725 0.776471 0.529412, 0.913725 0.776471 0.529412, 0.913725 0.776471 0.529412, 0.913725 0.776471 0.529412, 
            0.913725 0.776471 0.529412, 0.913725 0.776471 0.529412, 0.913725 0.776471 0.529412, 0.913725 0.776471 0.529412, 
            0.913725 0.776471 0.529412, 0.913725 0.776471 0.529412, 0.913725 0.776471 0.529412, 0.913725 0.776471 0.529412, 
            0.913725 0.776471 0.529412, 0.913725 0.776471 0.529412, 0.913725 0.776471 0.529412, 0.913725 0.776471 0.529412, 
            0.913725 0.776471 0.529412, 0.913725 0.776471 0.529412, 0.913725 0.776471 0.529412, 0.913725 0.776471 0.529412, 
            0.913725 0.776471 0.529412, 0.913725 0.776471 0.529412, 0.913725 0.776471 0.529412, 0.913725 0.776471 0.529412, 
            0.913725 0.776471 0.529412, 0.913725 0.776471 0.529412, 0.913725 0.776471 0.529412, 0.913725 0.776471 0.529412, 
            0.913725 0.776471 0.529412, 0.913725 0.776471 0.529412, 0.913725 0.776471 0.529412, 0.913725 0.776471 0.529412, 
            0.913725 0.776471 0.529412, 0.913725 0.776471 0.529412, 0.913725 0.776471 0.529412, 0.913725 0.776471 0.529412, 
            0.913725 0.776471 0.529412, 0.913725 0.776471 0.529412, 0.913725 0.776471 0.529412, 0.913725 0.776471 0.529412, 
            0.913725 0.776471 0.529412, 0.913725 0.776471 0.529412, 0.913725 0.776471 0.529412, 0.913725 0.776471 0.529412, 
            0.913725 0.776471 0.529412, 0.913725 0.776471 0.529412, 0.913725 0.776471 0.529412, 0.913725 0.776471 0.529412, 
            0.913725 0.776471 0.529412, 0.913725 0.776471 0.529412, 0.913725 0.776471 0.529412, 0.913725 0.776471 0.529412, 
            0.913725 0.776471 0.529412, 0.913725 0.776471 0.529412, 0.913725 0.776471 0.529412, 0.913725 0.776471 0.529412, 
            0.913725 0.776471 0.529412, 0.913725 0.776471 0.529412, 0.913725 0.776471 0.529412, 0.913725 0.776471 0.529412, 
            0.913725 0.776471 0.529412, 0.913725 0.776471 0.529412, 0.913725 0.776471 0.529412, 0.913725 0.776471 0.529412, 
            0.913725 0.776471 0.529412, 0.913725 0.776471 0.529412, 0.913725 0.776471 0.529412, 0.913725 0.776471 0.529412, 
            0.913725 0.776471 0.529412, 0.913725 0.776471 0.529412, 0.913725 0.776471 0.529412, 0.913725 0.776471 0.529412, 
            0.913725 0.776471 0.529412, 0.913725 0.776471 0.529412, 0.913725 0.776471 0.529412, 0.913725 0.776471 0.529412, 
            0.913725 0.776471 0.529412, 0.913725 0.776471 0.529412, 0.913725 0.776471 0.529412, 0.913725 0.776471 0.529412, 
            0.913725 0.776471 0.529412, 0.913725 0.776471 0.529412, 0.913725 0.776471 0.529412, 0.913725 0.776471 0.529412, 
            0.913725 0.776471 0.529412, 0.913725 0.776471 0.529412, 0.913725 0.776471 0.529412, 0.913725 0.776471 0.529412, 
            0.913725 0.776471 0.529412, 0.913725 0.776471 0.529412, 0.913725 0.776471 0.529412, 0.913725 0.776471 0.529412, 
            0.913725 0.776471 0.529412, 0.913725 0.776471 0.529412, 0.913725 0.776471 0.529412, 0.913725 0.776471 0.529412, 
            0.913725 0.776471 0.529412, 0.913725 0.776471 0.529412, 0.913725 0.776471 0.529412, 0.913725 0.776471 0.529412, 
            0.913725 0.776471 0.529412, 0.913725 0.776471 0.529412, 0.913725 0.776471 0.529412, 0.913725 0.776471 0.529412, 
            0.913725 0.776471 0.529412, 0.913725 0.776471 0.529412, 0.913725 0.776471 0.529412, 0.913725 0.776471 0.529412, 
            0.913725 0.776471 0.529412, 0.913725 0.776471 0.529412, 0.913725 0.776471 0.529412, 0.913725 0.776471 0.529412, 
            0.913725 0.776471 0.529412, 0.913725 0.776471 0.529412, 0.913725 0.776471 0.529412, 0.913725 0.776471 0.529412, 
            0.913725 0.776471 0.529412, 0.913725 0.776471 0.529412, 0.913725 0.776471 0.529412, 0.913725 0.776471 0.529412, 
            0.913725 0.776471 0.529412, 0.913725 0.776471 0.529412, 0.913725 0.776471 0.529412, 0.913725 0.776471 0.529412, 
            0.913725 0.776471 0.529412, 0.913725 0.776471 0.529412, 0.913725 0.776471 0.529412, 0.913725 0.776471 0.529412, 
            0.913725 0.776471 0.529412, 0.913725 0.776471 0.529412, 0.913725 0.776471 0.529412, 0.913725 0.776471 0.529412, 
            0.913725 0.776471 0.529412, 0.913725 0.776471 0.529412, 0.913725 0.776471 0.529412, 0.913725 0.776471 0.529412, 
            0.913725 0.776471 0.529412, 0.913725 0.776471 0.529412, 0.913725 0.776471 0.529412, 0.913725 0.776471 0.529412, 
            0.913725 0.776471 0.529412, 0.913725 0.776471 0.529412, 0.913725 0.776471 0.529412, 0.913725 0.776471 0.529412, 
            0.913725 0.776471 0.529412, 0.913725 0.776471 0.529412, 0.913725 0.776471 0.529412, 0.913725 0.776471 0.529412, 
            0.913725 0.776471 0.529412, 0.913725 0.776471 0.529412, 0.913725 0.776471 0.529412, 0.913725 0.776471 0.529412, 
            0.913725 0.776471 0.529412, 0.913725 0.776471 0.529412, 0.913725 0.776471 0.529412, 0.913725 0.776471 0.529412, 
            0.913725 0.776471 0.529412, 0.913725 0.776471 0.529412, 0.913725 0.776471 0.529412, 0.913725 0.776471 0.529412, 
            0.913725 0.776471 0.529412, 0.913725 0.776471 0.529412, 0.913725 0.776471 0.529412, 0.913725 0.776471 0.529412, 
            0.913725 0.776471 0.529412, 0.913725 0.776471 0.529412, 0.913725 0.776471 0.529412, 0.913725 0.776471 0.529412, 
            0.913725 0.776471 0.529412, 0.913725 0.776471 0.529412, 0.913725 0.776471 0.529412, 0.913725 0.776471 0.529412, 
            0.913725 0.776471 0.529412, 0.913725 0.776471 0.529412, 0.913725 0.776471 0.529412, 0.913725 0.776471 0.529412, 
            0.913725 0.776471 0.529412, 0.913725 0.776471 0.529412, 0.913725 0.776471 0.529412, 0.913725 0.776471 0.529412, 
            0.913725 0.776471 0.529412, 0.913725 0.776471 0.529412, 0.913725 0.776471 0.529412, 0.913725 0.776471 0.529412, 
            0.913725 0.776471 0.529412, 0.913725 0.776471 0.529412, 0.913725 0.776471 0.529412, 0.913725 0.776471 0.529412, 
            0.913725 0.776471 0.529412, 0.913725 0.776471 0.529412, 0.913725 0.776471 0.529412, 0.913725 0.776471 0.529412, 
            0.913725 0.776471 0.529412, 0.913725 0.776471 0.529412, 0.913725 0.776471 0.529412, 0.913725 0.776471 0.529412, 
            0.913725 0.776471 0.529412, 0.913725 0.776471 0.529412, 0.913725 0.776471 0.529412, 0.913725 0.776471 0.529412, 
            0.913725 0.776471 0.529412, 0.913725 0.776471 0.529412, 0.913725 0.776471 0.529412, 0.913725 0.776471 0.529412, 
            0.913725 0.776471 0.529412, 0.913725 0.776471 0.529412, 0.913725 0.776471 0.529412, 0.913725 0.776471 0.529412, 
            0.913725 0.776471 0.529412, 0.913725 0.776471 0.529412, 0.913725 0.776471 0.529412, 0.913725 0.776471 0.529412, 
            0.913725 0.776471 0.529412, 0.913725 0.776471 0.529412, 0.913725 0.776471 0.529412, 0.913725 0.776471 0.529412, 
            0.913725 0.776471 0.529412, 0.913725 0.776471 0.529412, 0.913725 0.776471 0.529412, 0.913725 0.776471 0.529412, 
            0.913725 0.776471 0.529412, 0.913725 0.776471 0.529412, 0.913725 0.776471 0.529412, 0.913725 0.776471 0.529412, 
            0.913725 0.776471 0.529412, 0.913725 0.776471 0.529412, 0.913725 0.776471 0.529412, 0.913725 0.776471 0.529412, 
            0.913725 0.776471 0.529412, 0.913725 0.776471 0.529412, 0.913725 0.776471 0.529412, 0.913725 0.776471 0.529412, 
            0.913725 0.776471 0.529412, 0.913725 0.776471 0.529412, 0.913725 0.776471 0.529412, 0.913725 0.776471 0.529412, 
            0.913725 0.776471 0.529412, 0.913725 0.776471 0.529412, 0.913725 0.776471 0.529412, 0.913725 0.776471 0.529412, 
            0.913725 0.776471 0.529412, 0.913725 0.776471 0.529412, 0.913725 0.776471 0.529412, 0.913725 0.776471 0.529412, 
            0.913725 0.776471 0.529412, 0.913725 0.776471 0.529412, 0.913725 0.776471 0.529412, 0.913725 0.776471 0.529412, 
            0.913725 0.776471 0.529412, 0.913725 0.776471 0.529412, 0.913725 0.776471 0.529412, 0.913725 0.776471 0.529412, 
            0.913725 0.776471 0.529412, 0.913725 0.776471 0.529412, 0.913725 0.776471 0.529412, 0.913725 0.776471 0.529412, 
            0.913725 0.776471 0.529412, 0.913725 0.776471 0.529412, 0.913725 0.776471 0.529412, 0.913725 0.776471 0.529412, 
            0.913725 0.776471 0.529412, 0.913725 0.776471 0.529412, 0.913725 0.776471 0.529412, 0.913725 0.776471 0.529412, 
            0.913725 0.776471 0.529412, 0.913725 0.776471 0.529412, 0.913725 0.776471 0.529412, 0.913725 0.776471 0.529412, 
            0.913725 0.776471 0.529412, 0.913725 0.776471 0.529412, 0.913725 0.776471 0.529412, 0.913725 0.776471 0.529412, 
            0.913725 0.776471 0.529412, 0.913725 0.776471 0.529412, 0.913725 0.776471 0.529412, 0.913725 0.776471 0.529412, 
            0.913725 0.776471 0.529412, 0.913725 0.776471 0.529412, 0.913725 0.776471 0.529412, 0.913725 0.776471 0.529412, 
            0.913725 0.776471 0.529412, 0.913725 0.776471 0.529412, 0.913725 0.776471 0.529412, 0.913725 0.776471 0.529412, 
            0.913725 0.776471 0.529412, 0.913725 0.776471 0.529412, 0.913725 0.776471 0.529412, 0.913725 0.776471 0.529412, 
            0.913725 0.776471 0.529412, 0.913725 0.776471 0.529412, 0.913725 0.776471 0.529412, 0.913725 0.776471 0.529412, 
            0.913725 0.776471 0.529412, 0.913725 0.776471 0.529412, 0.913725 0.776471 0.529412, 0.913725 0.776471 0.529412, 
            0.913725 0.776471 0.529412, 0.913725 0.776471 0.529412, 0.913725 0.776471 0.529412, 0.913725 0.776471 0.529412, 
            0.913725 0.776471 0.529412, 0.913725 0.776471 0.529412, 0.913725 0.776471 0.529412, 0.913725 0.776471 0.529412, 
            0.721569 0.721569 0.721569, 0.721569 0.721569 0.721569, 0.721569 0.721569 0.721569, 0.721569 0.721569 0.721569, 
            0.721569 0.721569 0.721569, 0.721569 0.721569 0.721569, 0.721569 0.721569 0.721569, 0.721569 0.721569 0.721569, 
            0.721569 0.721569 0.721569, 0.721569 0.721569 0.721569, 0.721569 0.721569 0.721569, 0.721569 0.721569 0.721569, 
            0.721569 0.721569 0.721569, 0.721569 0.721569 0.721569, 0.721569 0.721569 0.721569, 0.721569 0.721569 0.721569, 
            0.721569 0.721569 0.721569, 0.721569 0.721569 0.721569, 0.721569 0.721569 0.721569, 0.721569 0.721569 0.721569, 
            0.721569 0.721569 0.721569, 0.721569 0.721569 0.721569, 0.721569 0.721569 0.721569, 0.721569 0.721569 0.721569, 
            0.721569 0.721569 0.721569, 0.721569 0.721569 0.721569, 0.721569 0.721569 0.721569, 0.721569 0.721569 0.721569, 
            0.721569 0.721569 0.721569, 0.721569 0.721569 0.721569, 0.721569 0.721569 0.721569, 0.721569 0.721569 0.721569, 
            0.721569 0.721569 0.721569, 0.721569 0.721569 0.721569, 0.721569 0.721569 0.721569, 0.721569 0.721569 0.721569, 
            0.721569 0.721569 0.721569, 0.721569 0.721569 0.721569, 0.721569 0.721569 0.721569, 0.721569 0.721569 0.721569, 
            0.721569 0.721569 0.721569, 0.721569 0.721569 0.721569, 0.721569 0.721569 0.721569, 0.721569 0.721569 0.721569, 
            0.721569 0.721569 0.721569, 0.721569 0.721569 0.721569, 0.721569 0.721569 0.721569, 0.721569 0.721569 0.721569, 
            0.721569 0.721569 0.721569, 0.721569 0.721569 0.721569, 0.721569 0.721569 0.721569, 0.721569 0.721569 0.721569, 
            0.721569 0.721569 0.721569, 0.721569 0.721569 0.721569, 0.721569 0.721569 0.721569, 0.721569 0.721569 0.721569, 
            0.721569 0.721569 0.721569, 0.721569 0.721569 0.721569, 0.721569 0.721569 0.721569, 0.721569 0.721569 0.721569, 
            0.721569 0.721569 0.721569, 0.721569 0.721569 0.721569, 0.721569 0.721569 0.721569, 0.721569 0.721569 0.721569, 
            0.721569 0.721569 0.721569, 0.721569 0.721569 0.721569, 0.721569 0.721569 0.721569, 0.721569 0.721569 0.721569, 
            0.721569 0.721569 0.721569, 0.721569 0.721569 0.721569, 0.721569 0.721569 0.721569, 0.721569 0.721569 0.721569, 
            0.721569 0.721569 0.721569, 0.721569 0.721569 0.721569, 0.721569 0.721569 0.721569, 0.721569 0.721569 0.721569, 
            0.721569 0.721569 0.721569, 0.721569 0.721569 0.721569, 0.721569 0.721569 0.721569, 0.721569 0.721569 0.721569, 
            0.721569 0.721569 0.721569, 0.721569 0.721569 0.721569, 0.721569 0.721569 0.721569, 0.721569 0.721569 0.721569, 
            0.721569 0.721569 0.721569, 0.721569 0.721569 0.721569, 0.721569 0.721569 0.721569, 0.721569 0.721569 0.721569, 
            0.721569 0.721569 0.721569, 0.721569 0.721569 0.721569, 0.721569 0.721569 0.721569, 0.721569 0.721569 0.721569, 
            0.721569 0.721569 0.721569, 0.721569 0.721569 0.721569, 0.721569 0.721569 0.721569, 0.721569 0.721569 0.721569, 
            0.721569 0.721569 0.721569, 0.721569 0.721569 0.721569, 0.721569 0.721569 0.721569, 0.721569 0.721569 0.721569, 
            0.721569 0.721569 0.721569, 0.721569 0.721569 0.721569, 0.721569 0.721569 0.721569, 0.721569 0.721569 0.721569, 
            0.721569 0.721569 0.721569, 0.721569 0.721569 0.721569, 0.721569 0.721569 0.721569, 0.721569 0.721569 0.721569, 
            0.721569 0.721569 0.721569, 0.721569 0.721569 0.721569, 0.721569 0.721569 0.721569, 0.721569 0.721569 0.721569, 
            0.721569 0.721569 0.721569, 0.721569 0.721569 0.721569, 0.721569 0.721569 0.721569, 0.721569 0.721569 0.721569, 
            0.721569 0.721569 0.721569, 0.721569 0.721569 0.721569, 0.721569 0.721569 0.721569, 0.721569 0.721569 0.721569, 
            0.721569 0.721569 0.721569, 0.721569 0.721569 0.721569, 0.721569 0.721569 0.721569
          ]
        }
        coordIndex
        [
          124,0,1,-1, 5,4,3,-1, 9,10,32,-1, 11,12,81,-1, 13,46,52,-1, 14,15,16,-1, 
          16,15,18,-1, 17,11,63,-1, 18,15,30,-1, 18,30,31,-1, 20,21,22,-1, 23,22,21,-1, 
          21,20,24,-1, 24,12,11,-1, 21,24,11,-1, 81,25,26,-1, 27,28,29,-1, 10,52,32,-1, 
          33,27,29,-1, 35,34,36,-1, 34,37,38,-1, 39,34,40,-1, 41,42,43,-1, 19,69,44,-1, 
          30,45,31,-1, 31,45,46,-1, 47,48,44,-1, 83,49,82,-1, 15,44,30,-1, 15,50,51,-1, 
          53,31,46,-1, 13,53,46,-1, 10,13,52,-1, 52,54,32,-1, 10,9,6,-1, 55,6,8,-1, 
          55,10,6,-1, 6,4,8,-1, 34,60,61,-1, 62,63,64,-1, 65,59,7,-1, 17,63,62,-1, 
          25,81,12,-1, 15,51,19,-1, 66,67,68,-1, 70,29,71,-1, 67,72,73,-1, 74,7,59,-1, 
          2,75,76,-1, 77,78,79,-1, 26,79,78,-1, 26,78,80,-1, 26,80,81,-1, 47,69,28,-1, 
          84,15,21,-1, 85,21,11,-1, 49,86,82,-1, 86,85,17,-1, 49,85,86,-1, 17,85,11,-1, 
          21,85,87,-1, 21,87,88,-1, 21,88,84,-1, 15,84,50,-1, 19,44,15,-1, 44,69,47,-1, 
          28,69,89,-1, 47,28,27,-1, 74,59,58,-1, 2,3,4,-1, 90,91,92,-1, 7,74,93,-1, 
          76,94,2,-1, 76,75,95,-1, 94,96,2,-1, 6,7,93,-1, 96,97,2,-1, 94,98,96,-1, 
          97,99,2,-1, 29,70,100,-1, 101,93,74,-1, 7,6,9,-1, 2,4,75,-1, 5,8,4,-1, 
          97,58,42,-1, 102,41,99,-1, 97,42,103,-1, 41,43,99,-1, 58,59,43,-1, 58,43,42,-1, 
          29,62,146,-1, 92,104,2,-1, 103,102,97,-1, 104,105,2,-1, 36,73,72,-1, 106,29,100,-1, 
          107,100,70,-1, 106,33,29,-1, 106,108,33,-1, 97,102,99,-1, 109,108,106,-1, 33,108,59,-1, 
          59,108,43,-1, 90,2,99,-1, 92,2,90,-1, 29,111,71,-1, 71,110,104,-1, 104,110,112,-1, 
          104,112,113,-1, 104,113,114,-1, 105,116,2,-1, 114,105,104,-1, 116,117,2,-1, 29,118,111,-1, 
          110,71,111,-1, 73,36,115,-1, 118,120,124,-1, 122,123,144,-1, 62,123,122,-1, 62,122,146,-1, 
          29,146,118,-1, 118,146,120,-1, 118,124,1,-1, 118,1,116,-1, 125,139,126,-1, 116,1,127,-1, 
          116,127,128,-1, 2,117,34,-1, 116,128,117,-1, 130,137,131,-1, 130,131,129,-1, 131,60,129,-1, 
          34,117,60,-1, 129,60,117,-1, 115,36,61,-1, 35,37,34,-1, 143,147,135,-1, 57,78,77,-1, 
          137,130,133,-1, 134,138,125,-1, 125,138,139,-1, 140,125,126,-1, 147,132,141,-1, 140,68,67,-1, 
          125,140,73,-1, 121,66,119,-1, 67,144,145,-1, 132,147,143,-1, 64,57,123,-1, 56,123,57,-1, 
          66,142,119,-1, 73,140,67,-1, 142,66,68,-1, 64,123,62,-1, 122,143,146,-1, 146,143,135,-1, 
          147,141,133,-1, 147,133,130,-1, 145,144,123,-1, 149,56,150,-1, 67,145,72,-1, 34,61,36,-1, 
          151,152,35,-1, 38,40,34,-1, 150,152,149,-1, 35,152,37,-1, 39,154,34,-1, 40,38,153,-1, 
          148,136,39,-1, 39,155,154,-1, 136,155,39,-1, 136,148,79,-1, 77,79,148,-1, 57,150,56,-1, 
          57,77,156,-1, 157,158,156,-1, 57,156,158,-1, 57,158,150,-1, 152,151,149,-1, 159,161,160,-1, 
          161,162,160,-1, 164,163,165,-1, 163,164,161,-1, 161,164,162,-1, 162,164,166,-1, 168,169,170,-1, 
          170,167,168,-1, 167,170,171,-1, 172,173,2,-1, 2,34,172,-1, 174,175,267,-1, 176,177,178,-1, 
          178,177,179,-1, 180,181,182,-1, 176,178,183,-1, 184,185,186,-1, 186,187,181,-1, 188,189,190,-1, 
          191,192,193,-1, 191,194,195,-1, 193,194,191,-1, 191,196,197,-1, 198,191,195,-1, 199,191,200,-1, 
          191,197,200,-1, 185,201,186,-1, 203,204,205,-1, 206,207,208,-1, 204,209,205,-1, 204,210,209,-1, 
          207,211,212,-1, 213,206,214,-1, 212,215,207,-1, 216,217,218,-1, 219,204,220,-1, 221,222,223,-1, 
          224,223,222,-1, 225,222,221,-1, 226,227,222,-1, 222,225,228,-1, 229,230,222,-1, 227,229,222,-1, 
          231,174,267,-1, 232,233,174,-1, 234,199,235,-1, 231,235,199,-1, 175,237,267,-1, 238,239,173,-1, 
          240,241,242,-1, 230,267,237,-1, 243,244,267,-1, 236,231,267,-1, 239,245,173,-1, 246,245,239,-1, 
          247,246,239,-1, 239,248,247,-1, 248,239,249,-1, 250,249,199,-1, 239,199,249,-1, 199,251,250,-1, 
          199,202,252,-1, 199,252,251,-1, 234,202,199,-1, 238,253,241,-1, 241,236,267,-1, 255,254,241,-1, 
          241,254,236,-1, 241,256,255,-1, 241,257,256,-1, 241,253,258,-1, 241,258,257,-1, 259,253,238,-1, 
          238,260,259,-1, 238,261,260,-1, 238,262,261,-1, 172,262,238,-1, 173,172,238,-1, 228,226,222,-1, 
          263,264,228,-1, 225,263,228,-1, 218,265,264,-1, 228,264,265,-1, 218,217,265,-1, 218,207,215,-1, 
          216,218,215,-1, 206,208,214,-1, 207,206,211,-1, 204,213,210,-1, 210,213,214,-1, 204,219,266,-1, 
          204,266,213,-1, 241,220,204,-1, 240,269,241,-1, 241,269,220,-1, 242,241,270,-1, 267,271,241,-1, 
          270,241,271,-1, 243,267,268,-1, 267,244,271,-1, 272,267,230,-1, 273,274,230,-1, 230,274,272,-1, 
          229,275,230,-1, 230,275,273,-1, 276,198,195,-1, 198,196,191,-1, 178,277,278,-1, 279,280,198,-1, 
          198,276,279,-1, 190,189,280,-1, 279,190,280,-1, 190,186,201,-1, 188,190,201,-1, 181,187,182,-1, 
          186,181,184,-1, 178,180,183,-1, 183,180,182,-1, 178,278,281,-1, 178,281,180,-1, 282,283,231,-1, 
          178,174,277,-1, 232,174,284,-1, 174,233,277,-1, 174,285,286,-1, 284,174,286,-1, 287,285,231,-1, 
          174,231,285,-1, 231,283,288,-1, 231,288,287,-1, 289,282,199,-1, 231,199,282,-1, 290,291,199,-1, 
          199,291,289,-1, 200,292,199,-1, 199,292,290,-1, 300,233,232,-1, 277,301,302,-1, 286,285,303,-1, 
          304,305,284,-1, 306,288,283,-1, 307,308,287,-1, 291,309,289,-1, 282,310,311,-1, 312,291,290,-1, 
          291,312,309,-1, 290,292,313,-1, 313,312,290,-1, 200,314,292,-1, 313,292,314,-1, 306,283,311,-1, 
          309,310,289,-1, 282,311,283,-1, 310,282,289,-1, 306,307,288,-1, 308,285,287,-1, 287,288,307,-1, 
          304,286,303,-1, 285,308,303,-1, 233,301,277,-1, 286,304,284,-1, 284,305,232,-1, 233,300,301,-1, 
          305,300,232,-1, 315,197,196,-1, 200,316,314,-1, 280,189,317,-1, 318,319,198,-1, 320,201,185,-1, 
          321,322,188,-1, 180,323,181,-1, 184,324,325,-1, 326,180,281,-1, 180,326,323,-1, 281,278,327,-1, 
          327,326,281,-1, 277,302,278,-1, 327,278,302,-1, 320,185,325,-1, 323,324,181,-1, 184,325,185,-1, 
          324,184,181,-1, 320,321,201,-1, 322,189,188,-1, 188,201,321,-1, 318,280,317,-1, 189,322,317,-1, 
          197,316,200,-1, 280,318,198,-1, 198,319,196,-1, 197,315,316,-1, 319,315,196,-1, 328,329,317,-1, 
          330,331,302,-1, 317,332,333,-1, 329,332,317,-1, 317,334,335,-1, 317,335,318,-1, 336,313,314,-1, 
          317,333,334,-1, 315,335,316,-1, 337,338,325,-1, 325,339,340,-1, 340,341,325,-1, 342,325,338,-1, 
          342,339,325,-1, 341,343,325,-1, 344,317,322,-1, 300,330,301,-1, 330,302,301,-1, 304,330,305,-1, 
          330,300,305,-1, 308,330,303,-1, 330,304,303,-1, 336,330,307,-1, 330,308,307,-1, 311,336,306,-1, 
          336,307,306,-1, 309,336,310,-1, 336,311,310,-1, 336,312,313,-1, 336,309,312,-1, 335,314,316,-1, 
          336,314,335,-1, 321,320,343,-1, 335,319,318,-1, 315,319,335,-1, 345,317,344,-1, 345,328,317,-1, 
          344,321,343,-1, 322,321,344,-1, 337,325,331,-1, 320,325,343,-1, 323,331,324,-1, 331,325,324,-1, 
          327,331,326,-1, 331,323,326,-1, 302,331,327,-1, 183,339,342,-1, 339,182,340,-1, 182,339,183,-1, 
          341,340,187,-1, 182,187,340,-1, 186,343,341,-1, 341,187,186,-1, 183,342,176,-1, 338,177,176,-1, 
          176,342,338,-1, 177,337,179,-1, 337,177,338,-1, 337,331,179,-1, 179,331,178,-1, 330,174,178,-1, 
          330,178,331,-1, 346,347,336,-1, 336,239,346,-1, 330,347,175,-1, 239,336,199,-1, 174,330,175,-1, 
          336,347,330,-1, 347,348,349,-1, 347,350,175,-1, 351,349,352,-1, 352,353,351,-1, 354,355,349,-1, 
          349,355,352,-1, 356,349,357,-1, 356,354,349,-1, 349,348,358,-1, 357,349,358,-1, 359,360,351,-1, 
          361,359,362,-1, 363,364,360,-1, 365,366,360,-1, 361,365,359,-1, 367,368,360,-1, 367,360,366,-1, 
          369,370,360,-1, 369,360,368,-1, 370,363,360,-1, 363,237,371,-1, 350,372,175,-1, 363,371,364,-1, 
          365,360,359,-1, 351,360,349,-1, 350,347,349,-1, 371,237,372,-1, 175,372,237,-1, 400,373,395,-1, 
          374,361,386,-1, 365,374,375,-1, 374,365,361,-1, 365,376,373,-1, 375,376,365,-1, 367,366,377,-1, 
          378,365,373,-1, 379,370,369,-1, 380,369,368,-1, 373,376,395,-1, 368,367,381,-1, 373,400,396,-1, 
          383,382,403,-1, 396,403,382,-1, 403,384,383,-1, 397,384,403,-1, 382,373,396,-1, 380,368,381,-1, 
          378,366,365,-1, 379,385,370,-1, 380,379,369,-1, 377,381,367,-1, 385,363,370,-1, 366,378,377,-1, 
          361,362,387,-1, 387,386,361,-1, 387,362,388,-1, 362,359,388,-1, 388,391,392,-1, 386,390,393,-1, 
          374,393,394,-1, 389,375,394,-1, 374,386,393,-1, 376,375,389,-1, 374,394,375,-1, 387,390,386,-1, 
          388,390,387,-1, 390,388,392,-1, 376,389,395,-1, 395,389,401,-1, 397,403,398,-1, 396,402,399,-1, 
          402,396,400,-1, 401,402,400,-1, 395,401,400,-1, 396,399,403,-1, 403,399,404,-1, 403,404,398,-1, 
          405,406,407,-1, 398,405,397,-1, 405,407,397,-1, 384,397,407,-1, 407,408,384,-1, 384,408,409,-1, 
          409,408,410,-1, 411,359,351,-1, 412,351,413,-1, 414,359,411,-1, 414,415,359,-1, 415,388,359,-1, 
          411,351,416,-1, 416,351,412,-1, 418,417,410,-1, 408,418,410,-1, 410,417,420,-1, 421,410,420,-1, 
          420,419,421,-1, 419,423,422,-1, 419,422,421,-1, 422,423,424,-1, 352,355,425,-1, 421,422,426,-1, 
          426,422,427,-1, 427,422,424,-1, 424,425,427,-1, 356,428,354,-1, 354,427,355,-1, 429,357,430,-1, 
          428,356,429,-1, 427,425,355,-1, 431,432,348,-1, 425,433,352,-1, 352,433,434,-1, 352,434,353,-1, 
          435,353,434,-1, 436,351,353,-1, 353,435,436,-1, 413,351,436,-1, 357,429,356,-1, 354,428,427,-1, 
          348,347,431,-1, 430,358,432,-1, 347,346,431,-1, 358,348,432,-1, 358,430,357,-1, 426,437,421,-1, 
          437,409,421,-1, 421,409,410,-1, 409,437,426,-1, 438,439,440,-1, 409,426,427,-1, 409,427,428,-1, 
          429,430,409,-1, 429,409,428,-1, 441,346,442,-1, 432,409,430,-1, 443,438,444,-1, 445,346,446,-1, 
          447,448,238,-1, 449,450,384,-1, 377,384,381,-1, 384,380,381,-1, 373,384,378,-1, 384,377,378,-1, 
          383,384,382,-1, 384,373,382,-1, 451,452,453,-1, 384,454,380,-1, 455,456,444,-1, 457,440,439,-1, 
          458,459,346,-1, 458,346,460,-1, 446,346,461,-1, 450,462,384,-1, 384,463,449,-1, 409,463,384,-1, 
          454,384,462,-1, 385,379,454,-1, 454,379,380,-1, 464,465,385,-1, 466,385,467,-1, 385,454,467,-1, 
          468,385,469,-1, 385,466,469,-1, 470,385,471,-1, 385,468,471,-1, 385,470,464,-1, 385,472,473,-1, 
          465,472,385,-1, 474,238,473,-1, 385,473,238,-1, 475,238,476,-1, 238,474,476,-1, 238,477,478,-1, 
          238,475,447,-1, 479,238,480,-1, 238,448,480,-1, 481,238,482,-1, 238,479,482,-1, 238,481,477,-1, 
          238,483,484,-1, 478,483,238,-1, 485,486,487,-1, 488,489,490,-1, 491,492,493,-1, 494,495,492,-1, 
          496,497,498,-1, 496,499,500,-1, 455,501,502,-1, 451,503,497,-1, 443,444,456,-1, 239,504,346,-1, 
          500,491,493,-1, 457,505,440,-1, 346,506,460,-1, 457,507,505,-1, 459,461,346,-1, 508,442,346,-1, 
          346,445,508,-1, 463,509,507,-1, 431,441,432,-1, 346,441,431,-1, 463,409,509,-1, 510,409,441,-1, 
          432,441,409,-1, 409,511,509,-1, 409,512,511,-1, 409,510,512,-1, 509,505,507,-1, 443,439,438,-1, 
          502,501,452,-1, 456,455,502,-1, 451,453,503,-1, 452,501,453,-1, 497,503,498,-1, 496,498,499,-1, 
          500,499,491,-1, 484,239,238,-1, 495,493,492,-1, 485,495,494,-1, 488,487,486,-1, 486,485,494,-1, 
          489,513,490,-1, 488,490,487,-1, 483,513,514,-1, 489,514,513,-1, 483,514,484,-1, 515,239,516,-1, 
          239,484,516,-1, 517,239,518,-1, 239,515,518,-1, 519,239,520,-1, 239,517,520,-1, 521,239,522,-1, 
          239,519,522,-1, 523,239,524,-1, 239,521,524,-1, 504,239,525,-1, 239,523,525,-1, 346,504,506,-1, 
          385,526,363,-1, 527,237,363,-1, 238,241,526,-1, 237,527,230,-1, 526,527,363,-1, 238,526,385,-1, 
          528,529,530,-1, 531,532,533,-1, 534,535,529,-1, 529,535,530,-1, 536,537,529,-1, 538,536,529,-1, 
          537,534,529,-1, 539,540,529,-1, 541,542,543,-1, 544,545,536,-1, 541,546,542,-1, 541,543,547,-1, 
          533,546,541,-1, 541,547,548,-1, 549,550,551,-1, 548,552,541,-1, 536,545,526,-1, 527,553,554,-1, 
          536,555,556,-1, 544,536,556,-1, 529,528,557,-1, 555,536,538,-1, 557,539,529,-1, 539,533,532,-1, 
          540,539,532,-1, 552,550,541,-1, 531,533,541,-1, 558,559,550,-1, 550,559,541,-1, 550,549,560,-1, 
          550,560,558,-1, 527,551,550,-1, 527,554,551,-1, 561,562,527,-1, 527,562,553,-1, 563,564,527,-1, 
          527,564,561,-1, 526,565,527,-1, 527,565,563,-1, 566,567,526,-1, 526,567,565,-1, 568,569,526,-1, 
          526,569,566,-1, 570,571,526,-1, 526,571,568,-1, 545,570,526,-1, 543,225,221,-1, 225,542,263,-1, 
          542,225,543,-1, 264,263,546,-1, 542,546,263,-1, 533,218,264,-1, 264,546,533,-1, 543,221,547,-1, 
          223,548,547,-1, 547,221,223,-1, 548,224,552,-1, 224,548,223,-1, 224,222,552,-1, 552,222,550,-1, 
          527,550,222,-1, 222,230,527,-1, 207,533,539,-1, 207,218,533,-1, 535,209,210,-1, 209,534,205,-1, 
          534,209,535,-1, 203,205,537,-1, 534,537,205,-1, 536,204,203,-1, 203,537,536,-1, 535,210,530,-1, 
          214,528,530,-1, 530,210,214,-1, 528,208,557,-1, 208,528,214,-1, 208,207,557,-1, 557,207,539,-1, 
          241,536,526,-1, 241,204,536,-1, 565,243,563,-1, 268,564,563,-1, 563,243,268,-1, 561,564,267,-1, 
          268,267,564,-1, 561,272,562,-1, 272,561,267,-1, 274,553,562,-1, 562,272,274,-1, 554,553,273,-1, 
          274,273,553,-1, 554,275,551,-1, 275,554,273,-1, 551,275,229,-1, 244,243,565,-1, 271,244,567,-1, 
          565,567,244,-1, 271,566,270,-1, 566,271,567,-1, 569,242,270,-1, 270,566,569,-1, 240,242,568,-1, 
          569,568,242,-1, 240,571,269,-1, 571,240,568,-1, 570,220,269,-1, 269,571,570,-1, 570,545,220,-1, 
          216,215,532,-1, 216,531,217,-1, 531,216,532,-1, 541,265,217,-1, 217,531,541,-1, 228,265,559,-1, 
          541,559,265,-1, 228,558,226,-1, 558,228,559,-1, 560,227,226,-1, 226,558,560,-1, 229,227,549,-1, 
          560,549,227,-1, 551,229,549,-1, 540,532,215,-1, 529,540,212,-1, 215,212,540,-1, 529,211,538,-1, 
          211,529,212,-1, 206,555,538,-1, 538,211,206,-1, 556,555,213,-1, 206,213,555,-1, 556,266,544,-1, 
          266,556,213,-1, 219,545,544,-1, 544,266,219,-1, 219,220,545,-1, 574,433,573,-1, 575,572,436,-1, 
          436,572,413,-1, 436,435,575,-1, 435,434,575,-1, 575,434,574,-1, 574,434,433,-1, 433,425,573,-1, 
          577,576,416,-1, 572,412,413,-1, 412,572,577,-1, 577,416,412,-1, 411,416,576,-1, 576,578,411,-1, 
          415,579,391,-1, 578,579,414,-1, 579,415,414,-1, 411,578,414,-1, 415,391,388,-1, 406,405,398,-1, 
          578,592,581,-1, 578,576,592,-1, 572,576,577,-1, 638,637,583,-1, 418,586,417,-1, 586,418,587,-1, 
          572,417,588,-1, 580,391,581,-1, 590,576,666,-1, 576,572,591,-1, 592,576,593,-1, 576,590,593,-1, 
          579,578,581,-1, 579,581,391,-1, 391,580,594,-1, 595,391,594,-1, 398,391,596,-1, 391,595,596,-1, 
          597,398,598,-1, 398,596,598,-1, 597,599,398,-1, 600,601,604,-1, 599,582,398,-1, 582,603,398,-1, 
          605,585,584,-1, 606,585,605,-1, 609,610,633,-1, 611,612,613,-1, 690,613,591,-1, 601,600,616,-1, 
          620,617,619,-1, 398,603,621,-1, 616,621,603,-1, 621,622,398,-1, 636,623,624,-1, 622,625,398,-1, 
          398,625,406,-1, 406,625,626,-1, 624,627,628,-1, 406,626,620,-1, 617,618,630,-1, 631,632,651,-1, 
          633,634,623,-1, 635,624,629,-1, 628,629,624,-1, 636,624,635,-1, 623,637,624,-1, 638,583,639,-1, 
          640,583,641,-1, 418,642,643,-1, 601,647,604,-1, 585,602,584,-1, 585,646,602,-1, 644,601,645,-1, 
          602,646,603,-1, 616,600,621,-1, 603,646,616,-1, 644,647,601,-1, 606,608,648,-1, 583,623,634,-1, 
          650,649,406,-1, 650,406,619,-1, 624,637,632,-1, 637,651,632,-1, 652,659,653,-1, 651,630,631,-1, 
          631,630,618,-1, 618,617,620,-1, 652,654,655,-1, 620,619,406,-1, 657,406,649,-1, 655,656,652,-1, 
          659,652,656,-1, 652,653,660,-1, 661,418,406,-1, 653,662,658,-1, 661,663,418,-1, 605,607,608,-1, 
          606,605,608,-1, 606,648,609,-1, 667,639,583,-1, 648,610,609,-1, 610,634,633,-1, 637,623,583,-1, 
          640,667,583,-1, 658,668,660,-1, 668,649,650,-1, 406,657,661,-1, 668,658,649,-1, 670,611,671,-1, 
          657,669,661,-1, 614,672,673,-1, 675,676,677,-1, 674,678,589,-1, 680,662,653,-1, 681,589,679,-1, 
          643,683,418,-1, 679,589,678,-1, 684,679,678,-1, 684,673,672,-1, 684,672,679,-1, 591,572,588,-1, 
          591,685,686,-1, 612,611,607,-1, 608,607,611,-1, 670,608,611,-1, 670,671,682,-1, 682,671,662,-1, 
          682,662,680,-1, 660,653,658,-1, 418,675,642,-1, 418,688,675,-1, 615,672,614,-1, 686,685,689,-1, 
          686,690,591,-1, 690,686,687,-1, 665,691,664,-1, 673,665,664,-1, 664,691,690,-1, 576,591,666,-1, 
          587,418,683,-1, 691,613,690,-1, 684,665,673,-1, 663,615,614,-1, 418,663,614,-1, 418,614,692,-1, 
          693,694,692,-1, 696,695,693,-1, 695,694,693,-1, 692,694,697,-1, 418,692,697,-1, 418,697,688,-1, 
          688,676,675,-1, 698,677,676,-1, 588,417,586,-1, 699,685,591,-1, 613,612,591,-1, 666,591,612,-1, 
          642,699,643,-1, 591,643,699,-1, 683,700,701,-1, 683,701,587,-1, 702,703,704,-1, 706,709,705,-1, 
          709,706,707,-1, 708,707,706,-1, 705,709,710,-1, 715,714,713,-1, 716,731,714,-1, 715,718,712,-1, 
          720,726,721,-1, 720,722,723,-1, 719,724,712,-1, 720,712,724,-1, 721,726,725,-1, 719,712,718,-1, 
          718,715,728,-1, 725,729,730,-1, 717,728,715,-1, 724,726,720,-1, 717,715,713,-1, 713,714,711,-1, 
          714,731,711,-1, 716,732,731,-1, 732,716,729,-1, 729,725,732,-1, 727,732,725,-1, 720,721,722,-1, 
          726,727,725,-1, 733,735,736,-1, 734,735,733,-1, 420,575,574,-1, 574,419,420,-1, 572,575,420,-1, 
          572,420,417,-1, 419,574,573,-1, 423,419,573,-1, 573,424,423,-1, 425,424,573,-1, 404,390,392,-1, 
          398,404,392,-1, 399,390,404,-1, 398,392,391,-1, 390,399,393,-1, 393,399,402,-1, 394,393,402,-1, 
          401,394,402,-1, 401,389,394,-1, 408,407,406,-1, 406,418,408,-1, 588,737,738,-1, 588,738,591,-1, 
          591,738,739,-1, 591,739,643,-1, 643,739,740,-1, 643,740,683,-1, 683,740,741,-1, 683,741,700,-1, 
          700,741,742,-1, 700,742,701,-1, 701,742,743,-1, 701,743,587,-1, 587,743,744,-1, 587,744,586,-1, 
          586,744,737,-1, 586,737,588,-1, 739,738,745,-1, 742,744,743,-1, 742,746,744,-1, 740,739,741,-1, 
          745,746,741,-1, 745,741,739,-1, 738,737,747,-1, 746,742,741,-1, 738,747,745,-1, 747,737,746,-1, 
          744,746,737,-1, 704,745,747,-1, 704,747,702,-1, 702,747,746,-1, 702,746,703,-1, 703,746,745,-1, 
          703,745,704,-1, 677,748,749,-1, 677,749,675,-1, 675,749,750,-1, 675,750,642,-1, 642,750,751,-1, 
          642,751,699,-1, 699,751,752,-1, 699,752,685,-1, 685,752,753,-1, 685,753,689,-1, 689,753,754,-1, 
          689,754,686,-1, 686,754,755,-1, 686,755,687,-1, 687,755,763,-1, 687,763,756,-1, 687,756,690,-1, 
          690,756,757,-1, 690,757,664,-1, 664,757,758,-1, 664,758,673,-1, 673,758,759,-1, 673,759,614,-1, 
          614,759,760,-1, 614,760,692,-1, 692,760,761,-1, 692,761,693,-1, 693,761,762,-1, 693,762,696,-1, 
          696,762,763,-1, 696,763,695,-1, 695,763,764,-1, 695,764,694,-1, 694,764,765,-1, 694,765,697,-1, 
          697,765,766,-1, 697,766,688,-1, 688,766,767,-1, 688,767,676,-1, 676,767,768,-1, 676,768,698,-1, 
          698,768,748,-1, 698,748,677,-1, 767,765,764,-1, 748,751,750,-1, 756,762,757,-1, 764,763,767,-1, 
          757,762,761,-1, 767,766,765,-1, 757,761,758,-1, 761,759,758,-1, 761,760,759,-1, 763,762,756,-1, 
          755,754,767,-1, 763,755,767,-1, 768,767,754,-1, 751,753,752,-1, 768,754,753,-1, 748,753,751,-1, 
          768,753,748,-1, 748,750,749,-1, 769,776,777,-1, 770,771,776,-1, 774,772,770,-1, 774,773,772,-1, 
          770,772,771,-1, 769,770,776,-1, 777,776,778,-1, 778,779,777,-1, 775,780,782,-1, 791,783,781,-1, 
          784,775,782,-1, 782,786,784,-1, 786,785,788,-1, 785,786,787,-1, 786,788,784,-1, 786,789,787,-1, 
          777,779,785,-1, 790,779,778,-1, 790,791,779,-1, 785,779,788,-1, 780,775,781,-1, 780,781,783,-1, 
          783,791,790,-1, 793,798,792,-1, 799,804,798,-1, 800,801,802,-1, 800,802,799,-1, 804,799,802,-1, 
          807,796,803,-1, 804,792,798,-1, 792,805,793,-1, 805,795,794,-1, 812,813,811,-1, 796,794,797,-1, 
          809,806,810,-1, 797,803,796,-1, 807,803,809,-1, 809,810,808,-1, 811,813,806,-1, 813,810,806,-1, 
          808,807,809,-1, 797,794,795,-1, 794,793,805,-1, 820,815,821,-1, 822,820,821,-1, 823,824,825,-1, 
          823,825,822,-1, 820,822,825,-1, 826,818,827,-1, 821,815,816,-1, 815,817,816,-1, 828,831,814,-1, 
          819,827,818,-1, 830,831,829,-1, 832,826,833,-1, 826,827,833,-1, 836,834,837,-1, 837,829,836,-1, 
          814,831,830,-1, 838,828,814,-1, 828,838,839,-1, 830,829,837,-1, 836,835,834,-1, 833,834,832,-1, 
          835,832,834,-1, 819,818,817,-1, 818,816,817,-1, 649,787,789,-1, 649,789,657,-1, 657,789,669,-1, 
          669,789,786,-1, 669,786,782,-1, 669,782,661,-1, 661,782,663,-1, 663,782,780,-1, 663,780,615,-1, 
          615,780,783,-1, 615,783,672,-1, 672,783,790,-1, 672,790,679,-1, 679,790,778,-1, 679,778,681,-1, 
          681,778,776,-1, 681,776,589,-1, 589,776,771,-1, 589,771,674,-1, 674,771,772,-1, 674,772,678,-1, 
          678,772,773,-1, 678,773,684,-1, 684,773,665,-1, 665,773,774,-1, 665,774,691,-1, 691,774,770,-1, 
          691,770,613,-1, 613,770,611,-1, 611,770,769,-1, 611,769,671,-1, 671,769,777,-1, 671,777,662,-1, 
          662,777,785,-1, 662,785,658,-1, 658,785,787,-1, 658,787,649,-1, 709,788,779,-1, 709,779,710,-1, 
          710,779,791,-1, 710,791,705,-1, 705,791,781,-1, 705,781,706,-1, 706,781,775,-1, 706,775,708,-1, 
          708,775,784,-1, 708,784,707,-1, 707,784,788,-1, 707,788,709,-1, 667,793,794,-1, 667,794,639,-1, 
          639,794,796,-1, 639,796,638,-1, 638,796,807,-1, 638,807,637,-1, 637,807,808,-1, 637,808,651,-1, 
          651,808,630,-1, 630,808,810,-1, 630,810,617,-1, 617,810,619,-1, 619,810,813,-1, 619,813,650,-1, 
          650,813,668,-1, 668,813,812,-1, 668,812,660,-1, 660,812,811,-1, 660,811,652,-1, 652,811,654,-1, 
          654,811,806,-1, 654,806,655,-1, 655,806,809,-1, 655,809,656,-1, 656,809,659,-1, 659,809,803,-1, 
          659,803,797,-1, 659,797,653,-1, 653,797,795,-1, 653,795,680,-1, 680,795,805,-1, 680,805,682,-1, 
          682,805,792,-1, 682,792,670,-1, 670,792,608,-1, 608,792,804,-1, 608,804,648,-1, 648,804,802,-1, 
          648,802,610,-1, 610,802,801,-1, 610,801,634,-1, 634,801,800,-1, 634,800,583,-1, 583,800,799,-1, 
          583,799,641,-1, 641,799,798,-1, 641,798,640,-1, 640,798,793,-1, 640,793,667,-1, 647,816,818,-1, 
          647,818,604,-1, 604,818,826,-1, 604,826,600,-1, 600,826,832,-1, 600,832,621,-1, 621,832,835,-1, 
          621,835,622,-1, 622,835,836,-1, 622,836,625,-1, 625,836,829,-1, 625,829,626,-1, 626,829,620,-1, 
          620,829,831,-1, 620,831,618,-1, 618,831,828,-1, 618,828,631,-1, 631,828,839,-1, 631,839,632,-1, 
          632,839,838,-1, 632,838,624,-1, 624,838,814,-1, 624,814,627,-1, 627,814,830,-1, 627,830,628,-1, 
          628,830,837,-1, 628,837,629,-1, 629,837,834,-1, 629,834,635,-1, 635,834,833,-1, 635,833,636,-1, 
          636,833,827,-1, 636,827,819,-1, 636,819,623,-1, 623,819,817,-1, 623,817,633,-1, 633,817,609,-1, 
          609,817,815,-1, 609,815,606,-1, 606,815,820,-1, 606,820,585,-1, 585,820,825,-1, 585,825,646,-1, 
          646,825,824,-1, 646,824,616,-1, 616,824,823,-1, 616,823,601,-1, 601,823,822,-1, 601,822,645,-1, 
          645,822,821,-1, 645,821,644,-1, 644,821,816,-1, 644,816,647,-1, 840,581,592,-1, 841,840,593,-1, 
          592,593,840,-1, 841,593,590,-1, 666,841,590,-1, 842,841,666,-1, 842,666,612,-1, 607,842,612,-1, 
          607,843,842,-1, 844,581,840,-1, 580,581,844,-1, 580,845,594,-1, 845,580,844,-1, 594,845,595,-1, 
          845,846,595,-1, 595,846,596,-1, 847,603,582,-1, 847,582,848,-1, 849,848,599,-1, 582,599,848,-1, 
          849,599,597,-1, 598,846,849,-1, 849,597,598,-1, 596,846,598,-1, 603,847,602,-1, 847,850,602,-1, 
          850,584,602,-1, 851,584,850,-1, 605,584,851,-1, 605,851,843,-1, 605,843,607,-1, 850,847,853,-1, 
          853,847,848,-1, 855,848,849,-1, 851,850,854,-1, 842,861,841,-1, 846,857,849,-1, 840,859,844,-1, 
          840,841,852,-1, 846,860,857,-1, 856,861,842,-1, 856,843,851,-1, 860,846,845,-1, 857,855,849,-1, 
          855,853,848,-1, 853,854,850,-1, 854,856,851,-1, 843,856,842,-1, 861,852,841,-1, 852,859,840,-1, 
          859,858,844,-1, 858,845,844,-1, 858,860,845,-1, 862,863,864,-1, 865,866,867,-1, 865,867,868,-1, 
          871,869,870,-1, 871,870,872,-1, 873,864,874,-1, 862,864,873,-1, 868,877,874,-1, 868,867,877,-1, 
          874,864,868,-1, 872,873,874,-1, 870,873,872,-1, 871,875,869,-1, 869,875,876,-1, 875,877,876,-1, 
          876,877,867,-1, 732,857,860,-1, 727,726,855,-1, 855,857,727,-1, 724,854,853,-1, 719,718,856,-1, 
          856,854,719,-1, 853,726,724,-1, 854,724,719,-1, 726,853,855,-1, 727,857,732,-1, 861,728,717,-1, 
          718,861,856,-1, 717,713,852,-1, 711,731,860,-1, 731,732,860,-1, 860,858,711,-1, 858,713,711,-1, 
          859,713,858,-1, 713,859,852,-1, 852,861,717,-1, 718,728,861,-1, 722,868,864,-1, 722,864,723,-1, 
          723,864,863,-1, 723,863,720,-1, 720,863,862,-1, 720,862,712,-1, 712,862,873,-1, 712,873,715,-1, 
          715,873,870,-1, 715,870,714,-1, 714,870,869,-1, 714,869,716,-1, 716,869,876,-1, 716,876,729,-1, 
          729,876,867,-1, 729,867,730,-1, 730,867,866,-1, 730,866,725,-1, 725,866,865,-1, 725,865,721,-1, 
          721,865,868,-1, 721,868,722,-1, 736,874,877,-1, 736,877,733,-1, 733,877,875,-1, 733,875,734,-1, 
          734,875,871,-1, 734,871,872,-1, 734,872,735,-1, 735,872,874,-1, 735,874,736,-1, 878,364,371,-1, 
          878,879,364,-1, 880,364,879,-1, 364,880,360,-1, 881,880,882,-1, 883,884,885,-1, 886,879,887,-1, 
          888,889,890,-1, 879,878,891,-1, 892,893,894,-1, 879,895,887,-1, 879,891,895,-1, 879,896,897,-1, 
          886,896,879,-1, 879,898,899,-1, 897,898,879,-1, 880,879,900,-1, 899,900,879,-1, 901,880,902,-1, 
          880,900,902,-1, 880,901,882,-1, 903,904,905,-1, 881,906,880,-1, 907,908,890,-1, 909,903,905,-1, 
          910,911,912,-1, 883,885,913,-1, 914,915,884,-1, 885,884,915,-1, 914,916,917,-1, 917,915,914,-1, 
          918,919,880,-1, 920,921,922,-1, 923,924,925,-1, 926,927,928,-1, 929,926,930,-1, 893,931,932,-1, 
          927,933,928,-1, 934,935,893,-1, 936,937,893,-1, 938,912,939,-1, 940,912,941,-1, 912,938,941,-1, 
          912,940,910,-1, 942,878,911,-1, 912,911,878,-1, 943,878,944,-1, 878,942,944,-1, 945,878,946,-1, 
          878,943,946,-1, 947,878,948,-1, 878,945,948,-1, 891,878,947,-1, 919,949,950,-1, 951,916,952,-1, 
          913,889,888,-1, 888,883,913,-1, 907,890,889,-1, 909,908,907,-1, 904,903,953,-1, 909,905,908,-1, 
          906,953,954,-1, 953,906,904,-1, 880,954,918,-1, 906,954,880,-1, 955,919,956,-1, 919,918,956,-1, 
          957,919,958,-1, 919,955,958,-1, 959,919,960,-1, 919,957,960,-1, 961,919,962,-1, 919,959,962,-1, 
          963,919,964,-1, 919,961,964,-1, 919,963,949,-1, 893,919,950,-1, 965,893,966,-1, 893,950,966,-1, 
          927,926,929,-1, 893,965,931,-1, 967,933,939,-1, 893,932,936,-1, 912,967,939,-1, 893,937,934,-1, 
          967,912,892,-1, 968,893,969,-1, 893,935,969,-1, 893,968,894,-1, 893,892,912,-1, 967,928,933,-1, 
          970,929,930,-1, 970,971,920,-1, 971,970,930,-1, 921,923,922,-1, 971,921,920,-1, 925,924,952,-1, 
          922,923,925,-1, 916,951,917,-1, 952,924,951,-1, 349,360,880,-1, 880,919,349,-1, 350,349,919,-1, 
          919,893,350,-1, 893,372,350,-1, 893,912,372,-1, 878,372,912,-1, 372,878,371,-1, 335,199,336,-1, 
          199,335,191,-1, 194,332,329,-1, 332,193,333,-1, 193,332,194,-1, 334,333,192,-1, 193,192,333,-1, 
          191,335,334,-1, 334,192,191,-1, 194,329,195,-1, 328,276,195,-1, 195,329,328,-1, 276,345,279,-1, 
          345,276,328,-1, 345,344,279,-1, 279,344,190,-1, 343,190,344,-1, 190,343,186,-1, 3,2,173,-1, 
          5,3,245,-1, 247,55,8,-1, 10,55,248,-1, 247,248,55,-1, 246,8,5,-1, 246,247,8,-1, 
          246,5,245,-1, 3,173,245,-1, 248,249,13,-1, 13,10,248,-1, 53,13,249,-1, 31,250,251,-1, 
          252,202,18,-1, 234,14,16,-1, 16,202,234,-1, 15,14,235,-1, 234,235,14,-1, 231,15,235,-1, 
          18,202,16,-1, 252,31,251,-1, 252,18,31,-1, 53,249,250,-1, 31,53,250,-1, 231,236,21,-1, 
          21,15,231,-1, 23,21,236,-1, 22,254,255,-1, 255,256,24,-1, 257,25,12,-1, 26,25,258,-1, 
          257,258,25,-1, 253,26,258,-1, 257,12,256,-1, 256,12,24,-1, 255,24,20,-1, 20,22,255,-1, 
          23,236,254,-1, 22,23,254,-1, 253,259,79,-1, 79,26,253,-1, 136,79,259,-1, 261,154,155,-1, 
          260,261,155,-1, 34,154,262,-1, 172,34,262,-1, 262,154,261,-1, 260,155,136,-1, 260,136,259,-1, 
          37,972,973,-1, 37,973,38,-1, 38,973,974,-1, 38,974,153,-1, 153,974,975,-1, 153,975,40,-1, 
          40,975,976,-1, 40,976,39,-1, 39,976,977,-1, 39,977,148,-1, 148,977,978,-1, 148,978,77,-1, 
          77,978,979,-1, 77,979,156,-1, 156,979,980,-1, 156,980,157,-1, 157,980,981,-1, 157,981,158,-1, 
          158,981,982,-1, 158,982,150,-1, 150,982,983,-1, 150,983,152,-1, 152,983,972,-1, 152,972,37,-1, 
          983,982,981,-1, 979,977,980,-1, 978,977,979,-1, 983,981,980,-1, 980,977,983,-1, 975,974,977,-1, 
          975,977,976,-1, 983,974,973,-1, 977,974,983,-1, 983,973,972,-1, 984,985,986,-1, 987,986,985,-1, 
          986,988,984,-1, 986,989,988,-1, 990,984,991,-1, 990,985,984,-1, 994,1008,992,-1, 993,995,996,-1, 
          997,993,996,-1, 997,999,998,-1, 998,999,1000,-1, 1010,1011,1001,-1, 1001,1011,1002,-1, 999,997,996,-1, 
          995,993,1003,-1, 1003,993,1004,-1, 1003,1004,992,-1, 1006,992,1005,-1, 1004,1005,992,-1, 1008,994,1007,-1, 
          994,1009,1007,-1, 1009,1010,1001,-1, 1012,1002,1013,-1, 1012,1013,1014,-1, 1013,1002,1011,-1, 1015,1009,1001,-1, 
          1009,1015,1007,-1, 1021,1017,1026,-1, 1020,1018,1019,-1, 0,1019,1018,-1, 1021,1022,1017,-1, 1022,1023,1017,-1, 
          1026,1024,1025,-1, 1021,1026,1025,-1, 1027,1024,1028,-1, 1027,1025,1024,-1, 1023,1019,0,-1, 1022,1019,1023,-1, 
          1018,1020,1029,-1, 1020,1030,1029,-1, 1029,1030,1031,-1, 1031,1030,1016,-1, 1016,1028,1031,-1, 1016,1027,1028,-1, 
          1032,1033,1041,-1, 1034,1035,1036,-1, 1037,1033,1032,-1, 1036,1033,1037,-1, 1034,1036,1038,-1, 1039,1044,1040,-1, 
          1040,1042,1039,-1, 1041,1044,1032,-1, 1038,1036,1037,-1, 1042,1038,1043,-1, 1038,1037,1043,-1, 1043,1039,1042,-1, 
          1044,1045,1040,-1, 1045,1044,1041,-1, 1046,1047,1048,-1, 1049,1050,1051,-1, 1046,1052,1047,-1, 1053,1051,1054,-1, 
          1054,1051,1050,-1, 1049,1051,1046,-1, 1051,1052,1046,-1, 1055,1048,1056,-1, 1048,1057,1046,-1, 1048,1058,1056,-1, 
          1048,1055,1057,-1, 1059,1060,1061,-1, 1059,1061,1062,-1, 1063,1064,1065,-1, 1063,1066,1067,-1, 1067,1068,1063,-1, 
          1069,1070,1071,-1, 1071,1072,1069,-1, 1071,1067,1073,-1, 1073,1072,1071,-1, 1071,1074,1067,-1, 1067,1074,1068,-1, 
          1064,1063,1075,-1, 1065,1066,1063,-1, 1076,1077,1078,-1, 1077,1076,1081,-1, 1088,1079,1080,-1, 1088,1087,1079,-1, 
          1082,1083,1080,-1, 1083,1082,1084,-1, 1076,1085,1086,-1, 1082,1080,1079,-1, 1087,1088,1089,-1, 1076,1089,1085,-1, 
          1089,1088,1085,-1, 1076,1086,1081,-1, 1091,1090,1092,-1, 1094,1092,1093,-1, 1094,1091,1092,-1, 1091,1095,1090,-1, 
          1098,1099,1097,-1, 1098,1100,1099,-1, 1102,1101,1103,-1, 1100,1102,1103,-1, 1104,1100,1103,-1, 1105,1096,1103,-1, 
          1096,1104,1103,-1, 1099,1104,1106,-1, 1104,1099,1100,-1, 1107,1099,1106,-1, 56,985,990,-1, 56,990,123,-1, 
          123,990,991,-1, 123,991,145,-1, 145,991,984,-1, 145,984,72,-1, 72,984,988,-1, 72,988,36,-1, 
          36,988,989,-1, 36,989,35,-1, 35,989,986,-1, 35,986,151,-1, 151,986,987,-1, 151,987,149,-1, 
          149,987,985,-1, 149,985,56,-1, 137,1007,1015,-1, 137,1015,131,-1, 131,1015,1001,-1, 131,1001,60,-1, 
          60,1001,1002,-1, 60,1002,61,-1, 61,1002,115,-1, 115,1002,1012,-1, 115,1012,1014,-1, 115,1014,73,-1, 
          73,1014,1013,-1, 73,1013,125,-1, 125,1013,1011,-1, 125,1011,134,-1, 134,1011,1010,-1, 134,1010,138,-1, 
          138,1010,1009,-1, 138,1009,139,-1, 139,1009,994,-1, 139,994,126,-1, 126,994,992,-1, 126,992,1006,-1, 
          126,1006,140,-1, 140,1006,1005,-1, 140,1005,68,-1, 68,1005,1004,-1, 68,1004,142,-1, 142,1004,993,-1, 
          142,993,119,-1, 119,993,997,-1, 119,997,121,-1, 121,997,998,-1, 121,998,66,-1, 66,998,1000,-1, 
          66,1000,67,-1, 67,1000,999,-1, 67,999,144,-1, 144,999,122,-1, 122,999,996,-1, 122,996,995,-1, 
          122,995,143,-1, 143,995,132,-1, 132,995,1003,-1, 132,1003,141,-1, 141,1003,992,-1, 141,992,1008,-1, 
          141,1008,133,-1, 133,1008,1007,-1, 133,1007,137,-1, 130,1028,1024,-1, 130,1024,147,-1, 147,1024,1026,-1, 
          147,1026,135,-1, 135,1026,1017,-1, 135,1017,146,-1, 146,1017,120,-1, 120,1017,1023,-1, 120,1023,124,-1, 
          124,1023,0,-1, 129,1031,1028,-1, 129,1028,130,-1, 117,1031,129,-1, 128,1029,1031,-1, 128,1031,117,-1, 
          127,1029,128,-1, 127,1018,1029,-1, 1,0,1018,-1, 1,1018,127,-1, 162,1025,1027,-1, 162,1027,160,-1, 
          160,1027,1016,-1, 160,1016,159,-1, 159,1016,1030,-1, 159,1030,161,-1, 161,1030,1020,-1, 161,1020,163,-1, 
          163,1020,1019,-1, 163,1019,165,-1, 165,1019,1022,-1, 165,1022,164,-1, 164,1022,1021,-1, 164,1021,166,-1, 
          166,1021,1025,-1, 166,1025,162,-1, 110,1040,1045,-1, 110,1045,112,-1, 112,1045,1041,-1, 112,1041,113,-1, 
          113,1041,1033,-1, 113,1033,114,-1, 114,1033,1036,-1, 114,1036,1035,-1, 114,1035,105,-1, 105,1035,1034,-1, 
          105,1034,116,-1, 116,1034,1038,-1, 116,1038,118,-1, 118,1038,1042,-1, 118,1042,111,-1, 111,1042,1040,-1, 
          111,1040,110,-1, 171,1037,1032,-1, 171,1032,167,-1, 167,1032,1044,-1, 167,1044,168,-1, 168,1044,1039,-1, 
          168,1039,169,-1, 169,1039,1043,-1, 169,1043,170,-1, 170,1043,1037,-1, 170,1037,171,-1, 91,1046,1057,-1, 
          91,1057,92,-1, 92,1057,1055,-1, 92,1055,104,-1, 104,1055,1056,-1, 104,1056,71,-1, 71,1056,1058,-1, 
          71,1058,70,-1, 70,1058,1048,-1, 70,1048,107,-1, 107,1048,1047,-1, 107,1047,100,-1, 100,1047,1052,-1, 
          100,1052,106,-1, 106,1052,1051,-1, 106,1051,109,-1, 109,1051,1053,-1, 109,1053,108,-1, 108,1053,1054,-1, 
          108,1054,43,-1, 43,1054,1050,-1, 43,1050,99,-1, 99,1050,1049,-1, 99,1049,90,-1, 90,1049,1046,-1, 
          90,1046,91,-1, 42,1062,1061,-1, 42,1061,103,-1, 103,1061,1060,-1, 103,1060,102,-1, 102,1060,1059,-1, 
          102,1059,41,-1, 41,1059,1062,-1, 41,1062,42,-1, 75,1075,1063,-1, 75,1063,95,-1, 95,1063,1068,-1, 
          95,1068,76,-1, 76,1068,1074,-1, 76,1074,94,-1, 94,1074,1071,-1, 94,1071,98,-1, 98,1071,1070,-1, 
          98,1070,96,-1, 96,1070,1069,-1, 96,1069,97,-1, 97,1069,1072,-1, 97,1072,58,-1, 58,1072,1073,-1, 
          58,1073,74,-1, 74,1073,1067,-1, 74,1067,101,-1, 101,1067,1066,-1, 101,1066,93,-1, 93,1066,1065,-1, 
          93,1065,6,-1, 6,1065,1064,-1, 6,1064,4,-1, 4,1064,1075,-1, 4,1075,75,-1, 62,1081,1086,-1, 
          62,1086,17,-1, 17,1086,1085,-1, 17,1085,86,-1, 86,1085,1088,-1, 86,1088,82,-1, 82,1088,1080,-1, 
          82,1080,83,-1, 83,1080,1083,-1, 83,1083,49,-1, 49,1083,1084,-1, 49,1084,85,-1, 85,1084,1082,-1, 
          85,1082,87,-1, 87,1082,88,-1, 88,1082,1079,-1, 88,1079,84,-1, 84,1079,50,-1, 50,1079,51,-1, 
          51,1079,1087,-1, 51,1087,19,-1, 19,1087,69,-1, 69,1087,1089,-1, 69,1089,1076,-1, 69,1076,89,-1, 
          89,1076,1078,-1, 89,1078,28,-1, 28,1078,1077,-1, 28,1077,29,-1, 29,1077,1081,-1, 29,1081,62,-1, 
          64,1091,1094,-1, 1091,11,1095,-1, 63,11,1091,-1, 1094,57,64,-1, 63,1091,64,-1, 1093,78,57,-1, 
          1093,57,1094,-1, 80,1092,1090,-1, 80,1090,81,-1, 78,1092,80,-1, 78,1093,1092,-1, 1095,81,1090,-1, 
          81,1095,11,-1, 1107,1106,27,-1, 1106,47,27,-1, 33,1107,27,-1, 33,59,1107,-1, 1107,65,1099,-1, 
          65,1107,59,-1, 1099,65,7,-1, 1099,7,1097,-1, 1097,7,9,-1, 9,32,1098,-1, 1098,1097,9,-1, 
          1098,54,1100,-1, 54,1098,32,-1, 1100,54,52,-1, 1100,52,1102,-1, 52,46,1101,-1, 1101,1102,52,-1, 
          1101,45,1103,-1, 45,1101,46,-1, 1103,45,30,-1, 1103,30,1105,-1, 1096,1105,30,-1, 44,1096,30,-1, 
          1096,48,1104,-1, 48,1096,44,-1, 1104,48,47,-1, 1104,47,1106,-1, 510,1108,512,-1, 510,441,1109,-1, 
          1109,1108,510,-1, 1110,441,442,-1, 441,1110,1109,-1, 508,1111,442,-1, 1110,442,1111,-1, 508,445,1112,-1, 
          1112,1111,508,-1, 1113,445,446,-1, 445,1113,1112,-1, 461,1114,446,-1, 1113,446,1114,-1, 461,459,1115,-1, 
          1115,1114,461,-1, 1116,459,458,-1, 459,1116,1115,-1, 460,1117,458,-1, 1116,458,1117,-1, 460,506,1118,-1, 
          1118,1117,460,-1, 506,1119,1118,-1, 1120,512,1108,-1, 511,1120,1121,-1, 1120,511,512,-1, 1122,509,1121,-1, 
          511,1121,509,-1, 1122,1123,505,-1, 505,509,1122,-1, 440,1123,1124,-1, 1123,440,505,-1, 1125,438,1124,-1, 
          440,1124,438,-1, 1125,1126,444,-1, 444,438,1125,-1, 455,1126,1127,-1, 1126,455,444,-1, 1128,501,1127,-1, 
          455,1127,501,-1, 1128,1129,453,-1, 453,501,1128,-1, 503,1129,1130,-1, 1129,503,453,-1, 503,1130,498,-1, 
          516,1131,515,-1, 516,484,1132,-1, 1132,1131,516,-1, 1133,484,514,-1, 484,1133,1132,-1, 489,1134,514,-1, 
          1133,514,1134,-1, 489,488,1135,-1, 1135,1134,489,-1, 1136,488,486,-1, 488,1136,1135,-1, 494,1137,486,-1, 
          1136,486,1137,-1, 494,492,1138,-1, 1138,1137,494,-1, 1139,492,491,-1, 492,1139,1138,-1, 499,1140,491,-1, 
          1139,491,1140,-1, 499,498,1141,-1, 1141,1140,499,-1, 498,1130,1141,-1, 1142,515,1131,-1, 518,1142,1143,-1, 
          1142,518,515,-1, 1144,517,1143,-1, 518,1143,517,-1, 1144,1145,520,-1, 520,517,1144,-1, 519,1145,1146,-1, 
          1145,519,520,-1, 1147,522,1146,-1, 519,1146,522,-1, 1147,1148,521,-1, 521,522,1147,-1, 524,1148,1149,-1, 
          1148,524,521,-1, 1150,523,1149,-1, 524,1149,523,-1, 1150,1151,525,-1, 525,523,1150,-1, 504,1151,1119,-1, 
          1151,504,525,-1, 504,1119,506,-1, 1152,1144,1143,-1, 1143,1153,1152,-1, 1138,1139,1162,-1, 1153,1143,1142,-1, 
          1152,1154,1145,-1, 1147,1154,1155,-1, 1142,1163,1153,-1, 1155,1148,1147,-1, 1163,1142,1131,-1, 1132,1163,1131,-1, 
          1157,1117,1168,-1, 1141,1273,1159,-1, 1128,1172,1171,-1, 1161,1108,1109,-1, 1125,1174,1173,-1, 1120,1161,1176,-1, 
          1175,1121,1176,-1, 1175,1174,1123,-1, 1160,1161,1110,-1, 1172,1127,1173,-1, 1125,1173,1126,-1, 1112,1158,1160,-1, 
          1130,1171,1273,-1, 1157,1158,1116,-1, 1116,1158,1115,-1, 1139,1159,1162,-1, 1168,1118,1438,-1, 1438,1119,1156,-1, 
          1156,1150,1155,-1, 1164,1163,1133,-1, 1135,1164,1134,-1, 1152,1145,1144,-1, 1154,1146,1145,-1, 1154,1147,1146,-1, 
          1155,1149,1148,-1, 1155,1150,1149,-1, 1156,1151,1150,-1, 1156,1119,1151,-1, 1438,1118,1119,-1, 1168,1117,1118,-1, 
          1157,1116,1117,-1, 1158,1114,1115,-1, 1158,1113,1114,-1, 1158,1112,1113,-1, 1160,1111,1112,-1, 1160,1110,1111,-1, 
          1161,1109,1110,-1, 1161,1120,1108,-1, 1176,1121,1120,-1, 1175,1122,1121,-1, 1175,1123,1122,-1, 1174,1124,1123,-1, 
          1174,1125,1124,-1, 1173,1127,1126,-1, 1172,1128,1127,-1, 1171,1129,1128,-1, 1171,1130,1129,-1, 1273,1141,1130,-1, 
          1159,1140,1141,-1, 1159,1139,1140,-1, 1162,1136,1137,-1, 1162,1137,1138,-1, 1162,1135,1136,-1, 1162,1164,1135,-1, 
          1133,1163,1132,-1, 1134,1164,1133,-1, 1156,1439,1438,-1, 1439,1156,1440,-1, 1156,1155,1440,-1, 1155,1435,1440,-1, 
          1435,1154,1165,-1, 1154,1435,1155,-1, 1152,1166,1165,-1, 1165,1154,1152,-1, 1166,1152,1167,-1, 1152,1153,1167,-1, 
          1163,1182,1167,-1, 1167,1153,1163,-1, 1158,1157,1436,-1, 1169,1158,1436,-1, 1160,1158,1170,-1, 1169,1170,1158,-1, 
          1161,1160,1170,-1, 1270,1159,1273,-1, 1162,1159,1264,-1, 1270,1264,1159,-1, 1162,1264,1269,-1, 1164,1162,1268,-1, 
          1269,1268,1162,-1, 1164,1268,1263,-1, 1164,1182,1163,-1, 1182,1164,1263,-1, 1210,1220,1224,-1, 1180,1259,1181,-1, 
          1181,1259,1179,-1, 1235,1182,1263,-1, 1185,1221,1184,-1, 1185,1187,1227,-1, 1178,1252,1187,-1, 1190,1192,1188,-1, 
          1161,1193,1194,-1, 1196,1198,1200,-1, 1199,1200,1198,-1, 1199,1201,1200,-1, 1202,1201,1199,-1, 1203,1204,1202,-1, 
          1208,1209,1207,-1, 1211,1210,1206,-1, 1207,1219,1211,-1, 1177,1206,1210,-1, 1177,1205,1206,-1, 1195,1183,1197,-1, 
          1198,1196,1213,-1, 1199,1198,1214,-1, 1197,1183,1196,-1, 1217,1203,1202,-1, 1209,1219,1207,-1, 1212,1225,1215,-1, 
          1205,1177,1225,-1, 1212,1205,1225,-1, 1196,1183,1213,-1, 1183,1195,1186,-1, 1226,1184,1183,-1, 1183,1184,1213,-1, 
          1216,1217,1199,-1, 1213,1214,1198,-1, 1216,1199,1214,-1, 1203,1217,1389,-1, 1199,1217,1202,-1, 1218,1389,1217,-1, 
          1211,1220,1210,-1, 1184,1221,1213,-1, 1226,1183,1186,-1, 1216,1214,1222,-1, 1222,1213,1221,-1, 1222,1214,1213,-1, 
          1217,1229,1218,-1, 1220,1211,1219,-1, 1177,1210,1224,-1, 1177,1224,1225,-1, 1186,1215,1242,-1, 1222,1221,1227,-1, 
          1242,1226,1186,-1, 1228,1229,1216,-1, 1218,1229,1230,-1, 1228,1216,1222,-1, 1216,1229,1217,-1, 1230,1223,1218,-1, 
          1231,1219,1209,-1, 1231,1237,1219,-1, 1220,1237,1179,-1, 1220,1179,1224,-1, 1215,1225,1232,-1, 1226,1242,1243,-1, 
          1238,1184,1226,-1, 1215,1232,1242,-1, 1238,1226,1243,-1, 1184,1238,1185,-1, 1227,1228,1222,-1, 1227,1221,1185,-1, 
          1234,1230,1229,-1, 1234,1229,1233,-1, 1237,1220,1219,-1, 1224,1241,1225,-1, 1224,1179,1241,-1, 1225,1241,1248,-1, 
          1225,1248,1232,-1, 1240,1245,1233,-1, 1246,1234,1233,-1, 1228,1227,1240,-1, 1240,1233,1228,-1, 1228,1233,1229,-1, 
          1246,1233,1245,-1, 1179,1237,1181,-1, 1251,1238,1243,-1, 1244,1240,1187,-1, 1185,1238,1251,-1, 1245,1240,1244,-1, 
          1240,1227,1187,-1, 1237,1231,1247,-1, 1247,1181,1237,-1, 1239,1185,1251,-1, 1185,1239,1187,-1, 1245,1249,1246,-1, 
          1236,1247,1231,-1, 1179,1254,1260,-1, 1241,1260,1261,-1, 1254,1179,1259,-1, 1241,1261,1248,-1, 1260,1241,1179,-1, 
          1243,1250,1251,-1, 1250,1242,1232,-1, 1250,1243,1242,-1, 1239,1178,1187,-1, 1252,1244,1187,-1, 1249,1253,1411,-1, 
          1244,1249,1245,-1, 1249,1252,1253,-1, 1411,1246,1249,-1, 1180,1181,1247,-1, 1262,1248,1261,-1, 1250,1232,1262,-1, 
          1262,1232,1248,-1, 1256,1251,1255,-1, 1178,1239,1256,-1, 1255,1251,1250,-1, 1239,1251,1256,-1, 1189,1188,1252,-1, 
          1257,1253,1252,-1, 1189,1252,1178,-1, 1244,1252,1249,-1, 1257,1252,1188,-1, 1178,1267,1189,-1, 1267,1178,1256,-1, 
          1192,1257,1188,-1, 1253,1257,1258,-1, 1192,1258,1257,-1, 1236,1263,1247,-1, 1260,1264,1270,-1, 1254,1264,1260,-1, 
          1260,1270,1261,-1, 1255,1265,1266,-1, 1255,1266,1256,-1, 1250,1265,1255,-1, 1189,1267,1191,-1, 1190,1188,1191,-1, 
          1263,1236,1235,-1, 1268,1180,1263,-1, 1263,1180,1247,-1, 1269,1259,1180,-1, 1180,1268,1269,-1, 1269,1254,1259,-1, 
          1254,1269,1264,-1, 1261,1270,1262,-1, 1271,1256,1266,-1, 1256,1271,1267,-1, 1267,1272,1191,-1, 1191,1194,1190,-1, 
          1192,1190,1424,-1, 1189,1191,1188,-1, 1262,1270,1273,-1, 1250,1262,1171,-1, 1262,1273,1171,-1, 1250,1171,1265,-1, 
          1191,1272,1274,-1, 1267,1271,1272,-1, 1176,1161,1194,-1, 1191,1274,1194,-1, 1171,1172,1265,-1, 1172,1173,1266,-1, 
          1265,1172,1266,-1, 1173,1174,1271,-1, 1266,1173,1271,-1, 1174,1175,1272,-1, 1271,1174,1272,-1, 1272,1175,1274,-1, 
          1175,1176,1274,-1, 1176,1194,1274,-1, 1193,1190,1194,-1, 1279,1275,1215,-1, 1212,1275,1276,-1, 1275,1212,1215,-1, 
          1205,1212,1276,-1, 1306,1205,1276,-1, 1306,1206,1205,-1, 1277,1206,1306,-1, 1211,1206,1277,-1, 1207,1277,1278,-1, 
          1277,1207,1211,-1, 1278,1208,1207,-1, 1186,1279,1215,-1, 1195,1280,1279,-1, 1279,1186,1195,-1, 1280,1197,1281,-1, 
          1197,1280,1195,-1, 1197,1196,1281,-1, 1200,1282,1281,-1, 1281,1196,1200,-1, 1283,1282,1201,-1, 1200,1201,1282,-1, 
          1202,1284,1283,-1, 1283,1201,1202,-1, 1204,1284,1202,-1, 1284,1204,1285,-1, 1287,1315,1334,-1, 1286,1288,1290,-1, 
          1315,1287,1289,-1, 1290,1291,1314,-1, 1294,1295,1307,-1, 1298,1299,1300,-1, 1306,1300,1277,-1, 1302,1303,1301,-1, 
          1306,1276,1296,-1, 1308,1305,1304,-1, 1309,1317,1310,-1, 1279,1280,1310,-1, 1314,1312,1313,-1, 1281,1313,1280,-1, 
          1309,1310,1311,-1, 1314,1281,1282,-1, 1282,1283,1292,-1, 1290,1315,1289,-1, 1286,1290,1289,-1, 1284,1315,1292,-1, 
          1315,1284,1285,-1, 1288,1291,1290,-1, 1290,1292,1315,-1, 1291,1293,1314,-1, 1292,1283,1284,-1, 1290,1314,1292,-1, 
          1292,1314,1282,-1, 1312,1314,1293,-1, 1316,1313,1312,-1, 1314,1313,1281,-1, 1311,1310,1316,-1, 1313,1310,1280,-1, 
          1310,1313,1316,-1, 1310,1317,1279,-1, 1297,1317,1309,-1, 1279,1317,1275,-1, 1294,1317,1297,-1, 1295,1308,1307,-1, 
          1307,1275,1317,-1, 1307,1317,1294,-1, 1275,1307,1296,-1, 1296,1276,1275,-1, 1307,1304,1296,-1, 1304,1307,1308,-1, 
          1298,1304,1305,-1, 1306,1296,1304,-1, 1300,1301,1277,-1, 1304,1300,1306,-1, 1298,1300,1304,-1, 1299,1302,1301,-1, 
          1299,1301,1300,-1, 1301,1351,1278,-1, 1301,1278,1277,-1, 1303,1319,1301,-1, 1318,1321,1352,-1, 1319,1303,1322,-1, 
          1323,1324,1347,-1, 1354,1353,1350,-1, 1356,1354,1348,-1, 1357,1326,1362,-1, 1327,1328,1340,-1, 1359,1338,1360,-1, 
          1331,1332,1334,-1, 1335,1287,1334,-1, 1336,1337,1338,-1, 1361,1360,1338,-1, 1359,1343,1326,-1, 1341,1336,1338,-1, 
          1342,1329,1345,-1, 1357,1356,1358,-1, 1342,1345,1344,-1, 1353,1320,1350,-1, 1352,1319,1322,-1, 1318,1352,1322,-1, 
          1319,1351,1301,-1, 1321,1324,1323,-1, 1351,1319,1349,-1, 1352,1349,1319,-1, 1320,1349,1350,-1, 1324,1325,1347,-1, 
          1349,1352,1350,-1, 1352,1323,1350,-1, 1323,1352,1321,-1, 1323,1348,1350,-1, 1350,1348,1354,-1, 1347,1348,1323,-1, 
          1346,1347,1325,-1, 1355,1347,1346,-1, 1347,1345,1348,-1, 1348,1345,1356,-1, 1344,1345,1355,-1, 1345,1358,1356,-1, 
          1345,1347,1355,-1, 1330,1329,1342,-1, 1329,1358,1345,-1, 1327,1329,1330,-1, 1326,1358,1329,-1, 1362,1326,1343,-1, 
          1358,1326,1357,-1, 1328,1341,1340,-1, 1329,1340,1326,-1, 1326,1340,1359,-1, 1340,1329,1327,-1, 1336,1339,1337,-1, 
          1340,1338,1359,-1, 1338,1340,1341,-1, 1338,1337,1361,-1, 1331,1337,1339,-1, 1337,1334,1333,-1, 1337,1333,1361,-1, 
          1331,1334,1337,-1, 1332,1335,1334,-1, 1315,1285,1334,-1, 1334,1285,1333,-1, 1363,1343,1359,-1, 1343,1363,1362,-1, 
          1359,1360,1372,-1, 1372,1363,1359,-1, 1364,1372,1360,-1, 1364,1360,1361,-1, 1333,1365,1361,-1, 1364,1361,1365,-1, 
          1366,1333,1285,-1, 1333,1366,1365,-1, 1285,1204,1366,-1, 1362,1404,1357,-1, 1367,1356,1357,-1, 1357,1404,1367,-1, 
          1368,1356,1367,-1, 1354,1356,1368,-1, 1354,1368,1369,-1, 1354,1369,1353,-1, 1320,1353,1370,-1, 1369,1370,1353,-1, 
          1371,1349,1320,-1, 1320,1370,1371,-1, 1349,1208,1351,-1, 1208,1349,1371,-1, 1351,1208,1278,-1, 1367,1405,1368,-1, 
          1363,1372,1398,-1, 1387,1386,1375,-1, 1424,1190,1193,-1, 1377,1426,1419,-1, 1170,1378,1193,-1, 1405,1409,1382,-1, 
          1382,1409,1379,-1, 1381,1380,1418,-1, 1182,1384,1167,-1, 1362,1363,1393,-1, 1404,1362,1393,-1, 1372,1364,1373,-1, 
          1364,1385,1373,-1, 1364,1365,1385,-1, 1385,1365,1388,-1, 1365,1366,1388,-1, 1366,1203,1389,-1, 1204,1203,1366,-1, 
          1218,1223,1389,-1, 1385,1388,1395,-1, 1385,1395,1396,-1, 1374,1398,1373,-1, 1385,1396,1373,-1, 1398,1372,1373,-1, 
          1394,1369,1382,-1, 1369,1368,1382,-1, 1371,1400,1208,-1, 1371,1370,1400,-1, 1366,1389,1388,-1, 1389,1391,1388,-1, 
          1395,1388,1391,-1, 1373,1396,1374,-1, 1367,1404,1405,-1, 1369,1394,1370,-1, 1208,1400,1209,-1, 1223,1230,1392,-1, 
          1223,1392,1391,-1, 1391,1397,1395,-1, 1397,1387,1396,-1, 1397,1396,1395,-1, 1393,1363,1399,-1, 1387,1374,1396,-1, 
          1404,1393,1408,-1, 1399,1363,1398,-1, 1408,1393,1399,-1, 1380,1394,1382,-1, 1405,1382,1368,-1, 1403,1400,1370,-1, 
          1380,1403,1370,-1, 1389,1223,1391,-1, 1401,1392,1234,-1, 1391,1392,1402,-1, 1402,1386,1397,-1, 1397,1391,1402,-1, 
          1374,1407,1398,-1, 1397,1386,1387,-1, 1399,1398,1407,-1, 1380,1382,1379,-1, 1394,1380,1370,-1, 1209,1400,1410,-1, 
          1230,1234,1392,-1, 1246,1390,1401,-1, 1258,1192,1425,-1, 1407,1374,1375,-1, 1374,1387,1375,-1, 1410,1400,1403,-1, 
          1209,1410,1231,-1, 1392,1401,1402,-1, 1234,1246,1401,-1, 1246,1411,1390,-1, 1386,1406,1376,-1, 1402,1406,1386,-1, 
          1375,1386,1376,-1, 1423,1404,1408,-1, 1417,1405,1423,-1, 1405,1404,1423,-1, 1417,1409,1405,-1, 1402,1390,1406,-1, 
          1401,1390,1402,-1, 1390,1412,1406,-1, 1419,1376,1413,-1, 1412,1413,1406,-1, 1414,1407,1375,-1, 1406,1413,1376,-1, 
          1416,1399,1414,-1, 1399,1407,1414,-1, 1408,1399,1416,-1, 1379,1418,1380,-1, 1410,1403,1381,-1, 1231,1410,1431,-1, 
          1411,1253,1415,-1, 1414,1419,1420,-1, 1375,1376,1419,-1, 1414,1375,1419,-1, 1409,1417,1429,-1, 1379,1429,1418,-1, 
          1429,1379,1409,-1, 1410,1430,1431,-1, 1380,1381,1403,-1, 1430,1410,1381,-1, 1231,1431,1236,-1, 1390,1411,1412,-1, 
          1424,1425,1192,-1, 1412,1415,1377,-1, 1377,1419,1413,-1, 1420,1421,1416,-1, 1421,1422,1408,-1, 1420,1416,1414,-1, 
          1421,1408,1416,-1, 1422,1423,1408,-1, 1418,1383,1381,-1, 1235,1236,1431,-1, 1383,1430,1381,-1, 1411,1415,1412,-1, 
          1253,1258,1415,-1, 1412,1377,1413,-1, 1258,1425,1377,-1, 1425,1426,1377,-1, 1420,1419,1427,-1, 1426,1427,1419,-1, 
          1421,1420,1428,-1, 1427,1428,1420,-1, 1423,1429,1417,-1, 1430,1384,1431,-1, 1377,1415,1258,-1, 1426,1433,1427,-1, 
          1432,1434,1426,-1, 1434,1433,1426,-1, 1429,1440,1418,-1, 1440,1435,1418,-1, 1235,1431,1384,-1, 1169,1433,1434,-1, 
          1425,1432,1426,-1, 1423,1439,1429,-1, 1422,1439,1423,-1, 1439,1440,1429,-1, 1418,1435,1383,-1, 1166,1384,1430,-1, 
          1430,1383,1166,-1, 1432,1425,1424,-1, 1424,1378,1432,-1, 1436,1427,1433,-1, 1378,1169,1434,-1, 1436,1428,1427,-1, 
          1437,1421,1428,-1, 1169,1436,1433,-1, 1437,1422,1421,-1, 1438,1439,1422,-1, 1436,1437,1428,-1, 1437,1438,1422,-1, 
          1165,1383,1435,-1, 1165,1166,1383,-1, 1167,1384,1166,-1, 1235,1384,1182,-1, 1432,1378,1434,-1, 1170,1169,1378,-1, 
          1436,1157,1437,-1, 1157,1168,1437,-1, 1168,1438,1437,-1, 1378,1424,1193,-1, 1161,1170,1193,-1, 1441,1330,1342,-1, 
          1344,1442,1342,-1, 1441,1342,1442,-1, 1344,1355,1443,-1, 1443,1442,1344,-1, 1444,1355,1346,-1, 1355,1444,1443,-1, 
          1325,1445,1346,-1, 1444,1346,1445,-1, 1325,1324,1446,-1, 1446,1445,1325,-1, 1447,1324,1321,-1, 1324,1447,1446,-1, 
          1318,1448,1321,-1, 1447,1321,1448,-1, 1318,1322,1449,-1, 1449,1448,1318,-1, 1322,1450,1449,-1, 1322,1303,1450,-1, 
          1327,1330,1441,-1, 1327,1451,1328,-1, 1451,1327,1441,-1, 1341,1328,1452,-1, 1451,1452,1328,-1, 1453,1336,1341,-1, 
          1341,1452,1453,-1, 1336,1454,1339,-1, 1454,1336,1453,-1, 1331,1339,1455,-1, 1454,1455,1339,-1, 1456,1332,1331,-1, 
          1331,1455,1456,-1, 1332,1457,1335,-1, 1457,1332,1456,-1, 1457,1458,1335,-1, 1335,1458,1287,-1, 1459,1297,1309,-1, 
          1311,1460,1309,-1, 1459,1309,1460,-1, 1311,1316,1461,-1, 1461,1460,1311,-1, 1462,1316,1312,-1, 1316,1462,1461,-1, 
          1293,1463,1312,-1, 1462,1312,1463,-1, 1293,1291,1464,-1, 1464,1463,1293,-1, 1465,1291,1288,-1, 1291,1465,1464,-1, 
          1286,1466,1288,-1, 1465,1288,1466,-1, 1286,1289,1467,-1, 1467,1466,1286,-1, 1289,1458,1467,-1, 1289,1287,1458,-1, 
          1294,1297,1459,-1, 1294,1468,1295,-1, 1468,1294,1459,-1, 1308,1295,1469,-1, 1468,1469,1295,-1, 1470,1305,1308,-1, 
          1308,1469,1470,-1, 1471,1305,1470,-1, 1298,1305,1472,-1, 1471,1472,1305,-1, 1473,1299,1298,-1, 1298,1472,1473,-1, 
          1299,1474,1302,-1, 1474,1299,1473,-1, 1474,1450,1302,-1, 1302,1450,1303,-1, 1479,1468,1459,-1, 1458,1475,1467,-1, 
          1479,1476,1468,-1, 1469,1476,1470,-1, 1468,1476,1469,-1, 1476,1472,1471,-1, 1471,1470,1476,-1, 1477,1472,1476,-1, 
          1474,1473,1477,-1, 1450,1474,1477,-1, 1473,1472,1477,-1, 1450,1477,1478,-1, 1479,1459,1460,-1, 1479,1460,1461,-1, 
          1462,1480,1461,-1, 1479,1461,1480,-1, 1462,1463,1480,-1, 1481,1463,1464,-1, 1463,1481,1480,-1, 1465,1482,1464,-1, 
          1481,1464,1482,-1, 1465,1466,1482,-1, 1475,1466,1467,-1, 1466,1475,1482,-1, 1484,1486,1475,-1, 1483,1485,1484,-1, 
          1486,1484,1485,-1, 1475,1487,1482,-1, 1480,1481,1478,-1, 1478,1477,1480,-1, 1476,1479,1477,-1, 1477,1479,1480,-1, 
          1488,1478,1481,-1, 1482,1488,1481,-1, 1475,1486,1487,-1, 1482,1487,1488,-1, 1453,1452,1483,-1, 1450,1478,1449,-1, 
          1483,1452,1451,-1, 1483,1451,1485,-1, 1441,1485,1451,-1, 1456,1455,1484,-1, 1454,1453,1483,-1, 1454,1483,1455,-1, 
          1458,1457,1484,-1, 1483,1484,1455,-1, 1484,1457,1456,-1, 1484,1475,1458,-1, 1442,1485,1441,-1, 1486,1485,1443,-1, 
          1442,1443,1485,-1, 1486,1443,1444,-1, 1486,1445,1487,-1, 1445,1486,1444,-1, 1488,1487,1446,-1, 1445,1446,1487,-1, 
          1488,1446,1447,-1, 1488,1448,1478,-1, 1448,1488,1447,-1, 1448,1449,1478,-1, 1489,497,1490,-1, 1491,502,1492,-1, 
          1493,452,451,-1, 439,1494,1495,-1, 456,1496,443,-1, 1497,1498,463,-1, 1499,507,457,-1, 1500,462,1501,-1, 
          450,449,1502,-1, 466,1503,1504,-1, 454,1505,467,-1, 468,1506,1507,-1, 1506,468,469,-1, 1508,471,1507,-1, 
          468,1507,471,-1, 1508,1509,470,-1, 470,471,1508,-1, 464,1509,1510,-1, 1509,464,470,-1, 1511,465,1510,-1, 
          464,1510,465,-1, 472,465,1511,-1, 469,466,1504,-1, 1504,1506,469,-1, 467,1505,1503,-1, 467,1503,466,-1, 
          454,462,1500,-1, 454,1500,1505,-1, 1501,450,1502,-1, 462,450,1501,-1, 1498,449,463,-1, 1502,449,1498,-1, 
          1499,1497,507,-1, 1497,463,507,-1, 439,1495,457,-1, 1495,1499,457,-1, 443,1496,1494,-1, 443,1494,439,-1, 
          456,502,1491,-1, 456,1491,1496,-1, 1492,452,1493,-1, 502,452,1492,-1, 1489,451,497,-1, 1493,451,1489,-1, 
          500,1512,1513,-1, 1490,497,496,-1, 1514,485,1515,-1, 495,1516,493,-1, 513,1517,1518,-1, 490,1519,487,-1, 
          1520,1521,477,-1, 1522,483,478,-1, 1523,479,1524,-1, 481,482,1525,-1, 447,1526,1527,-1, 448,1528,480,-1, 
          1526,475,1529,-1, 475,1526,447,-1, 1530,1529,476,-1, 475,476,1529,-1, 474,1531,1530,-1, 1530,476,474,-1, 
          1531,473,1532,-1, 473,1531,474,-1, 1511,1532,472,-1, 473,472,1532,-1, 1528,448,1527,-1, 448,447,1527,-1, 
          1524,479,480,-1, 1524,480,1528,-1, 1523,1525,482,-1, 1523,482,479,-1, 481,1520,477,-1, 1525,1520,481,-1, 
          478,1521,1522,-1, 477,1521,478,-1, 513,483,1517,-1, 483,1522,1517,-1, 1519,490,1518,-1, 490,513,1518,-1, 
          1515,485,487,-1, 1515,487,1519,-1, 1514,1516,495,-1, 1514,495,485,-1, 493,1512,500,-1, 1516,1512,493,-1, 
          496,1513,1490,-1, 500,1513,496,-1, 1533,1497,1499,-1, 1534,1533,1495,-1, 1497,1533,1535,-1, 1535,1498,1497,-1, 
          1498,1535,1536,-1, 1534,1496,1491,-1, 1536,1502,1498,-1, 1557,1489,1646,-1, 1501,1502,1536,-1, 1510,1550,1537,-1, 
          1517,1544,1540,-1, 1543,1521,1520,-1, 1526,1541,1542,-1, 1524,1542,1543,-1, 1543,1544,1521,-1, 1526,1529,1541,-1, 
          1541,1532,1537,-1, 1519,1540,1539,-1, 1539,1516,1514,-1, 1550,1509,1545,-1, 1538,1516,1539,-1, 1508,1552,1545,-1, 
          1551,1552,1504,-1, 1538,1646,1490,-1, 1546,1534,1492,-1, 1505,1553,1503,-1, 1546,1493,1557,-1, 1553,1500,1554,-1, 
          1507,1552,1508,-1, 1533,1499,1495,-1, 1534,1495,1494,-1, 1534,1494,1496,-1, 1534,1491,1492,-1, 1546,1492,1493,-1, 
          1557,1493,1489,-1, 1646,1489,1490,-1, 1538,1490,1513,-1, 1538,1513,1512,-1, 1538,1512,1516,-1, 1539,1514,1515,-1, 
          1539,1515,1519,-1, 1540,1519,1518,-1, 1540,1518,1517,-1, 1544,1517,1522,-1, 1544,1522,1521,-1, 1543,1520,1525,-1, 
          1543,1525,1523,-1, 1543,1523,1524,-1, 1542,1524,1528,-1, 1542,1528,1527,-1, 1542,1527,1526,-1, 1541,1529,1530,-1, 
          1541,1530,1531,-1, 1541,1531,1532,-1, 1537,1532,1511,-1, 1537,1511,1510,-1, 1550,1510,1509,-1, 1545,1509,1508,-1, 
          1552,1506,1504,-1, 1552,1507,1506,-1, 1551,1504,1503,-1, 1551,1503,1553,-1, 1500,1501,1554,-1, 1505,1500,1553,-1, 
          1536,1554,1501,-1, 1855,1542,1547,-1, 1541,1548,1549,-1, 1550,1859,1537,-1, 1537,1858,1548,-1, 1537,1859,1858,-1, 
          1541,1537,1548,-1, 1547,1541,1549,-1, 1547,1542,1541,-1, 1855,1789,1542,-1, 1542,1789,1543,-1, 1577,1543,1789,-1, 
          1540,1650,1539,-1, 1643,1540,1556,-1, 1649,1539,1650,-1, 1538,1648,1646,-1, 1534,1558,1560,-1, 1561,1533,1560,-1, 
          1534,1560,1533,-1, 1561,1535,1533,-1, 1559,1534,1546,-1, 1559,1558,1534,-1, 1649,1648,1538,-1, 1539,1649,1538,-1, 
          1643,1650,1540,-1, 1556,1544,1555,-1, 1540,1544,1556,-1, 1555,1544,1577,-1, 1543,1577,1544,-1, 1567,1634,1565,-1, 
          1561,1639,1570,-1, 1536,1570,1801,-1, 1536,1535,1570,-1, 1562,1617,1601,-1, 1601,1617,1572,-1, 1647,1633,1576,-1, 
          1638,1555,1577,-1, 1579,1599,1594,-1, 1600,1579,1594,-1, 1587,1588,1585,-1, 1588,1587,1589,-1, 1589,1805,1592,-1, 
          1590,1805,1589,-1, 1832,1613,1614,-1, 1597,1593,1604,-1, 1584,1597,1598,-1, 1605,1582,1583,-1, 1597,1584,1585,-1, 
          1584,1598,1583,-1, 1596,1578,1595,-1, 1596,1580,1578,-1, 1580,1596,1602,-1, 1581,1580,1602,-1, 1589,1592,1588,-1, 
          1585,1588,1597,-1, 1599,1582,1605,-1, 1583,1598,1605,-1, 1595,1571,1601,-1, 1588,1592,1593,-1, 1591,1593,1592,-1, 
          1591,1822,1603,-1, 1588,1593,1597,-1, 1591,1604,1593,-1, 1604,1586,1597,-1, 1586,1563,1598,-1, 1586,1598,1597,-1, 
          1594,1599,1606,-1, 1563,1605,1598,-1, 1606,1599,1605,-1, 1572,1595,1601,-1, 1562,1601,1571,-1, 1575,1596,1572,-1, 
          1572,1596,1595,-1, 1604,1603,1608,-1, 1604,1608,1610,-1, 1564,1569,1566,-1, 1586,1604,1610,-1, 1605,1563,1611,-1, 
          1606,1605,1611,-1, 1621,1602,1596,-1, 1573,1575,1572,-1, 1813,1602,1612,-1, 1575,1621,1596,-1, 1621,1612,1602,-1, 
          1581,1602,1813,-1, 1591,1603,1604,-1, 1822,1607,1603,-1, 1832,1614,1607,-1, 1610,1569,1586,-1, 1615,1611,1569,-1, 
          1586,1569,1563,-1, 1611,1563,1569,-1, 1623,1562,1600,-1, 1562,1623,1617,-1, 1603,1607,1608,-1, 1609,1849,1630,-1, 
          1566,1610,1614,-1, 1610,1566,1569,-1, 1616,1594,1606,-1, 1629,1600,1616,-1, 1600,1594,1616,-1, 1572,1617,1573,-1, 
          1623,1600,1629,-1, 1607,1614,1608,-1, 1608,1614,1610,-1, 1613,1619,1614,-1, 1565,1566,1620,-1, 1619,1620,1566,-1, 
          1622,1611,1615,-1, 1615,1569,1564,-1, 1606,1611,1622,-1, 1616,1606,1622,-1, 1575,1573,1574,-1, 1808,1813,1612,-1, 
          1614,1619,1566,-1, 1615,1564,1625,-1, 1564,1566,1565,-1, 1622,1615,1625,-1, 1617,1623,1624,-1, 1612,1621,1576,-1, 
          1624,1573,1617,-1, 1624,1574,1573,-1, 1575,1574,1621,-1, 1633,1612,1576,-1, 1574,1576,1621,-1, 1612,1633,1808,-1, 
          1613,1618,1619,-1, 1619,1618,1567,-1, 1565,1631,1564,-1, 1567,1565,1620,-1, 1625,1626,1622,-1, 1626,1627,1622,-1, 
          1631,1625,1564,-1, 1627,1628,1616,-1, 1627,1616,1622,-1, 1628,1629,1616,-1, 1624,1642,1574,-1, 1840,1849,1618,-1, 
          1630,1799,1568,-1, 1619,1567,1620,-1, 1631,1565,1635,-1, 1609,1634,1567,-1, 1634,1635,1565,-1, 1626,1625,1636,-1, 
          1631,1636,1625,-1, 1624,1623,1632,-1, 1629,1632,1623,-1, 1574,1642,1576,-1, 1567,1618,1609,-1, 1849,1609,1618,-1, 
          1634,1609,1630,-1, 1635,1636,1631,-1, 1624,1637,1642,-1, 1632,1637,1624,-1, 1808,1633,1638,-1, 1639,1640,1641,-1, 
          1634,1641,1635,-1, 1630,1641,1634,-1, 1635,1640,1636,-1, 1641,1640,1635,-1, 1640,1644,1636,-1, 1629,1648,1632,-1, 
          1632,1649,1637,-1, 1628,1648,1629,-1, 1648,1649,1632,-1, 1576,1643,1647,-1, 1576,1642,1643,-1, 1633,1647,1555,-1, 
          1568,1639,1641,-1, 1644,1626,1636,-1, 1645,1627,1626,-1, 1645,1628,1627,-1, 1646,1648,1628,-1, 1644,1645,1626,-1, 
          1645,1646,1628,-1, 1650,1642,1637,-1, 1650,1643,1642,-1, 1649,1650,1637,-1, 1633,1555,1638,-1, 1641,1630,1568,-1, 
          1561,1560,1639,-1, 1560,1558,1640,-1, 1560,1640,1639,-1, 1558,1644,1640,-1, 1558,1559,1644,-1, 1559,1546,1645,-1, 
          1559,1645,1644,-1, 1546,1557,1645,-1, 1557,1646,1645,-1, 1643,1556,1647,-1, 1556,1555,1647,-1, 1568,1801,1570,-1, 
          1639,1568,1570,-1, 1535,1561,1570,-1, 1579,1651,1599,-1, 1582,1599,1651,-1, 1659,1583,1582,-1, 1582,1651,1659,-1, 
          1583,1659,1584,-1, 1585,1584,1652,-1, 1659,1652,1584,-1, 1653,1587,1585,-1, 1585,1652,1653,-1, 1656,1587,1653,-1, 
          1589,1587,1656,-1, 1654,1590,1589,-1, 1589,1656,1654,-1, 1579,1600,1655,-1, 1655,1600,1562,-1, 1655,1571,1660,-1, 
          1571,1655,1562,-1, 1689,1660,1595,-1, 1571,1595,1660,-1, 1689,1578,1694,-1, 1578,1689,1595,-1, 1662,1694,1578,-1, 
          1662,1578,1580,-1, 1662,1580,1663,-1, 1580,1581,1663,-1, 1663,1581,1667,-1, 1773,1656,1675,-1, 1674,1678,1658,-1, 
          1651,1579,1672,-1, 1664,1666,1665,-1, 1663,1665,1666,-1, 1668,1669,1665,-1, 1665,1669,1664,-1, 1678,1674,1675,-1, 
          1675,1674,1676,-1, 1654,1656,1773,-1, 1678,1675,1656,-1, 1676,1674,1677,-1, 1677,1674,1679,-1, 1678,1656,1653,-1, 
          1658,1680,1674,-1, 1679,1674,1680,-1, 1658,1678,1652,-1, 1653,1652,1678,-1, 1680,1658,1681,-1, 1659,1673,1652,-1, 
          1659,1651,1673,-1, 1652,1673,1658,-1, 1658,1673,1682,-1, 1681,1658,1682,-1, 1683,1682,1673,-1, 1661,1673,1651,-1, 
          1683,1673,1684,-1, 1684,1673,1661,-1, 1651,1672,1661,-1, 1579,1655,1672,-1, 1661,1672,1671,-1, 1661,1671,1685,-1, 
          1684,1661,1685,-1, 1686,1685,1671,-1, 1672,1655,1671,-1, 1660,1687,1655,-1, 1686,1671,1688,-1, 1688,1671,1687,-1, 
          1690,1687,1670,-1, 1655,1687,1671,-1, 1692,1687,1689,-1, 1692,1670,1687,-1, 1688,1687,1690,-1, 1687,1660,1689,-1, 
          1691,1690,1670,-1, 1693,1670,1657,-1, 1691,1670,1693,-1, 1657,1670,1694,-1, 1689,1694,1692,-1, 1692,1694,1670,-1, 
          1694,1662,1666,-1, 1693,1657,1695,-1, 1696,1666,1664,-1, 1694,1666,1657,-1, 1695,1657,1696,-1, 1696,1657,1666,-1, 
          1666,1662,1663,-1, 1667,1665,1663,-1, 1685,1686,1697,-1, 1698,1686,1688,-1, 1686,1698,1697,-1, 1690,1699,1688,-1, 
          1698,1688,1699,-1, 1690,1691,1700,-1, 1700,1699,1690,-1, 1701,1691,1693,-1, 1691,1701,1700,-1, 1695,1702,1693,-1, 
          1701,1693,1702,-1, 1695,1696,1703,-1, 1703,1702,1695,-1, 1704,1696,1664,-1, 1696,1704,1703,-1, 1669,1705,1664,-1, 
          1704,1664,1705,-1, 1669,1668,1706,-1, 1706,1705,1669,-1, 1684,1685,1697,-1, 1684,1707,1683,-1, 1707,1684,1697,-1, 
          1682,1683,1708,-1, 1707,1708,1683,-1, 1709,1681,1682,-1, 1682,1708,1709,-1, 1710,1681,1709,-1, 1680,1681,1711,-1, 
          1710,1711,1681,-1, 1712,1679,1680,-1, 1680,1711,1712,-1, 1679,1713,1677,-1, 1713,1679,1712,-1, 1713,1714,1677,-1, 
          1677,1714,1676,-1, 1715,1716,1717,-1, 1718,1716,1719,-1, 1716,1718,1717,-1, 1720,1721,1719,-1, 1718,1719,1721,-1, 
          1720,1722,1723,-1, 1723,1721,1720,-1, 1724,1722,1725,-1, 1722,1724,1723,-1, 1726,1727,1725,-1, 1724,1725,1727,-1, 
          1726,1728,1729,-1, 1729,1727,1726,-1, 1730,1728,1731,-1, 1728,1730,1729,-1, 1732,1733,1731,-1, 1730,1731,1733,-1, 
          1732,1676,1714,-1, 1714,1733,1732,-1, 1734,1715,1717,-1, 1734,1735,1736,-1, 1735,1734,1717,-1, 1737,1736,1738,-1, 
          1735,1738,1736,-1, 1739,1740,1737,-1, 1737,1738,1739,-1, 1740,1741,1742,-1, 1741,1740,1739,-1, 1743,1742,1744,-1, 
          1741,1744,1742,-1, 1745,1746,1743,-1, 1743,1744,1745,-1, 1746,1747,1748,-1, 1747,1746,1745,-1, 1747,1706,1748,-1, 
          1748,1706,1668,-1, 1767,1765,1751,-1, 1731,1758,1773,-1, 1757,1773,1772,-1, 1676,1732,1675,-1, 1773,1732,1731,-1, 
          1758,1755,1771,-1, 1766,1667,1750,-1, 1751,1665,1766,-1, 1751,1748,1665,-1, 1667,1766,1665,-1, 1668,1665,1748,-1, 
          1766,1750,1767,-1, 1748,1751,1746,-1, 1766,1767,1751,-1, 1746,1751,1743,-1, 1750,1749,1767,-1, 1765,1742,1751,-1, 
          1743,1751,1742,-1, 1765,1767,1749,-1, 1768,1749,1764,-1, 1742,1765,1740,-1, 1761,1765,1768,-1, 1749,1768,1765,-1, 
          1740,1765,1737,-1, 1764,1762,1768,-1, 1736,1737,1765,-1, 1736,1765,1761,-1, 1768,1762,1769,-1, 1752,1769,1762,-1, 
          1736,1761,1734,-1, 1768,1769,1761,-1, 1761,1769,1770,-1, 1760,1770,1769,-1, 1734,1761,1715,-1, 1760,1769,1752,-1, 
          1716,1715,1761,-1, 1716,1761,1770,-1, 1770,1760,1763,-1, 1770,1763,1755,-1, 1716,1770,1719,-1, 1719,1770,1755,-1, 
          1771,1763,1753,-1, 1719,1755,1720,-1, 1722,1720,1755,-1, 1763,1771,1755,-1, 1771,1753,1759,-1, 1725,1755,1758,-1, 
          1772,1771,1754,-1, 1722,1755,1725,-1, 1758,1771,1772,-1, 1759,1754,1771,-1, 1725,1758,1726,-1, 1772,1754,1756,-1, 
          1728,1758,1731,-1, 1726,1758,1728,-1, 1758,1772,1773,-1, 1772,1756,1757,-1, 1654,1773,1757,-1, 1675,1732,1773,-1, 
          1752,1791,1774,-1, 1791,1752,1787,-1, 1752,1762,1787,-1, 1764,1781,1787,-1, 1787,1762,1764,-1, 1781,1764,1775,-1, 
          1764,1749,1775,-1, 1750,1776,1775,-1, 1775,1749,1750,-1, 1777,1776,1667,-1, 1750,1667,1776,-1, 1667,1581,1777,-1, 
          1752,1774,1760,-1, 1792,1763,1760,-1, 1760,1774,1792,-1, 1763,1778,1753,-1, 1778,1763,1792,-1, 1778,1802,1753,-1, 
          1753,1802,1759,-1, 1759,1804,1754,-1, 1756,1754,1779,-1, 1804,1779,1754,-1, 1756,1780,1757,-1, 1780,1756,1779,-1, 
          1780,1590,1757,-1, 1757,1590,1654,-1, 1782,1783,1784,-1, 1785,1826,1839,-1, 1796,1794,1828,-1, 1815,1827,1792,-1, 
          1795,1830,1782,-1, 1774,1815,1792,-1, 1798,1799,1800,-1, 1857,1798,1800,-1, 1802,1803,1759,-1, 1805,1780,1779,-1, 
          1780,1805,1590,-1, 1839,1807,1785,-1, 1638,1789,1838,-1, 1813,1777,1581,-1, 1776,1786,1775,-1, 1776,1818,1814,-1, 
          1781,1775,1785,-1, 1776,1814,1786,-1, 1775,1786,1785,-1, 1787,1806,1791,-1, 1792,1793,1778,-1, 1806,1787,1781,-1, 
          1791,1815,1774,-1, 1809,1804,1810,-1, 1778,1793,1802,-1, 1809,1811,1779,-1, 1803,1804,1759,-1, 1811,1805,1779,-1, 
          1810,1804,1803,-1, 1809,1779,1804,-1, 1777,1818,1776,-1, 1791,1824,1815,-1, 1785,1819,1781,-1, 1806,1781,1819,-1, 
          1802,1793,1794,-1, 1824,1791,1806,-1, 1803,1802,1794,-1, 1812,1811,1809,-1, 1812,1809,1810,-1, 1805,1811,1592,-1, 
          1591,1592,1811,-1, 1793,1827,1828,-1, 1812,1810,1816,-1, 1792,1827,1793,-1, 1794,1810,1803,-1, 1816,1810,1794,-1, 
          1811,1821,1817,-1, 1591,1811,1817,-1, 1793,1828,1794,-1, 1820,1821,1812,-1, 1817,1821,1822,-1, 1820,1812,1816,-1, 
          1812,1821,1811,-1, 1822,1591,1817,-1, 1813,1818,1777,-1, 1813,1823,1818,-1, 1826,1786,1814,-1, 1823,1826,1818,-1, 
          1819,1785,1807,-1, 1786,1826,1785,-1, 1819,1807,1806,-1, 1816,1794,1796,-1, 1825,1822,1821,-1, 1825,1821,1831,-1, 
          1826,1814,1818,-1, 1807,1842,1806,-1, 1806,1843,1824,-1, 1824,1833,1815,-1, 1807,1839,1841,-1, 1807,1841,1842,-1, 
          1806,1842,1843,-1, 1824,1843,1833,-1, 1833,1827,1815,-1, 1830,1831,1820,-1, 1796,1820,1816,-1, 1832,1825,1831,-1, 
          1820,1796,1830,-1, 1822,1825,1607,-1, 1820,1831,1821,-1, 1832,1607,1825,-1, 1834,1827,1833,-1, 1835,1828,1827,-1, 
          1836,1796,1828,-1, 1827,1834,1835,-1, 1836,1828,1835,-1, 1831,1837,1832,-1, 1813,1808,1823,-1, 1823,1808,1838,-1, 
          1838,1790,1823,-1, 1788,1826,1790,-1, 1839,1826,1788,-1, 1829,1836,1835,-1, 1836,1830,1796,-1, 1836,1829,1782,-1, 
          1782,1830,1836,-1, 1837,1618,1613,-1, 1830,1837,1831,-1, 1837,1795,1840,-1, 1613,1832,1837,-1, 1790,1826,1823,-1, 
          1839,1788,1841,-1, 1833,1859,1853,-1, 1834,1853,1844,-1, 1859,1833,1843,-1, 1835,1844,1829,-1, 1853,1834,1833,-1, 
          1844,1835,1834,-1, 1784,1845,1797,-1, 1784,1846,1795,-1, 1829,1783,1782,-1, 1840,1795,1846,-1, 1784,1795,1782,-1, 
          1830,1795,1837,-1, 1618,1837,1840,-1, 1638,1838,1808,-1, 1858,1842,1852,-1, 1859,1843,1858,-1, 1852,1842,1841,-1, 
          1858,1843,1842,-1, 1847,1844,1854,-1, 1783,1829,1847,-1, 1854,1844,1853,-1, 1798,1857,1848,-1, 1829,1844,1847,-1, 
          1797,1846,1784,-1, 1784,1783,1845,-1, 1849,1840,1846,-1, 1788,1850,1851,-1, 1790,1850,1788,-1, 1841,1851,1852,-1, 
          1788,1851,1841,-1, 1800,1849,1846,-1, 1790,1855,1850,-1, 1838,1855,1790,-1, 1852,1549,1548,-1, 1852,1548,1858,-1, 
          1851,1549,1852,-1, 1783,1856,1857,-1, 1847,1856,1783,-1, 1797,1857,1800,-1, 1845,1783,1857,-1, 1797,1845,1857,-1, 
          1849,1800,1630,-1, 1797,1800,1846,-1, 1799,1630,1800,-1, 1789,1855,1838,-1, 1860,1853,1859,-1, 1860,1854,1853,-1, 
          1861,1847,1854,-1, 1854,1860,1861,-1, 1847,1861,1856,-1, 1862,1857,1856,-1, 1857,1862,1848,-1, 1789,1638,1577,-1, 
          1851,1850,1547,-1, 1850,1855,1547,-1, 1851,1547,1549,-1, 1856,1861,1863,-1, 1860,1545,1861,-1, 1856,1863,1862,-1, 
          1554,1536,1801,-1, 1799,1798,1568,-1, 1801,1568,1798,-1, 1550,1545,1860,-1, 1859,1550,1860,-1, 1545,1552,1861,-1, 
          1552,1551,1863,-1, 1861,1552,1863,-1, 1551,1553,1862,-1, 1863,1551,1862,-1, 1862,1553,1848,-1, 1553,1554,1798,-1, 
          1848,1553,1798,-1, 1554,1801,1798,-1, 1867,1735,1717,-1, 1714,1871,1733,-1, 1738,1864,1865,-1, 1738,1865,1739,-1, 
          1735,1867,1864,-1, 1735,1864,1738,-1, 1741,1739,1865,-1, 1744,1741,1865,-1, 1745,1744,1865,-1, 1866,1747,1745,-1, 
          1865,1866,1745,-1, 1747,1868,1706,-1, 1868,1747,1866,-1, 1718,1867,1717,-1, 1869,1718,1721,-1, 1718,1869,1867,-1, 
          1723,1869,1721,-1, 1723,1724,1869,-1, 1869,1724,1727,-1, 1729,1870,1727,-1, 1869,1727,1870,-1, 1729,1730,1870,-1, 
          1871,1730,1733,-1, 1730,1871,1870,-1, 1872,1875,1874,-1, 1875,1872,1873,-1, 1875,1868,1874,-1, 1876,1868,1866,-1, 
          1874,1868,1876,-1, 1864,1867,1870,-1, 1870,1867,1869,-1, 1865,1864,1871,-1, 1864,1870,1871,-1, 1871,1877,1865,-1, 
          1877,1866,1865,-1, 1866,1877,1876,-1, 1709,1708,1874,-1, 1706,1868,1705,-1, 1874,1708,1707,-1, 1697,1874,1707,-1, 
          1877,1712,1711,-1, 1876,1711,1710,-1, 1710,1709,1876,-1, 1877,1711,1876,-1, 1714,1713,1877,-1, 1713,1712,1877,-1, 
          1874,1876,1709,-1, 1877,1871,1714,-1, 1697,1872,1874,-1, 1872,1698,1873,-1, 1698,1872,1697,-1, 1698,1699,1873,-1, 
          1873,1699,1700,-1, 1701,1873,1700,-1, 1875,1873,1702,-1, 1701,1702,1873,-1, 1875,1702,1703,-1, 1704,1875,1703,-1, 
          1868,1875,1705,-1, 1704,1705,1875,-1, 949,963,1878,-1, 1917,950,949,-1, 949,1879,1880,-1, 949,1880,1917,-1, 
          1881,1882,964,-1, 1883,1884,959,-1, 1885,961,962,-1, 1886,958,1887,-1, 960,957,2008,-1, 918,1888,1889,-1, 
          1890,1891,903,-1, 1892,954,953,-1, 1893,1894,907,-1, 909,907,1894,-1, 889,2031,1893,-1, 1893,907,889,-1, 
          915,1895,885,-1, 1896,885,1895,-1, 1897,915,1898,-1, 1897,1895,915,-1, 917,1899,915,-1, 1898,915,1899,-1, 
          913,885,1896,-1, 913,2031,889,-1, 1896,2031,913,-1, 1890,903,909,-1, 1890,909,1894,-1, 1891,1892,953,-1, 
          1891,953,903,-1, 954,1888,918,-1, 1892,1888,954,-1, 956,1900,1901,-1, 918,1889,1900,-1, 958,955,1887,-1, 
          1902,1887,955,-1, 957,958,1886,-1, 956,918,1900,-1, 956,1901,1903,-1, 955,1903,1902,-1, 1903,955,956,-1, 
          1883,960,2008,-1, 2008,957,1886,-1, 1884,962,959,-1, 1883,959,960,-1, 1885,1881,961,-1, 1884,1885,962,-1, 
          964,1882,963,-1, 961,1881,964,-1, 949,1878,1879,-1, 963,1882,1878,-1, 1879,1910,1880,-1, 1904,1905,1906,-1, 
          1905,1904,1907,-1, 1907,1880,1910,-1, 1879,1909,1910,-1, 1908,1909,1879,-1, 1904,1880,1907,-1, 1911,1912,1913,-1, 
          1914,1915,1912,-1, 1911,1916,1914,-1, 1912,1911,1914,-1, 1912,1918,1917,-1, 1880,1904,1917,-1, 1912,1917,1904,-1, 
          1904,1903,1901,-1, 1904,1913,1912,-1, 1900,1913,1901,-1, 1913,1904,1901,-1, 1898,1899,1913,-1, 1899,1911,1913,-1, 
          1911,1899,1919,-1, 1920,1926,1919,-1, 1911,1921,1922,-1, 1921,1911,1923,-1, 1923,1919,1926,-1, 1920,1925,1926,-1, 
          1924,1925,1920,-1, 1911,1919,1923,-1, 951,924,1927,-1, 1899,917,951,-1, 951,1920,1919,-1, 951,1919,1899,-1, 
          1928,1929,923,-1, 1930,1931,930,-1, 1932,921,971,-1, 1933,967,1934,-1, 926,928,1947,-1, 968,1935,1936,-1, 
          1937,1938,934,-1, 1939,969,935,-1, 1940,1941,936,-1, 937,936,1941,-1, 932,1942,1940,-1, 1940,936,932,-1, 
          966,1943,965,-1, 1944,965,1943,-1, 1945,966,1918,-1, 1945,1943,966,-1, 950,1917,966,-1, 1918,966,1917,-1, 
          931,965,1944,-1, 931,1942,932,-1, 1944,1942,931,-1, 1937,934,937,-1, 1937,937,1941,-1, 1938,1939,935,-1, 
          1938,935,934,-1, 969,1935,968,-1, 1939,1935,969,-1, 894,1915,1914,-1, 968,1936,1915,-1, 967,892,1934,-1, 
          1946,1934,892,-1, 928,967,1933,-1, 894,968,1915,-1, 894,1914,1916,-1, 892,1916,1946,-1, 1916,892,894,-1, 
          1930,926,1947,-1, 1947,928,1933,-1, 1931,971,930,-1, 1930,930,926,-1, 1932,1928,921,-1, 1931,1932,971,-1, 
          923,1929,924,-1, 921,1928,923,-1, 951,1927,1920,-1, 924,1929,1927,-1, 1947,1933,1951,-1, 1925,1948,1952,-1, 
          1924,1948,1925,-1, 1927,1929,1949,-1, 1947,1961,1930,-1, 1920,1927,1924,-1, 1949,1948,1924,-1, 1952,1926,1925,-1, 
          1952,1954,1926,-1, 1946,1953,1951,-1, 1933,1934,1951,-1, 1923,1926,1954,-1, 1960,1954,1950,-1, 1927,1949,1924,-1, 
          1949,1928,1958,-1, 1923,1954,1957,-1, 1929,1928,1949,-1, 1921,1923,1957,-1, 1949,1958,1948,-1, 1928,1932,1958,-1, 
          1961,1958,1931,-1, 1948,1958,1952,-1, 1958,1950,1952,-1, 1955,1954,1960,-1, 1954,1955,1957,-1, 1922,1921,1959,-1, 
          1957,1959,1921,-1, 1932,1931,1958,-1, 1952,1950,1954,-1, 1955,1964,1959,-1, 1957,1955,1959,-1, 1931,1930,1961,-1, 
          1958,1961,1950,-1, 1950,1963,1960,-1, 1961,1962,1950,-1, 1955,1960,1956,-1, 1963,1950,1962,-1, 1956,1960,1963,-1, 
          1955,1956,1964,-1, 1947,1962,1961,-1, 1963,1966,1967,-1, 1951,1966,1962,-1, 1962,1966,1963,-1, 1963,1967,1956,-1, 
          1922,1959,1965,-1, 1947,1951,1962,-1, 1953,1966,1951,-1, 1965,1959,1964,-1, 1956,1968,1964,-1, 1946,1951,1934,-1, 
          1953,1969,1966,-1, 1969,1967,1966,-1, 1969,1968,1967,-1, 1968,1956,1967,-1, 1964,1968,1965,-1, 1975,1944,1980,-1, 
          1971,1972,1987,-1, 1974,1985,1970,-1, 1935,1939,1973,-1, 1942,1975,1940,-1, 1936,1935,1976,-1, 1973,1985,1974,-1, 
          1970,1972,1974,-1, 1975,1977,1940,-1, 1978,1979,1993,-1, 1970,1987,1972,-1, 1970,1979,1978,-1, 1945,1981,1980,-1, 
          1982,1983,1981,-1, 1944,1943,1980,-1, 1985,1979,1970,-1, 1974,1976,1973,-1, 1935,1973,1976,-1, 1973,1938,1984,-1, 
          1971,1987,1988,-1, 1989,1971,1988,-1, 1939,1938,1973,-1, 1984,1937,1977,-1, 1970,1978,1987,-1, 1973,1984,1985,-1, 
          1938,1937,1984,-1, 1985,1984,1979,-1, 1979,1977,1993,-1, 1987,1986,1988,-1, 1978,1986,1987,-1, 1990,1989,1991,-1, 
          1988,1991,1989,-1, 1937,1941,1977,-1, 1944,1975,1942,-1, 1978,1994,1986,-1, 1995,1978,1993,-1, 1986,1999,1992,-1, 
          1994,1978,1995,-1, 1988,1992,1991,-1, 1988,1986,1992,-1, 1941,1940,1977,-1, 1984,1977,1979,-1, 1986,1994,1999,-1, 
          1995,1983,1997,-1, 1975,1995,1993,-1, 1994,1995,1998,-1, 1998,1999,1994,-1, 1977,1975,1993,-1, 1980,1983,1975,-1, 
          1995,1997,1998,-1, 1992,1996,1991,-1, 1990,1991,1996,-1, 1981,1983,1980,-1, 1975,1983,1995,-1, 2000,1992,1999,-1, 
          1996,1992,2000,-1, 1945,1980,1943,-1, 1982,2001,1997,-1, 1982,1997,1983,-1, 2001,2002,1998,-1, 2001,1998,1997,-1, 
          2002,2000,1999,-1, 2002,1999,1998,-1, 1953,1946,1969,-1, 1969,1946,1968,-1, 1916,1968,1946,-1, 1968,1916,1911,-1, 
          1968,1911,1965,-1, 1911,1922,1965,-1, 1936,1971,1915,-1, 1912,1989,1990,-1, 1912,1971,1989,-1, 1974,1936,1976,-1, 
          1936,1974,1972,-1, 1971,1936,1972,-1, 1912,1915,1971,-1, 1982,1945,2001,-1, 2001,1945,2002,-1, 1945,1982,1981,-1, 
          2002,1918,2000,-1, 1918,2002,1945,-1, 2000,1918,1912,-1, 1912,1996,2000,-1, 1912,1990,1996,-1, 2003,1897,2004,-1, 
          2004,1897,2005,-1, 1898,2005,1897,-1, 2005,1898,1913,-1, 2005,1913,2006,-1, 1913,2007,2006,-1, 2008,1886,2012,-1, 
          1909,2009,2013,-1, 1908,2009,1909,-1, 1878,1882,2010,-1, 2008,2022,1883,-1, 1879,1878,1908,-1, 2010,2009,1908,-1, 
          2013,1910,1909,-1, 2013,2015,1910,-1, 1902,2014,2012,-1, 1886,1887,2012,-1, 1907,1910,2015,-1, 2021,2015,2011,-1, 
          1878,2010,1908,-1, 2010,1881,2019,-1, 1907,2015,2018,-1, 1882,1881,2010,-1, 1905,1907,2018,-1, 2010,2019,2009,-1, 
          1881,1885,2019,-1, 2022,2019,1884,-1, 2009,2019,2013,-1, 2019,2011,2013,-1, 2016,2015,2021,-1, 2015,2016,2018,-1, 
          1906,1905,2020,-1, 2018,2020,1905,-1, 1885,1884,2019,-1, 2013,2011,2015,-1, 2016,2025,2020,-1, 2018,2016,2020,-1, 
          1884,1883,2022,-1, 2019,2022,2011,-1, 2011,2024,2021,-1, 2022,2023,2011,-1, 2016,2021,2017,-1, 2024,2011,2023,-1, 
          2017,2021,2024,-1, 2016,2017,2025,-1, 2008,2023,2022,-1, 2024,2027,2028,-1, 2012,2027,2023,-1, 2023,2027,2024,-1, 
          2024,2028,2017,-1, 1906,2020,2026,-1, 2008,2012,2023,-1, 2014,2027,2012,-1, 2026,2020,2025,-1, 2017,2029,2025,-1, 
          1902,2012,1887,-1, 2014,2030,2027,-1, 2030,2028,2027,-1, 2030,2029,2028,-1, 2029,2017,2028,-1, 2025,2029,2026,-1, 
          2031,1896,2038,-1, 2033,2034,2039,-1, 2036,2034,2033,-1, 1888,1892,2035,-1, 2031,2049,1893,-1, 1889,1888,2036,-1, 
          2035,2034,2036,-1, 2039,2032,2033,-1, 2039,2040,2032,-1, 1897,2003,2038,-1, 1896,1895,2038,-1, 2041,2032,2040,-1, 
          2048,2040,2037,-1, 1888,2035,2036,-1, 2035,1891,2046,-1, 2041,2040,2044,-1, 1892,1891,2035,-1, 2045,2041,2044,-1, 
          2035,2046,2034,-1, 1891,1890,2046,-1, 2049,2046,1894,-1, 2034,2046,2039,-1, 2046,2037,2039,-1, 2042,2040,2048,-1, 
          2040,2042,2044,-1, 2007,2045,2047,-1, 2044,2047,2045,-1, 1890,1894,2046,-1, 2039,2037,2040,-1, 2042,2052,2047,-1, 
          2044,2042,2047,-1, 1894,1893,2049,-1, 2046,2049,2037,-1, 2037,2051,2048,-1, 2049,2050,2037,-1, 2042,2048,2043,-1, 
          2051,2037,2050,-1, 2043,2048,2051,-1, 2042,2043,2052,-1, 2031,2050,2049,-1, 2051,2053,2054,-1, 2038,2053,2050,-1, 
          2050,2053,2051,-1, 2051,2054,2043,-1, 2007,2047,2006,-1, 2031,2038,2050,-1, 2003,2053,2038,-1, 2006,2047,2052,-1, 
          2043,2005,2052,-1, 1897,2038,1895,-1, 2003,2004,2053,-1, 2004,2054,2053,-1, 2004,2005,2054,-1, 2005,2043,2054,-1, 
          2052,2005,2006,-1, 2014,1902,2030,-1, 2030,1902,2029,-1, 1903,2029,1902,-1, 2029,1903,1904,-1, 2029,1904,2026,-1, 
          1904,1906,2026,-1, 1889,2032,1900,-1, 1913,2045,2007,-1, 2045,1913,2041,-1, 2041,1900,2032,-1, 1889,2033,2032,-1, 
          2036,2033,1889,-1, 1913,1900,2041,-1, 905,2055,908,-1, 895,2056,2057,-1, 2058,908,2055,-1, 2059,896,2060,-1, 
          2061,886,887,-1, 899,2062,2063,-1, 897,2064,898,-1, 902,2065,2066,-1, 2065,902,900,-1, 2067,901,2066,-1, 
          902,2066,901,-1, 2068,901,2067,-1, 2063,2065,900,-1, 2058,2069,890,-1, 890,2069,888,-1, 881,2070,2071,-1, 
          883,888,2072,-1, 2055,905,2073,-1, 2074,904,906,-1, 888,2069,2072,-1, 908,2058,890,-1, 884,2075,2076,-1, 
          2075,884,883,-1, 2077,914,2076,-1, 884,2076,914,-1, 2078,914,2077,-1, 2072,2075,883,-1, 914,2078,2090,-1, 
          2090,916,914,-1, 2073,905,904,-1, 2074,906,2071,-1, 2073,904,2074,-1, 2079,2070,881,-1, 2071,906,881,-1, 
          2079,882,2080,-1, 882,2079,881,-1, 901,2068,882,-1, 2080,882,2068,-1, 898,2062,899,-1, 2063,900,899,-1, 
          897,2059,2064,-1, 898,2064,2062,-1, 896,886,2060,-1, 897,896,2059,-1, 2061,887,2057,-1, 2060,886,2061,-1, 
          2081,2056,895,-1, 2057,887,895,-1, 2082,895,891,-1, 895,2082,2081,-1, 2083,2084,2085,-1, 2080,2086,2087,-1, 
          2088,2083,2085,-1, 2082,2089,2083,-1, 2086,2080,2068,-1, 2082,2086,2081,-1, 2080,2087,2079,-1, 2086,2082,2083,-1, 
          2086,2083,2087,-1, 2087,2090,2078,-1, 2087,2083,2088,-1, 2090,2088,2091,-1, 2092,2088,2085,-1, 2088,2090,2087,-1, 
          2093,2091,2096,-1, 2088,2094,2095,-1, 2088,2095,2096,-1, 2097,2093,2098,-1, 2096,2098,2093,-1, 2088,2096,2091,-1, 
          942,2099,944,-1, 952,2093,2100,-1, 2101,944,2099,-1, 2102,920,2137,-1, 2103,922,925,-1, 927,2104,2105,-1, 
          970,2106,929,-1, 939,2107,2108,-1, 2107,939,933,-1, 2109,938,2108,-1, 939,2108,938,-1, 2092,938,2109,-1, 
          2105,2107,933,-1, 2101,2110,943,-1, 943,2110,946,-1, 940,2111,2112,-1, 945,946,2113,-1, 2099,942,2157,-1, 
          2114,911,910,-1, 946,2110,2113,-1, 944,2101,943,-1, 948,2115,2116,-1, 2115,948,945,-1, 2117,947,2116,-1, 
          948,2116,947,-1, 2089,947,2117,-1, 2113,2115,945,-1, 947,2089,2082,-1, 2082,891,947,-1, 2157,942,911,-1, 
          2114,910,2112,-1, 2157,911,2114,-1, 2084,2111,940,-1, 2112,910,940,-1, 2084,941,2085,-1, 941,2084,940,-1, 
          938,2092,941,-1, 2085,941,2092,-1, 929,2104,927,-1, 2105,933,927,-1, 970,2102,2106,-1, 929,2106,2104,-1, 
          920,922,2137,-1, 970,920,2102,-1, 2103,925,2100,-1, 2137,922,2103,-1, 2091,2093,952,-1, 2100,925,952,-1, 
          2090,952,916,-1, 952,2090,2091,-1, 2119,2120,2117,-1, 2119,2117,2118,-1, 2117,2120,2089,-1, 2120,2121,2089,-1, 
          2121,2122,2083,-1, 2123,2083,2122,-1, 2121,2083,2089,-1, 2111,2084,2125,-1, 2083,2123,2124,-1, 2083,2124,2125,-1, 
          2126,2111,2127,-1, 2125,2127,2111,-1, 2083,2125,2084,-1, 2135,2136,2145,-1, 2131,2132,2135,-1, 2130,2135,2132,-1, 
          2132,2133,2130,-1, 2133,2134,2129,-1, 2108,2139,2134,-1, 2129,2134,2139,-1, 2107,2139,2108,-1, 2129,2130,2133,-1, 
          2134,2109,2108,-1, 2138,2137,2103,-1, 2100,2138,2103,-1, 2097,2138,2093,-1, 2137,2146,2102,-1, 2139,2105,2143,-1, 
          2131,2135,2141,-1, 2107,2105,2139,-1, 2142,2131,2141,-1, 2139,2143,2129,-1, 2105,2104,2143,-1, 2146,2143,2106,-1, 
          2129,2143,2130,-1, 2143,2136,2130,-1, 2128,2135,2145,-1, 2135,2128,2141,-1, 2094,2142,2144,-1, 2141,2144,2142,-1, 
          2104,2106,2143,-1, 2130,2136,2135,-1, 2128,2149,2144,-1, 2141,2128,2144,-1, 2106,2102,2146,-1, 2143,2146,2136,-1, 
          2136,2148,2145,-1, 2146,2147,2136,-1, 2128,2145,2140,-1, 2148,2136,2147,-1, 2140,2145,2148,-1, 2128,2140,2149,-1, 
          2137,2147,2146,-1, 2148,2150,2151,-1, 2138,2150,2147,-1, 2147,2150,2148,-1, 2148,2151,2140,-1, 2094,2144,2095,-1, 
          2137,2138,2147,-1, 2097,2150,2138,-1, 2095,2144,2149,-1, 2140,2096,2149,-1, 2093,2138,2100,-1, 2097,2098,2150,-1, 
          2098,2151,2150,-1, 2098,2096,2151,-1, 2096,2140,2151,-1, 2149,2096,2095,-1, 2155,2156,2164,-1, 2121,2120,2155,-1, 
          2154,2155,2120,-1, 2120,2119,2154,-1, 2119,2118,2153,-1, 2116,2159,2118,-1, 2153,2118,2159,-1, 2115,2159,2116,-1, 
          2153,2154,2119,-1, 2118,2117,2116,-1, 2158,2157,2114,-1, 2112,2158,2114,-1, 2126,2158,2111,-1, 2157,2165,2099,-1, 
          2159,2113,2162,-1, 2121,2155,2161,-1, 2115,2113,2159,-1, 2122,2121,2161,-1, 2159,2162,2153,-1, 2113,2110,2162,-1, 
          2165,2162,2101,-1, 2153,2162,2154,-1, 2162,2156,2154,-1, 2152,2155,2164,-1, 2155,2152,2161,-1, 2123,2122,2163,-1, 
          2161,2163,2122,-1, 2110,2101,2162,-1, 2154,2156,2155,-1, 2152,2168,2163,-1, 2161,2152,2163,-1, 2101,2099,2165,-1, 
          2162,2165,2156,-1, 2156,2167,2164,-1, 2165,2166,2156,-1, 2152,2164,2160,-1, 2167,2156,2166,-1, 2160,2164,2167,-1, 
          2152,2160,2168,-1, 2157,2166,2165,-1, 2167,2169,2170,-1, 2158,2169,2166,-1, 2166,2169,2167,-1, 2167,2170,2160,-1, 
          2123,2163,2124,-1, 2157,2158,2166,-1, 2126,2169,2158,-1, 2124,2163,2168,-1, 2160,2125,2168,-1, 2111,2158,2112,-1, 
          2126,2127,2169,-1, 2127,2170,2169,-1, 2127,2125,2170,-1, 2125,2160,2170,-1, 2168,2125,2124,-1, 2133,2132,2109,-1, 
          2133,2109,2134,-1, 2109,2132,2092,-1, 2132,2131,2092,-1, 2131,2142,2088,-1, 2094,2088,2142,-1, 2131,2088,2092,-1, 
          2056,2081,2173,-1, 2086,2171,2172,-1, 2086,2172,2173,-1, 2174,2175,2056,-1, 2174,2056,2176,-1, 2173,2176,2056,-1, 
          2086,2173,2081,-1, 2193,2195,2178,-1, 2178,2179,2199,-1, 2180,2192,2187,-1, 2186,2194,2181,-1, 2196,2181,2194,-1, 
          2180,2186,2182,-1, 2186,2181,2182,-1, 2182,2177,2180,-1, 2183,2059,2184,-1, 2066,2190,2185,-1, 2192,2177,2190,-1, 
          2065,2190,2066,-1, 2192,2180,2177,-1, 2185,2067,2066,-1, 2179,2187,2200,-1, 2179,2180,2187,-1, 2188,2184,2061,-1, 
          2057,2188,2061,-1, 2175,2188,2056,-1, 2189,2175,2174,-1, 2060,2184,2059,-1, 2177,2185,2190,-1, 2190,2063,2191,-1, 
          2196,2194,2195,-1, 2065,2063,2190,-1, 2191,2062,2183,-1, 2179,2178,2186,-1, 2180,2179,2186,-1, 2194,2186,2178,-1, 
          2197,2196,2195,-1, 2190,2191,2192,-1, 2063,2062,2191,-1, 2192,2191,2187,-1, 2187,2183,2200,-1, 2194,2178,2195,-1, 
          2199,2193,2178,-1, 2171,2197,2198,-1, 2195,2198,2197,-1, 2062,2064,2183,-1, 2061,2184,2060,-1, 2199,2179,2201,-1, 
          2201,2179,2200,-1, 2193,2202,2198,-1, 2195,2193,2198,-1, 2064,2059,2183,-1, 2191,2183,2187,-1, 2193,2199,2202,-1, 
          2201,2189,2203,-1, 2184,2201,2200,-1, 2199,2201,2204,-1, 2204,2202,2199,-1, 2183,2184,2200,-1, 2188,2189,2184,-1, 
          2201,2203,2204,-1, 2171,2198,2172,-1, 2175,2189,2188,-1, 2184,2189,2201,-1, 2172,2198,2202,-1, 2056,2188,2057,-1, 
          2174,2176,2203,-1, 2174,2203,2189,-1, 2176,2173,2204,-1, 2176,2204,2203,-1, 2173,2202,2204,-1, 2202,2173,2172,-1, 
          2215,2217,2216,-1, 2210,2205,2211,-1, 2210,2216,2206,-1, 2210,2206,2207,-1, 2207,2209,2205,-1, 2076,2214,2209,-1, 
          2205,2209,2214,-1, 2075,2214,2076,-1, 2205,2210,2207,-1, 2209,2077,2076,-1, 2223,2211,2224,-1, 2212,2226,2074,-1, 
          2210,2211,2223,-1, 2071,2212,2074,-1, 2213,2212,2070,-1, 2073,2208,2055,-1, 2214,2072,2219,-1, 2206,2216,2218,-1, 
          2218,2216,2217,-1, 2075,2072,2214,-1, 2211,2205,2219,-1, 2220,2218,2217,-1, 2214,2219,2205,-1, 2072,2069,2219,-1, 
          2208,2219,2058,-1, 2216,2210,2223,-1, 2223,2215,2216,-1, 2221,2220,2222,-1, 2217,2222,2220,-1, 2069,2058,2219,-1, 
          2074,2226,2073,-1, 2208,2224,2211,-1, 2215,2228,2222,-1, 2217,2215,2222,-1, 2219,2208,2211,-1, 2058,2055,2208,-1, 
          2215,2223,2225,-1, 2227,2223,2224,-1, 2225,2223,2227,-1, 2215,2225,2228,-1, 2227,2212,2230,-1, 2226,2227,2224,-1, 
          2228,2225,2232,-1, 2225,2227,2231,-1, 2231,2232,2225,-1, 2224,2208,2226,-1, 2073,2226,2208,-1, 2227,2230,2231,-1, 
          2221,2222,2229,-1, 2226,2212,2227,-1, 2229,2222,2228,-1, 2232,2233,2228,-1, 2070,2212,2071,-1, 2213,2234,2230,-1, 
          2213,2230,2212,-1, 2234,2235,2231,-1, 2234,2231,2230,-1, 2235,2233,2232,-1, 2235,2232,2231,-1, 2228,2233,2229,-1, 
          2067,2185,2177,-1, 2177,2182,2067,-1, 2067,2181,2068,-1, 2181,2067,2182,-1, 2181,2196,2068,-1, 2196,2197,2086,-1, 
          2171,2086,2197,-1, 2196,2086,2068,-1, 2070,2079,2235,-1, 2087,2221,2229,-1, 2087,2229,2233,-1, 2233,2235,2079,-1, 
          2213,2070,2234,-1, 2235,2234,2070,-1, 2087,2233,2079,-1, 2207,2077,2209,-1, 2077,2206,2078,-1, 2206,2077,2207,-1, 
          2206,2218,2087,-1, 2218,2220,2087,-1, 2221,2087,2220,-1, 2206,2087,2078,-1, 2236,2237,2238,-1, 2239,2240,2241,-1, 
          2236,2242,2243,-1, 2242,2236,2238,-1, 2242,2244,2243,-1, 2244,2245,2246,-1, 2246,2243,2244,-1, 2247,2245,2248,-1, 
          2245,2247,2246,-1, 2249,2250,2251,-1, 2252,2253,2248,-1, 2254,2241,2255,-1, 2239,2256,2240,-1, 2257,2258,2259,-1, 
          2260,2261,2258,-1, 2261,2260,2254,-1, 2258,2257,2260,-1, 2240,2255,2241,-1, 2255,2261,2254,-1, 2239,2250,2256,-1, 
          2249,2256,2250,-1, 2252,2251,2253,-1, 2252,2249,2251,-1, 2253,2247,2248,-1, 2254,2262,2263,-1, 2241,2254,2263,-1, 
          2262,2254,2260,-1, 2241,2263,2264,-1, 2239,2265,2250,-1, 2239,2264,2265,-1, 2264,2239,2241,-1, 2250,2265,2266,-1, 
          2267,2253,2251,-1, 2266,2267,2251,-1, 2267,2268,2253,-1, 2247,2253,2268,-1, 2266,2251,2250,-1, 2269,2262,2260,-1, 
          2257,2270,2269,-1, 2269,2260,2257,-1, 2270,2259,2271,-1, 2259,2270,2257,-1, 2272,2271,2258,-1, 2259,2258,2271,-1, 
          2261,2273,2272,-1, 2272,2258,2261,-1, 2273,2255,2274,-1, 2255,2273,2261,-1, 2255,2240,2274,-1, 2274,2240,2275,-1, 
          2276,2263,2277,-1, 2275,2284,2274,-1, 2264,2263,2276,-1, 2262,2277,2263,-1, 2278,2277,2262,-1, 2276,2265,2264,-1, 
          2266,2276,2267,-1, 2276,2266,2265,-1, 2279,2267,2276,-1, 2268,2267,2279,-1, 2269,2278,2262,-1, 2269,2270,2278,-1, 
          2278,2270,2271,-1, 2272,2278,2271,-1, 2272,2273,2277,-1, 2277,2278,2272,-1, 2284,2273,2274,-1, 2273,2284,2277,-1, 
          2282,2281,2279,-1, 2283,2282,2279,-1, 2276,2277,2284,-1, 2283,2276,2284,-1, 2283,2279,2276,-1, 2282,2285,2281,-1, 
          2268,2279,2286,-1, 2287,2285,2282,-1, 2288,2281,2285,-1, 2280,2281,2288,-1, 2282,2283,2289,-1, 2282,2289,2287,-1, 
          2289,2283,2290,-1, 2291,2290,2283,-1, 2284,2291,2283,-1, 2275,2291,2284,-1, 2292,2280,2288,-1, 2292,2293,2280,-1, 
          2280,2293,2294,-1, 2295,2280,2294,-1, 2295,2296,2281,-1, 2281,2280,2295,-1, 2279,2296,2286,-1, 2296,2279,2281,-1, 
          2244,2288,2285,-1, 2245,2244,2285,-1, 2288,2244,2242,-1, 2245,2285,2287,-1, 2248,2289,2252,-1, 2248,2287,2289,-1, 
          2287,2248,2245,-1, 2252,2289,2290,-1, 2291,2256,2249,-1, 2290,2291,2249,-1, 2291,2275,2256,-1, 2240,2256,2275,-1, 
          2290,2249,2252,-1, 2292,2288,2242,-1, 2238,2293,2292,-1, 2292,2242,2238,-1, 2293,2237,2294,-1, 2237,2293,2238,-1, 
          2295,2294,2236,-1, 2237,2236,2294,-1, 2243,2296,2295,-1, 2295,2236,2243,-1, 2296,2246,2286,-1, 2246,2296,2243,-1, 
          2246,2247,2286,-1, 2286,2247,2268,-1, 2297,2298,2299,-1, 2300,2301,2302,-1, 2300,2302,2303,-1, 2304,2301,2305,-1, 
          2300,2305,2301,-1, 2304,2306,2299,-1, 2306,2304,2305,-1, 2307,2308,2298,-1, 2299,2306,2297,-1, 2309,2310,2311,-1, 
          2312,2313,2314,-1, 2315,2316,2317,-1, 2318,2319,2320,-1, 2321,2322,2318,-1, 2322,2321,2312,-1, 2319,2318,2322,-1, 
          2313,2312,2321,-1, 2314,2316,2315,-1, 2313,2316,2314,-1, 2317,2310,2309,-1, 2317,2309,2315,-1, 2308,2307,2311,-1, 
          2308,2311,2310,-1, 2307,2298,2297,-1, 2323,2301,2304,-1, 2301,2324,2302,-1, 2324,2301,2323,-1, 2303,2302,2325,-1, 
          2324,2325,2302,-1, 2326,2300,2303,-1, 2303,2325,2326,-1, 2300,2327,2305,-1, 2327,2300,2326,-1, 2306,2305,2328,-1, 
          2327,2328,2305,-1, 2329,2297,2306,-1, 2306,2328,2329,-1, 2323,2304,2330,-1, 2299,2331,2330,-1, 2330,2304,2299,-1, 
          2331,2298,2332,-1, 2298,2331,2299,-1, 2333,2332,2308,-1, 2298,2308,2332,-1, 2310,2334,2333,-1, 2333,2308,2310,-1, 
          2334,2317,2335,-1, 2317,2334,2310,-1, 2317,2316,2335,-1, 2335,2316,2336,-1, 2324,2323,2337,-1, 2336,2344,2335,-1, 
          2325,2324,2337,-1, 2337,2323,2339,-1, 2326,2337,2327,-1, 2327,2338,2328,-1, 2337,2338,2327,-1, 2337,2326,2325,-1, 
          2338,2329,2328,-1, 2323,2330,2339,-1, 2330,2331,2339,-1, 2340,2331,2332,-1, 2331,2340,2339,-1, 2333,2341,2332,-1, 
          2340,2332,2341,-1, 2333,2334,2341,-1, 2344,2334,2335,-1, 2334,2344,2341,-1, 2338,2339,2340,-1, 2338,2337,2339,-1, 
          2343,2340,2341,-1, 2342,2343,2341,-1, 2342,2344,2345,-1, 2344,2342,2341,-1, 2343,2338,2340,-1, 2329,2338,2348,-1, 
          2349,2347,2346,-1, 2350,2346,2347,-1, 2345,2346,2350,-1, 2346,2351,2349,-1, 2352,2346,2345,-1, 2351,2346,2352,-1, 
          2353,2352,2345,-1, 2344,2353,2345,-1, 2336,2353,2344,-1, 2354,2345,2350,-1, 2354,2355,2342,-1, 2342,2345,2354,-1, 
          2342,2355,2356,-1, 2357,2342,2356,-1, 2357,2358,2343,-1, 2343,2342,2357,-1, 2343,2358,2348,-1, 2343,2348,2338,-1, 
          2350,2322,2312,-1, 2322,2347,2319,-1, 2347,2322,2350,-1, 2320,2319,2349,-1, 2347,2349,2319,-1, 2351,2318,2320,-1, 
          2320,2349,2351,-1, 2318,2352,2321,-1, 2352,2318,2351,-1, 2313,2321,2353,-1, 2352,2353,2321,-1, 2336,2316,2313,-1, 
          2313,2353,2336,-1, 2350,2312,2354,-1, 2314,2355,2354,-1, 2354,2312,2314,-1, 2355,2315,2356,-1, 2315,2355,2314,-1, 
          2357,2356,2309,-1, 2315,2309,2356,-1, 2311,2358,2357,-1, 2357,2309,2311,-1, 2358,2307,2348,-1, 2307,2358,2311,-1, 
          2307,2297,2348,-1, 2348,2297,2329,-1, 441,442,508,-1, 510,441,508,-1, 510,508,445,-1, 510,445,446,-1, 
          510,446,461,-1, 510,461,459,-1, 510,459,458,-1, 512,510,458,-1, 512,458,460,-1, 512,460,506,-1, 
          512,506,504,-1, 512,504,525,-1, 511,512,525,-1, 509,511,525,-1, 505,509,525,-1, 440,505,525,-1, 
          438,440,525,-1, 444,438,525,-1, 455,444,525,-1, 501,455,525,-1, 453,501,525,-1, 503,453,525,-1, 
          498,503,525,-1, 499,498,525,-1, 491,499,525,-1, 492,491,525,-1, 492,525,523,-1, 494,492,523,-1, 
          486,494,523,-1, 488,486,523,-1, 489,488,523,-1, 514,489,523,-1, 514,523,524,-1, 514,524,521,-1, 
          514,521,522,-1, 514,522,519,-1, 514,519,520,-1, 484,514,520,-1, 484,520,517,-1, 484,517,518,-1, 
          484,518,515,-1, 516,484,515,-1, 466,467,454,-1, 466,454,462,-1, 469,466,462,-1, 468,469,462,-1, 
          471,468,462,-1, 470,471,462,-1, 464,470,462,-1, 464,462,450,-1, 465,464,450,-1, 472,465,450,-1, 
          473,472,450,-1, 474,473,450,-1, 474,450,449,-1, 474,449,463,-1, 474,463,507,-1, 474,507,457,-1, 
          474,457,439,-1, 474,439,443,-1, 474,443,456,-1, 474,456,502,-1, 474,502,452,-1, 474,452,451,-1, 
          474,451,497,-1, 474,497,496,-1, 474,496,500,-1, 476,474,500,-1, 476,500,493,-1, 475,476,493,-1, 
          447,475,493,-1, 448,447,493,-1, 480,448,493,-1, 479,480,493,-1, 479,493,495,-1, 479,495,485,-1, 
          479,485,487,-1, 479,487,490,-1, 479,490,513,-1, 482,479,513,-1, 482,513,483,-1, 482,483,478,-1, 
          482,478,477,-1, 481,482,477,-1, 902,900,899,-1, 901,902,899,-1, 901,899,898,-1, 901,898,897,-1, 
          901,897,896,-1, 901,896,886,-1, 901,886,887,-1, 882,901,887,-1, 882,887,895,-1, 882,895,891,-1, 
          882,891,947,-1, 882,947,948,-1, 881,882,948,-1, 906,881,948,-1, 904,906,948,-1, 905,904,948,-1, 
          908,905,948,-1, 890,908,948,-1, 888,890,948,-1, 883,888,948,-1, 884,883,948,-1, 914,884,948,-1, 
          916,914,948,-1, 952,916,948,-1, 925,952,948,-1, 922,925,948,-1, 922,948,945,-1, 920,922,945,-1, 
          970,920,945,-1, 929,970,945,-1, 927,929,945,-1, 933,927,945,-1, 933,945,946,-1, 933,946,943,-1, 
          933,943,944,-1, 933,944,942,-1, 933,942,911,-1, 939,933,911,-1, 939,911,910,-1, 939,910,940,-1, 
          939,940,941,-1, 938,939,941,-1, 960,957,958,-1, 960,958,955,-1, 959,960,955,-1, 962,959,955,-1, 
          961,962,955,-1, 964,961,955,-1, 963,964,955,-1, 963,955,956,-1, 949,963,956,-1, 950,949,956,-1, 
          966,950,956,-1, 965,966,956,-1, 965,956,918,-1, 965,918,954,-1, 965,954,953,-1, 965,953,903,-1, 
          965,903,909,-1, 965,909,907,-1, 965,907,889,-1, 965,889,913,-1, 965,913,885,-1, 965,885,915,-1, 
          965,915,917,-1, 965,917,951,-1, 965,951,924,-1, 931,965,924,-1, 931,924,923,-1, 932,931,923,-1, 
          936,932,923,-1, 937,936,923,-1, 934,937,923,-1, 935,934,923,-1, 935,923,921,-1, 935,921,971,-1, 
          935,971,930,-1, 935,930,926,-1, 935,926,928,-1, 969,935,928,-1, 969,928,967,-1, 969,967,892,-1, 
          969,892,894,-1, 968,969,894,-1, 506,460,458,-1, 504,506,458,-1, 525,504,458,-1, 523,525,458,-1, 
          524,523,458,-1, 521,524,458,-1, 522,521,458,-1, 519,522,458,-1, 520,519,458,-1, 520,458,459,-1, 
          520,459,461,-1, 520,461,446,-1, 520,446,445,-1, 520,445,508,-1, 453,503,498,-1, 453,498,499,-1, 
          453,499,491,-1, 501,453,491,-1, 455,501,491,-1, 444,455,491,-1, 438,444,491,-1, 440,438,491,-1, 
          505,440,491,-1, 505,491,492,-1, 505,492,494,-1, 505,494,486,-1, 505,486,488,-1, 505,488,489,-1, 
          514,484,516,-1, 514,516,515,-1, 514,515,518,-1, 514,518,517,-1, 442,441,510,-1, 442,510,512,-1, 
          442,512,511,-1, 442,511,509,-1, 517,520,508,-1, 514,517,508,-1, 489,514,508,-1, 505,489,508,-1, 
          505,508,442,-1, 505,442,509,-1, 464,465,472,-1, 464,472,473,-1, 464,473,474,-1, 470,464,474,-1, 
          471,470,474,-1, 468,471,474,-1, 469,468,474,-1, 466,469,474,-1, 467,466,474,-1, 467,474,476,-1, 
          467,476,475,-1, 467,475,447,-1, 467,447,448,-1, 467,448,480,-1, 497,451,452,-1, 496,497,452,-1, 
          500,496,452,-1, 493,500,452,-1, 495,493,452,-1, 485,495,452,-1, 487,485,452,-1, 490,487,452,-1, 
          513,490,452,-1, 513,452,502,-1, 513,502,456,-1, 513,456,443,-1, 513,443,439,-1, 513,439,457,-1, 
          479,482,481,-1, 479,481,477,-1, 479,477,478,-1, 479,478,483,-1, 507,463,449,-1, 507,449,450,-1, 
          507,450,462,-1, 507,462,454,-1, 454,467,480,-1, 507,454,480,-1, 457,507,480,-1, 513,457,480,-1, 
          513,480,479,-1, 513,479,483,-1, 951,917,915,-1, 951,915,885,-1, 924,951,885,-1, 923,924,885,-1, 
          921,923,885,-1, 971,921,885,-1, 930,971,885,-1, 926,930,885,-1, 928,926,885,-1, 967,928,885,-1, 
          892,967,885,-1, 894,892,885,-1, 968,894,885,-1, 968,885,913,-1, 968,913,889,-1, 968,889,907,-1, 
          968,907,909,-1, 968,909,903,-1, 968,903,953,-1, 968,953,954,-1, 968,954,918,-1, 968,918,956,-1, 
          968,956,955,-1, 969,968,955,-1, 969,955,958,-1, 935,969,958,-1, 934,935,958,-1, 937,934,958,-1, 
          936,937,958,-1, 932,936,958,-1, 931,932,958,-1, 931,958,957,-1, 931,957,960,-1, 931,960,959,-1, 
          931,959,962,-1, 931,962,961,-1, 931,961,964,-1, 965,931,964,-1, 966,965,964,-1, 950,966,964,-1, 
          949,950,964,-1, 949,964,963,-1, 914,916,952,-1, 884,914,952,-1, 884,952,925,-1, 884,925,922,-1, 
          884,922,920,-1, 884,920,970,-1, 884,970,929,-1, 884,929,927,-1, 884,927,933,-1, 884,933,939,-1, 
          884,939,938,-1, 884,938,941,-1, 884,941,940,-1, 883,884,940,-1, 888,883,940,-1, 890,888,940,-1, 
          908,890,940,-1, 905,908,940,-1, 904,905,940,-1, 906,904,940,-1, 881,906,940,-1, 882,881,940,-1, 
          901,882,940,-1, 902,901,940,-1, 902,940,910,-1, 900,902,910,-1, 899,900,910,-1, 898,899,910,-1, 
          897,898,910,-1, 896,897,910,-1, 886,896,910,-1, 886,910,911,-1, 886,911,942,-1, 886,942,944,-1, 
          886,944,943,-1, 886,943,946,-1, 886,946,945,-1, 887,886,945,-1, 895,887,945,-1, 891,895,945,-1, 
          947,891,945,-1, 947,945,948,-1
        ]
      }
      appearance Appearance
      {
        material Material
        {
	       ambientIntensity 0.2
	       diffuseColor 0.9 0.9 0.9
	       specularColor .1 .1 .1
	       shininess .5
        }
      }
    }
  ]
}
