#VRML V2.0 utf8

# Generated by VCGLIB, (C)Copyright 1999-2001 VCG, IEI-CNR

NavigationInfo {
	type [ "EXAMINE", "ANY" ]
}
Transform {
  scale 1 1 1
  translation 0 0 0
  children
  [
    Shape
    {
      geometry IndexedFaceSet
      {
        creaseAngle .5
        solid FALSE
        coord Coordinate
        {
          point
          [
            23.4685 5.99614 -2.62404, 23.5123 5.9912 -2.62404, 23.5539 5.97664 -2.62404, 23.5468 5.97673 -2.65566, 
            23.5912 5.95319 -2.62403, 23.6224 5.92203 -2.62404, 23.6458 5.8847 -2.62404, 23.6414 5.8847 -2.66351, 
            23.4685 5.60244 -2.62404, 23.4472 5.6215 -2.70732, 23.5518 5.62193 -2.64305, 23.5539 5.62193 -2.62404, 
            23.5123 5.60737 -2.62405, 23.6185 5.67655 -2.65829, 23.5881 5.64538 -2.65135, 23.5912 5.64538 -2.62404, 
            23.5663 5.62974 -2.62404, 23.6414 5.71388 -2.66351, 23.638 5.70145 -2.62404, 23.6224 5.67656 -2.62405, 
            23.5067 5.60728 -2.64807, 23.5401 5.62176 -2.67087, 23.5718 5.64491 -2.69066, 23.5984 5.67573 -2.70714, 
            23.6072 5.71388 -2.73462, 23.6283 5.71388 -2.70099, 23.6185 5.75549 -2.7437, 23.6414 5.75549 -2.70731, 
            23.6224 5.79929 -2.74678, 23.6458 5.79929 -2.70945, 23.6185 5.84309 -2.7437, 23.6414 5.84309 -2.70731, 
            23.6556 5.75549 -2.66675, 23.6604 5.79929 -2.66785, 23.6556 5.84309 -2.66675, 23.658 5.85001 -2.62404, 
            23.6604 5.84309 -2.62404, 23.6653 5.79929 -2.62404, 23.6604 5.75548 -2.62404, 23.6458 5.71388 -2.62404, 
            23.6283 5.8847 -2.70099, 23.6072 5.8847 -2.73462, 23.614 5.92341 -2.67379, 23.5888 5.92202 -2.72, 
            23.5843 5.95402 -2.66355, 23.5644 5.95319 -2.70057, 23.451 5.99197 -2.66581, 23.4837 5.95367 -2.74599, 
            23.487 5.92284 -2.77713, 23.508 5.8847 -2.79695, 23.4685 5.8847 -2.8014, 23.5112 5.84309 -2.81115, 
            23.4685 5.84309 -2.81596, 23.5123 5.79929 -2.81596, 23.4685 5.79929 -2.82089, 23.5112 5.75549 -2.81115, 
            23.4685 5.75549 -2.81596, 23.508 5.71388 -2.79695, 23.4685 5.71388 -2.8014, 23.5027 5.67655 -2.77409, 
            23.4685 5.67655 -2.77795, 23.4808 5.6449 -2.74632, 23.5038 5.99144 -2.65159, 23.5136 5.97664 -2.69591, 
            23.5351 5.95367 -2.72732, 23.5353 5.92202 -2.76271, 23.5454 5.8847 -2.78383, 23.5518 5.84309 -2.79695, 
            23.5539 5.79929 -2.8014, 23.5518 5.75549 -2.79695, 23.5454 5.71388 -2.78383, 23.5353 5.67655 -2.76271, 
            23.5217 5.64538 -2.73462, 23.5644 5.92202 -2.74437, 23.5791 5.8847 -2.76271, 23.5881 5.84309 -2.77409, 
            23.5912 5.79929 -2.77795, 23.5881 5.75549 -2.77409, 23.5791 5.71388 -2.76271, 23.5644 5.67655 -2.74437, 
            23.545 5.64538 -2.72, 23.5038 5.6215 -2.7024, 23.6653 5.79929 0.919264, 23.6604 5.83472 0.942265, 
            23.6604 5.84309 0.919264, 23.658 5.85001 0.919264, 23.6458 5.8847 0.919264, 23.6458 5.88256 0.93827, 
            23.638 5.89713 0.919264, 23.6224 5.92202 0.919267, 23.5912 5.95319 0.91927, 23.5539 5.97664 0.919264, 
            23.5539 5.9722 0.95873, 23.2766 5.84309 0.919264, 23.2716 5.79929 0.919264, 23.2911 5.88256 0.93827, 
            23.2911 5.8847 0.919264, 23.279 5.85001 0.919264, 23.3458 5.94933 0.953511, 23.3146 5.91895 0.946575, 
            23.3146 5.92202 0.919264, 23.2989 5.89713 0.919264, 23.3831 5.9722 0.95873, 23.3457 5.95319 0.919266, 
            23.2766 5.83953 0.938638, 23.2911 5.8593 0.979279, 23.2911 5.87624 0.956322, 23.3141 5.88515 1.00719, 
            23.3146 5.90987 0.972517, 23.3449 5.90744 1.02918, 23.3458 5.93795 0.986041, 23.3831 5.93795 1.02984, 
            23.3831 5.95908 0.996216, 23.4247 5.94933 1.03892, 23.4247 5.9722 1.00253, 23.4685 5.95319 1.042, 
            23.4685 5.97664 1.00467, 23.5123 5.94933 1.03892, 23.5123 5.9722 1.00253, 23.4247 5.98639 0.961969, 
            23.4685 5.9912 0.963068, 23.5123 5.98639 0.961969, 23.5123 5.9912 0.919262, 23.4685 5.99614 0.919264, 
            23.4247 5.9912 0.919264, 23.3831 5.97664 0.919264, 23.5539 5.95908 0.996216, 23.5539 5.93795 1.02984, 
            23.5926 5.94476 0.969006, 23.5912 5.91961 1.01522, 23.6232 5.91515 0.958772, 23.6224 5.89525 0.995788, 
            23.6463 5.86783 0.971108, 23.6604 5.80172 0.962244, 23.6459 5.79929 1.0056, 23.6224 5.83957 1.03438, 
            23.6224 5.79929 1.042, 23.592 5.85139 1.0644, 23.5912 5.79929 1.07317, 23.5539 5.83875 1.09217, 
            23.5539 5.79929 1.09662, 23.5123 5.84199 1.10637, 23.5123 5.79929 1.11118, 23.4685 5.84309 1.11118, 
            23.4685 5.79929 1.11611, 23.4247 5.84199 1.10637, 23.4247 5.79929 1.11118, 23.3831 5.83875 1.09217, 
            23.3831 5.79929 1.09662, 23.3458 5.83354 1.06931, 23.3458 5.79929 1.07317, 23.3122 5.79937 1.04087, 
            23.2906 5.79929 1.0049, 23.6458 5.83635 0.996216, 23.5539 5.87624 1.07906, 23.5123 5.88256 1.09217, 
            23.4685 5.8847 1.09662, 23.4247 5.88256 1.09217, 23.3831 5.87624 1.07906, 23.3458 5.86606 1.05793, 
            23.3146 5.85254 1.02984, 23.2911 5.83635 0.996216, 23.6224 5.87581 1.01522, 23.5912 5.89525 1.03959, 
            23.5539 5.90987 1.05793, 23.5123 5.91895 1.06931, 23.4685 5.92202 1.07317, 23.4247 5.91895 1.06931, 
            23.3831 5.90987 1.05793, 23.2766 5.8266 0.953511, 23.4306 5.60724 -2.64726, 23.4247 5.60737 -2.62404, 
            23.3831 5.62193 -2.62404, 23.3912 5.62128 -2.66021, 23.3458 5.64538 -2.62405, 23.3146 5.67655 -2.62404, 
            23.2911 5.71388 -2.62404, 23.2956 5.71388 -2.66351, 23.3852 5.97664 -2.64305, 23.3831 5.97664 -2.62404, 
            23.4247 5.99121 -2.62979, 23.3184 5.92202 -2.65829, 23.3488 5.95319 -2.65135, 23.3458 5.95319 -2.62405, 
            23.2956 5.8847 -2.66351, 23.2989 5.89713 -2.62404, 23.3146 5.92202 -2.62404, 23.4166 5.97708 -2.69259, 
            23.3915 5.97664 -2.6611, 23.3725 5.95319 -2.70057, 23.3579 5.95319 -2.6773, 23.3482 5.92202 -2.72, 
            23.3298 5.92202 -2.69082, 23.3298 5.8847 -2.73462, 23.3087 5.8847 -2.70099, 23.3184 5.84309 -2.7437, 
            23.2956 5.84309 -2.70731, 23.3146 5.79929 -2.74678, 23.2911 5.79929 -2.70945, 23.3184 5.75549 -2.7437, 
            23.2956 5.75549 -2.70731, 23.2814 5.84309 -2.66675, 23.2766 5.79929 -2.66785, 23.2814 5.75549 -2.66675, 
            23.279 5.74857 -2.62404, 23.2766 5.75549 -2.62404, 23.2716 5.79929 -2.62404, 23.2766 5.84309 -2.62404, 
            23.279 5.85001 -2.62404, 23.2911 5.8847 -2.62404, 23.3087 5.71388 -2.70099, 23.3298 5.71388 -2.73462, 
            23.323 5.67517 -2.67379, 23.3482 5.67655 -2.72, 23.3526 5.64456 -2.66354, 23.3725 5.64538 -2.70057, 
            23.4412 5.64538 -2.7437, 23.4342 5.67655 -2.77409, 23.429 5.71388 -2.79695, 23.4258 5.75549 -2.81115, 
            23.4247 5.79929 -2.81596, 23.4258 5.84309 -2.81115, 23.429 5.8847 -2.79695, 23.4342 5.92202 -2.77409, 
            23.4707 5.97708 -2.70996, 23.4663 5.60714 -2.6691, 23.4019 5.64491 -2.72731, 23.3854 5.67573 -2.75394, 
            23.3915 5.71388 -2.78383, 23.3852 5.75549 -2.79695, 23.3831 5.79929 -2.8014, 23.3852 5.84309 -2.79695, 
            23.3915 5.8847 -2.78383, 23.4017 5.92202 -2.76271, 23.4293 5.95367 -2.74052, 23.4152 5.62193 -2.69082, 
            23.3579 5.71388 -2.76271, 23.3488 5.75549 -2.77409, 23.3458 5.79929 -2.77795, 23.3488 5.84309 -2.77409, 
            23.3579 5.8847 -2.76271, 23.3725 5.92202 -2.74437, 23.392 5.95319 -2.72, 23.2765 5.75778 0.933347, 
            23.2766 5.75549 0.919264, 23.279 5.74857 0.919264, 23.2911 5.71388 0.919264, 23.2911 5.71602 0.93827, 
            23.3146 5.67655 0.919259, 23.3458 5.64538 0.919264, 23.3458 5.64924 0.953511, 23.3706 5.62974 0.919264, 
            23.3831 5.62193 0.919264, 23.3831 5.62638 0.95873, 23.6604 5.75658 0.929011, 23.6458 5.71602 0.93827, 
            23.6458 5.71388 0.919264, 23.6603 5.75449 0.932592, 23.5912 5.64924 0.953511, 23.6224 5.67963 0.946575, 
            23.6224 5.67655 0.919267, 23.638 5.70145 0.919264, 23.5539 5.62638 0.95873, 23.5663 5.62974 0.919264, 
            23.5912 5.64538 0.919264, 23.6458 5.72234 0.956322, 23.6224 5.70333 0.995788, 23.6224 5.68871 0.972517, 
            23.5912 5.67896 1.01522, 23.5912 5.66063 0.986041, 23.5539 5.66063 1.02984, 23.5539 5.6395 0.996217, 
            23.5123 5.64924 1.03892, 23.5123 5.62638 1.00253, 23.4685 5.64538 1.042, 23.4685 5.62193 1.00467, 
            23.4247 5.64924 1.03892, 23.4247 5.62638 1.00253, 23.5123 5.61218 0.96197, 23.4685 5.60737 0.963068, 
            23.4247 5.61218 0.96197, 23.4237 5.60753 0.918485, 23.4685 5.60244 0.919264, 23.5123 5.60737 0.919266, 
            23.5539 5.62193 0.919264, 23.3831 5.6395 0.996217, 23.3831 5.66063 1.02984, 23.3458 5.66063 0.986041, 
            23.3138 5.68343 0.958782, 23.2911 5.72742 0.964419, 23.3141 5.75733 1.03478, 23.3146 5.79929 1.042, 
            23.3458 5.76504 1.06931, 23.3458 5.79929 1.07317, 23.3831 5.75982 1.09217, 23.3831 5.79929 1.09662, 
            23.4247 5.75658 1.10637, 23.4247 5.79929 1.11118, 23.4685 5.75549 1.11118, 23.5123 5.75658 1.10637, 
            23.5123 5.79929 1.11118, 23.5539 5.75982 1.09217, 23.5539 5.79929 1.09662, 23.5912 5.79929 1.07317, 
            23.6224 5.79929 1.042, 23.6458 5.78028 1.00253, 23.2911 5.75413 0.991129, 23.3458 5.73251 1.05793, 
            23.3831 5.72234 1.07906, 23.4247 5.71602 1.09217, 23.4685 5.71388 1.09662, 23.5123 5.71602 1.09217, 
            23.5539 5.72234 1.07906, 23.592 5.74953 1.06522, 23.6224 5.75901 1.03438, 23.6463 5.74744 0.987808, 
            23.6605 5.76918 0.952322, 23.2758 5.78692 0.962824, 23.3141 5.71136 1.00512, 23.3449 5.68937 1.02742, 
            23.3831 5.68871 1.05793, 23.4247 5.67963 1.06931, 23.4685 5.67655 1.07317, 23.5123 5.67963 1.06931, 
            23.5539 5.68871 1.05793, 23.5912 5.70333 1.03959, 23.6224 5.72276 1.01522, 23.6586 5.85024 -1.3642, 
            23.639 5.89771 -1.3642, 23.6077 5.93848 -1.3642, 23.5669 5.96977 -1.3642, 23.5194 5.98943 -1.3642, 
            23.4685 5.99614 -1.3642, 23.4175 5.98943 -1.3642, 23.3701 5.96977 -1.3642, 23.3293 5.93848 -1.3642, 
            23.298 5.89771 -1.3642, 23.2783 5.85024 -1.3642, 23.2716 5.79929 -1.3642, 23.2783 5.74834 -1.3642, 
            23.298 5.70086 -1.3642, 23.3293 5.66009 -1.3642, 23.3701 5.62881 -1.3642, 23.4175 5.60915 -1.3642, 
            23.4685 5.60244 -1.3642, 23.5194 5.60915 -1.3642, 23.5669 5.62881 -1.3642, 23.6077 5.66009 -1.3642, 
            23.639 5.70086 -1.3642, 23.6586 5.74834 -1.3642, 23.6653 5.79929 -1.3642, 23.4175 5.60915 0.210603, 
            23.639 5.89771 0.210603, 23.6586 5.85024 0.210603, 23.6077 5.93848 0.210603, 23.5669 5.96977 0.210603, 
            23.5194 5.98943 0.210603, 23.4685 5.99614 0.210603, 23.4175 5.98943 0.210603, 23.3701 5.96977 0.210603, 
            23.3293 5.93848 0.210603, 23.298 5.89771 0.210603, 23.2783 5.85024 0.210603, 23.2716 5.79929 0.210603, 
            23.2783 5.74834 0.210603, 23.298 5.70086 0.210603, 23.3293 5.66009 0.210603, 23.3701 5.62881 0.210603, 
            23.4685 5.60244 0.210603, 23.5194 5.60915 0.210603, 23.5669 5.62881 0.210603, 23.6077 5.66009 0.210603, 
            23.639 5.70086 0.210603, 23.6586 5.74834 0.210603, 23.6653 5.79929 0.210603, 23.7763 5.55382 -1.3642, 
            23.714 5.49148 -1.3642, 23.6393 5.44458 -1.3642, 23.5561 5.41546 -1.3642, 23.4685 5.40559 -1.3642, 
            23.3809 5.41546 -1.3642, 23.2977 5.44458 -1.3642, 23.1607 6.04476 -1.3642, 23.223 6.1071 -1.3642, 
            23.2977 6.154 -1.3642, 23.3809 6.18312 -1.3642, 23.4685 6.19299 -1.3642, 23.5561 6.18312 -1.3642, 
            23.6393 6.154 -1.3642, 23.223 5.49148 -1.3642, 23.1607 5.55382 -1.3642, 23.1138 5.62847 -1.3642, 
            23.0847 5.71168 -1.3642, 23.0748 5.79929 -1.3642, 23.0847 5.88689 -1.3642, 23.1138 5.97011 -1.3642, 
            23.714 6.1071 -1.3642, 23.7763 6.04476 -1.3642, 23.8232 5.97011 -1.3642, 23.8523 5.88689 -1.3642, 
            23.8622 5.79929 -1.3642, 23.8523 5.71168 -1.3642, 23.8232 5.62847 -1.3642, 23.1607 5.55382 0.210603, 
            23.223 5.49148 0.210603, 23.2977 5.44458 0.210603, 23.3809 5.41546 0.210603, 23.4685 5.40559 0.210603, 
            23.5561 5.41546 0.210603, 23.6393 5.44458 0.210603, 23.714 5.49148 0.210603, 23.7763 5.55382 0.210603, 
            23.8232 5.62847 0.210603, 23.8523 5.71168 0.210603, 23.8622 5.79929 0.210603, 23.8523 5.88689 0.210603, 
            23.8232 5.97011 0.210603, 23.7763 6.04476 0.210603, 23.714 6.1071 0.210603, 23.6393 6.154 0.210603, 
            23.5561 6.18312 0.210603, 23.4685 6.19299 0.210603, 23.3809 6.18312 0.210603, 23.2977 6.154 0.210603, 
            23.223 6.1071 0.210603, 23.1607 6.04476 0.210603, 23.1138 5.97011 0.210603, 23.0847 5.88689 0.210603, 
            23.0748 5.79929 0.210603, 23.0847 5.71168 0.210603, 23.1138 5.62847 0.210603, 23.4685 4.49614 -2.62404, 
            23.5123 4.4912 -2.62402, 23.5414 4.47785 -2.66859, 23.5539 4.47664 -2.62404, 23.5912 4.45319 -2.62404, 
            23.5881 4.45319 -2.65135, 23.6224 4.42203 -2.62404, 23.638 4.39713 -2.62404, 23.6458 4.3847 -2.62404, 
            23.6414 4.3847 -2.66351, 23.4685 4.10244 -2.62404, 23.4855 4.1215 -2.70829, 23.5539 4.12193 -2.62404, 
            23.5123 4.10737 -2.62403, 23.6185 4.17655 -2.65829, 23.5851 4.14565 -2.66574, 23.5912 4.14538 -2.62404, 
            23.6414 4.21388 -2.66351, 23.6224 4.17656 -2.62404, 23.5067 4.10728 -2.64806, 23.547 4.12198 -2.66186, 
            23.5644 4.14538 -2.70057, 23.5888 4.17655 -2.72, 23.6072 4.17655 -2.69082, 23.6072 4.21388 -2.73462, 
            23.6283 4.21388 -2.70099, 23.6185 4.25548 -2.7437, 23.6414 4.25548 -2.70731, 23.6224 4.29929 -2.74678, 
            23.6458 4.29929 -2.70945, 23.6185 4.34309 -2.7437, 23.6414 4.34309 -2.70731, 23.6556 4.25548 -2.66675, 
            23.6604 4.29929 -2.66785, 23.6556 4.34309 -2.66675, 23.658 4.35001 -2.62404, 23.6604 4.34309 -2.62404, 
            23.6653 4.29929 -2.62404, 23.6604 4.25548 -2.62404, 23.658 4.24857 -2.62404, 23.6458 4.21388 -2.62404, 
            23.6283 4.3847 -2.70099, 23.6072 4.3847 -2.73462, 23.614 4.4234 -2.67379, 23.5888 4.42202 -2.72, 
            23.5718 4.45319 -2.68893, 23.4982 4.47682 -2.7043, 23.4837 4.45367 -2.746, 23.5027 4.42202 -2.77409, 
            23.4685 4.42202 -2.77795, 23.508 4.3847 -2.79695, 23.4685 4.3847 -2.8014, 23.5112 4.34309 -2.81115, 
            23.4685 4.34309 -2.81596, 23.5123 4.29929 -2.81596, 23.4685 4.29929 -2.82089, 23.5112 4.25548 -2.81115, 
            23.4685 4.25548 -2.81596, 23.508 4.21388 -2.79695, 23.4685 4.21388 -2.8014, 23.4845 4.17573 -2.77741, 
            23.4808 4.1449 -2.74632, 23.5217 4.45319 -2.73462, 23.5353 4.42202 -2.76271, 23.5454 4.3847 -2.78383, 
            23.5518 4.34309 -2.79695, 23.5539 4.29929 -2.8014, 23.5518 4.25548 -2.79695, 23.5454 4.21388 -2.78383, 
            23.5353 4.17655 -2.76271, 23.5217 4.14538 -2.73462, 23.4714 4.10726 -2.66866, 23.5064 4.49133 -2.64726, 
            23.545 4.45319 -2.72, 23.5644 4.42202 -2.74437, 23.5791 4.3847 -2.76271, 23.5881 4.34309 -2.77409, 
            23.5912 4.29929 -2.77795, 23.5881 4.25548 -2.77409, 23.5791 4.21388 -2.76271, 23.5644 4.17655 -2.74437, 
            23.545 4.14538 -2.72, 23.5217 4.12193 -2.69082, 23.6653 4.29929 0.919264, 23.6604 4.3329 0.94573, 
            23.6604 4.34309 0.919264, 23.658 4.35001 0.919264, 23.6458 4.3847 0.919264, 23.6465 4.37662 0.955428, 
            23.638 4.39713 0.919264, 23.6224 4.42202 0.919257, 23.5912 4.45319 0.919264, 23.5663 4.46883 0.919264, 
            23.5539 4.47664 0.919264, 23.5539 4.4722 0.95873, 23.2766 4.34199 0.929011, 23.2766 4.34309 0.919264, 
            23.2716 4.29929 0.919264, 23.2763 4.2993 0.963851, 23.2911 4.38256 0.93827, 23.2911 4.3847 0.919264, 
            23.279 4.35001 0.919264, 23.3458 4.44933 0.953511, 23.3146 4.41894 0.946575, 23.3146 4.42203 0.919264, 
            23.3831 4.4722 0.95873, 23.3706 4.46883 0.919264, 23.3458 4.45319 0.919264, 23.2765 4.33273 0.948296, 
            23.2911 4.3593 0.979279, 23.2911 4.37624 0.956322, 23.3141 4.38515 1.00719, 23.3146 4.40987 0.972517, 
            23.3449 4.40744 1.02918, 23.3458 4.43795 0.986041, 23.3831 4.43795 1.02984, 23.3831 4.45908 0.996216, 
            23.4247 4.44933 1.03892, 23.4247 4.4722 1.00253, 23.4685 4.45319 1.042, 23.4685 4.47664 1.00467, 
            23.5123 4.44933 1.03892, 23.5123 4.4722 1.00253, 23.4247 4.48639 0.961969, 23.4685 4.4912 0.963068, 
            23.5123 4.48639 0.961969, 23.5123 4.4912 0.919264, 23.4685 4.49614 0.919264, 23.4247 4.4912 0.919265, 
            23.3831 4.47664 0.919264, 23.5539 4.45908 0.996216, 23.5539 4.43795 1.02984, 23.5926 4.44476 0.969004, 
            23.5912 4.41961 1.01522, 23.6224 4.41441 0.959546, 23.6224 4.39525 0.995788, 23.646 4.329 0.99952, 
            23.6458 4.29929 1.00467, 23.6224 4.33957 1.03438, 23.6224 4.29929 1.042, 23.592 4.35139 1.0644, 
            23.5912 4.29929 1.07317, 23.5539 4.33875 1.09217, 23.5539 4.29929 1.09662, 23.5123 4.34199 1.10637, 
            23.5123 4.29929 1.11118, 23.4685 4.34309 1.11118, 23.4685 4.29929 1.11611, 23.4247 4.34199 1.10637, 
            23.4247 4.29929 1.11118, 23.3831 4.33875 1.09217, 23.3831 4.29929 1.09662, 23.3458 4.33353 1.06931, 
            23.3458 4.29929 1.07317, 23.3122 4.29937 1.04086, 23.2904 4.29931 1.00426, 23.6607 4.2993 0.964585, 
            23.5539 4.37624 1.07906, 23.5123 4.38256 1.09217, 23.4685 4.3847 1.09662, 23.4247 4.38256 1.09217, 
            23.3831 4.37624 1.07906, 23.3458 4.36606 1.05793, 23.3146 4.35254 1.02984, 23.2911 4.33635 0.996216, 
            23.6458 4.35254 0.986041, 23.6224 4.37581 1.01522, 23.5912 4.39525 1.03959, 23.5539 4.40987 1.05793, 
            23.5123 4.41894 1.06931, 23.4685 4.42202 1.07317, 23.4247 4.41894 1.06931, 23.3831 4.40987 1.05793, 
            23.4247 4.10737 -2.62404, 23.3831 4.12193 -2.62404, 23.3458 4.14538 -2.62405, 23.3146 4.17655 -2.62406, 
            23.2911 4.21388 -2.62404, 23.2956 4.21388 -2.66351, 23.4247 4.49121 -2.6298, 23.3833 4.47671 -2.63545, 
            23.3184 4.42202 -2.65829, 23.3519 4.45292 -2.66574, 23.3458 4.45319 -2.62404, 23.2956 4.3847 -2.66351, 
            23.3146 4.42202 -2.62403, 23.435 4.49126 -2.65307, 23.3915 4.47664 -2.6611, 23.3725 4.45319 -2.70057, 
            23.3482 4.42202 -2.72, 23.3298 4.42202 -2.69082, 23.3298 4.3847 -2.73462, 23.3087 4.3847 -2.70099, 
            23.3184 4.34309 -2.7437, 23.2956 4.34309 -2.70731, 23.3146 4.29929 -2.74678, 23.2911 4.29929 -2.70945, 
            23.3184 4.25548 -2.7437, 23.2956 4.25548 -2.70731, 23.2814 4.34309 -2.66675, 23.2766 4.29929 -2.66785, 
            23.2814 4.25548 -2.66675, 23.279 4.24857 -2.62404, 23.2766 4.25548 -2.62404, 23.2716 4.29929 -2.62404, 
            23.2766 4.34309 -2.62404, 23.279 4.35001 -2.62404, 23.2911 4.3847 -2.62404, 23.3087 4.21388 -2.70099, 
            23.3298 4.21388 -2.73462, 23.323 4.17517 -2.67379, 23.3482 4.17655 -2.72, 23.3526 4.14456 -2.66355, 
            23.3725 4.14538 -2.70057, 23.3912 4.12129 -2.66021, 23.4412 4.14538 -2.7437, 23.4342 4.17655 -2.77409, 
            23.429 4.21388 -2.79695, 23.4258 4.25548 -2.81115, 23.4247 4.29929 -2.81596, 23.4258 4.34309 -2.81115, 
            23.429 4.3847 -2.79695, 23.4342 4.42202 -2.77409, 23.4412 4.45319 -2.7437, 23.4604 4.47682 -2.70924, 
            23.4019 4.1449 -2.72731, 23.4017 4.17655 -2.76271, 23.3915 4.21388 -2.78383, 23.3852 4.25548 -2.79695, 
            23.3831 4.29929 -2.8014, 23.3852 4.34309 -2.79695, 23.3915 4.3847 -2.78383, 23.4707 4.49144 -2.6691, 
            23.4332 4.10714 -2.65159, 23.4292 4.1215 -2.7005, 23.3725 4.17655 -2.74437, 23.3579 4.21388 -2.76271, 
            23.3488 4.25548 -2.77409, 23.3458 4.29929 -2.77795, 23.3488 4.34309 -2.77409, 23.3579 4.3847 -2.76271, 
            23.3875 4.42284 -2.75527, 23.4043 4.45367 -2.72887, 23.4166 4.47708 -2.69259, 23.2766 4.26142 0.939966, 
            23.2766 4.25548 0.919264, 23.279 4.24857 0.919264, 23.2911 4.21388 0.919264, 23.3146 4.17656 0.919257, 
            23.3458 4.14538 0.919269, 23.3458 4.14924 0.953511, 23.3706 4.12974 0.919264, 23.3831 4.12193 0.919264, 
            23.3831 4.12638 0.95873, 23.6604 4.25603 0.924138, 23.6605 4.29928 0.963224, 23.6458 4.29929 1.00467, 
            23.6458 4.22076 0.957084, 23.6458 4.21388 0.919264, 23.658 4.24857 0.919264, 23.5912 4.14924 0.953511, 
            23.6224 4.17963 0.946575, 23.6224 4.17655 0.919243, 23.638 4.20145 0.919264, 23.5539 4.12638 0.95873, 
            23.5663 4.12974 0.919264, 23.5912 4.14538 0.919264, 23.6224 4.19602 0.984152, 23.592 4.16939 1.00235, 
            23.5539 4.16063 1.02984, 23.5539 4.1395 0.996217, 23.5123 4.14924 1.03892, 23.5123 4.12638 1.00253, 
            23.4685 4.14538 1.042, 23.4685 4.12193 1.00467, 23.4247 4.14924 1.03892, 23.4247 4.12638 1.00253, 
            23.5123 4.11218 0.96197, 23.4685 4.10737 0.963068, 23.4247 4.11218 0.96197, 23.4237 4.10753 0.918485, 
            23.4685 4.10244 0.919264, 23.5123 4.10737 0.919265, 23.5539 4.12193 0.919264, 23.3831 4.1395 0.996217, 
            23.3831 4.16063 1.02984, 23.3458 4.16062 0.986041, 23.3138 4.18343 0.958779, 23.2911 4.21918 0.947296, 
            23.2911 4.27126 0.999375, 23.2911 4.29929 1.00467, 23.3141 4.25732 1.03477, 23.3146 4.29929 1.042, 
            23.3458 4.26504 1.06931, 23.3458 4.29929 1.07317, 23.3831 4.25982 1.09217, 23.3831 4.29929 1.09662, 
            23.4247 4.25658 1.10637, 23.4247 4.29929 1.11118, 23.4685 4.25549 1.11118, 23.5123 4.25658 1.10637, 
            23.5123 4.29929 1.11118, 23.5539 4.25982 1.09217, 23.5539 4.29929 1.09662, 23.5912 4.26504 1.06931, 
            23.5912 4.29929 1.07317, 23.6224 4.29929 1.042, 23.3458 4.23251 1.05793, 23.3831 4.22234 1.07906, 
            23.4247 4.21602 1.09217, 23.4685 4.21388 1.09662, 23.5123 4.21602 1.09217, 23.5539 4.22234 1.07906, 
            23.5912 4.23251 1.05793, 23.6224 4.25901 1.03438, 23.2756 4.29925 0.964383, 23.2911 4.23927 0.979279, 
            23.3141 4.21136 1.00512, 23.3449 4.18937 1.02742, 23.3831 4.18871 1.05793, 23.4247 4.17963 1.06931, 
            23.4685 4.17655 1.07317, 23.5123 4.17963 1.06931, 23.5539 4.18871 1.05793, 23.5912 4.20333 1.03959, 
            23.6224 4.22276 1.01522, 23.6463 4.26399 0.997625, 23.6604 4.26711 0.946328, 23.6586 4.35024 -1.3642, 
            23.639 4.39771 -1.3642, 23.6077 4.43848 -1.3642, 23.5669 4.46977 -1.3642, 23.5194 4.48943 -1.3642, 
            23.4685 4.49614 -1.3642, 23.4175 4.48943 -1.3642, 23.3701 4.46977 -1.3642, 23.3293 4.43848 -1.3642, 
            23.298 4.39771 -1.3642, 23.2783 4.35024 -1.3642, 23.2716 4.29929 -1.3642, 23.2783 4.24834 -1.3642, 
            23.298 4.20086 -1.3642, 23.3293 4.16009 -1.3642, 23.3701 4.12881 -1.3642, 23.4175 4.10915 -1.3642, 
            23.4685 4.10244 -1.3642, 23.5194 4.10915 -1.3642, 23.5669 4.12881 -1.3642, 23.6077 4.16009 -1.3642, 
            23.639 4.20086 -1.3642, 23.6586 4.24834 -1.3642, 23.6653 4.29929 -1.3642, 23.4175 4.10915 0.210603, 
            23.639 4.39771 0.210603, 23.6586 4.35024 0.210603, 23.6077 4.43848 0.210603, 23.5669 4.46977 0.210603, 
            23.5194 4.48943 0.210603, 23.4685 4.49614 0.210603, 23.4175 4.48943 0.210603, 23.3701 4.46977 0.210603, 
            23.3293 4.43848 0.210603, 23.298 4.39771 0.210603, 23.2783 4.35024 0.210603, 23.2716 4.29929 0.210603, 
            23.2783 4.24834 0.210603, 23.298 4.20086 0.210603, 23.3293 4.16009 0.210603, 23.3701 4.12881 0.210603, 
            23.4685 4.10244 0.210603, 23.5194 4.10915 0.210603, 23.5669 4.12881 0.210603, 23.6077 4.16009 0.210603, 
            23.639 4.20086 0.210603, 23.6586 4.24834 0.210603, 23.6653 4.29929 0.210603, 23.7763 4.05382 -1.3642, 
            23.714 3.99148 -1.3642, 23.6393 3.94458 -1.3642, 23.5561 3.91546 -1.3642, 23.4685 3.90559 -1.3642, 
            23.3809 3.91546 -1.3642, 23.2977 3.94458 -1.3642, 23.714 4.6071 -1.3642, 23.7763 4.54476 -1.3642, 
            23.8232 4.47011 -1.3642, 23.8523 4.38689 -1.3642, 23.8622 4.29929 -1.3642, 23.8523 4.21168 -1.3642, 
            23.8232 4.12847 -1.3642, 23.1607 4.54476 -1.3642, 23.223 4.6071 -1.3642, 23.2977 4.654 -1.3642, 
            23.3809 4.68312 -1.3642, 23.4685 4.69299 -1.3642, 23.5561 4.68312 -1.3642, 23.6393 4.654 -1.3642, 
            23.223 3.99148 -1.3642, 23.1607 4.05382 -1.3642, 23.1138 4.12847 -1.3642, 23.0847 4.21168 -1.3642, 
            23.0748 4.29929 -1.3642, 23.0847 4.38689 -1.3642, 23.1138 4.47011 -1.3642, 23.1607 4.05382 0.210603, 
            23.223 3.99148 0.210603, 23.2977 3.94458 0.210603, 23.3809 3.91546 0.210603, 23.4685 3.90559 0.210603, 
            23.5561 3.91546 0.210603, 23.6393 3.94458 0.210603, 23.714 3.99148 0.210603, 23.7763 4.05382 0.210603, 
            23.8232 4.12847 0.210603, 23.8523 4.21168 0.210603, 23.8622 4.29929 0.210603, 23.8523 4.38689 0.210603, 
            23.8232 4.47011 0.210603, 23.1607 4.54476 0.210603, 23.1138 4.47011 0.210603, 23.0847 4.38689 0.210603, 
            23.0748 4.29929 0.210603, 23.0847 4.21168 0.210603, 23.1138 4.12847 0.210603, 23.7763 4.54476 0.210603, 
            23.714 4.6071 0.210603, 23.6393 4.654 0.210603, 23.5561 4.68312 0.210603, 23.4685 4.69299 0.210603, 
            23.3809 4.68312 0.210603, 23.2977 4.654 0.210603, 23.223 4.6071 0.210603, 14.995 0.0625524 0.883831, 
            14.995 0.243655 0.883832, 15.0176 0.0851457 0.452728, 14.9976 0.243655 0.834619, 15.0176 1.09901 0.452728, 
            14.9976 0.440505 0.834619, 14.995 0.940505 0.883832, 14.995 1.12161 0.883831, 14.9976 0.940505 0.834619, 
            14.9976 0.743655 0.834619, 14.995 0.743655 0.883832, 14.995 0.440505 0.883832, 16.7273 0.243655 0.883832, 
            16.7273 0.0625524 0.883831, 16.7247 0.243655 0.834619, 16.7047 0.0851457 0.452728, 16.7247 0.440505 0.834619, 
            16.7273 1.12161 0.883831, 16.7273 0.940505 0.883832, 16.7047 1.09901 0.452728, 16.7247 0.940505 0.834619, 
            16.7247 0.743655 0.834619, 16.7273 0.743655 0.883832, 16.7273 0.440505 0.883832, 16.9995 0.243655 0.876638, 
            16.9995 0.440505 0.876638, 16.9914 0.440505 0.895072, 16.9914 0.243655 0.895072, 16.9788 0.440505 0.910836, 
            16.9788 0.243655 0.910836, 16.9627 0.440505 0.922897, 16.9627 0.243655 0.922897, 16.944 0.440505 0.930465, 
            16.944 0.243655 0.930465, 16.924 0.440505 0.933044, 16.924 0.243655 0.933044, 16.9177 0.440505 0.806415, 
            16.9177 0.243655 0.806415, 16.9115 0.440505 0.819231, 16.9103 0.243655 0.820666, 16.8992 0.440505 0.829545, 
            16.8992 0.243655 0.829545, 16.8859 0.440505 0.834571, 16.8853 0.243655 0.834539, 17.0289 0.440505 0.430394, 
            17.0289 0.243655 0.430394, 17.037 0.440505 0.411959, 17.037 0.243655 0.411959, 17.0496 0.440505 0.396196, 
            17.0496 0.243655 0.396196, 17.0657 0.440505 0.384135, 17.0657 0.243655 0.384135, 17.0844 0.440505 0.376567, 
            17.0844 0.243655 0.376567, 17.1044 0.440505 0.373988, 17.1044 0.243655 0.373988, 17.2962 0.440505 0.373988, 
            17.2962 0.243655 0.373988, 17.2962 0.243655 0.472413, 17.2962 0.440505 0.472413, 17.1107 0.440505 0.500616, 
            17.1107 0.243655 0.500616, 17.1148 0.440505 0.491399, 17.1148 0.243655 0.491399, 17.1211 0.440505 0.483517, 
            17.1211 0.243655 0.483517, 17.1292 0.440505 0.477487, 17.1292 0.243655 0.477487, 17.1424 0.440505 0.472509, 
            17.1433 0.243655 0.472457, 16.9995 0.743655 0.876638, 16.9995 0.940505 0.876638, 16.9914 0.940505 0.895072, 
            16.9914 0.743655 0.895072, 16.9788 0.940505 0.910836, 16.9788 0.743655 0.910836, 16.9627 0.940505 0.922897, 
            16.9627 0.743655 0.922897, 16.944 0.940505 0.930465, 16.944 0.743655 0.930465, 16.924 0.940505 0.933044, 
            16.924 0.743655 0.933044, 16.8799 0.743655 0.834619, 16.8799 0.940505 0.834619, 16.9177 0.940505 0.806415, 
            16.9177 0.743655 0.806415, 16.9115 0.940505 0.819231, 16.9103 0.743655 0.820666, 16.8992 0.940505 0.829545, 
            16.8992 0.743655 0.829545, 16.8899 0.940505 0.833329, 16.8899 0.743655 0.833329, 17.0289 0.940505 0.430394, 
            17.0289 0.743655 0.430394, 17.037 0.940505 0.411959, 17.037 0.743655 0.411959, 17.0496 0.940505 0.396196, 
            17.0496 0.743655 0.396196, 17.0657 0.940505 0.384135, 17.0657 0.743655 0.384135, 17.0844 0.940505 0.376567, 
            17.0844 0.743655 0.376567, 17.1044 0.940505 0.373988, 17.1044 0.743655 0.373988, 17.2962 0.940505 0.373988, 
            17.2962 0.743655 0.373988, 17.2962 0.743655 0.472413, 17.2962 0.940505 0.472413, 17.1107 0.940505 0.500616, 
            17.1107 0.743655 0.500616, 17.1148 0.940505 0.491399, 17.1148 0.743655 0.491399, 17.1211 0.940505 0.483517, 
            17.1211 0.743655 0.483517, 17.1292 0.940505 0.477487, 17.1292 0.743655 0.477487, 17.1424 0.940505 0.472509, 
            17.1433 0.743655 0.472457, 14.6935 0.440505 0.430394, 14.6935 0.243655 0.430394, 14.6853 0.243655 0.411959, 
            14.6853 0.440505 0.411959, 14.6728 0.243655 0.396196, 14.6728 0.440505 0.396196, 14.6566 0.243655 0.384135, 
            14.6566 0.440505 0.384135, 14.6379 0.243655 0.376567, 14.6379 0.440505 0.376567, 14.6179 0.243655 0.373988, 
            14.6179 0.440505 0.373988, 14.8047 0.440505 0.806415, 14.8047 0.243655 0.806415, 14.8108 0.243655 0.819232, 
            14.812 0.440505 0.820665, 14.8231 0.243655 0.829545, 14.8231 0.440505 0.829545, 14.8365 0.243655 0.834571, 
            14.8371 0.440505 0.834539, 14.7228 0.440505 0.876638, 14.7228 0.243655 0.876638, 14.731 0.243655 0.895072, 
            14.731 0.440505 0.895072, 14.7435 0.243655 0.910836, 14.7435 0.440505 0.910836, 14.7597 0.243655 0.922897, 
            14.7597 0.440505 0.922897, 14.7783 0.243655 0.930465, 14.7783 0.440505 0.930465, 14.7983 0.243655 0.933044, 
            14.7983 0.440505 0.933044, 14.6116 0.243655 0.500616, 14.6116 0.440505 0.500616, 14.6075 0.243655 0.491399, 
            14.6075 0.440505 0.491399, 14.6012 0.243655 0.483517, 14.6012 0.440505 0.483517, 14.5932 0.243655 0.477487, 
            14.5932 0.440505 0.477487, 14.5799 0.243655 0.472508, 14.579 0.440505 0.472457, 14.4261 0.243655 0.472413, 
            14.4261 0.440505 0.472413, 14.4261 0.243655 0.373988, 14.4261 0.440505 0.373988, 14.6935 0.940505 0.430394, 
            14.6935 0.743655 0.430394, 14.6853 0.743655 0.411959, 14.6853 0.940505 0.411959, 14.6728 0.743655 0.396196, 
            14.6728 0.940505 0.396196, 14.6566 0.743655 0.384135, 14.6566 0.940505 0.384135, 14.6379 0.743655 0.376567, 
            14.6379 0.940505 0.376567, 14.6179 0.743655 0.373988, 14.6179 0.940505 0.373988, 14.8047 0.940505 0.806415, 
            14.8047 0.743655 0.806415, 14.8088 0.743655 0.815633, 14.818 0.743655 0.82646, 14.812 0.940505 0.820666, 
            14.8231 0.940505 0.829545, 14.8365 0.743655 0.834571, 14.8371 0.940505 0.834539, 14.7228 0.940505 0.876638, 
            14.7228 0.743655 0.876638, 14.731 0.743655 0.895072, 14.731 0.940505 0.895072, 14.7435 0.743655 0.910836, 
            14.7435 0.940505 0.910836, 14.7597 0.743655 0.922897, 14.7597 0.940505 0.922897, 14.7783 0.743655 0.930465, 
            14.7783 0.940505 0.930465, 14.7983 0.743655 0.933044, 14.7983 0.940505 0.933044, 14.6116 0.743655 0.500616, 
            14.6116 0.940505 0.500616, 14.6075 0.743655 0.491399, 14.6075 0.940505 0.491399, 14.6012 0.743655 0.483517, 
            14.6012 0.940505 0.483517, 14.5932 0.743655 0.477487, 14.5932 0.940505 0.477487, 14.5799 0.743655 0.472508, 
            14.579 0.940505 0.472457, 14.4261 0.743655 0.472413, 14.4261 0.940505 0.472413, 14.4261 0.743655 0.373988, 
            14.4261 0.940505 0.373988, 16.8799 0.243655 0.834619, 16.7247 0.243655 0.933044, 17.1485 0.243655 0.472413, 
            17.1385 0.243655 0.473703, 16.8899 0.243655 0.833329, 16.9073 0.243655 0.823515, 16.9136 0.243655 0.815633, 
            16.7247 0.440505 0.933044, 16.8799 0.440505 0.834619, 16.8899 0.440505 0.833329, 16.9073 0.440505 0.823515, 
            17.1485 0.440505 0.472413, 17.1385 0.440505 0.473703, 16.9136 0.440505 0.815633, 16.7249 0.743655 0.933032, 
            16.9073 0.743655 0.823515, 16.9136 0.743655 0.815633, 16.7249 0.940505 0.933032, 16.9073 0.940505 0.823515, 
            16.9136 0.940505 0.815633, 14.9976 0.243655 0.933044, 14.9976 0.440505 0.933044, 14.9976 0.743655 0.933044, 
            14.9976 0.940505 0.933044, 16.4871 0.249956 1.16139, 16.4793 0.218064 1.16139, 16.5169 0.273561 1.16139, 
            16.5559 0.275765 1.16139, 16.5954 0.233349 1.16139, 16.5864 0.253165 1.16139, 16.5971 0.208904 1.16139, 
            16.5847 0.180735 1.16139, 16.5143 0.163642 1.16139, 16.552 0.159317 1.16139, 16.4851 0.189674 1.16139, 
            16.7107 0.0791618 1.20076, 16.7107 1.105 1.20076, 15.0116 0.0791618 1.20076, 15.0116 1.105 1.20076, 
            16.4793 0.218064 1.20076, 16.4813 0.20278 1.20076, 16.4872 0.188537 1.20076, 16.4966 0.176306 1.20076, 
            16.5088 0.166921 1.20076, 16.523 0.161021 1.20076, 16.5475 0.15927 1.20076, 16.5679 0.166921 1.20076, 
            16.5864 0.182964 1.20076, 16.5975 0.21169 1.20076, 16.5954 0.233349 1.20076, 16.5895 0.247592 1.20076, 
            16.5801 0.259822 1.20076, 16.5598 0.273559 1.20076, 16.5383 0.277119 1.20076, 16.523 0.275107 1.20076, 
            16.5088 0.269207 1.20076, 16.4966 0.259822 1.20076, 16.4872 0.247592 1.20076, 16.4813 0.233349 1.20076, 
            21.9322 6.03863 -0.049218, 22.0935 6.18661 -0.0492378, 21.7805 6.09695 -0.0492354, 22.1081 6.24709 -0.035621, 
            22.0949 6.29667 -0.0296224, 22.1031 6.27255 -0.035616, 22.06 6.3529 -0.0338725, 22.0227 6.38076 -0.0425526, 
            22.0329 6.37752 -0.0298125, 21.9992 6.3988 -0.0330459, 21.9662 6.41089 -0.0392618, 21.9389 6.41652 -0.0318374, 
            21.8744 6.41489 -0.0332639, 21.8378 6.40315 -0.0312142, 21.8255 6.39725 -0.0295547, 21.8146 6.39188 -0.0317625, 
            21.7313 6.29673 -0.0356169, 21.7447 6.3233 -0.0366114, 21.7611 6.34593 -0.021636, 21.7229 6.27244 -0.0297532, 
            21.7161 6.22991 -0.0284316, 21.7179 6.19576 -0.0336581, 21.7225 6.17254 -0.0308534, 21.7313 6.14609 -0.0376025, 
            21.775 6.08137 -0.0376971, 21.7569 6.10162 -0.0317486, 21.7933 6.06529 -0.0355986, 21.8146 6.05102 -0.0336875, 
            21.8874 6.02634 -0.0356249, 21.862 6.03132 -0.0336464, 21.8378 6.03967 -0.0312142, 21.913 6.02457 -0.0296175, 
            21.9515 6.02837 -0.0331993, 22.011 6.05062 -0.029029, 21.9865 6.0387 -0.0312017, 22.0328 6.06521 -0.0297137, 
            22.0952 6.14686 -0.0309841, 22.1099 6.22144 -0.0336226, 22.1082 6.19572 -0.0295547, 22.1041 6.17452 -0.0371171, 
            22.013 6.06621 -0.0491806, 22.0689 6.31599 -0.0492385, 21.9529 6.40238 -0.0492094, 21.8336 6.39206 -0.0478901, 
            22.0852 6.31684 -0.0360702, 21.9535 6.41 -0.0433617, 21.9127 6.41808 -0.0376537, 21.7954 6.37901 -0.0385027, 
            21.7222 6.25986 -0.0383563, 21.7179 6.22268 -0.0382327, 22.0483 6.0788 -0.0385022, 22.0682 6.10044 -0.0375238, 
            22.0835 6.12301 -0.0336186, 22.0964 6.15991 -0.0419768, 22.0798 6.31466 -0.0447764, 21.8703 6.40776 -0.0446026, 
            21.7246 6.1836 -0.0417156, 21.7448 6.1196 -0.0380576, 21.8123 6.0611 -0.0456857, 22.0016 6.04746 -0.0388615, 
            22.0749 6.12405 -0.0460261, 22.0906 6.28725 -0.0456878, 21.7725 6.35893 -0.0387073, 21.7301 6.23609 -0.049227, 
            22.1013 6.22275 -0.0468233, 22.0516 6.35045 -0.0460389, 21.7472 6.30406 -0.0492171, 21.742 6.1523 -0.0492152, 
            21.8465 6.04377 -0.0463547, 21.9088 6.02855 -0.0434325, 21.9517 6.03337 -0.0440463, 21.9698 6.40973 0.135926, 
            21.9982 6.39875 0.134815, 22.0167 6.38876 0.127926, 22.0376 6.37386 0.131943, 22.0728 6.33643 0.12822, 
            22.1012 6.28019 0.129803, 22.1088 6.24216 0.129786, 21.7783 6.36486 0.131994, 21.7963 6.37976 0.127926, 
            21.8198 6.39475 0.130195, 21.7393 6.31406 0.132856, 21.7254 6.27788 0.132395, 22.0804 6.11777 0.127949, 
            22.0655 6.09696 0.128397, 22.0315 6.06451 0.127926, 22.0063 6.04808 0.128582, 21.9827 6.03732 0.131994, 
            21.8927 6.02525 0.127585, 21.8201 6.04753 0.133839, 21.7697 6.08656 0.132011, 21.745 6.11825 0.131519, 
            21.7293 6.15091 0.130112, 21.7207 6.18083 0.127926, 22.1068 6.1875 0.127926, 22.0971 6.15055 0.130512, 
            21.7669 6.33226 0.147555, 22.0252 6.36677 0.147511, 21.9978 6.05914 0.147567, 21.9319 6.03729 0.147513, 
            21.8791 6.0433 0.147535, 21.762 6.11592 0.147622, 21.9441 6.41582 0.129864, 22.0594 6.35288 0.134912, 
            22.0865 6.31443 0.132003, 22.0479 6.07797 0.130123, 22.028 6.06163 0.130128, 21.9327 6.02558 0.131993, 
            21.895 6.02786 0.137604, 21.7885 6.06895 0.130028, 21.7172 6.20183 0.131964, 21.7604 6.3457 0.130131, 
            22.0982 6.21891 0.147472, 22.0986 6.25238 0.147243, 22.0731 6.30633 0.147592, 21.8537 6.39632 0.147553, 
            21.7423 6.29317 0.147497, 22.0897 6.17897 0.147593, 21.9022 6.40608 0.147432, 21.8437 6.40545 0.135965, 
            21.727 6.21784 0.147129, 21.7428 6.12966 0.141601, 21.7706 6.09207 0.143004, 22.0489 6.08898 0.144973, 
            22.0913 6.29747 0.139889, 22.0498 6.35355 0.14399, 21.9952 6.38733 0.147404, 21.9228 6.41793 0.136267, 
            21.8799 6.41585 0.133822, 21.7952 6.36524 0.147457, 21.7496 6.32983 0.136691, 21.7249 6.17658 0.140904, 
            21.815 6.0584 0.144044, 21.856 6.03328 0.138008, 21.9683 6.03801 0.141994, 22.0768 6.11725 0.140779, 
            22.1097 6.21769 0.13683, 21.8089 6.38699 0.136503, 21.7177 6.24629 0.135524, 21.9583 6.02986 0.131926, 
            22.0125 6.05549 0.140996, 22.1022 6.18021 0.14074, 21.8876 6.12634 0.147611, 21.913 6.12298 0.147611, 
            21.8638 6.13617 0.147611, 21.8434 6.15181 0.147611, 21.8278 6.1722 0.147611, 21.818 6.19594 0.147611, 
            21.818 6.24688 0.147611, 21.8278 6.27062 0.147611, 21.8434 6.29101 0.147611, 21.8638 6.30665 0.147611, 
            21.8146 6.22141 0.147611, 21.8876 6.31648 0.147611, 21.9623 6.30665 0.147611, 21.9385 6.31648 0.147611, 
            21.9826 6.29101 0.147611, 21.9983 6.27062 0.147611, 21.913 6.31984 0.147611, 22.0081 6.24688 0.147611, 
            22.0081 6.19594 0.147611, 21.9983 6.1722 0.147611, 21.9826 6.15181 0.147611, 21.9623 6.13617 0.147611, 
            21.9385 6.12634 0.147611, 22.0115 6.22141 0.147611, 21.9666 6.17267 1.21011, 21.8804 6.15709 1.21043, 
            21.9212 6.28679 1.2105, 22.0098 6.20332 1.17123, 22.0048 6.18585 1.17123, 21.9999 6.17874 1.1842, 
            21.9981 6.1723 1.17123, 21.9967 6.1696 1.17123, 21.9858 6.1551 1.17123, 21.9569 6.1333 1.17123, 
            21.9724 6.14287 1.17124, 21.94 6.12674 1.17123, 21.9221 6.1234 1.17123, 21.864 6.13649 1.17123, 
            21.8692 6.1333 1.17123, 21.8783 6.13093 1.18054, 21.8871 6.12653 1.17142, 21.904 6.1234 1.17123, 
            21.8537 6.14287 1.17123, 21.8482 6.14954 1.18421, 21.8437 6.15205 1.17123, 21.8403 6.1551 1.17123, 
            21.828 6.17795 1.18587, 21.8294 6.16959 1.17124, 21.8213 6.18585 1.17123, 21.8167 6.21166 1.18397, 
            21.8163 6.20332 1.17123, 21.8146 6.22141 1.17123, 21.8194 6.24742 1.18333, 21.8163 6.2395 1.17123, 
            21.8437 6.29077 1.17123, 21.8403 6.28772 1.17123, 21.8471 6.29272 1.18341, 21.8294 6.27322 1.17123, 
            21.828 6.27052 1.17123, 21.8213 6.25697 1.17124, 21.8537 6.29995 1.17123, 21.8731 6.30688 1.19113, 
            21.8692 6.30952 1.17123, 21.896 6.31743 1.18203, 21.8861 6.31608 1.17123, 21.904 6.31942 1.17123, 
            21.9174 6.31421 1.19405, 21.9221 6.31942 1.17123, 21.9392 6.31622 1.17123, 21.9466 6.31268 1.18275, 
            21.9989 6.26466 1.18302, 21.9858 6.28772 1.17123, 21.9824 6.29077 1.17123, 21.9724 6.29995 1.17123, 
            21.9569 6.30952 1.17124, 21.9967 6.27322 1.17123, 22.0115 6.22101 1.17176, 22.0098 6.2395 1.17125, 
            22.0048 6.25697 1.17123, 21.9925 6.19729 1.20408, 21.9757 6.25306 1.21051, 21.9379 6.30011 1.20406, 
            21.8817 6.29464 1.20591, 21.8526 6.25405 1.21057, 21.9932 6.25506 1.20023, 21.9776 6.2879 1.19449, 
            21.8276 6.22305 1.20217, 21.8381 6.19068 1.20374, 21.8581 6.15182 1.19858, 21.915 6.13726 1.20327, 
            21.947 6.14108 1.20061, 21.9849 6.16663 1.19562, 22.0056 6.20797 1.19354, 22.0082 6.23237 1.18754, 
            21.8409 6.26827 1.20156, 21.8964 6.12729 1.18814, 21.9315 6.12697 1.18353, 21.9644 6.1394 1.18421, 
            21.9849 6.15654 1.18326, 21.9649 6.30078 1.18967, 21.8308 6.27172 1.18406, 7.3116 7.84308 -0.498059, 
            7.3116 7.84308 0.210603, 6.32735 7.84308 -0.498059, 6.32735 7.84308 0.210603, 7.3116 6.26828 -0.498059, 
            6.32735 6.26828 -0.498059, 7.3116 6.26828 0.210603, 6.32735 6.26828 0.210603, 7.3116 8.55175 0.210603, 
            7.3116 8.49269 -0.498059, 7.3116 8.55175 -0.498059, 6.32735 8.55175 0.210603, 6.32735 8.49269 -0.498059, 
            6.32735 8.55175 -0.498059, 7.3116 5.61868 -0.498059, 7.3116 5.55962 0.210603, 7.3116 5.55962 -0.498059, 
            6.32735 5.55962 0.210603, 6.32735 5.61868 -0.498059, 6.32735 5.55962 -0.498059, 6.22892 8.49269 -0.498059, 
            6.22892 7.76434 -0.498059, 7.41003 7.76434 -0.498059, 7.41003 8.49269 -0.498059, 7.41003 5.61868 -0.498059, 
            7.41003 6.34702 -0.498059, 6.22892 6.34702 -0.498059, 6.22892 5.61868 -0.498059, 6.06231 5.78135 0.0924925, 
            6.06231 6.5097 0.0924925, 7.57664 8.33001 0.0924925, 7.94312 8.32803 0.0925193, 7.57664 6.5097 0.0924925, 
            7.57664 7.60167 0.0924925, 6.06231 7.60167 0.0924925, 5.68294 5.81553 0.0924925, 5.68346 5.80958 0.0924925, 
            5.69574 5.78312 0.0924941, 6.0623 8.33018 0.0924926, 7.57664 5.78135 0.0924925, 7.9333 5.7818 0.0925165, 
            7.956 5.80933 0.0924925, 7.95601 8.29584 0.0924925, 7.95549 8.30179 0.0924925, 5.70696 8.32884 0.0924929, 
            5.68296 8.30446 0.0924925, 6.22892 7.76434 0.0531224, 6.22892 8.49269 0.0531224, 7.41003 7.76434 0.0531224, 
            7.41003 8.49269 0.0531224, 7.41003 5.61868 0.0531224, 7.41003 6.34702 0.0531224, 6.22892 6.34702 0.0531224, 
            6.22892 5.61868 0.0531224, 6.07868 5.76498 0.0907717, 6.07868 6.49333 0.0907717, 6.09433 5.74933 0.085685, 
            6.09433 6.47767 0.085685, 6.10859 5.73507 0.0774543, 6.10859 6.46342 0.0774543, 6.12082 5.72284 0.0664398, 
            6.12082 6.45119 0.0664398, 6.1305 5.71316 0.0531224, 6.1305 6.44151 0.0531224, 7.56027 6.49333 0.0907717, 
            7.54462 6.47767 0.085685, 7.53036 6.46342 0.0774543, 7.51813 6.45119 0.0664398, 7.50845 6.44151 0.0531224, 
            7.56027 5.76498 0.0907717, 7.54462 5.74933 0.085685, 7.53036 5.73507 0.0774543, 7.51813 5.72284 0.0664398, 
            7.50845 5.71316 0.0531224, 7.92017 5.71317 0.0531225, 7.92184 5.72284 0.0664398, 7.92151 5.73507 0.0774555, 
            7.92184 5.75041 0.086037, 7.9215 5.76479 0.0907058, 7.95345 5.7411 0.0792325, 7.96446 5.77211 0.0895898, 
            8.00229 5.81553 0.0774543, 8.0242 5.81659 0.0531224, 8.01642 5.77172 0.0531313, 8.00398 5.81553 0.0759299, 
            8.01452 5.81544 0.0664401, 8.005 5.79714 0.0750849, 7.99179 5.76905 0.0761293, 7.96971 5.72136 0.0531517, 
            7.98804 5.8156 0.0856844, 7.97238 5.81553 0.0907715, 8.0242 8.29416 0.0531225, 8.01452 8.29592 0.066439, 
            8.00398 8.29584 0.0759299, 8.00229 8.29584 0.0774543, 7.98803 8.29459 0.0856862, 7.97595 8.29584 0.0896126, 
            7.97238 8.29584 0.0907717, 7.97277 8.33075 0.0892362, 7.93043 8.36926 0.0816725, 7.92078 8.3982 0.0531225, 
            7.95885 8.39318 0.0531327, 7.92191 8.38853 0.0664421, 7.94424 8.37256 0.078939, 8.01064 8.31185 0.0696287, 
            8.02028 8.32626 0.0531281, 7.99296 8.37287 0.0531542, 7.98815 8.34873 0.0762097, 7.92271 8.34639 0.0907693, 
            7.56027 8.34638 0.0907717, 7.54462 8.36204 0.085685, 7.53036 8.37629 0.0774543, 7.51813 8.38853 0.0664398, 
            7.50845 8.3982 0.0531224, 7.56027 7.61804 0.0907717, 7.54462 7.63369 0.085685, 7.53036 7.64795 0.0774543, 
            7.51813 7.66018 0.0664398, 7.50845 7.66986 0.0531224, 6.07868 7.61804 0.0907717, 6.09433 7.63369 0.085685, 
            6.10859 7.64795 0.0774543, 6.12082 7.66018 0.0664398, 6.1305 7.66986 0.0531224, 6.1305 8.3982 0.0531224, 
            6.12082 8.38853 0.0664398, 6.10859 8.37629 0.0774543, 6.09433 8.36204 0.085685, 6.07868 8.34638 0.0907717, 
            5.7192 8.3982 0.0531226, 5.71745 8.37629 0.0774565, 5.71711 8.36204 0.085685, 5.71549 8.34699 0.0906109, 
            5.68816 8.35189 0.0879189, 5.61475 8.29478 0.0531224, 5.62085 8.33589 0.0531281, 5.63666 8.29551 0.0774552, 
            5.62443 8.29584 0.0664398, 5.62894 8.32052 0.0686459, 5.64586 8.32598 0.0803602, 5.70592 8.38855 0.066292, 
            5.69154 8.37874 0.073486, 5.67987 8.39133 0.0531225, 5.66141 8.36057 0.0752456, 5.63497 8.36025 0.0531594, 
            5.66903 8.33015 0.0893367, 5.65091 8.29577 0.0856845, 5.66657 8.29584 0.0907716, 5.61475 5.81553 0.0531224, 
            5.62442 5.81449 0.0664325, 5.63666 5.81586 0.0774552, 5.65092 5.81678 0.0856882, 5.663 5.81553 0.0896126, 
            5.66657 5.81553 0.0907717, 5.71711 5.74933 0.085685, 5.67729 5.71959 0.0531292, 5.71817 5.71316 0.0531225, 
            5.71744 5.73507 0.0774563, 5.71711 5.72284 0.0664398, 5.69581 5.728 0.0699486, 5.67024 5.7443 0.0759609, 
            5.61746 5.7885 0.0531256, 5.63576 5.75319 0.053141, 5.63097 5.78929 0.0700601, 5.65664 5.78011 0.0858965, 
            5.69756 5.76464 0.0906132, 8.11869 8.29584 0.0531224, 8.11869 8.29584 -1.16735, 8.11198 8.34679 -1.16735, 
            8.11198 8.34679 0.0531224, 8.09231 8.39427 -1.16735, 8.09231 8.39427 0.0531224, 8.06103 8.43503 -1.16735, 
            8.06103 8.43503 0.0531224, 8.02026 8.46632 -1.16735, 8.02026 8.46632 0.0531224, 7.97279 8.48598 -1.16735, 
            7.97279 8.48598 0.0531224, 7.92184 8.49269 -1.16735, 7.92184 8.49269 0.0531224, 7.92184 5.61868 0.0531224, 
            7.92184 5.61868 -1.16735, 7.97279 5.62538 -1.16735, 7.97279 5.62538 0.0531224, 8.02026 5.64505 -1.16735, 
            8.02026 5.64505 0.0531224, 8.06103 5.67633 -1.16735, 8.06103 5.67633 0.0531224, 8.09231 5.7171 -1.16735, 
            8.09231 5.7171 0.0531224, 8.11198 5.76458 -1.16735, 8.11198 5.76458 0.0531224, 8.11869 5.81553 -1.16735, 
            8.11869 5.81553 0.0531224, 5.54664 5.7171 0.0531224, 5.52697 5.76458 0.0531224, 5.61869 8.46632 0.0531224, 
            5.66616 8.48598 0.0531224, 5.71711 5.61868 0.0531224, 5.66616 5.62538 0.0531224, 5.61869 5.64505 0.0531224, 
            5.71711 8.49269 0.0531224, 5.52026 5.81553 0.0531224, 5.52026 8.29584 0.0531224, 5.52697 8.34679 0.0531224, 
            5.54664 8.39427 0.0531224, 5.57792 8.43503 0.0531224, 5.57792 5.67633 0.0531224, 5.52026 5.81553 -1.16735, 
            5.52697 5.76458 -1.16735, 5.54664 5.7171 -1.16735, 5.57792 5.67633 -1.16735, 5.61869 5.64505 -1.16735, 
            5.66616 5.62538 -1.16735, 5.71711 5.61868 -1.16735, 5.71711 8.49269 -1.16735, 5.66616 8.48598 -1.16735, 
            5.61869 8.46632 -1.16735, 5.57792 8.43503 -1.16735, 5.54664 8.39427 -1.16735, 5.52697 8.34679 -1.16735, 
            5.52026 8.29584 -1.16735, 8.02026 5.8173 -1.16735, 8.01795 5.79133 -1.16735, 8.00877 8.34482 -1.16735, 
            8.02026 8.29584 -1.16735, 5.63519 8.35113 -1.16735, 5.61869 8.29416 -1.16735, 7.94973 5.72003 -1.16736, 
            7.96001 8.38863 -1.16736, 8.00179 5.75247 -1.16736, 5.66642 5.7292 -1.16739, 5.69627 5.71888 -1.16735, 
            5.71879 5.7171 -1.16735, 7.92184 5.7171 -1.16735, 7.92184 5.72678 -1.18067, 5.71711 5.72678 -1.18067, 
            7.9215 5.73901 -1.19168, 5.71744 5.73901 -1.19168, 7.92184 5.75326 -1.19991, 5.71711 5.75326 -1.19991, 
            7.92199 5.76531 -1.20383, 5.71762 5.75526 -1.20056, 7.92184 5.76892 -1.205, 5.71711 5.76892 -1.205, 
            7.92367 5.78539 -1.20672, 5.69451 5.74029 -1.19107, 5.65552 5.79212 -1.19976, 5.71242 5.78609 -1.20672, 
            5.64059 5.81553 -1.19168, 5.65485 5.81553 -1.19991, 5.62109 5.78607 -1.16744, 5.61869 5.81552 -1.16735, 
            5.62836 5.81546 -1.18067, 5.63914 5.75234 -1.16739, 5.67947 5.76594 -1.20168, 5.69308 5.79802 -1.20672, 
            5.6669 5.81537 -1.20383, 5.67051 5.81553 -1.205, 5.68698 5.81369 -1.20672, 5.62836 8.29591 -1.18067, 
            5.6406 8.29584 -1.19168, 5.64772 8.29584 -1.1958, 5.65485 8.29584 -1.19991, 5.65702 8.29584 -1.20062, 
            5.67051 8.2961 -1.205, 5.68688 8.29584 -1.20672, 5.66353 8.35474 -1.19097, 5.6675 8.3243 -1.203, 
            5.68847 8.30523 -1.20672, 5.64225 8.32976 -1.18888, 5.71711 8.3581 -1.19991, 5.67169 8.38497 -1.16735, 
            5.71711 8.39427 -1.16735, 5.71744 8.37236 -1.19168, 5.71711 8.38459 -1.18067, 5.69869 8.37553 -1.18881, 
            5.62023 8.32029 -1.1674, 5.70652 8.34773 -1.2037, 5.71714 8.34246 -1.205, 5.70802 8.32607 -1.20672, 
            7.92016 8.39427 -1.16735, 7.92184 8.38459 -1.18067, 7.92151 8.37236 -1.19168, 7.92055 8.35809 -1.19992, 
            7.92184 8.34245 -1.205, 7.92184 8.32607 -1.20672, 7.93535 8.32255 -1.20672, 7.99835 8.29584 -1.19168, 
            7.9841 8.29584 -1.19991, 8.0087 8.32099 -1.17958, 8.01059 8.29591 -1.18067, 7.99173 8.32251 -1.19376, 
            7.95324 8.36106 -1.19665, 7.98639 8.3553 -1.18285, 7.96267 8.3367 -1.20362, 7.97206 8.29599 -1.20383, 
            7.96844 8.29584 -1.205, 7.9521 8.30089 -1.20672, 8.01059 5.81545 -1.18067, 7.99835 5.81554 -1.19168, 
            7.98409 5.81675 -1.19992, 7.97201 5.81553 -1.20384, 7.96844 5.81553 -1.205, 8.00104 5.79153 -1.18723, 
            7.94202 5.74934 -1.19847, 7.97889 5.7821 -1.19934, 7.98021 5.75465 -1.18715, 7.96491 5.78736 -1.20416, 
            7.95199 5.80056 -1.20672, 3.46849 7.49614 -2.62404, 3.51229 7.4912 -2.62405, 3.5539 7.47664 -2.62406, 
            3.59122 7.45319 -2.62404, 3.62239 7.42202 -2.62404, 3.64584 7.3847 -2.62404, 3.6414 7.3847 -2.66351, 
            3.46849 7.10244 -2.62404, 3.48127 7.10726 -2.66689, 3.46849 7.12193 -2.70945, 3.54701 7.12198 -2.66186, 
            3.5539 7.12193 -2.62404, 3.51229 7.10737 -2.62403, 3.61853 7.17655 -2.65829, 3.58814 7.14538 -2.65135, 
            3.59123 7.14539 -2.62404, 3.6414 7.21388 -2.66351, 3.63803 7.20145 -2.62404, 3.62239 7.17655 -2.62404, 
            3.50809 7.10736 -2.64117, 3.57177 7.1449 -2.69066, 3.58881 7.17655 -2.72, 3.60715 7.17655 -2.69082, 
            3.60715 7.21388 -2.73462, 3.62828 7.21388 -2.70099, 3.61853 7.25548 -2.7437, 3.6414 7.25548 -2.70731, 
            3.62239 7.29929 -2.74678, 3.64584 7.29929 -2.70945, 3.61853 7.34309 -2.7437, 3.6414 7.34309 -2.70731, 
            3.65559 7.25548 -2.66675, 3.6604 7.29929 -2.66785, 3.65559 7.34309 -2.66675, 3.6604 7.34309 -2.62404, 
            3.66534 7.29929 -2.62404, 3.6604 7.25549 -2.62404, 3.64584 7.21388 -2.62404, 3.62828 7.3847 -2.70099, 
            3.60715 7.3847 -2.73462, 3.61396 7.4234 -2.67379, 3.58881 7.42202 -2.72, 3.58435 7.45402 -2.66356, 
            3.56445 7.45319 -2.70057, 3.54582 7.47729 -2.66021, 3.4557 7.49132 -2.66689, 3.46849 7.47664 -2.70945, 
            3.4958 7.45319 -2.7437, 3.46849 7.45319 -2.74678, 3.50274 7.42202 -2.77409, 3.46849 7.42202 -2.77795, 
            3.50795 7.3847 -2.79695, 3.46849 7.3847 -2.8014, 3.51119 7.34309 -2.81115, 3.46849 7.34309 -2.81596, 
            3.51229 7.29929 -2.81596, 3.46849 7.29929 -2.82089, 3.51119 7.25548 -2.81115, 3.46849 7.25548 -2.81596, 
            3.50795 7.21388 -2.79695, 3.46849 7.21388 -2.8014, 3.50274 7.17655 -2.77409, 3.46849 7.17655 -2.77795, 
            3.46849 7.14538 -2.74678, 3.50378 7.1215 -2.70241, 3.50775 7.47708 -2.7005, 3.53511 7.45367 -2.72732, 
            3.53526 7.42202 -2.76271, 3.54544 7.3847 -2.78383, 3.55176 7.34309 -2.79695, 3.5539 7.29929 -2.8014, 
            3.55176 7.25548 -2.79695, 3.54544 7.21388 -2.78383, 3.53526 7.17655 -2.76271, 3.5077 7.1449 -2.74052, 
            3.5007 7.49161 -2.65558, 3.56445 7.42202 -2.74437, 3.57907 7.3847 -2.76271, 3.58814 7.34309 -2.77409, 
            3.59122 7.29929 -2.77795, 3.58814 7.25548 -2.77409, 3.57907 7.21388 -2.76271, 3.56445 7.17655 -2.74437, 
            3.54501 7.14538 -2.72, 3.66534 7.29929 0.919264, 3.6604 7.34309 0.91927, 3.64584 7.3847 0.919271, 
            3.62261 7.42167 0.934984, 3.59122 7.45319 0.919267, 3.59122 7.44933 0.953511, 3.5539 7.47664 0.919264, 
            3.5539 7.4722 0.95873, 3.27657 7.34254 0.924138, 3.27164 7.29929 0.919264, 3.27649 7.29929 0.963215, 
            3.29113 7.29929 1.00467, 3.29102 7.38439 0.930809, 3.34575 7.44933 0.953511, 3.31485 7.41589 0.96096, 
            3.31458 7.42202 0.919262, 3.38308 7.4722 0.95873, 3.34575 7.45319 0.919264, 3.29113 7.36606 0.972517, 
            3.29113 7.37624 0.956322, 3.31458 7.39525 0.995788, 3.34575 7.41961 1.01522, 3.34575 7.43795 0.986041, 
            3.38308 7.43795 1.02984, 3.38308 7.45908 0.996216, 3.42468 7.44933 1.03892, 3.42468 7.4722 1.00253, 
            3.46849 7.45319 1.042, 3.46849 7.47664 1.00467, 3.51229 7.44933 1.03892, 3.51229 7.4722 1.00253, 
            3.42468 7.48639 0.961969, 3.46849 7.4912 0.963068, 3.51229 7.48639 0.961969, 3.51229 7.4912 0.919263, 
            3.46849 7.49614 0.919264, 3.42468 7.4912 0.919264, 3.38308 7.47664 0.919268, 3.5539 7.45908 0.996216, 
            3.5539 7.43795 1.02984, 3.59122 7.43795 0.986041, 3.62239 7.40987 0.972517, 3.62239 7.39525 0.995788, 
            3.64614 7.37999 0.946724, 3.64584 7.36606 0.972517, 3.64628 7.33855 0.995719, 3.64584 7.29929 1.00467, 
            3.62239 7.3266 1.03892, 3.62239 7.29929 1.042, 3.59122 7.33353 1.06931, 3.59122 7.29929 1.07317, 
            3.5539 7.33875 1.09217, 3.5539 7.29929 1.09662, 3.51229 7.34199 1.10637, 3.51229 7.29929 1.11118, 
            3.46849 7.34309 1.11118, 3.46849 7.29929 1.11611, 3.42468 7.34199 1.10637, 3.42468 7.29929 1.11118, 
            3.38308 7.33875 1.09217, 3.38308 7.29929 1.09662, 3.34575 7.33353 1.06931, 3.34575 7.29929 1.07317, 
            3.31458 7.29929 1.042, 3.2907 7.33458 0.997627, 3.66068 7.2993 0.964589, 3.62287 7.36591 1.02254, 
            3.59122 7.36606 1.05793, 3.5539 7.37624 1.07906, 3.51229 7.38256 1.09217, 3.46849 7.3847 1.09662, 
            3.42468 7.38256 1.09217, 3.38308 7.37624 1.07906, 3.34575 7.36606 1.05793, 3.3141 7.3385 1.03574, 
            3.27646 7.3294 0.95232, 3.66053 7.33716 0.942479, 3.59204 7.4092 1.02742, 3.5539 7.40987 1.05793, 
            3.51229 7.41894 1.06931, 3.46849 7.42202 1.07317, 3.42468 7.41894 1.06931, 3.38308 7.40987 1.05793, 
            3.34575 7.39525 1.03959, 3.31458 7.37581 1.01522, 3.42472 7.10737 -2.62858, 3.38308 7.12193 -2.62404, 
            3.34575 7.14538 -2.62404, 3.31458 7.17655 -2.62404, 3.29113 7.21388 -2.62404, 3.29558 7.21388 -2.66351, 
            3.42871 7.4912 -2.6405, 3.42468 7.4912 -2.62404, 3.38522 7.47664 -2.64305, 3.38308 7.47664 -2.62404, 
            3.31844 7.42202 -2.65829, 3.34883 7.45319 -2.65135, 3.34575 7.45319 -2.62404, 3.29558 7.3847 -2.66351, 
            3.31458 7.42202 -2.62404, 3.40269 7.47708 -2.67933, 3.36521 7.45367 -2.69066, 3.33859 7.42284 -2.70714, 
            3.32983 7.3847 -2.73462, 3.3087 7.3847 -2.70099, 3.31844 7.34309 -2.7437, 3.29558 7.34309 -2.70731, 
            3.31458 7.29929 -2.74678, 3.29113 7.29929 -2.70945, 3.31844 7.25548 -2.7437, 3.29558 7.25548 -2.70731, 
            3.28138 7.34309 -2.66675, 3.27657 7.29929 -2.66785, 3.28138 7.25548 -2.66675, 3.27657 7.25549 -2.62404, 
            3.27164 7.29929 -2.62404, 3.27657 7.34309 -2.62404, 3.29113 7.3847 -2.62404, 3.3087 7.21388 -2.70099, 
            3.32983 7.21388 -2.73462, 3.32302 7.17517 -2.67378, 3.34816 7.17655 -2.72, 3.35263 7.14456 -2.66355, 
            3.37253 7.14538 -2.70057, 3.39115 7.12128 -2.66021, 3.44118 7.14538 -2.7437, 3.46849 7.14538 -2.74678, 
            3.43424 7.17655 -2.77409, 3.46849 7.17655 -2.77795, 3.42902 7.21388 -2.79695, 3.46849 7.21388 -2.8014, 
            3.42578 7.25548 -2.81115, 3.46849 7.25548 -2.81596, 3.42469 7.29929 -2.81596, 3.42578 7.34309 -2.81115, 
            3.46849 7.34309 -2.81596, 3.42902 7.3847 -2.79695, 3.46849 7.3847 -2.8014, 3.43424 7.42202 -2.77409, 
            3.46849 7.42202 -2.77795, 3.46841 7.45553 -2.74565, 3.42923 7.1215 -2.7005, 3.40187 7.1449 -2.72732, 
            3.40171 7.17655 -2.76271, 3.39154 7.21388 -2.78383, 3.38522 7.25548 -2.79695, 3.38308 7.29929 -2.8014, 
            3.38522 7.34309 -2.79695, 3.39154 7.3847 -2.78383, 3.40171 7.42202 -2.76271, 3.41524 7.45319 -2.73462, 
            3.44168 7.47682 -2.70531, 3.43866 7.10714 -2.65788, 3.37253 7.17655 -2.74437, 3.35791 7.21388 -2.76271, 
            3.34883 7.25548 -2.77409, 3.34575 7.29929 -2.77795, 3.34883 7.34309 -2.77409, 3.35791 7.3847 -2.76271, 
            3.37253 7.42202 -2.74437, 3.39196 7.45319 -2.72, 3.2765 7.25597 0.935565, 3.29113 7.21388 0.919264, 
            3.31458 7.17655 0.919262, 3.34575 7.14538 0.919264, 3.34575 7.14924 0.953511, 3.37065 7.12974 0.919264, 
            3.38308 7.12193 0.919264, 3.38308 7.12638 0.95873, 3.66049 7.29929 0.963213, 3.64584 7.29929 1.00467, 
            3.6457 7.21781 0.947777, 3.64584 7.21388 0.919264, 3.66025 7.25447 0.92388, 3.59122 7.14924 0.953511, 
            3.62212 7.18269 0.960962, 3.62239 7.17655 0.919266, 3.63803 7.20145 0.919264, 3.5539 7.12638 0.95873, 
            3.56633 7.12974 0.919264, 3.59122 7.14538 0.919264, 3.66052 7.26918 0.952321, 3.64584 7.23251 0.972517, 
            3.62239 7.20333 0.995788, 3.59122 7.17896 1.01522, 3.59122 7.16062 0.986041, 3.5539 7.16062 1.02984, 
            3.5539 7.13949 0.996217, 3.51229 7.14924 1.03892, 3.51229 7.12638 1.00253, 3.46849 7.14538 1.042, 
            3.46849 7.12193 1.00467, 3.42468 7.14924 1.03892, 3.42468 7.12638 1.00253, 3.51229 7.11218 0.96197, 
            3.46849 7.10737 0.963068, 3.42468 7.11218 0.96197, 3.42366 7.10753 0.918482, 3.46849 7.10244 0.919264, 
            3.51229 7.10737 0.919265, 3.5539 7.12193 0.919264, 3.38308 7.13949 0.996217, 3.38308 7.16062 1.02984, 
            3.34493 7.16806 1.00025, 3.31376 7.18343 0.958779, 3.29096 7.26958 0.999517, 3.29113 7.29929 1.00467, 
            3.31411 7.25732 1.03478, 3.31458 7.29929 1.042, 3.34575 7.26504 1.06931, 3.34575 7.29929 1.07317, 
            3.38308 7.25982 1.09217, 3.38308 7.29929 1.09662, 3.42468 7.25658 1.10637, 3.42468 7.29929 1.11118, 
            3.46849 7.25549 1.11118, 3.51229 7.25658 1.10637, 3.51229 7.29929 1.11118, 3.5539 7.25982 1.09217, 
            3.5539 7.29929 1.09662, 3.59122 7.26504 1.06931, 3.59122 7.29929 1.07317, 3.62239 7.27198 1.03892, 
            3.62239 7.29929 1.042, 3.64628 7.26399 0.997626, 3.27629 7.29927 0.964587, 3.34575 7.23251 1.05793, 
            3.38308 7.22234 1.07906, 3.42468 7.21602 1.09217, 3.46849 7.21388 1.09662, 3.51229 7.21602 1.09217, 
            3.5539 7.22234 1.07906, 3.59122 7.23251 1.05793, 3.28993 7.2264 0.963815, 3.3141 7.21136 1.00513, 
            3.34575 7.20333 1.03959, 3.38308 7.18871 1.05793, 3.42468 7.17963 1.06931, 3.46849 7.17655 1.07317, 
            3.51229 7.17963 1.06931, 3.5539 7.18871 1.05793, 3.59122 7.20333 1.03959, 3.62287 7.23514 1.02409, 
            3.65863 7.35024 -1.3642, 3.63897 7.39771 -1.3642, 3.60768 7.43848 -1.3642, 3.56691 7.46977 -1.3642, 
            3.51944 7.48943 -1.3642, 3.46849 7.49614 -1.3642, 3.41754 7.48943 -1.3642, 3.37006 7.46977 -1.3642, 
            3.32929 7.43848 -1.3642, 3.29801 7.39771 -1.3642, 3.27835 7.35024 -1.3642, 3.27164 7.29929 -1.3642, 
            3.27835 7.24834 -1.3642, 3.29801 7.20086 -1.3642, 3.32929 7.16009 -1.3642, 3.37006 7.12881 -1.3642, 
            3.41754 7.10914 -1.3642, 3.46849 7.10244 -1.3642, 3.51944 7.10914 -1.3642, 3.56691 7.12881 -1.3642, 
            3.60768 7.16009 -1.3642, 3.63897 7.20086 -1.3642, 3.65863 7.24834 -1.3642, 3.66534 7.29929 -1.3642, 
            3.41754 7.10914 0.210603, 3.63897 7.39771 0.210603, 3.65863 7.35024 0.210603, 3.60768 7.43848 0.210603, 
            3.56691 7.46977 0.210603, 3.51944 7.48943 0.210603, 3.46849 7.49614 0.210603, 3.41754 7.48943 0.210603, 
            3.37006 7.46977 0.210603, 3.32929 7.43848 0.210603, 3.29801 7.39771 0.210603, 3.27835 7.35024 0.210603, 
            3.27164 7.29929 0.210603, 3.27835 7.24834 0.210603, 3.29801 7.20086 0.210603, 3.32929 7.16009 0.210603, 
            3.37006 7.12881 0.210603, 3.46849 7.10244 0.210603, 3.51944 7.10914 0.210603, 3.56691 7.12881 0.210603, 
            3.60768 7.16009 0.210603, 3.63897 7.20086 0.210603, 3.65863 7.24834 0.210603, 3.66534 7.29929 0.210603, 
            3.16068 7.05382 -1.3642, 3.11378 7.12847 -1.3642, 3.08466 7.21168 -1.3642, 3.07479 7.29929 -1.3642, 
            3.08466 7.38689 -1.3642, 3.7763 7.05382 -1.3642, 3.71396 6.99148 -1.3642, 3.63931 6.94458 -1.3642, 
            3.55609 6.91546 -1.3642, 3.46849 6.90559 -1.3642, 3.38088 6.91546 -1.3642, 3.29767 6.94458 -1.3642, 
            3.22302 6.99148 -1.3642, 3.7763 7.54476 -1.3642, 3.8232 7.47011 -1.3642, 3.85232 7.38689 -1.3642, 
            3.86219 7.29929 -1.3642, 3.85232 7.21168 -1.3642, 3.8232 7.12847 -1.3642, 3.11378 7.47011 -1.3642, 
            3.16068 7.54476 -1.3642, 3.22302 7.6071 -1.3642, 3.29767 7.654 -1.3642, 3.38088 7.68312 -1.3642, 
            3.46849 7.69299 -1.3642, 3.55609 7.68312 -1.3642, 3.63931 7.654 -1.3642, 3.71396 7.6071 -1.3642, 
            3.22302 6.99148 0.210603, 3.29767 6.94458 0.210603, 3.38088 6.91546 0.210603, 3.46849 6.90559 0.210603, 
            3.55609 6.91546 0.210603, 3.16068 7.54476 0.210603, 3.11378 7.47011 0.210603, 3.08466 7.38689 0.210603, 
            3.07479 7.29929 0.210603, 3.08466 7.21168 0.210603, 3.11378 7.12847 0.210603, 3.16068 7.05382 0.210603, 
            3.71396 7.6071 0.210603, 3.63931 7.654 0.210603, 3.55609 7.68312 0.210603, 3.46849 7.69299 0.210603, 
            3.38088 7.68312 0.210603, 3.29767 7.654 0.210603, 3.22302 7.6071 0.210603, 3.63931 6.94458 0.210603, 
            3.71396 6.99148 0.210603, 3.7763 7.05382 0.210603, 3.8232 7.12847 0.210603, 3.85232 7.21168 0.210603, 
            3.86219 7.29929 0.210603, 3.85232 7.38689 0.210603, 3.8232 7.47011 0.210603, 3.7763 7.54476 0.210603, 
            22.6408 5.6322 -0.0492284, 22.4601 5.6799 -0.0492192, 22.7843 5.85447 -0.0365337, 22.7749 5.88331 -0.0317382, 
            22.7491 5.92787 -0.0356156, 22.7324 5.94705 -0.0294238, 22.7129 5.96414 -0.0336487, 22.6681 5.98992 -0.0356175, 
            22.6454 5.99767 -0.0306645, 22.6187 6.00318 -0.0317534, 22.5421 5.99808 -0.0356099, 22.5819 6.00511 -0.035035, 
            22.5177 5.98989 -0.0295547, 22.4766 5.96679 -0.0351022, 22.4112 5.88345 -0.0318243, 22.4226 5.90641 -0.0355762, 
            22.4469 5.94009 -0.0340352, 22.3993 5.84468 -0.0333254, 22.3962 5.80802 -0.0295547, 22.3989 5.77713 -0.0295547, 
            22.4029 5.75706 -0.0317676, 22.4302 5.69674 -0.0336712, 22.4738 5.65143 -0.0295547, 22.5055 5.63218 -0.0295547, 
            22.5807 5.61121 -0.03206, 22.5177 5.62616 -0.0317562, 22.6648 5.62464 -0.0358673, 22.6316 5.61452 -0.0337376, 
            22.6915 5.63756 -0.0317601, 22.7321 5.66872 -0.0301014, 22.7158 5.6542 -0.0373618, 22.7494 5.68876 -0.0376495, 
            22.7703 5.7217 -0.0368865, 22.7882 5.83371 -0.0295547, 22.7899 5.80804 -0.0336289, 22.7882 5.78242 -0.0336608, 
            22.7831 5.75726 -0.0356155, 22.7714 5.85774 -0.0491981, 22.5269 5.6365 -0.0492363, 22.4098 5.7935 -0.0492217, 
            22.6793 5.97481 -0.0469887, 22.5918 5.99081 -0.0492385, 22.4238 5.87579 -0.0492234, 22.768 5.88393 -0.0452271, 
            22.7634 5.90638 -0.0356268, 22.7244 5.94945 -0.0431817, 22.6915 5.97841 -0.0336836, 22.3989 5.82153 -0.0406534, 
            22.455 5.66798 -0.0377005, 22.7029 5.6497 -0.0434967, 22.6045 5.99907 -0.0449972, 22.497 5.97985 -0.0378681, 
            22.4843 5.95897 -0.049011, 22.4411 5.92424 -0.044787, 22.4112 5.73276 -0.0355889, 22.4342 5.70105 -0.0436954, 
            22.4903 5.64012 -0.0371355, 22.5451 5.61729 -0.0384838, 22.6008 5.61643 -0.0439608, 22.6512 5.62559 -0.0446973, 
            22.7783 5.79951 -0.0491574, 22.7288 5.93141 -0.0492153, 22.4103 5.75057 -0.0442294, 22.5081 5.6343 -0.0419757, 
            22.7218 5.67795 -0.0491979, 22.7629 5.7347 -0.0489323, 22.636 5.99426 -0.0446849, 22.537 5.9868 -0.0475143, 
            22.4108 5.86958 -0.0434574, 22.4012 5.78833 -0.0435668, 22.618 6.00296 0.127926, 22.6498 5.99651 0.128076, 
            22.6738 5.98752 0.128546, 22.7145 5.96262 0.127926, 22.7364 5.94293 0.12847, 22.7846 5.85318 0.132041, 
            22.4257 5.91161 0.131928, 22.4492 5.94305 0.1295, 22.4998 5.98136 0.132036, 22.548 5.99965 0.127926, 
            22.586 6.00511 0.130132, 22.7286 5.66523 0.126869, 22.5725 5.61188 0.129174, 22.5363 5.61954 0.130109, 
            22.5121 5.62859 0.130111, 22.4904 5.63998 0.131771, 22.4497 5.67325 0.13394, 22.4014 5.76297 0.127926, 
            22.3964 5.81409 0.129578, 22.7815 5.7513 0.130134, 22.4247 5.88453 0.147492, 22.6008 5.99033 0.147608, 
            22.6687 5.97695 0.147479, 22.7113 5.94786 0.147515, 22.7765 5.79859 0.147617, 22.6321 5.62703 0.14751, 
            22.5058 5.64908 0.147608, 22.4167 5.74903 0.147464, 22.6969 5.97501 0.135965, 22.7739 5.88631 0.131782, 
            22.7889 5.82758 0.131962, 22.6255 5.61339 0.131356, 22.4092 5.73784 0.129155, 22.3972 5.78726 0.129781, 
            22.401 5.85253 0.130424, 22.4781 5.96773 0.133918, 22.7759 5.86127 0.143339, 22.76 5.88486 0.147535, 
            22.4905 5.96167 0.14745, 22.4984 5.64179 0.143325, 22.6974 5.65535 0.147429, 22.7837 5.79624 0.143768, 
            22.7526 5.923 0.137013, 22.6158 5.99968 0.141594, 22.5233 5.98455 0.144251, 22.4467 5.93347 0.141848, 
            22.41 5.82212 0.147547, 22.4158 5.73492 0.142896, 22.6605 5.99185 0.135998, 22.5593 5.99845 0.141033, 
            22.4435 5.69218 0.144216, 22.468 5.6561 0.133984, 22.5487 5.62119 0.142337, 22.5925 5.61486 0.14113, 
            22.6835 5.63344 0.136961, 22.7336 5.68711 0.14735, 22.7479 5.70635 0.147439, 22.7258 5.95102 0.135343, 
            22.5234 5.99209 0.131998, 22.4134 5.88857 0.131904, 22.4012 5.839 0.139848, 22.4011 5.77442 0.138631, 
            22.425 5.70485 0.132171, 22.6576 5.62256 0.131402, 22.708 5.64828 0.131977, 22.7265 5.66669 0.138756, 
            22.7455 5.68354 0.131967, 22.7663 5.7156 0.132984, 22.7739 5.74487 0.142525, 22.7885 5.78331 0.131974, 
            22.5927 5.87698 1.21055, 22.6626 5.73842 0.147611, 22.6783 5.75881 0.147611, 22.6422 5.72278 0.147611, 
            22.6185 5.71295 0.147611, 22.593 5.7096 0.147611, 22.5676 5.71295 0.147611, 22.5438 5.72278 0.147611, 
            22.5234 5.73842 0.147611, 22.5078 5.75881 0.147611, 22.498 5.78255 0.147611, 22.6881 5.8335 0.147611, 
            22.498 5.8335 0.147611, 22.5078 5.85723 0.147611, 22.6783 5.85723 0.147611, 22.4946 5.80802 0.147611, 
            22.6881 5.78255 0.147611, 22.5234 5.87762 0.147611, 22.5438 5.89326 0.147611, 22.5676 5.90309 0.147611, 
            22.593 5.90645 0.147611, 22.6185 5.90309 0.147611, 22.6422 5.89326 0.147611, 22.6626 5.87762 0.147611, 
            22.6915 5.80802 0.147611, 22.5175 5.80357 1.20785, 22.549 5.86489 1.21049, 22.6374 5.87086 1.20728, 
            22.6581 5.83813 1.21031, 22.6877 5.78266 1.17123, 22.6848 5.77247 1.17123, 22.6781 5.75891 1.17123, 
            22.6753 5.75771 1.18407, 22.6767 5.75621 1.17123, 22.659 5.73671 1.18341, 22.6658 5.74171 1.17123, 
            22.6024 5.71208 1.18821, 22.6369 5.71991 1.1756, 22.6524 5.72948 1.17123, 22.62 5.71335 1.17124, 
            22.593 5.71002 1.17123, 22.6021 5.71002 1.17123, 22.544 5.7231 1.17123, 22.5492 5.71991 1.17123, 
            22.5618 5.71597 1.18104, 22.5668 5.71321 1.17123, 22.584 5.71002 1.17123, 22.5337 5.72948 1.17123, 
            22.5236 5.73866 1.17123, 22.5203 5.74171 1.17123, 22.5094 5.75621 1.17123, 22.508 5.75891 1.17123, 
            22.5013 5.77246 1.17125, 22.4963 5.78994 1.17123, 22.4946 5.80802 1.17123, 22.4963 5.82611 1.17123, 
            22.5203 5.87433 1.17123, 22.5094 5.85984 1.17123, 22.508 5.85713 1.17123, 22.5013 5.84358 1.17122, 
            22.5337 5.88657 1.17123, 22.544 5.89294 1.17123, 22.5492 5.89613 1.17123, 22.5613 5.89553 1.19409, 
            22.5661 5.90269 1.17124, 22.5925 5.90518 1.18334, 22.584 5.90603 1.17123, 22.6021 5.90603 1.17123, 
            22.6185 5.90297 1.17123, 22.619 5.90087 1.18412, 22.62 5.90269 1.17123, 22.6369 5.89613 1.17123, 
            22.6658 5.87433 1.17123, 22.6624 5.87739 1.17123, 22.6523 5.88657 1.17123, 22.642 5.89294 1.17123, 
            22.6767 5.85984 1.17123, 22.6898 5.78994 1.17123, 22.6915 5.80802 1.17123, 22.6898 5.82611 1.17123, 
            22.6877 5.83338 1.17123, 22.6848 5.84359 1.17122, 22.5403 5.76061 1.21007, 22.604 5.73987 1.21043, 
            22.6476 5.76539 1.21036, 22.6774 5.80603 1.20213, 22.5258 5.85873 1.20323, 22.5614 5.72923 1.2025, 
            22.6277 5.72579 1.19901, 22.502 5.83001 1.19383, 22.5185 5.76381 1.19937, 22.6646 5.75878 1.20023, 
            22.6723 5.85763 1.19332, 22.6566 5.87782 1.18776, 22.637 5.89145 1.19267, 22.5937 5.89551 1.19925, 
            22.5427 5.88822 1.18862, 22.4984 5.80153 1.18972, 22.5007 5.78108 1.18369, 22.5114 5.75637 1.18356, 
            22.5335 5.73268 1.18759, 22.6881 5.78939 1.18683, 22.6847 5.83553 1.18844, 22.5156 5.86649 1.18365, 
            5.64977 4.64153 1.25829, 5.64977 4.6809 1.25829, 5.81119 4.6809 1.25829, 5.81119 4.48012 1.25829, 
            5.64977 4.48012 1.25829, 5.64977 4.51949 1.25829, 5.55765 4.51949 1.25829, 5.55765 4.64153 1.25829, 
            5.64977 5.14153 1.25829, 5.64977 5.1809 1.25829, 5.81119 5.1809 1.25829, 5.81119 4.98012 1.25829, 
            5.64977 4.98012 1.25829, 5.64977 5.01949 1.25829, 5.55765 5.01949 1.25829, 5.55765 5.14153 1.25829, 
            5.81119 5.48012 1.25829, 5.63501 5.64778 1.25829, 5.81119 5.6809 1.25829, 5.65055 5.68087 1.25829, 
            5.64977 5.48012 1.25829, 5.64353 5.50473 1.25829, 5.55765 5.51949 1.25829, 5.61478 5.51899 1.25829, 
            5.55769 5.64122 1.25829, 5.64977 6.14153 1.25829, 5.64977 6.1809 1.25829, 5.81119 6.1809 1.25829, 
            5.81119 5.98012 1.25829, 5.64977 5.98012 1.25829, 5.64977 6.01949 1.25829, 5.55765 6.01949 1.25829, 
            5.55765 6.14153 1.25829, 6.39205 6.26706 1.25829, 6.53185 6.06712 1.25829, 6.53185 6.24544 1.25829, 
            6.50889 6.25096 1.25829, 6.35352 6.06712 1.25829, 6.35364 6.2438 1.25829, 6.39347 6.34429 1.25829, 
            6.4919 6.34429 1.25829, 6.4922 6.27618 1.25829, 7.88993 6.01949 1.25829, 7.88993 5.98012 1.25829, 
            7.72851 5.98012 1.25829, 7.72851 6.1809 1.25829, 7.88993 6.1809 1.25829, 7.88993 6.14153 1.25829, 
            7.98206 6.14153 1.25829, 7.98206 6.01949 1.25829, 7.72851 5.6809 1.25829, 7.88993 5.6809 1.25829, 
            7.72851 5.48012 1.25829, 7.88993 5.64153 1.25829, 7.88993 5.48012 1.25829, 7.88993 5.51949 1.25829, 
            7.98206 5.51949 1.25829, 7.98206 5.64153 1.25829, 7.88993 5.01949 1.25829, 7.88993 4.98012 1.25829, 
            7.72851 4.98012 1.25829, 7.72851 5.1809 1.25829, 7.88993 5.1809 1.25829, 7.88993 5.14153 1.25829, 
            7.98206 5.14153 1.25829, 7.98206 5.01949 1.25829, 7.88993 4.51949 1.25829, 7.88993 4.48012 1.25829, 
            7.72851 4.48012 1.25829, 7.72851 4.6809 1.25829, 7.88993 4.6809 1.25829, 7.88993 4.64153 1.25829, 
            7.98206 4.64153 1.25829, 7.98206 4.51949 1.25829, 6.39347 4.41558 1.25829, 6.35352 4.41558 1.25829, 
            6.35352 4.5939 1.25829, 6.53185 4.5939 1.25829, 6.53185 4.41558 1.25829, 6.4919 4.41558 1.25829, 
            6.4919 4.31673 1.25829, 6.39347 4.31673 1.25829, 5.74971 4.5584 1.67167, 5.80257 4.5584 1.67167, 
            5.80167 4.63635 1.67167, 5.55765 5.51949 1.27797, 5.55765 5.64153 1.27797, 5.6104 5.64153 1.27797, 
            5.55765 6.01949 1.27797, 5.55765 6.14153 1.27797, 5.55765 4.51949 1.27797, 5.55765 4.64153 1.27797, 
            5.55765 5.01949 1.27797, 5.55765 5.14153 1.27797, 6.39347 6.34429 1.27797, 6.4919 6.34429 1.27797, 
            7.98206 5.01949 1.27797, 7.98206 5.14153 1.27797, 7.98206 5.51949 1.27797, 7.98206 5.64153 1.27797, 
            7.98206 6.01949 1.27797, 7.98206 6.14153 1.27797, 7.98206 4.51949 1.27797, 7.98206 4.64153 1.27797, 
            6.4919 4.41558 1.27797, 6.53185 4.41558 1.27797, 6.53185 4.5939 1.27797, 6.35352 4.5939 1.27797, 
            6.35352 4.41558 1.27797, 6.39347 4.41558 1.27797, 5.6104 4.51949 1.27797, 5.64977 4.51949 1.27797, 
            5.64977 4.48012 1.27797, 5.81119 4.48012 1.27797, 5.81119 4.6809 1.27797, 5.64977 4.6809 1.27797, 
            5.64977 4.64153 1.27797, 5.6104 4.64153 1.27797, 5.6104 5.01949 1.27797, 5.64977 5.01949 1.27797, 
            5.64977 4.98012 1.27797, 5.81119 4.98012 1.27797, 5.81119 5.1809 1.27797, 5.64977 5.1809 1.27797, 
            5.64977 5.14153 1.27797, 5.6104 5.14153 1.27797, 5.6104 5.51967 1.27797, 5.63444 5.51208 1.27797, 
            5.65192 5.48021 1.27797, 5.81119 5.48012 1.27797, 5.81119 5.6809 1.27797, 5.64977 5.6809 1.27797, 
            5.64123 5.65218 1.27797, 5.6104 6.01949 1.27797, 5.64977 6.01949 1.27797, 5.64977 5.98012 1.27797, 
            5.81119 5.98012 1.27797, 5.81119 6.1809 1.27797, 5.64977 6.1809 1.27797, 5.64977 6.14153 1.27797, 
            5.6104 6.14153 1.27797, 6.39347 6.29508 1.27797, 6.38898 6.26176 1.27797, 6.35354 6.24465 1.27797, 
            6.35352 6.06712 1.27797, 6.53185 6.06712 1.27797, 6.53174 6.24494 1.27797, 6.49695 6.2604 1.27797, 
            6.4919 6.29508 1.27797, 7.9293 6.14153 1.27797, 7.88993 6.14153 1.27797, 7.88993 6.1809 1.27797, 
            7.72851 6.1809 1.27797, 7.72851 5.98012 1.27797, 7.88993 5.98012 1.27797, 7.88993 6.01949 1.27797, 
            7.9293 6.01949 1.27797, 7.9293 5.64153 1.27797, 7.88993 5.64153 1.27797, 7.88993 5.6809 1.27797, 
            7.72851 5.6809 1.27797, 7.72851 5.48012 1.27797, 7.88993 5.48012 1.27797, 7.88993 5.51949 1.27797, 
            7.9293 5.51949 1.27797, 7.9293 5.14153 1.27797, 7.88993 5.14153 1.27797, 7.88993 5.1809 1.27797, 
            7.72851 5.1809 1.27797, 7.72851 4.98012 1.27797, 7.88993 4.98012 1.27797, 7.88993 5.01949 1.27797, 
            7.9293 5.01949 1.27797, 7.9293 4.64153 1.27797, 7.88993 4.64153 1.27797, 7.88993 4.6809 1.27797, 
            7.72851 4.6809 1.27797, 7.72851 4.48012 1.27797, 7.88993 4.48012 1.27797, 7.88993 4.51949 1.27797, 
            7.9293 4.51949 1.27797, 6.4919 4.36594 1.27797, 6.4919 4.31673 1.27797, 6.39347 4.31673 1.27797, 
            6.39347 4.36594 1.27797, 5.74971 4.5584 1.65199, 5.80256 4.5584 1.65199, 5.80213 4.63732 1.65199, 
            5.6104 4.36594 1.27797, 7.9293 6.29508 1.27797, 7.9293 4.36594 1.27797, 5.6104 6.29508 1.27797, 
            5.7762 6.01895 1.65199, 5.74092 6.01895 1.65199, 5.74092 6.00177 1.65199, 5.8312 6.00177 1.65199, 
            5.8312 6.01895 1.65199, 5.79602 6.01895 1.65199, 5.74 6.14634 1.65199, 5.74 6.12804 1.65199, 
            5.79602 6.1626 1.65199, 5.7762 6.13851 1.65199, 5.84202 4.5584 1.65199, 5.82189 4.5584 1.65199, 
            5.84202 4.54264 1.65199, 5.82189 4.54264 1.65199, 5.79882 4.65925 1.65199, 5.82189 4.65925 1.65199, 
            5.72918 4.54264 1.65199, 5.80258 4.54264 1.65199, 5.72918 4.55555 1.65199, 5.80258 4.50177 1.65199, 
            5.82189 4.50177 1.65199, 5.65178 6.2537 1.67167, 5.65178 4.40732 1.67167, 7.88792 6.2537 1.67167, 
            7.88792 4.40732 1.67167, 5.8312 6.00177 1.67167, 5.8312 6.01895 1.67167, 5.79602 6.01895 1.67167, 
            5.79602 6.1626 1.67167, 5.74 6.14634 1.67167, 5.74 6.12804 1.67167, 5.7762 6.13851 1.67167, 
            5.7762 6.01895 1.67167, 5.74092 6.01895 1.67167, 5.74092 6.00177 1.67167, 5.84202 4.54264 1.67167, 
            5.84202 4.5584 1.67167, 5.82189 4.5584 1.67167, 5.82189 4.65925 1.67167, 5.79882 4.65925 1.67167, 
            5.72918 4.55555 1.67167, 5.72918 4.54264 1.67167, 5.80258 4.54264 1.67167, 5.80258 4.50177 1.67167, 
            5.82189 4.50177 1.67167, 5.82189 4.54264 1.67167, 13.9837 1.90748 -0.0492418, 14.0011 2.25397 -0.0306635, 
            13.9537 2.22956 -0.0290725, 13.9274 2.20696 -0.0312142, 13.8847 2.14333 -0.0301742, 13.8815 2.13185 -0.0379279, 
            13.896 2.16628 -0.0295488, 13.9103 2.1877 -0.0295547, 13.9213 2.20023 -0.0295547, 13.8764 2.11887 -0.0317737, 
            13.8739 2.07414 -0.0435978, 13.8698 2.06525 -0.0390857, 13.8713 2.04217 -0.0295547, 13.8761 2.01782 -0.0334982, 
            13.8847 1.99261 -0.0355873, 13.896 1.96958 -0.0318273, 13.9271 1.92885 -0.0335813, 13.9103 1.94803 -0.0295547, 
            14.0289 1.87424 -0.0350798, 13.9905 1.88625 -0.0315113, 14.1173 1.87772 -0.031796, 14.1417 1.88598 -0.0298416, 
            14.2164 1.9397 -0.0377381, 14.2633 2.07143 -0.0373885, 14.2616 2.04176 -0.0293284, 14.2616 2.09338 -0.0300386, 
            14.2431 2.1558 -0.0334072, 14.2195 2.1916 -0.0368697, 14.2059 2.20689 -0.0294244, 14.1863 2.22399 -0.0355984, 
            14.0456 2.26368 -0.0348782, 14.0904 2.26323 -0.0336594, 14.2508 2.06549 -0.0492106, 14.2344 2.00014 -0.0492277, 
            14.1174 1.89296 -0.0492281, 14.0409 1.88221 -0.0473428, 13.9161 1.96621 -0.0492251, 14.0214 2.24535 -0.0491674, 
            14.2265 2.17705 -0.0414251, 14.1524 2.24536 -0.0333007, 14.1175 2.25791 -0.0355944, 13.9186 2.19354 -0.0411956, 
            13.8979 2.16602 -0.038432, 13.8714 2.09311 -0.0356312, 14.0665 1.87105 -0.0336495, 14.1792 1.90618 -0.0352934, 
            14.2344 1.9648 -0.0367104, 14.2483 1.99247 -0.0336779, 14.2565 2.01708 -0.0376512, 14.2615 2.05429 -0.03839, 
            14.2553 2.12273 -0.038636, 14.0224 2.25594 -0.0430184, 13.967 2.23523 -0.0413375, 13.9563 1.90446 -0.0357383, 
            14.0898 1.87256 -0.0385713, 14.1496 2.23998 -0.0453286, 13.8869 2.1323 -0.0442517, 13.9059 1.95834 -0.0406871, 
            13.9341 1.93325 -0.046348, 13.9778 1.89634 -0.0431767, 14.142 1.88991 -0.0433037, 14.1824 1.92636 -0.0492287, 
            14.2332 1.97591 -0.0456503, 14.2277 2.15583 -0.049221, 14.1741 2.21909 -0.0486223, 14.0784 2.25589 -0.0467981, 
            13.9638 2.22001 -0.0492126, 13.9076 2.15847 -0.0492272, 13.8926 2.12037 -0.0492237, 13.8898 2.01395 -0.0492135, 
            13.9213 2.2002 0.127926, 14.0521 2.26413 0.134764, 14.1232 2.25634 0.13011, 14.188 2.22246 0.127926, 
            14.2098 2.20274 0.130157, 14.2262 2.18283 0.132018, 14.2475 2.14586 0.129157, 14.258 2.11302 0.132039, 
            14.2624 2.08752 0.127926, 13.8869 2.14844 0.129948, 13.871 2.09243 0.13144, 14.2338 1.96421 0.133914, 
            14.2101 1.93269 0.132138, 14.1775 1.90539 0.134704, 14.1569 1.89318 0.127926, 14.1355 1.88368 0.135942, 
            14.0949 1.87289 0.134313, 14.0605 1.87116 0.132029, 14.0186 1.87664 0.129152, 13.9854 1.88865 0.135947, 
            13.9231 1.93309 0.133941, 13.9068 1.9529 0.132026, 13.8756 2.02055 0.136831, 13.8707 2.04855 0.133914, 
            14.246 1.98745 0.13587, 13.898 2.13562 0.14759, 13.9493 2.20524 0.147578, 14.1482 2.23298 0.147602, 
            14.2348 2.14066 0.14758, 14.236 1.99176 0.147479, 13.9034 1.97853 0.147423, 14.095 2.26275 0.129268, 
            14.2628 2.04825 0.13096, 13.9504 1.90861 0.13542, 13.8858 1.98919 0.132562, 13.878 2.12471 0.130114, 
            13.9138 2.192 0.131993, 13.9317 2.2113 0.130119, 14.0228 2.2596 0.136013, 14.2586 2.08309 0.142274, 
            14.2391 2.15508 0.141338, 13.939 1.93565 0.147501, 13.9993 1.89768 0.147584, 14.0591 1.87908 0.144654, 
            14.2463 2.03349 0.14756, 14.1484 2.24657 0.139504, 14.0519 2.25045 0.147562, 13.8951 2.15258 0.142977, 
            13.8823 2.07527 0.147477, 14.1294 1.8946 0.147533, 14.1961 1.92822 0.143793, 14.1668 2.23721 0.134936, 
            14.093 2.25713 0.143041, 13.9971 2.2444 0.144787, 13.9365 2.20822 0.143255, 14.0239 1.8779 0.138656, 
            14.2566 2.01663 0.134665, 14.1959 2.21098 0.141621, 13.9865 2.24819 0.131963, 13.9515 2.2276 0.131982, 
            13.8992 2.17151 0.13388, 13.8749 2.10117 0.139725, 14.1238 2.03762 1.21058, 14.1139 2.12172 1.21041, 
            14.0187 2.0197 1.21044, 14.1361 1.99827 0.147611, 14.1517 2.01865 0.147611, 14.1157 1.98263 0.147611, 
            14.092 1.97279 0.147611, 14.0665 1.96944 0.147611, 14.041 1.97279 0.147611, 14.0173 1.98263 0.147611, 
            13.9969 1.99827 0.147611, 13.9812 2.01865 0.147611, 13.9714 2.04239 0.147611, 14.1616 2.09334 0.147611, 
            13.9714 2.09334 0.147611, 13.9812 2.11708 0.147611, 14.1517 2.11708 0.147611, 13.9681 2.06786 0.147611, 
            14.1616 2.04239 0.147611, 13.9969 2.13746 0.147611, 14.0173 2.1531 0.147611, 14.041 2.16294 0.147611, 
            14.0665 2.16629 0.147611, 14.092 2.16294 0.147611, 14.1157 2.1531 0.147611, 14.1361 2.13746 0.147611, 
            14.1649 2.06786 0.147611, 14.0707 2.00002 1.2105, 14.0044 2.0865 1.21059, 14.0575 2.13667 1.21043, 
            14.1632 2.04978 1.17123, 14.1633 2.05941 1.18329, 14.1583 2.03231 1.17123, 14.1515 2.01876 1.17123, 
            14.1443 2.01409 1.19014, 14.1502 2.01605 1.17123, 14.1335 1.99799 1.1843, 14.1104 1.97976 1.17123, 
            14.1076 1.98068 1.18753, 14.1258 1.98932 1.17123, 14.1392 2.00155 1.17123, 14.0756 1.96986 1.17123, 
            14.0934 1.9732 1.17123, 14.0574 1.96986 1.17123, 14.0403 1.97306 1.17123, 14.0296 1.97771 1.18223, 
            14.0226 1.97976 1.17123, 13.9828 2.01601 1.17563, 13.9938 2.00156 1.17123, 13.9971 1.9985 1.17123, 
            14.0072 1.98932 1.17123, 14.0175 1.98294 1.17123, 13.9747 2.03231 1.17123, 13.9697 2.08595 1.17124, 
            13.9681 2.06786 1.17123, 13.9708 2.06524 1.18906, 13.9697 2.04978 1.17123, 13.9747 2.10342 1.17123, 
            13.9815 2.11697 1.17123, 13.9828 2.11968 1.17123, 14.0226 2.15597 1.17123, 14.0175 2.15279 1.17123, 
            14.0072 2.14641 1.17123, 13.9937 2.13417 1.17123, 14.0574 2.16587 1.17123, 14.066 2.16503 1.18334, 
            14.0396 2.16253 1.17123, 14.0756 2.16587 1.17123, 14.0919 2.16281 1.17123, 14.0933 2.162 1.17783, 
            14.0934 2.16253 1.17123, 14.1149 2.1509 1.18716, 14.1392 2.13417 1.17123, 14.1359 2.13723 1.17123, 
            14.1258 2.14641 1.17123, 14.1104 2.15597 1.17123, 14.1588 2.09481 1.18368, 14.1502 2.11969 1.17123, 
            14.1649 2.06636 1.17123, 14.1632 2.08595 1.17123, 14.1583 2.10342 1.17123, 14.0802 1.98817 1.20542, 
            14.0124 2.12991 1.20426, 13.9907 2.05238 1.20738, 14.0039 2.00755 1.20023, 14.1298 2.01325 1.20404, 
            14.0509 2.1532 1.20169, 13.9779 2.03392 1.19054, 14.0349 1.98968 1.2027, 14.0617 1.97188 1.18806, 
            14.1478 2.06624 1.20506, 14.144 2.10074 1.20356, 13.9898 2.10239 1.20307, 14.0017 1.996 1.18421, 
            14.1553 2.03936 1.19318, 14.1382 2.13065 1.18986, 14.0958 2.15319 1.19693, 14.0226 2.1548 1.18445, 
            13.9908 2.12689 1.18721, 13.9729 2.09387 1.18334, 3.46849 1.49614 -2.62404, 3.51222 1.49121 -2.63237, 
            3.5539 1.47664 -2.62404, 3.59122 1.45319 -2.62404, 3.62239 1.42202 -2.62404, 3.64584 1.3847 -2.62404, 
            3.6414 1.3847 -2.66351, 3.46849 1.10244 -2.62404, 3.49484 1.10714 -2.66065, 3.46849 1.12185 -2.71038, 
            3.55176 1.12193 -2.64305, 3.5539 1.12193 -2.62404, 3.51225 1.10737 -2.62979, 3.61853 1.17655 -2.65829, 
            3.58814 1.14538 -2.65135, 3.59122 1.14538 -2.62404, 3.56633 1.12974 -2.62404, 3.6414 1.21388 -2.66351, 
            3.62239 1.17655 -2.62404, 3.53429 1.1215 -2.67933, 3.55435 1.1449 -2.71197, 3.57907 1.14538 -2.6773, 
            3.58881 1.17655 -2.72, 3.60715 1.17655 -2.69082, 3.60715 1.21388 -2.73462, 3.62828 1.21388 -2.70099, 
            3.61853 1.25548 -2.7437, 3.6414 1.25548 -2.70731, 3.62239 1.29929 -2.74678, 3.64584 1.29929 -2.70945, 
            3.61853 1.34309 -2.7437, 3.6414 1.34309 -2.70731, 3.65559 1.25548 -2.66675, 3.6604 1.29929 -2.66785, 
            3.65559 1.34309 -2.66675, 3.6604 1.34309 -2.62404, 3.66534 1.29929 -2.62404, 3.6604 1.25548 -2.62404, 
            3.64584 1.21388 -2.62404, 3.62828 1.3847 -2.70099, 3.60715 1.3847 -2.73462, 3.61396 1.4234 -2.67379, 
            3.58881 1.42202 -2.72, 3.58435 1.45402 -2.66356, 3.56445 1.45319 -2.70057, 3.54582 1.47729 -2.66021, 
            3.46849 1.47664 -2.70945, 3.4958 1.45319 -2.7437, 3.46849 1.45319 -2.74678, 3.50274 1.42202 -2.77409, 
            3.46849 1.42202 -2.77795, 3.50795 1.3847 -2.79695, 3.46849 1.3847 -2.8014, 3.51119 1.34309 -2.81115, 
            3.46849 1.34309 -2.81596, 3.51229 1.29929 -2.81596, 3.46849 1.29929 -2.82089, 3.51119 1.25548 -2.81115, 
            3.46849 1.25548 -2.81596, 3.50795 1.21388 -2.79695, 3.46849 1.21388 -2.8014, 3.50274 1.17655 -2.77409, 
            3.46849 1.17655 -2.77795, 3.4958 1.14538 -2.7437, 3.46849 1.14538 -2.74678, 3.50775 1.47708 -2.7005, 
            3.53511 1.45367 -2.72732, 3.55158 1.42284 -2.75395, 3.54544 1.3847 -2.78383, 3.55176 1.34309 -2.79695, 
            3.5539 1.29929 -2.8014, 3.55176 1.25548 -2.79695, 3.54544 1.21388 -2.78383, 3.53526 1.17655 -2.76271, 
            3.52174 1.14538 -2.73462, 3.4953 1.12176 -2.70531, 3.49004 1.49144 -2.66367, 3.57907 1.3847 -2.76271, 
            3.58814 1.34309 -2.77409, 3.59122 1.29929 -2.77795, 3.58814 1.25548 -2.77409, 3.57907 1.21388 -2.76271, 
            3.56445 1.17655 -2.74437, 3.66534 1.29929 0.919264, 3.6604 1.34309 0.919265, 3.64584 1.3847 0.919262, 
            3.62261 1.42166 0.934983, 3.59122 1.45319 0.919266, 3.59122 1.44933 0.953511, 3.5539 1.47664 0.919264, 
            3.5539 1.4722 0.95873, 3.27164 1.29929 0.919264, 3.29113 1.29929 1.00467, 3.29113 1.38256 0.93827, 
            3.29113 1.3847 0.919264, 3.27657 1.34309 0.919261, 3.34575 1.44933 0.953511, 3.31458 1.41894 0.946575, 
            3.31458 1.42202 0.919264, 3.29894 1.39713 0.919264, 3.38308 1.4722 0.95873, 3.34575 1.45319 0.919264, 
            3.27655 1.33953 0.938644, 3.29096 1.37092 0.966087, 3.31458 1.39525 0.995788, 3.31458 1.40987 0.972517, 
            3.34575 1.41961 1.01522, 3.34575 1.43795 0.986041, 3.38308 1.43795 1.02984, 3.38308 1.45908 0.996216, 
            3.42468 1.44933 1.03892, 3.42468 1.4722 1.00253, 3.46849 1.45319 1.042, 3.46849 1.47664 1.00467, 
            3.51229 1.44933 1.03892, 3.51229 1.4722 1.00253, 3.42468 1.48639 0.961969, 3.46849 1.4912 0.963068, 
            3.51229 1.48639 0.961969, 3.51229 1.4912 0.919264, 3.46849 1.49614 0.919264, 3.42468 1.4912 0.919265, 
            3.38308 1.47664 0.919264, 3.5539 1.45908 0.996216, 3.5539 1.43795 1.02984, 3.59122 1.43795 0.986041, 
            3.59122 1.41961 1.01522, 3.62239 1.40987 0.972517, 3.64614 1.37999 0.946727, 3.64584 1.36606 0.972517, 
            3.64628 1.33855 0.995718, 3.64584 1.29929 1.00467, 3.62239 1.3266 1.03892, 3.62239 1.29929 1.042, 
            3.59122 1.33353 1.06931, 3.59122 1.29929 1.07317, 3.5539 1.33875 1.09217, 3.5539 1.29929 1.09662, 
            3.51229 1.34199 1.10637, 3.51229 1.29929 1.11118, 3.46849 1.34309 1.11118, 3.46849 1.29929 1.11611, 
            3.42468 1.34199 1.10637, 3.42468 1.29929 1.11118, 3.38308 1.33875 1.09217, 3.38308 1.29929 1.09662, 
            3.34575 1.33353 1.06931, 3.34575 1.29929 1.07317, 3.31458 1.3266 1.03892, 3.31458 1.29929 1.042, 
            3.66068 1.29931 0.964589, 3.62239 1.35254 1.02984, 3.59122 1.36606 1.05793, 3.5539 1.37624 1.07906, 
            3.51229 1.38256 1.09217, 3.46849 1.3847 1.09662, 3.42468 1.38256 1.09217, 3.38308 1.37624 1.07906, 
            3.34575 1.36606 1.05793, 3.27587 1.29931 0.964165, 3.66053 1.33716 0.94248, 3.62287 1.38722 1.00513, 
            3.59122 1.39525 1.03959, 3.5539 1.40987 1.05793, 3.51229 1.41894 1.06931, 3.46849 1.42202 1.07317, 
            3.42468 1.41894 1.06931, 3.38308 1.40987 1.05793, 3.34575 1.39525 1.03959, 3.3141 1.36343 1.02409, 
            3.2907 1.33458 0.997627, 3.43998 1.10668 -2.65903, 3.42468 1.10737 -2.62404, 3.38308 1.12193 -2.62404, 
            3.34883 1.14538 -2.65135, 3.34575 1.14538 -2.62404, 3.31458 1.17655 -2.62404, 3.31844 1.17655 -2.65829, 
            3.29113 1.21388 -2.62404, 3.29558 1.21388 -2.66351, 3.38308 1.47664 -2.62404, 3.31844 1.42202 -2.65829, 
            3.34883 1.45319 -2.65135, 3.34575 1.45319 -2.62404, 3.29558 1.3847 -2.66351, 3.31458 1.42202 -2.62404, 
            3.44649 1.49132 -2.66297, 3.42477 1.49122 -2.63395, 3.38996 1.47659 -2.66186, 3.36521 1.45367 -2.69066, 
            3.33859 1.42284 -2.70714, 3.32983 1.3847 -2.73462, 3.3087 1.3847 -2.70099, 3.31844 1.34309 -2.7437, 
            3.29558 1.34309 -2.70731, 3.31458 1.29929 -2.74678, 3.29113 1.29929 -2.70945, 3.31844 1.25548 -2.7437, 
            3.29558 1.25548 -2.70731, 3.28138 1.34309 -2.66675, 3.27657 1.29929 -2.66785, 3.28138 1.25548 -2.66675, 
            3.27657 1.25548 -2.62404, 3.27164 1.29929 -2.62404, 3.27657 1.34309 -2.62404, 3.29113 1.3847 -2.62404, 
            3.3087 1.21388 -2.70099, 3.32983 1.21388 -2.73462, 3.32983 1.17655 -2.69082, 3.34816 1.17655 -2.72, 
            3.35791 1.14538 -2.6773, 3.38779 1.12163 -2.65151, 3.4132 1.1215 -2.68984, 3.42652 1.1449 -2.73955, 
            3.46849 1.14538 -2.74678, 3.43424 1.17655 -2.77409, 3.46849 1.17655 -2.77795, 3.42902 1.21388 -2.79695, 
            3.46849 1.21388 -2.8014, 3.42578 1.25548 -2.81115, 3.46849 1.25548 -2.81596, 3.42469 1.29929 -2.81596, 
            3.42578 1.34309 -2.81115, 3.46849 1.34309 -2.81596, 3.42902 1.3847 -2.79695, 3.46849 1.3847 -2.8014, 
            3.43424 1.42202 -2.77409, 3.46849 1.42202 -2.77795, 3.46849 1.45319 -2.74678, 3.43319 1.47708 -2.70241, 
            3.40171 1.17655 -2.76271, 3.39154 1.21388 -2.78383, 3.38522 1.25548 -2.79695, 3.38308 1.29929 -2.8014, 
            3.38522 1.34309 -2.79695, 3.39154 1.3847 -2.78383, 3.40171 1.42202 -2.76271, 3.42928 1.45367 -2.74052, 
            3.38056 1.1449 -2.70991, 3.37253 1.17655 -2.74437, 3.35791 1.21388 -2.76271, 3.34883 1.25548 -2.77409, 
            3.34575 1.29929 -2.77795, 3.34883 1.34309 -2.77409, 3.35791 1.3847 -2.76271, 3.37253 1.42202 -2.74437, 
            3.39196 1.45319 -2.72, 3.27657 1.25982 0.93827, 3.27657 1.25603 0.924139, 3.29105 1.21411 0.930213, 
            3.31458 1.17655 0.919262, 3.31458 1.17963 0.946575, 3.34575 1.14538 0.919264, 3.34575 1.14924 0.953511, 
            3.37065 1.12974 0.919264, 3.38308 1.12193 0.919264, 3.38308 1.12638 0.95873, 3.66049 1.29929 0.963214, 
            3.64584 1.29929 1.00467, 3.6457 1.21781 0.947777, 3.64584 1.21388 0.919264, 3.66025 1.25447 0.923887, 
            3.59122 1.14924 0.953511, 3.62239 1.17963 0.946575, 3.62239 1.17655 0.919264, 3.63803 1.20145 0.919264, 
            3.5539 1.12638 0.95873, 3.59122 1.14538 0.919264, 3.64602 1.23987 0.980854, 3.62287 1.19601 0.98588, 
            3.59122 1.17896 1.01522, 3.59122 1.16063 0.986041, 3.5539 1.16063 1.02984, 3.5539 1.1395 0.996217, 
            3.51229 1.14924 1.03892, 3.51229 1.12638 1.00253, 3.46849 1.14538 1.042, 3.46849 1.12193 1.00467, 
            3.42468 1.14924 1.03892, 3.42468 1.12638 1.00253, 3.51229 1.11218 0.96197, 3.46849 1.10737 0.963068, 
            3.42468 1.11218 0.96197, 3.42366 1.10753 0.918482, 3.46849 1.10244 0.919264, 3.51229 1.10737 0.919264, 
            3.5539 1.12193 0.919264, 3.38308 1.1395 0.996217, 3.38308 1.16063 1.02984, 3.34575 1.16063 0.986041, 
            3.31458 1.18871 0.972517, 3.31458 1.20333 0.995788, 3.29096 1.22602 0.963482, 3.27646 1.27376 0.955973, 
            3.28554 1.29928 0.994162, 3.2907 1.26003 0.995719, 3.31458 1.27198 1.03892, 3.31458 1.29929 1.042, 
            3.34575 1.26504 1.06931, 3.34575 1.29929 1.07317, 3.38308 1.25982 1.09217, 3.38308 1.29929 1.09662, 
            3.42468 1.25658 1.10637, 3.42468 1.29929 1.11118, 3.46849 1.25549 1.11118, 3.51229 1.25658 1.10637, 
            3.51229 1.29929 1.11118, 3.5539 1.25982 1.09217, 3.5539 1.29929 1.09662, 3.59122 1.26504 1.06931, 
            3.59122 1.29929 1.07317, 3.62239 1.27198 1.03892, 3.62239 1.29929 1.042, 3.64584 1.28028 1.00253, 
            3.3141 1.23267 1.02254, 3.34575 1.23251 1.05793, 3.38308 1.22234 1.07906, 3.42468 1.21602 1.09217, 
            3.46849 1.21388 1.09662, 3.51229 1.21602 1.09217, 3.5539 1.22234 1.07906, 3.59122 1.23251 1.05793, 
            3.62239 1.24604 1.02984, 3.64584 1.26223 0.996217, 3.66052 1.26918 0.952321, 3.34493 1.18937 1.02742, 
            3.38308 1.18871 1.05793, 3.42468 1.17963 1.06931, 3.46849 1.17655 1.07317, 3.51229 1.17963 1.06931, 
            3.5539 1.18871 1.05793, 3.59122 1.20333 1.03959, 3.62239 1.22276 1.01522, 3.65863 1.35024 -1.3642, 
            3.63897 1.39771 -1.3642, 3.60768 1.43848 -1.3642, 3.56691 1.46977 -1.3642, 3.51944 1.48943 -1.3642, 
            3.46849 1.49614 -1.3642, 3.41754 1.48943 -1.3642, 3.37006 1.46977 -1.3642, 3.32929 1.43848 -1.3642, 
            3.29801 1.39771 -1.3642, 3.27835 1.35024 -1.3642, 3.27164 1.29929 -1.3642, 3.27835 1.24834 -1.3642, 
            3.29801 1.20086 -1.3642, 3.32929 1.16009 -1.3642, 3.37006 1.12881 -1.3642, 3.41754 1.10914 -1.3642, 
            3.46849 1.10244 -1.3642, 3.51944 1.10914 -1.3642, 3.56691 1.12881 -1.3642, 3.60768 1.16009 -1.3642, 
            3.63897 1.20086 -1.3642, 3.65863 1.24834 -1.3642, 3.66534 1.29929 -1.3642, 3.41754 1.10914 0.210603, 
            3.63897 1.39771 0.210603, 3.65863 1.35024 0.210603, 3.60768 1.43848 0.210603, 3.56691 1.46977 0.210603, 
            3.51944 1.48943 0.210603, 3.46849 1.49614 0.210603, 3.41754 1.48943 0.210603, 3.37006 1.46977 0.210603, 
            3.32929 1.43848 0.210603, 3.29801 1.39771 0.210603, 3.27835 1.35024 0.210603, 3.27164 1.29929 0.210603, 
            3.27835 1.24834 0.210603, 3.29801 1.20086 0.210603, 3.32929 1.16009 0.210603, 3.37006 1.12881 0.210603, 
            3.46849 1.10244 0.210603, 3.51944 1.10914 0.210603, 3.56691 1.12881 0.210603, 3.60768 1.16009 0.210603, 
            3.63897 1.20086 0.210603, 3.65863 1.24834 0.210603, 3.66534 1.29929 0.210603, 3.22302 1.6071 -1.3642, 
            3.29767 1.654 -1.3642, 3.38088 1.68312 -1.3642, 3.46849 1.69299 -1.3642, 3.55609 1.68312 -1.3642, 
            3.22302 0.99148 -1.3642, 3.16068 1.05382 -1.3642, 3.11378 1.12847 -1.3642, 3.08466 1.21168 -1.3642, 
            3.07479 1.29929 -1.3642, 3.08466 1.38689 -1.3642, 3.11378 1.47011 -1.3642, 3.16068 1.54476 -1.3642, 
            3.63931 1.654 -1.3642, 3.71396 1.6071 -1.3642, 3.7763 1.54476 -1.3642, 3.8232 1.47011 -1.3642, 
            3.85232 1.38689 -1.3642, 3.86219 1.29929 -1.3642, 3.85232 1.21168 -1.3642, 3.8232 1.12847 -1.3642, 
            3.7763 1.05382 -1.3642, 3.71396 0.99148 -1.3642, 3.63931 0.944576 -1.3642, 3.55609 0.915458 -1.3642, 
            3.46849 0.905587 -1.3642, 3.38088 0.915458 -1.3642, 3.29767 0.944576 -1.3642, 3.71396 0.99148 0.210603, 
            3.7763 1.05382 0.210603, 3.8232 1.12847 0.210603, 3.85232 1.21168 0.210603, 3.86219 1.29929 0.210603, 
            3.85232 1.38689 0.210603, 3.8232 1.47011 0.210603, 3.22302 0.99148 0.210603, 3.29767 0.944576 0.210603, 
            3.38088 0.915458 0.210603, 3.46849 0.905587 0.210603, 3.55609 0.915458 0.210603, 3.63931 0.944576 0.210603, 
            3.22302 1.6071 0.210603, 3.16068 1.54476 0.210603, 3.11378 1.47011 0.210603, 3.08466 1.38689 0.210603, 
            3.07479 1.29929 0.210603, 3.08466 1.21168 0.210603, 3.11378 1.12847 0.210603, 3.16068 1.05382 0.210603, 
            3.7763 1.54476 0.210603, 3.71396 1.6071 0.210603, 3.63931 1.654 0.210603, 3.55609 1.68312 0.210603, 
            3.46849 1.69299 0.210603, 3.38088 1.68312 0.210603, 3.29767 1.654 0.210603, 5.05111 6.84766 1.25829, 
            5.05111 6.88703 1.25829, 5.21253 6.88703 1.25829, 5.21253 6.68624 1.25829, 5.05111 6.68624 1.25829, 
            5.05111 6.72561 1.25829, 4.95898 6.72561 1.25829, 4.95898 6.84766 1.25829, 5.05111 7.34766 1.25829, 
            5.05111 7.38703 1.25829, 5.21253 7.38703 1.25829, 5.21253 7.18624 1.25829, 5.05111 7.18624 1.25829, 
            5.05111 7.22561 1.25829, 4.95898 7.22561 1.25829, 4.95898 7.34766 1.25829, 5.21253 7.68624 1.25829, 
            5.05111 7.68624 1.25829, 5.21253 7.88703 1.25829, 5.05188 7.887 1.25829, 5.03635 7.8539 1.25829, 
            5.04676 7.7067 1.25829, 5.02103 7.72536 1.25829, 4.95898 7.72561 1.25829, 4.95903 7.84735 1.25829, 
            5.05111 8.34766 1.25829, 5.05111 8.38703 1.25829, 5.21253 8.38703 1.25829, 5.21253 8.18624 1.25829, 
            5.05111 8.18624 1.25829, 5.05111 8.22561 1.25829, 4.95898 8.22561 1.25829, 4.95898 8.34766 1.25829, 
            5.93319 8.27324 1.25829, 5.75486 8.27324 1.25829, 5.75488 8.45109 1.25829, 5.93302 8.44941 1.25829, 
            5.78666 8.46389 1.25829, 5.79481 8.55042 1.25829, 5.89324 8.55042 1.25829, 5.79481 8.49094 1.25829, 
            5.89445 8.47448 1.25829, 7.29127 8.22561 1.25829, 7.29127 8.18624 1.25829, 7.12985 8.18624 1.25829, 
            7.12985 8.38703 1.25829, 7.29127 8.38703 1.25829, 7.29127 8.34766 1.25829, 7.38339 8.34766 1.25829, 
            7.38339 8.22561 1.25829, 7.12985 7.88703 1.25829, 7.29127 7.88703 1.25829, 7.12985 7.68624 1.25829, 
            7.29127 7.84766 1.25829, 7.29127 7.68624 1.25829, 7.29127 7.72561 1.25829, 7.38339 7.72561 1.25829, 
            7.38339 7.84766 1.25829, 7.29127 7.22561 1.25829, 7.29127 7.18624 1.25829, 7.12985 7.18624 1.25829, 
            7.12985 7.38703 1.25829, 7.29127 7.38703 1.25829, 7.29127 7.34766 1.25829, 7.38339 7.34766 1.25829, 
            7.38339 7.22561 1.25829, 7.29127 6.72561 1.25829, 7.29127 6.68624 1.25829, 7.12985 6.68624 1.25829, 
            7.12985 6.88703 1.25829, 7.29127 6.88703 1.25829, 7.29127 6.84766 1.25829, 7.38339 6.84766 1.25829, 
            7.38339 6.72561 1.25829, 5.79481 6.62171 1.25829, 5.75486 6.62171 1.25829, 5.75486 6.80003 1.25829, 
            5.93319 6.80003 1.25829, 5.93319 6.62171 1.25829, 5.89324 6.62171 1.25829, 5.89324 6.52286 1.25829, 
            5.79481 6.52286 1.25829, 5.15105 6.76453 1.67167, 5.20392 6.76453 1.67167, 5.20387 6.84382 1.67167, 
            5.01174 7.72646 1.27797, 4.95898 7.72561 1.27797, 4.95898 7.84766 1.27797, 5.01174 7.84766 1.27797, 
            4.95898 8.22561 1.27797, 4.95898 8.34766 1.27797, 4.95898 6.72561 1.27797, 4.95898 6.84766 1.27797, 
            4.95898 7.22561 1.27797, 4.95898 7.34766 1.27797, 5.79481 8.55042 1.27797, 5.89324 8.55042 1.27797, 
            7.38339 7.22561 1.27797, 7.38339 7.34766 1.27797, 7.38339 7.72561 1.27797, 7.38339 7.84766 1.27797, 
            7.38339 8.22561 1.27797, 7.38339 8.34766 1.27797, 7.38339 6.72561 1.27797, 7.38339 6.84766 1.27797, 
            5.89324 6.62171 1.27797, 5.93319 6.62171 1.27797, 5.93319 6.80003 1.27797, 5.75486 6.80003 1.27797, 
            5.75486 6.62171 1.27797, 5.79481 6.62171 1.27797, 5.01174 6.72561 1.27797, 5.05111 6.72561 1.27797, 
            5.05111 6.68624 1.27797, 5.21253 6.68624 1.27797, 5.21253 6.88703 1.27797, 5.05111 6.88703 1.27797, 
            5.05111 6.84766 1.27797, 5.01174 6.84766 1.27797, 5.01174 7.22561 1.27797, 5.05111 7.22561 1.27797, 
            5.05111 7.18624 1.27797, 5.21253 7.18624 1.27797, 5.21253 7.38703 1.27797, 5.05111 7.38703 1.27797, 
            5.05111 7.34766 1.27797, 5.01174 7.34766 1.27797, 5.04536 7.70892 1.27797, 5.05111 7.68624 1.27797, 
            5.21253 7.68624 1.27797, 5.21253 7.88703 1.27797, 5.05111 7.88703 1.27797, 5.04257 7.85831 1.27797, 
            5.01174 8.22561 1.27797, 5.05111 8.22561 1.27797, 5.05111 8.18624 1.27797, 5.21253 8.18624 1.27797, 
            5.21253 8.38703 1.27797, 5.05111 8.38703 1.27797, 5.05111 8.34766 1.27797, 5.01174 8.34766 1.27797, 
            5.79481 8.5012 1.27797, 5.79382 8.48049 1.27797, 5.77782 8.45709 1.27797, 5.75486 8.45157 1.27797, 
            5.75486 8.27324 1.27797, 5.93319 8.27324 1.27797, 5.93303 8.44991 1.27797, 5.8966 8.47087 1.27797, 
            5.89324 8.5012 1.27797, 7.33064 8.34766 1.27797, 7.29127 8.34766 1.27797, 7.29127 8.38703 1.27797, 
            7.12985 8.38703 1.27797, 7.12985 8.18624 1.27797, 7.29127 8.18624 1.27797, 7.29127 8.22561 1.27797, 
            7.33064 8.22561 1.27797, 7.33064 7.84766 1.27797, 7.29127 7.84766 1.27797, 7.29127 7.88703 1.27797, 
            7.12985 7.88703 1.27797, 7.12985 7.68624 1.27797, 7.29127 7.68624 1.27797, 7.29127 7.72561 1.27797, 
            7.33064 7.72561 1.27797, 7.33064 7.34766 1.27797, 7.29127 7.34766 1.27797, 7.29127 7.38703 1.27797, 
            7.12985 7.38703 1.27797, 7.12985 7.18624 1.27797, 7.29127 7.18624 1.27797, 7.29127 7.22561 1.27797, 
            7.33064 7.22561 1.27797, 7.33064 6.84766 1.27797, 7.29127 6.84766 1.27797, 7.29127 6.88703 1.27797, 
            7.12985 6.88703 1.27797, 7.12985 6.68624 1.27797, 7.29127 6.68624 1.27797, 7.29127 6.72561 1.27797, 
            7.33064 6.72561 1.27797, 5.89324 6.57207 1.27797, 5.89324 6.52286 1.27797, 5.79481 6.52286 1.27797, 
            5.79481 6.57207 1.27797, 5.15105 6.76453 1.65199, 5.20392 6.76453 1.65199, 5.20386 6.84406 1.65199, 
            5.01174 6.57207 1.27797, 5.01174 8.5012 1.27797, 7.33064 8.5012 1.27797, 7.33064 6.57207 1.27797, 
            5.17753 8.22508 1.65199, 5.14226 8.22508 1.65199, 5.14226 8.2079 1.65199, 5.23253 8.2079 1.65199, 
            5.23253 8.22508 1.65199, 5.19736 8.22508 1.65199, 5.14134 8.35247 1.65199, 5.14134 8.33417 1.65199, 
            5.19736 8.36873 1.65199, 5.17753 8.34464 1.65199, 5.24336 6.76453 1.65199, 5.22323 6.76453 1.65199, 
            5.24336 6.74877 1.65199, 5.22323 6.74877 1.65199, 5.20015 6.86538 1.65199, 5.22323 6.86538 1.65199, 
            5.13051 6.74877 1.65199, 5.20392 6.74877 1.65199, 5.13051 6.76168 1.65199, 5.20392 6.7079 1.65199, 
            5.22323 6.7079 1.65199, 5.05312 8.45983 1.67167, 5.05312 6.61345 1.67167, 7.28926 8.45983 1.67167, 
            7.28926 6.61345 1.67167, 5.23253 8.2079 1.67167, 5.23253 8.22508 1.67167, 5.19736 8.22508 1.67167, 
            5.19736 8.36873 1.67167, 5.14134 8.35247 1.67167, 5.14134 8.33417 1.67167, 5.17753 8.34464 1.67167, 
            5.17753 8.22508 1.67167, 5.14226 8.22508 1.67167, 5.14226 8.2079 1.67167, 5.24336 6.74877 1.67167, 
            5.24336 6.76453 1.67167, 5.22323 6.76453 1.67167, 5.22323 6.86538 1.67167, 5.20015 6.86538 1.67167, 
            5.13051 6.76168 1.67167, 5.13051 6.74877 1.67167, 5.20392 6.74877 1.67167, 5.20392 6.7079 1.67167, 
            5.22323 6.7079 1.67167, 5.22323 6.74877 1.67167, 10.7482 6.15704 1.27797, 10.7482 6.15704 0.210603, 
            19.5109 6.07743 1.27797, 19.5109 6.07743 0.210603, 19.7379 6.05956 1.27797, 19.7379 6.05956 0.210603, 
            10.5088 6.1382 1.27797, 10.5088 6.1382 0.210603, 10.9876 6.1382 1.27797, 10.9876 6.1382 0.210603, 
            11.2211 6.08214 1.27797, 19.9594 6.00639 1.27797, 10.2753 6.08214 0.210603, 11.4429 5.99024 0.210603, 
            11.2211 6.08214 0.210603, 19.2839 6.05956 0.210603, 19.2839 6.05956 1.27797, 19.0624 6.00639 0.210603, 
            19.0624 6.00639 1.27797, 19.9594 6.00639 0.210603, 20.1698 5.91924 1.27797, 20.1698 5.91924 0.210603, 
            10.0534 5.99024 0.210603, 11.6477 5.86477 0.210603, 11.6477 5.86477 1.27797, 18.852 5.91924 1.27797, 
            18.852 5.91924 0.210603, 20.364 5.80025 1.27797, 20.364 5.80025 0.210603, 10.0535 5.99025 1.27797, 
            9.8487 5.86477 0.210603, 9.8487 5.86477 1.27797, 11.8303 5.70882 1.27797, 11.8303 5.70882 0.210603, 
            18.6578 5.80025 1.27797, 18.6578 5.80025 0.210603, 20.5371 5.65234 1.27797, 9.6661 5.70882 1.27797, 
            9.6661 5.70882 0.210603, 11.9862 5.52622 1.27797, 11.9862 5.52622 0.210603, 18.4847 5.65234 1.27797, 
            18.4847 5.65234 0.210603, 20.685 5.47917 0.210603, 9.51015 5.52622 1.27797, 9.51015 5.52622 0.210603, 
            12.1117 5.32147 1.27797, 12.1117 5.32147 0.210603, 18.3368 5.47917 1.27797, 20.7866 5.31342 1.27797, 
            20.804 5.285 0.210603, 20.804 5.28499 1.27797, 9.38468 5.32147 1.27797, 9.38468 5.32147 0.210603, 
            12.2036 5.09962 0.210603, 12.2036 5.09962 1.27797, 20.8912 5.07458 0.210603, 9.29278 5.09962 0.210603, 
            9.29278 5.09962 1.27797, 12.2597 4.86612 1.27797, 12.2597 4.86612 0.210603, 18.1306 5.07458 1.27797, 
            18.1306 5.07458 0.210603, 18.2178 5.285 1.27797, 20.9444 4.85313 0.210603, 20.9444 4.85313 1.27797, 
            9.23673 4.86612 1.27797, 9.23673 4.86612 0.210603, 12.2785 4.62673 1.27797, 12.2785 4.62673 0.210603, 
            18.0774 4.85314 1.27797, 18.0774 4.85314 0.210603, 20.9622 4.6261 1.27797, 20.9622 4.6261 0.210603, 
            9.21788 4.62673 1.27797, 9.21788 4.62673 0.210603, 12.2597 4.38734 1.27797, 12.2597 4.38734 0.210603, 
            18.0596 4.6261 1.27797, 18.0596 4.6261 0.210603, 20.9444 4.39906 1.27797, 11.0785 7.9807 0.210603, 
            10.7482 7.99693 0.210603, 11.0785 7.9807 1.27797, 10.7482 7.99693 1.27797, 9.23673 4.38734 1.27797, 
            9.23673 4.38734 0.210603, 12.2036 4.15384 1.27797, 12.2036 4.15384 0.210603, 18.0774 4.39906 1.27797, 
            18.0774 4.39906 0.210603, 20.9444 4.39906 0.210603, 20.8912 4.17762 1.27797, 20.8912 4.17762 0.210603, 
            10.4179 7.9807 0.210603, 10.4179 7.9807 1.27797, 11.4057 7.93217 0.210603, 11.4057 7.93217 1.27797, 
            9.29278 4.15384 1.27797, 9.29278 4.15384 0.210603, 12.1117 3.93198 1.27797, 12.1117 3.93198 0.210603, 
            18.1306 4.17762 1.27797, 18.1306 4.17762 0.210603, 20.8244 4.01625 0.210603, 20.804 3.96722 1.27797, 
            20.804 3.96721 0.210603, 10.7482 1.25668 1.27797, 10.7482 1.25668 0.210603, 11.0785 1.27291 1.27797, 
            11.0785 1.27291 0.210603, 10.4179 1.27291 1.27797, 10.4179 1.27291 0.210603, 10.0907 7.93217 0.210603, 
            10.0907 7.93217 1.27797, 11.7265 7.85181 1.27797, 9.38468 3.93197 0.210603, 11.9862 3.72724 0.210603, 
            11.9862 3.72723 1.27797, 18.2178 3.96723 1.27797, 18.2178 3.96721 0.210603, 20.685 3.77303 0.210603, 
            20.685 3.77303 1.27797, 11.4057 1.32144 1.27797, 11.4057 1.32144 0.210603, 10.0907 1.32144 1.27797, 
            10.0907 1.32144 0.210603, 11.7265 7.85181 0.210603, 12.0379 7.74039 1.27797, 12.0379 7.74039 0.210603, 
            9.38468 3.93198 1.27797, 9.51015 3.72724 0.210603, 9.51015 3.72724 1.27797, 11.8303 3.54464 1.27797, 
            11.8303 3.54464 0.210603, 18.3368 3.77303 1.27797, 18.3368 3.77303 0.210603, 20.5371 3.59986 1.27797, 
            20.5371 3.59986 0.210603, 11.7265 1.4018 1.27797, 11.7265 1.4018 0.210603, 9.76987 1.4018 1.27797, 
            9.76987 1.4018 0.210603, 9.45847 7.74039 0.210603, 9.45847 7.74039 1.27797, 9.76987 7.85181 0.210603, 
            9.76987 7.85181 1.27797, 12.3369 7.59898 0.210603, 12.3369 7.59898 1.27797, 19.5108 7.3914 0.210603, 
            19.2006 7.37398 0.210603, 19.5108 7.3914 1.27797, 19.2006 7.37398 1.27797, 19.8209 7.37398 0.210603, 
            19.8209 7.37398 1.27797, 9.6661 3.54464 1.27797, 9.6661 3.54464 0.210603, 11.6477 3.38868 0.210603, 
            18.4847 3.59986 1.27797, 18.4847 3.59986 0.210603, 20.364 3.45195 1.27797, 20.364 3.45195 0.210603, 
            12.0379 1.51322 1.27797, 12.0379 1.51322 0.210603, 9.45847 1.51322 1.27797, 9.45847 1.51322 0.210603, 
            8.47842 0.449797 1.27797, 8.47842 0.449797 0.210603, 8.45174 0.489729 1.27797, 8.45174 0.489729 0.210603, 
            13.0177 0.449797 1.27797, 13.0444 0.489729 1.27797, 13.0177 0.449797 0.210603, 13.0444 0.489729 0.210603, 
            20.7867 0.44905 1.27797, 20.8134 0.488982 1.27797, 20.7867 0.44905 0.210603, 20.8134 0.488982 0.210603, 
            19.5109 1.85615 1.27797, 19.5109 1.85615 0.210603, 19.8211 1.87357 0.210603, 18.2348 0.44905 1.27797, 
            18.2348 0.44905 0.210603, 18.2081 0.488982 1.27797, 18.2081 0.488982 0.210603, 19.2008 1.87357 0.210603, 
            18.2747 0.422368 1.27797, 18.2747 0.422368 0.210603, 20.7468 0.422368 1.27797, 20.7468 0.422368 0.210603, 
            9.15949 7.59898 0.210603, 9.15949 7.59898 1.27797, 12.6206 7.42895 1.27797, 12.6206 7.42895 0.210603, 
            18.8944 7.32195 0.210603, 18.8944 7.32195 1.27797, 20.1272 7.32195 0.210603, 20.1272 7.32195 1.27797, 
            9.8487 3.38868 1.27797, 11.6477 3.38869 1.27797, 11.4429 3.26321 0.210603, 11.4429 3.26322 1.27797, 
            18.6578 3.45195 1.27797, 18.6578 3.45195 0.210603, 20.1698 3.33296 0.210603, 20.1698 3.33296 1.27797, 
            13.0538 0.536832 1.27797, 13.0538 0.536832 0.210603, 12.3369 1.65463 1.27797, 8.44237 0.536832 1.27797, 
            8.44237 0.536832 0.210603, 8.51836 0.423115 1.27797, 8.51836 0.423115 0.210603, 12.9778 0.423115 1.27797, 
            12.9778 0.423115 0.210603, 20.8228 0.536085 1.27797, 20.8228 0.536085 0.210603, 19.8211 1.87357 1.27797, 
            20.1273 1.9256 0.210603, 20.1273 1.9256 1.27797, 18.1988 0.536085 1.27797, 18.1988 0.536085 0.210603, 
            18.8945 1.9256 1.27797, 19.2007 1.87357 1.27797, 18.8945 1.9256 0.210603, 18.3218 0.412999 1.27797, 
            18.3218 0.412999 0.210603, 20.6997 0.412999 1.27797, 20.6997 0.412999 0.210603, 8.87581 7.42895 0.210603, 
            8.87581 7.42895 1.27797, 12.6532 7.40321 0.210603, 12.6532 7.40321 1.27797, 18.5958 7.23595 0.210603, 
            18.5958 7.23595 1.27797, 20.4257 7.23595 0.210603, 20.4257 7.23595 1.27797, 10.0534 3.26322 0.210603, 
            10.0534 3.26321 1.27797, 9.8487 3.38868 0.210603, 11.2211 3.17132 0.210603, 18.852 3.33296 1.27797, 
            19.9594 3.24581 1.27797, 19.9594 3.24581 0.210603, 13.0444 0.583935 1.27797, 13.0444 0.583935 0.210603, 
            12.4542 1.72493 1.27797, 12.3369 1.65463 0.210603, 12.6206 1.82466 1.27797, 8.45174 0.583935 1.27797, 
            8.45174 0.583935 0.210603, 8.87581 1.82466 1.27797, 8.87581 1.82466 0.210603, 9.15949 1.65463 1.27797, 
            9.15949 1.65463 0.210603, 8.56546 0.413746 1.27797, 8.56546 0.413746 0.210603, 12.9307 0.413746 1.27797, 
            12.9307 0.413746 0.210603, 20.8134 0.583188 1.27797, 20.8134 0.583188 0.210603, 20.4258 2.0116 1.27797, 
            20.4258 2.0116 0.210603, 18.2081 0.583188 1.27797, 18.2081 0.583188 0.210603, 18.596 2.0116 1.27797, 
            18.596 2.0116 0.210603, 18.3689 0.422368 1.27797, 18.3689 0.422368 0.210603, 20.6526 0.422368 1.27797, 
            20.6526 0.422368 0.210603, 8.47128 8.64067 0.210603, 8.47128 8.64067 1.27797, 8.47919 8.62923 0.210603, 
            8.47917 8.62925 1.27797, 8.84173 7.40304 0.210603, 8.84173 7.40304 1.27797, 13.0249 8.6407 0.210603, 
            13.017 8.62925 0.210603, 13.0249 8.6407 1.27797, 13.017 8.62926 1.27797, 18.5623 7.2208 0.210603, 
            18.5623 7.2208 1.27797, 20.4592 7.22065 0.210603, 20.4592 7.22065 1.27797, 10.2753 3.17132 1.27797, 
            10.2753 3.17132 0.210603, 11.2211 3.17132 1.27797, 10.9876 3.11526 0.210603, 10.9876 3.11526 1.27797, 
            19.0624 3.24581 1.27797, 19.0624 3.24581 0.210603, 19.7379 3.19264 1.27797, 19.7379 3.19264 0.210603, 
            13.0168 0.624775 1.27797, 13.0169 0.624702 0.210603, 12.6206 1.82466 0.210603, 12.6532 1.8506 1.27797, 
            12.6532 1.8506 0.210603, 8.47889 0.624328 1.27797, 8.47895 0.624398 0.210603, 8.84181 1.85133 1.21221, 
            8.84201 1.85061 0.210603, 8.85774 1.83854 0.210603, 8.85772 1.83855 1.27797, 8.61256 0.423115 1.27797, 
            8.61256 0.423115 0.210603, 12.8836 0.423115 1.27797, 12.8836 0.423115 0.210603, 20.7858 0.624065 1.27797, 
            20.7859 0.623987 0.210603, 20.4594 2.02673 1.27797, 20.4594 2.02673 0.210603, 18.2354 0.623721 1.27797, 
            18.2354 0.623721 0.210603, 18.5624 2.0269 1.27797, 18.5624 2.0269 0.210603, 18.4094 0.449588 1.27797, 
            18.4096 0.449752 0.210603, 20.6121 0.449623 1.27797, 20.612 0.449752 0.210603, 8.31266 8.79929 0.210603, 
            8.31266 8.79929 1.27797, 8.48428 8.62607 0.210603, 8.48427 7.4026 1.27797, 13.0118 8.62607 0.210603, 
            13.0121 8.62653 1.27797, 18.069 8.79929 1.27797, 18.2283 8.63955 0.210603, 18.2284 8.63952 1.27797, 
            18.2312 8.63482 0.210603, 18.2312 8.63499 1.27797, 18.2312 7.21968 0.210603, 18.2312 7.21968 1.27797, 
            20.7936 8.64007 1.27797, 20.7931 8.63946 0.210603, 20.7904 8.63535 1.27797, 20.7903 7.21968 0.210603, 
            20.9526 8.79929 0.210603, 10.5088 3.11526 0.210603, 10.7482 3.09642 1.27797, 10.7482 3.09642 0.210603, 
            19.2839 3.19264 1.27797, 19.2839 3.19264 0.210603, 19.5109 3.17478 1.27797, 13.0121 0.627192 1.27797, 
            13.0118 0.62778 0.210603, 13.0119 1.85133 1.27797, 8.48338 0.627091 1.27797, 8.48337 0.627171 0.210603, 
            8.65403 0.451881 1.27797, 8.65833 0.453694 0.210603, 12.8422 0.451319 1.27797, 12.8396 0.452472 0.210603, 
            20.7808 0.626673 1.27797, 20.7805 0.627318 0.210603, 20.7805 2.02787 1.27797, 20.7805 2.02787 0.210603, 
            18.2398 0.626386 1.27797, 18.2397 0.626424 0.210603, 18.4111 0.452865 1.27797, 18.4116 0.453068 0.210603, 
            20.61 0.453068 1.27797, 20.61 0.453068 0.210603, 21.9462 6.34501 0.210603, 21.913 6.34937 0.210603, 
            23.7498 1.46169 0.210603, 23.7498 7.46168 0.210603, 23.5526 7.61302 0.210603, 23.1872 7.13689 0.210603, 
            13.0118 0.77665 0.210603, 3.46849 7.07291 0.210603, 18.2312 8.62606 0.210603, 20.7903 8.63477 0.210603, 
            18.069 8.79929 0.210603, 13.0118 8.62606 0.210603, 13.1835 8.79929 0.210603, 13.0118 7.40251 0.210603, 
            8.48428 7.40251 0.210603, 3.68715 7.2407 0.210603, 3.24982 4.2407 0.210603, 18.852 3.33296 0.210603, 
            18.3368 5.47917 0.210603, 18.2178 5.285 0.210603, 20.5371 5.65234 0.210603, 22.4822 5.74404 0.210603, 
            23.4099 3.01795 0.210603, 8.48348 0.77665 0.210603, 8.48428 1.85133 0.210603, 13.4656 3.87211 0.210603, 
            13.4626 3.86476 0.210603, 13.4957 3.74117 0.210603, 13.5222 3.72084 0.210603, 13.5531 3.70805 0.210603, 
            13.5862 3.70369 0.210603, 13.6193 3.70805 0.210603, 13.6501 3.72084 0.210603, 13.4582 3.83165 0.210603, 
            13.4626 3.79853 0.210603, 13.4754 3.76767 0.210603, 13.6766 3.74117 0.210603, 13.697 3.76767 0.210603, 
            13.7098 3.79853 0.210603, 13.7141 3.83165 0.210603, 13.7098 3.86476 0.210603, 13.7067 3.87211 0.210603, 
            13.697 3.89562 0.210603, 13.4754 3.89562 0.210603, 13.4957 3.92212 0.210603, 13.6766 3.92212 0.210603, 
            13.6501 3.94246 0.210603, 13.6193 3.95524 0.210603, 13.5531 3.95524 0.210603, 13.5222 3.94246 0.210603, 
            13.9474 2.11184 0.210603, 13.9429 2.10098 0.210603, 13.9385 2.06787 0.210603, 13.9429 2.03475 0.210603, 
            13.9557 2.00389 0.210603, 13.976 1.97739 0.210603, 14.0025 1.95706 0.210603, 14.0334 1.94427 0.210603, 
            14.0665 1.93991 0.210603, 14.0996 1.94427 0.210603, 14.157 1.97739 0.210603, 14.1944 2.06787 0.210603, 
            14.1901 2.03475 0.210603, 14.1773 2.00389 0.210603, 14.1901 2.10098 0.210603, 14.1856 2.11184 0.210603, 
            14.0025 2.17868 0.210603, 13.976 2.15834 0.210603, 14.1773 2.13184 0.210603, 14.157 2.15834 0.210603, 
            14.1305 2.17868 0.210603, 13.9557 2.13184 0.210603, 14.0996 2.19146 0.210603, 14.0665 2.19582 0.210603, 
            14.0334 2.19146 0.210603, 23.1872 7.46169 0.210603, 23.1437 7.29929 0.210603, 23.1548 7.21522 0.210603, 
            23.4685 7.62409 0.210603, 23.3844 7.61302 0.210603, 23.3061 7.58058 0.210603, 23.1548 7.38336 0.210603, 
            23.2388 7.52896 0.210603, 23.6309 7.58057 0.210603, 23.6982 7.52896 0.210603, 23.7498 7.13689 0.210603, 
            23.7822 7.21522 0.210603, 24.9685 7.29929 0.210603, 23.7933 7.29929 0.210603, 23.7822 7.38335 0.210603, 
            23.5526 6.98555 0.210603, 23.6309 7.018 0.210603, 23.6982 7.06962 0.210603, 23.2388 7.06962 0.210603, 
            23.4685 6.97448 0.210603, 23.3061 7.018 0.210603, 23.3844 6.98555 0.210603, 23.6872 5.85788 0.210603, 
            23.6645 5.91248 0.210603, 23.2724 5.91248 0.210603, 23.2724 5.6861 0.210603, 23.3084 5.63921 0.210603, 
            23.2498 5.85788 0.210603, 23.2421 5.79929 0.210603, 23.2498 5.7407 0.210603, 23.3553 5.60324 0.210603, 
            23.4099 5.58062 0.210603, 23.4685 5.57291 0.210603, 23.5271 5.58062 0.210603, 23.5817 5.60324 0.210603, 
            23.6949 5.79929 0.210603, 23.6872 5.7407 0.210603, 23.6286 5.63921 0.210603, 23.6645 5.6861 0.210603, 
            23.6286 5.95936 0.210603, 23.5817 5.99534 0.210603, 23.5271 6.01795 0.210603, 23.4685 6.02567 0.210603, 
            23.3553 5.99534 0.210603, 23.3084 5.95936 0.210603, 21.1655 1.72492 0.210603, 21.1619 1.69779 0.210603, 
            21.2899 1.56983 0.210603, 21.1663 1.66467 0.210603, 21.1791 1.63381 0.210603, 21.1994 1.60731 0.210603, 
            21.2259 1.58698 0.210603, 21.2568 1.57419 0.210603, 21.323 1.57419 0.210603, 21.3539 1.58698 0.210603, 
            21.4135 1.66467 0.210603, 21.4007 1.63381 0.210603, 21.3804 1.60731 0.210603, 21.4178 1.69779 0.210603, 
            21.4143 1.72492 0.210603, 21.4135 1.7309 0.210603, 21.4007 1.76176 0.210603, 21.3804 1.78826 0.210603, 
            21.3539 1.8086 0.210603, 21.323 1.82138 0.210603, 21.2568 1.82138 0.210603, 21.2899 1.82574 0.210603, 
            21.2259 1.8086 0.210603, 21.1994 1.78826 0.210603, 21.1791 1.76176 0.210603, 21.1663 1.7309 0.210603, 
            19.5109 3.17478 0.210603, 1.96849 -0.200712 0.210603, 20.8925 -0.200712 0.210603, 18.2399 0.77665 0.210603, 
            18.2411 2.02787 0.210603, 20.7805 0.777228 0.210603, 23.1872 1.13689 0.210603, 23.1872 1.46169 0.210603, 
            23.1548 1.38335 0.210603, 23.1437 1.29929 0.210603, 23.1548 1.21522 0.210603, 23.6982 1.52896 0.210603, 
            23.6309 1.58058 0.210603, 23.5526 1.61302 0.210603, 23.3844 1.61302 0.210603, 23.3061 1.58058 0.210603, 
            23.2388 1.52896 0.210603, 23.7498 1.1369 0.210603, 23.7822 1.21522 0.210603, 23.7933 1.29929 0.210603, 
            23.7822 1.38335 0.210603, 23.2388 1.06961 0.210603, 23.3061 1.018 0.210603, 23.6309 1.018 0.210603, 
            23.6982 1.06962 0.210603, 23.3844 0.985552 0.210603, 23.4685 0.974485 0.210603, 23.5526 0.985552 0.210603, 
            24.5044 0.418323 0.210603, 24.4828 0.470547 0.210603, 24.2953 0.578815 0.210603, 24.3513 0.571437 0.210603, 
            24.4484 0.515393 0.210603, 24.4035 0.549805 0.210603, 24.2392 0.571437 0.210603, 24.187 0.549805 0.210603, 
            24.1421 0.515393 0.210603, 24.1077 0.470547 0.210603, 24.0861 0.418323 0.210603, 24.0787 0.36228 0.210603, 
            24.0861 0.306237 0.210603, 24.1077 0.254013 0.210603, 24.1421 0.209167 0.210603, 24.187 0.174755 0.210603, 
            24.2392 0.153123 0.210603, 24.2953 0.145745 0.210603, 24.3513 0.153123 0.210603, 24.4035 0.174755 0.210603, 
            24.5044 0.306237 0.210603, 24.5118 0.36228 0.210603, 24.4484 0.209167 0.210603, 24.4828 0.254013 0.210603, 
            24.9685 -0.200712 0.210603, 3.24211 1.29929 0.210603, 3.52708 1.51795 0.210603, 3.46849 1.52567 0.210603, 
            3.4099 1.51795 0.210603, 3.27244 1.1861 0.210603, 3.30841 1.13921 0.210603, 3.3553 1.10324 0.210603, 
            3.4099 1.08062 0.210603, 3.3553 1.49534 0.210603, 3.30841 1.45936 0.210603, 3.27244 1.41248 0.210603, 
            3.24982 1.35788 0.210603, 3.24982 1.2407 0.210603, 3.62856 1.13921 0.210603, 3.66454 1.1861 0.210603, 
            3.68715 1.2407 0.210603, 3.69487 1.29929 0.210603, 3.68715 1.35788 0.210603, 3.46849 1.07291 0.210603, 
            3.52708 1.08062 0.210603, 3.58168 1.10324 0.210603, 3.66454 1.41248 0.210603, 3.62856 1.45936 0.210603, 
            3.58168 1.49534 0.210603, 23.4685 1.62409 0.210603, 23.4685 2.57291 0.210603, 23.4685 3.02567 0.210603, 
            23.5271 2.58062 0.210603, 23.4099 2.58062 0.210603, 23.5817 2.60324 0.210603, 23.6286 2.63921 0.210603, 
            23.6645 2.6861 0.210603, 23.6645 2.91248 0.210603, 23.6286 2.95936 0.210603, 23.5817 2.99534 0.210603, 
            23.5271 3.01795 0.210603, 23.6872 2.7407 0.210603, 23.6949 2.79929 0.210603, 23.6872 2.85788 0.210603, 
            23.3553 2.99534 0.210603, 23.3084 2.95936 0.210603, 23.2724 2.91248 0.210603, 23.2498 2.85788 0.210603, 
            23.2421 2.79929 0.210603, 23.2498 2.7407 0.210603, 23.2724 2.6861 0.210603, 23.3084 2.63921 0.210603, 
            23.3553 2.60324 0.210603, 13.0118 1.85133 0.210603, 18.0467 3.72064 0.210603, 18.0264 3.74714 0.210603, 
            17.9999 3.76748 0.210603, 17.9691 3.78026 0.210603, 17.9359 3.78462 0.210603, 17.8455 3.56619 0.210603, 
            17.872 3.54586 0.210603, 17.9028 3.78026 0.210603, 17.872 3.76748 0.210603, 15.3293 4.798 0.210603, 
            17.8455 3.74714 0.210603, 17.8251 3.72064 0.210603, 17.8251 3.59269 0.210603, 17.8123 3.68978 0.210603, 
            17.808 3.65667 0.210603, 17.8123 3.62355 0.210603, 17.9028 3.53307 0.210603, 17.9359 3.52871 0.210603, 
            17.9691 3.53307 0.210603, 14.1305 1.95706 0.210603, 17.9999 3.54586 0.210603, 18.0264 3.56619 0.210603, 
            18.0467 3.59269 0.210603, 18.0595 3.62355 0.210603, 18.0639 3.65667 0.210603, 18.0595 3.68978 0.210603, 
            13.5862 3.9596 0.210603, 23.6872 4.2407 0.210603, 23.6949 4.29929 0.210603, 23.4685 4.52567 0.210603, 
            23.2498 4.2407 0.210603, 23.2421 4.29929 0.210603, 23.6645 4.41248 0.210603, 23.6286 4.45936 0.210603, 
            23.2724 4.1861 0.210603, 23.3084 4.13921 0.210603, 23.3553 4.10324 0.210603, 23.6872 4.35788 0.210603, 
            23.5817 4.49534 0.210603, 23.5271 4.51795 0.210603, 23.4099 4.51795 0.210603, 23.3553 4.49534 0.210603, 
            23.3084 4.45936 0.210603, 23.4099 4.08062 0.210603, 23.4685 4.07291 0.210603, 23.5271 4.08062 0.210603, 
            23.5817 4.10324 0.210603, 23.2724 4.41248 0.210603, 23.2498 4.35788 0.210603, 23.6286 4.13921 0.210603, 
            23.6645 4.1861 0.210603, 15.3932 4.81514 0.210603, 15.4197 4.83547 0.210603, 15.2388 4.83547 0.210603, 
            15.2653 4.81514 0.210603, 15.2184 4.86197 0.210603, 15.3932 5.03676 0.210603, 15.3624 5.04954 0.210603, 
            15.3293 5.0539 0.210603, 15.2961 5.04954 0.210603, 15.2653 5.03676 0.210603, 15.2388 5.01643 0.210603, 
            15.2184 4.98993 0.210603, 15.4401 4.86197 0.210603, 15.4528 4.89283 0.210603, 15.4572 4.92595 0.210603, 
            15.4528 4.95907 0.210603, 15.4401 4.98993 0.210603, 15.4197 5.01643 0.210603, 15.2057 4.95907 0.210603, 
            15.2013 4.92595 0.210603, 15.2057 4.89283 0.210603, 15.2961 4.80236 0.210603, 15.3624 4.80236 0.210603, 
            3.27244 4.1861 0.210603, 3.4099 4.51795 0.210603, 3.3553 4.49534 0.210603, 3.30841 4.45936 0.210603, 
            3.27244 4.41248 0.210603, 3.24982 4.35788 0.210603, 3.24211 4.29929 0.210603, 3.30841 4.13921 0.210603, 
            3.3553 4.10324 0.210603, 3.4099 4.08062 0.210603, 3.46849 4.07291 0.210603, 3.69487 4.29929 0.210603, 
            3.52708 4.08062 0.210603, 3.58168 4.10324 0.210603, 3.62856 4.13921 0.210603, 3.68715 4.35788 0.210603, 
            3.66454 4.41248 0.210603, 3.62856 4.45936 0.210603, 3.58168 4.49534 0.210603, 3.52708 4.51795 0.210603, 
            3.46849 4.52567 0.210603, 3.66454 4.1861 0.210603, 3.68715 4.2407 0.210603, 22.657 5.91883 0.210603, 
            22.6261 5.93162 0.210603, 22.5026 5.71755 0.210603, 22.5291 5.69721 0.210603, 21.913 6.09346 0.210603, 
            22.593 5.93598 0.210603, 22.5599 5.93162 0.210603, 22.5291 5.91883 0.210603, 22.5026 5.8985 0.210603, 
            22.4822 5.872 0.210603, 22.7166 5.84114 0.210603, 22.7038 5.872 0.210603, 22.6835 5.8985 0.210603, 
            22.657 5.69721 0.210603, 22.6835 5.71755 0.210603, 22.4694 5.84114 0.210603, 22.4651 5.80802 0.210603, 
            22.4694 5.77491 0.210603, 22.5599 5.68443 0.210603, 22.593 5.68007 0.210603, 22.6261 5.68443 0.210603, 
            22.7038 5.74405 0.210603, 22.7166 5.77491 0.210603, 22.721 5.80802 0.210603, 23.4099 6.01795 0.210603, 
            21.8799 6.34501 0.210603, 21.8491 6.33222 0.210603, 21.8226 6.31189 0.210603, 21.8022 6.28539 0.210603, 
            21.7894 6.25453 0.210603, 22.041 6.22141 0.210603, 22.0366 6.25453 0.210603, 22.0239 6.28539 0.210603, 
            22.0035 6.31189 0.210603, 21.977 6.33222 0.210603, 21.7851 6.22141 0.210603, 21.7894 6.1883 0.210603, 
            21.8226 6.13094 0.210603, 21.8491 6.1106 0.210603, 21.8799 6.09782 0.210603, 21.9462 6.09782 0.210603, 
            21.977 6.1106 0.210603, 22.0035 6.13094 0.210603, 22.0239 6.15744 0.210603, 22.0366 6.1883 0.210603, 
            3.24982 7.35788 0.210603, 3.46849 7.52567 0.210603, 3.4099 7.51795 0.210603, 2.58567 8.02714 0.210603, 
            3.3553 7.49534 0.210603, 3.30841 7.45936 0.210603, 3.27244 7.41248 0.210603, 3.24211 7.29929 0.210603, 
            3.24982 7.2407 0.210603, 3.69487 7.29929 0.210603, 3.68715 7.35788 0.210603, 3.66454 7.41248 0.210603, 
            3.27244 7.1861 0.210603, 3.30841 7.13921 0.210603, 3.3553 7.10324 0.210603, 3.58168 7.10324 0.210603, 
            3.62856 7.13921 0.210603, 3.66454 7.1861 0.210603, 3.4099 7.08062 0.210603, 3.52708 7.08062 0.210603, 
            3.62856 7.45936 0.210603, 3.58168 7.49534 0.210603, 3.52708 7.51795 0.210603, 24.5044 8.29234 0.210603, 
            24.4828 8.34456 0.210603, 24.4484 8.38941 0.210603, 24.4035 8.42382 0.210603, 24.3513 8.44545 0.210603, 
            24.2953 8.45283 0.210603, 24.2392 8.44545 0.210603, 24.187 8.42382 0.210603, 24.1421 8.38941 0.210603, 
            24.1077 8.34456 0.210603, 24.0861 8.29234 0.210603, 24.0787 8.2363 0.210603, 24.0861 8.18025 0.210603, 
            24.1077 8.12803 0.210603, 24.1421 8.08318 0.210603, 24.187 8.04877 0.210603, 24.2392 8.02714 0.210603, 
            24.2953 8.01976 0.210603, 24.3513 8.02714 0.210603, 24.9685 8.79929 0.210603, 24.4035 8.04877 0.210603, 
            24.4484 8.08318 0.210603, 24.4828 8.12803 0.210603, 24.5044 8.18025 0.210603, 24.5118 8.2363 0.210603, 
            21.8022 6.15743 0.210603, 2.85087 8.18025 0.210603, 2.74998 8.04877 0.210603, 2.79483 8.08318 0.210603, 
            2.45419 8.12803 0.210603, 2.4886 8.08318 0.210603, 2.69776 8.02714 0.210603, 2.42518 8.2363 0.210603, 
            2.43256 8.18025 0.210603, 2.53345 8.04877 0.210603, 2.64172 8.01976 0.210603, 2.85087 8.29234 0.210603, 
            2.82924 8.34456 0.210603, 2.79483 8.38941 0.210603, 2.74998 8.42382 0.210603, 2.53345 8.42382 0.210603, 
            2.4886 8.38941 0.210603, 2.82924 8.12803 0.210603, 2.85825 8.2363 0.210603, 2.69776 8.44545 0.210603, 
            2.64172 8.45283 0.210603, 2.58567 8.44545 0.210603, 2.45419 8.34456 0.210603, 2.43256 8.29234 0.210603, 
            1.96849 8.79929 0.210603, 1.96849 0 1.27797, 1.96849 7.0237 1.27797, 1.96849 8.79929 1.27797, 
            8.48405 8.6262 1.27797, 8.48428 7.82193 1.27797, 13.0118 7.82421 1.27797, 13.0118 8.16223 0.210603, 
            13.1835 8.79929 1.27797, 18.2312 8.62607 1.27797, 20.7903 8.626 1.27797, 20.9526 8.79929 1.27797, 
            24.9685 6.6835 1.27797, 24.9685 8.79929 1.27797, 1.96849 -0.200712 1.27797, 24.9685 -0.200712 1.27797, 
            2.85234 8.28665 1.27797, 2.83349 8.33692 1.27797, 2.80331 8.38043 1.27797, 2.76325 8.41557 1.27797, 
            2.71877 8.43866 1.27797, 2.66657 8.45142 1.27797, 2.61288 8.45094 1.27797, 2.56485 8.43873 1.27797, 
            2.52021 8.41558 1.27797, 2.47946 8.37971 1.27797, 2.44963 8.3363 1.27797, 2.43284 8.29223 1.27797, 
            2.43173 8.2893 1.27797, 2.42518 8.2363 1.27797, 2.45419 8.12803 1.27797, 2.4886 8.08318 1.27797, 
            2.53345 8.04877 1.27797, 2.58567 8.02714 1.27797, 2.64172 8.01976 1.27797, 2.69776 8.02714 1.27797, 
            2.74998 8.04877 1.27797, 2.79483 8.08318 1.27797, 2.82924 8.12803 1.27797, 2.85087 8.18025 1.27797, 
            3.24982 7.2407 1.27797, 3.27244 7.1861 1.27797, 3.30841 7.13921 1.27797, 3.3553 7.10324 1.27797, 
            3.4099 7.08062 1.27797, 3.46849 7.07291 1.27797, 3.52708 7.08062 1.27797, 3.58168 7.10324 1.27797, 
            3.62856 7.13921 1.27797, 3.66454 7.1861 1.27797, 3.68715 7.2407 1.27797, 3.69487 7.29929 1.27797, 
            3.68715 7.35788 1.27797, 3.66454 7.41248 1.27797, 3.62856 7.45936 1.27797, 3.58168 7.49534 1.27797, 
            3.52708 7.51795 1.27797, 3.46849 7.52567 1.27797, 3.4099 7.51795 1.27797, 3.3553 7.49534 1.27797, 
            3.30841 7.45936 1.27797, 3.27244 7.41248 1.27797, 3.24211 1.29929 1.27797, 3.24982 1.2407 1.27797, 
            3.27244 1.1861 1.27797, 3.30841 1.13921 1.27797, 3.3553 1.10324 1.27797, 3.4099 1.08062 1.27797, 
            3.46849 1.07291 1.27797, 3.52708 1.08062 1.27797, 3.58168 1.10324 1.27797, 3.62856 1.13921 1.27797, 
            3.66454 1.1861 1.27797, 3.68715 1.2407 1.27797, 3.68715 1.35788 1.27797, 3.66454 1.41248 1.27797, 
            3.62856 1.45936 1.27797, 3.58168 1.49534 1.27797, 3.46849 1.52567 1.27797, 3.4099 1.51795 1.27797, 
            3.3553 1.49534 1.27797, 3.30841 1.45936 1.27797, 3.27244 1.41248 1.27797, 3.24982 1.35788 1.27797, 
            3.24211 4.29929 1.27797, 3.24982 4.2407 1.27797, 3.27244 4.1861 1.27797, 3.30841 4.13921 1.27797, 
            3.3553 4.10324 1.27797, 3.4099 4.08062 1.27797, 3.46849 4.07291 1.27797, 3.52708 4.08062 1.27797, 
            3.58168 4.10324 1.27797, 3.62856 4.13921 1.27797, 3.66454 4.1861 1.27797, 3.68715 4.2407 1.27797, 
            3.69487 4.29929 1.27797, 3.66454 4.41248 1.27797, 3.58168 4.49534 1.27797, 3.52708 4.51795 1.27797, 
            3.46849 4.52567 1.27797, 3.4099 4.51795 1.27797, 3.3553 4.49534 1.27797, 3.30841 4.45936 1.27797, 
            3.27244 4.41248 1.27797, 3.24982 4.35788 1.27797, 13.0118 1.83863 1.27797, 8.48416 1.85118 1.27797, 
            8.48347 0.77665 1.27797, 13.7106 3.86138 1.27797, 13.7094 3.86463 1.27797, 13.7066 3.87213 1.27797, 
            13.6995 3.89107 1.27797, 13.6816 3.91685 1.27797, 13.6581 3.93753 1.27797, 13.6317 3.95124 1.27797, 
            13.6009 3.95876 1.27797, 13.5407 3.95126 1.27797, 13.5144 3.93763 1.27797, 13.4903 3.91641 1.27797, 
            13.4727 3.89076 1.27797, 13.4657 3.87213 1.27797, 13.4629 3.86466 1.27797, 13.4618 3.8619 1.27797, 
            13.4582 3.83165 1.27797, 13.4626 3.79853 1.27797, 13.4754 3.76767 1.27797, 13.4957 3.74117 1.27797, 
            13.5222 3.72084 1.27797, 13.5531 3.70805 1.27797, 13.6501 3.72084 1.27797, 13.6766 3.74117 1.27797, 
            13.697 3.76767 1.27797, 13.7098 3.79853 1.27797, 13.7141 3.83165 1.27797, 15.4546 4.95179 1.27797, 
            15.4448 4.98103 1.27797, 15.428 5.00728 1.27797, 15.4052 5.02893 1.27797, 15.3787 5.04397 1.27797, 
            15.3486 5.05246 1.27797, 15.3169 5.05332 1.27797, 15.2853 5.0461 1.27797, 15.2572 5.03175 1.27797, 
            15.2342 5.01164 1.27797, 15.2188 4.98967 1.27797, 15.2163 4.98615 1.27797, 15.2059 4.95896 1.27797, 
            15.2049 4.95622 1.27797, 15.2013 4.92595 1.27797, 15.2184 4.86197 1.27797, 15.2388 4.83547 1.27797, 
            15.2653 4.81514 1.27797, 15.2961 4.80236 1.27797, 15.3293 4.798 1.27797, 15.3624 4.80236 1.27797, 
            15.3932 4.81514 1.27797, 15.4197 4.83547 1.27797, 15.4401 4.86197 1.27797, 15.4528 4.89283 1.27797, 
            14.1909 2.0976 1.27797, 14.1897 2.10085 1.27797, 14.1856 2.11185 1.27797, 14.1619 2.15307 1.27797, 
            14.1384 2.17375 1.27797, 14.112 2.18746 1.27797, 14.0812 2.19498 1.27797, 14.0494 2.19469 1.27797, 
            14.021 2.18747 1.27797, 13.9948 2.17385 1.27797, 13.9706 2.15263 1.27797, 13.953 2.12698 1.27797, 
            13.9473 2.11185 1.27797, 13.9432 2.10088 1.27797, 13.9421 2.09812 1.27797, 13.9385 2.06787 1.27797, 
            13.9429 2.03475 1.27797, 13.976 1.97739 1.27797, 14.0025 1.95706 1.27797, 14.0334 1.94427 1.27797, 
            14.0996 1.94427 1.27797, 14.1305 1.95706 1.27797, 14.157 1.97739 1.27797, 14.1773 2.00389 1.27797, 
            14.1901 2.03475 1.27797, 14.1944 2.06787 1.27797, 18.0604 3.6864 1.27797, 18.0493 3.71608 1.27797, 
            18.0314 3.74187 1.27797, 18.0078 3.76255 1.27797, 17.9814 3.77626 1.27797, 17.9506 3.78378 1.27797, 
            17.8905 3.77628 1.27797, 17.8642 3.76265 1.27797, 17.8459 3.74659 1.27797, 17.8401 3.74143 1.27797, 
            17.8225 3.71578 1.27797, 17.8126 3.68968 1.27797, 17.8116 3.68692 1.27797, 17.808 3.65667 1.27797, 
            17.8123 3.62355 1.27797, 17.8251 3.59269 1.27797, 17.8455 3.56619 1.27797, 17.872 3.54586 1.27797, 
            17.9359 3.52871 1.27797, 17.9691 3.53307 1.27797, 17.9999 3.54586 1.27797, 18.0264 3.56619 1.27797, 
            18.0467 3.59269 1.27797, 18.0595 3.62355 1.27797, 22.0375 6.25115 1.27797, 22.0264 6.28083 1.27797, 
            22.0234 6.2851 1.27797, 22.0085 6.30662 1.27797, 21.9849 6.3273 1.27797, 21.9585 6.34101 1.27797, 
            21.9277 6.34853 1.27797, 21.8959 6.34824 1.27797, 21.8676 6.34102 1.27797, 21.8413 6.32739 1.27797, 
            21.8172 6.30618 1.27797, 21.7996 6.28052 1.27797, 21.7897 6.25442 1.27797, 21.7887 6.25166 1.27797, 
            21.7851 6.22141 1.27797, 21.7894 6.1883 1.27797, 21.8022 6.15744 1.27797, 21.8226 6.13094 1.27797, 
            21.8491 6.1106 1.27797, 21.8799 6.09782 1.27797, 21.9462 6.09782 1.27797, 21.977 6.1106 1.27797, 
            22.0035 6.13094 1.27797, 22.0239 6.15744 1.27797, 22.0366 6.1883 1.27797, 22.041 6.22141 1.27797, 
            23.1437 7.29929 1.27797, 23.1548 7.21522 1.27797, 23.1872 7.13689 1.27797, 23.2388 7.06962 1.27797, 
            23.3061 7.018 1.27797, 23.3844 6.98555 1.27797, 23.5526 6.98555 1.27797, 23.6309 7.018 1.27797, 
            23.6982 7.06962 1.27797, 23.7498 7.13689 1.27797, 23.7822 7.21522 1.27797, 23.7933 7.29929 1.27797, 
            23.7822 7.38335 1.27797, 23.7498 7.46168 1.27797, 23.6982 7.52896 1.27797, 23.6309 7.58057 1.27797, 
            23.5526 7.61302 1.27797, 23.3844 7.61302 1.27797, 23.3061 7.58058 1.27797, 23.2388 7.52896 1.27797, 
            23.1872 7.46169 1.27797, 23.1548 7.38335 1.27797, 24.5059 8.28665 1.27797, 24.487 8.33691 1.27797, 
            24.4569 8.38043 1.27797, 24.4168 8.41557 1.27797, 24.3723 8.43866 1.27797, 24.3201 8.45142 1.27797, 
            24.2664 8.45094 1.27797, 24.2184 8.43873 1.27797, 24.1738 8.41558 1.27797, 24.143 8.38849 1.27797, 
            24.133 8.37971 1.27797, 24.1032 8.3363 1.27797, 24.0864 8.29223 1.27797, 24.0853 8.2893 1.27797, 
            24.0787 8.2363 1.27797, 24.0861 8.18025 1.27797, 24.1077 8.12803 1.27797, 24.1421 8.08318 1.27797, 
            24.187 8.04877 1.27797, 24.2392 8.02714 1.27797, 24.2953 8.01976 1.27797, 24.3513 8.02714 1.27797, 
            24.4035 8.04877 1.27797, 24.4484 8.08318 1.27797, 24.4828 8.12803 1.27797, 24.5044 8.18025 1.27797, 
            24.5118 8.2363 1.27797, 22.7175 5.83776 1.27797, 22.7064 5.86745 1.27797, 22.6885 5.89323 1.27797, 
            22.6649 5.91392 1.27797, 22.6385 5.92762 1.27797, 22.6077 5.93514 1.27797, 22.5759 5.93485 1.27797, 
            22.5476 5.92763 1.27797, 22.5213 5.91401 1.27797, 22.503 5.89795 1.27797, 22.4972 5.89279 1.27797, 
            22.4795 5.86713 1.27797, 22.4697 5.84103 1.27797, 22.4687 5.83827 1.27797, 22.4651 5.80802 1.27797, 
            22.4694 5.77491 1.27797, 22.4822 5.74405 1.27797, 22.5026 5.71755 1.27797, 22.5599 5.68443 1.27797, 
            22.593 5.68007 1.27797, 22.6261 5.68443 1.27797, 22.657 5.69721 1.27797, 22.6835 5.71755 1.27797, 
            22.7038 5.74405 1.27797, 22.7166 5.77491 1.27797, 23.2421 5.79929 1.27797, 23.2498 5.7407 1.27797, 
            23.2724 5.6861 1.27797, 23.3084 5.63921 1.27797, 23.3553 5.60324 1.27797, 23.4099 5.58062 1.27797, 
            23.4685 5.57291 1.27797, 23.5271 5.58062 1.27797, 23.5817 5.60324 1.27797, 23.6286 5.63921 1.27797, 
            23.6645 5.6861 1.27797, 23.6872 5.7407 1.27797, 23.6949 5.79929 1.27797, 23.6872 5.85788 1.27797, 
            23.6645 5.91248 1.27797, 23.6286 5.95936 1.27797, 23.5817 5.99534 1.27797, 23.5271 6.01795 1.27797, 
            23.4685 6.02567 1.27797, 23.4099 6.01795 1.27797, 23.3553 5.99534 1.27797, 23.3084 5.95936 1.27797, 
            23.2724 5.91248 1.27797, 23.2498 5.85788 1.27797, 21.4152 1.72362 1.27797, 21.4148 1.72493 1.27797, 
            21.4128 1.73069 1.27797, 21.4054 1.75286 1.27797, 21.4 1.76132 1.27797, 21.3887 1.77912 1.27797, 
            21.3659 1.80077 1.27797, 21.3393 1.81581 1.27797, 21.3092 1.82429 1.27797, 21.2459 1.81794 1.27797, 
            21.2179 1.80358 1.27797, 21.1948 1.78348 1.27797, 21.1794 1.76151 1.27797, 21.177 1.75798 1.27797, 
            21.1666 1.73079 1.27797, 21.1655 1.72809 1.27797, 21.1619 1.69779 1.27797, 21.1663 1.66467 1.27797, 
            21.1791 1.63381 1.27797, 21.1994 1.60731 1.27797, 21.2259 1.58698 1.27797, 21.2568 1.57419 1.27797, 
            21.2899 1.56983 1.27797, 21.323 1.57419 1.27797, 21.3539 1.58698 1.27797, 21.3804 1.60731 1.27797, 
            21.4007 1.63381 1.27797, 21.4135 1.66467 1.27797, 21.4178 1.69779 1.27797, 20.7805 1.89562 1.27797, 
            18.2399 0.77665 1.27797, 18.2409 2.02787 1.27797, 23.2421 2.79929 1.27797, 23.2498 2.7407 1.27797, 
            23.2724 2.6861 1.27797, 23.3084 2.63921 1.27797, 23.4099 2.58062 1.27797, 23.4685 2.57291 1.27797, 
            23.5271 2.58062 1.27797, 23.5817 2.60324 1.27797, 23.6286 2.63921 1.27797, 23.6645 2.6861 1.27797, 
            23.6872 2.7407 1.27797, 23.6949 2.79929 1.27797, 23.6872 2.85788 1.27797, 23.6645 2.91248 1.27797, 
            23.5817 2.99534 1.27797, 23.5271 3.01795 1.27797, 23.4685 3.02567 1.27797, 23.4099 3.01795 1.27797, 
            23.3553 2.99534 1.27797, 23.3084 2.95936 1.27797, 23.2724 2.91248 1.27797, 23.2498 2.85788 1.27797, 
            23.2421 4.29929 1.27797, 23.2498 4.2407 1.27797, 23.2724 4.1861 1.27797, 23.3553 4.10324 1.27797, 
            23.4099 4.08062 1.27797, 23.4685 4.07291 1.27797, 23.5271 4.08062 1.27797, 23.5817 4.10324 1.27797, 
            23.6286 4.13921 1.27797, 23.6645 4.1861 1.27797, 23.6872 4.2407 1.27797, 23.6949 4.29929 1.27797, 
            23.6872 4.35788 1.27797, 23.6645 4.41248 1.27797, 23.6286 4.45936 1.27797, 23.5817 4.49534 1.27797, 
            23.5271 4.51795 1.27797, 23.4685 4.52567 1.27797, 23.4099 4.51795 1.27797, 23.3553 4.49534 1.27797, 
            23.3084 4.45936 1.27797, 23.2724 4.41248 1.27797, 23.2498 4.35788 1.27797, 23.1437 1.29929 1.27797, 
            23.1548 1.21522 1.27797, 23.2388 1.06962 1.27797, 23.3061 1.018 1.27797, 23.3844 0.985552 1.27797, 
            23.5526 0.985552 1.27797, 23.6309 1.018 1.27797, 23.6982 1.06962 1.27797, 23.7498 1.13689 1.27797, 
            23.7822 1.21522 1.27797, 23.7933 1.29929 1.27797, 23.7822 1.38335 1.27797, 23.7498 1.46168 1.27797, 
            23.6982 1.52896 1.27797, 23.6309 1.58058 1.27797, 23.5526 1.61302 1.27797, 23.3844 1.61302 1.27797, 
            23.3061 1.58058 1.27797, 23.2388 1.52896 1.27797, 23.1872 1.46169 1.27797, 23.1548 1.38335 1.27797, 
            24.0787 0.36228 1.27797, 24.0861 0.306237 1.27797, 24.1077 0.254013 1.27797, 24.1421 0.209167 1.27797, 
            24.187 0.174755 1.27797, 24.2392 0.153123 1.27797, 24.2953 0.145745 1.27797, 24.3513 0.153123 1.27797, 
            24.4035 0.174755 1.27797, 24.4484 0.209167 1.27797, 24.4828 0.254013 1.27797, 24.5044 0.306237 1.27797, 
            24.5118 0.36228 1.27797, 24.5044 0.418323 1.27797, 24.4828 0.470547 1.27797, 24.4484 0.515393 1.27797, 
            24.4035 0.549805 1.27797, 24.3513 0.571437 1.27797, 24.2953 0.578815 1.27797, 24.2392 0.571437 1.27797, 
            24.187 0.549805 1.27797, 24.1421 0.515393 1.27797, 24.1077 0.470547 1.27797, 24.0861 0.418323 1.27797, 
            17.9188 3.78349 1.27797, 15.4572 4.92595 1.27797, 17.9028 3.53307 1.27797, 20.7903 7.21968 1.27797, 
            23.1872 1.13689 1.27797, 23.4685 7.62409 1.27797, 20.8912 5.07459 1.27797, 3.62856 4.45936 1.27797, 
            13.0119 7.40251 1.27797, 13.6193 3.70805 1.27797, 13.5862 3.70369 1.27797, 13.5691 3.95847 1.27797, 
            10.2753 6.08214 1.27797, 10.5088 3.11526 1.27797, 18.0639 3.65667 1.27797, 22.5291 5.69721 1.27797, 
            13.0118 0.776435 1.27797, 8.84201 1.85061 1.27797, 3.69487 1.29929 1.27797, 21.9171 6.34843 1.27797, 
            23.4685 6.97448 1.27797, 22.721 5.80803 1.27797, 21.2775 1.82516 1.27797, 20.7805 0.77722 1.27797, 
            23.4685 0.974485 1.27797, 23.4685 1.62409 1.27797, 2.85825 8.2363 1.27797, 2.43256 8.18025 1.27797, 
            21.913 6.09346 1.27797, 20.6851 5.47916 1.27797, 18.2312 7.59191 1.27797, 15.2057 4.89283 1.27797, 
            11.4429 5.99024 1.27797, 23.6286 2.95936 1.27797, 20.8643 4.06552 1.27797, 14.1798 2.12729 1.27797, 
            23.3553 2.60324 1.27797, 23.3084 4.13921 1.27797, 3.68715 4.35788 1.27797, 3.52708 1.51795 1.27797, 
            18.2406 1.72698 1.27797, 14.0665 1.93991 1.27797, 13.9557 2.00389 1.27797, 3.24982 7.35788 1.27797, 
            3.24211 7.29929 1.27797, 23.3893 7.36973 -2.8209, 23.5541 7.24381 -2.8209, 23.5503 7.36543 -2.82091, 
            23.4652 7.2007 -2.82089, 23.3767 7.24932 -2.82091, 23.5689 7.29947 1.11612, 23.3683 7.3321 1.11614, 
            23.5305 7.21866 1.11612, 23.6486 7.49683 1.11611, 23.5524 7.34934 1.11611, 23.4938 7.39814 1.11622, 
            23.4218 7.20575 1.11619, 23.4575 7.15926 1.11226, 23.7576 7.29928 -2.67284, 23.7593 7.29929 -2.65971, 
            23.7561 7.24883 -2.65986, 23.7638 7.29929 -2.62404, 23.6023 7.19359 -2.80753, 23.6665 7.24513 -2.78881, 
            23.6908 7.21549 -2.76324, 23.5 7.13134 -2.80707, 23.4444 7.14055 -2.81127, 23.4673 7.06136 -2.7628, 
            23.5301 7.06897 -2.76371, 23.4803 7.03279 -2.72673, 23.5053 7.01974 -2.69613, 23.5058 7.00946 -2.65988, 
            23.6284 7.23903 -2.80707, 23.6434 7.19012 -2.78881, 23.6662 7.16771 -2.76384, 23.6401 7.13496 -2.76324, 
            23.6017 7.14169 -2.78974, 23.604 7.10339 -2.76354, 23.5467 7.10855 -2.78881, 23.4906 7.09911 -2.7926, 
            23.5497 7.14908 -2.8074, 23.5203 7.17551 -2.81807, 23.5894 7.2369 -2.81778, 23.6878 7.10647 -2.66095, 
            23.644 7.06611 -2.66195, 23.593 7.0356 -2.65986, 23.6161 7.04355 -2.62439, 23.551 7.0192 -2.65986, 
            23.5449 7.01408 -2.62378, 23.5516 7.01684 -2.62404, 23.4938 7.00735 -2.62404, 23.7571 7.24856 -2.62404, 
            23.7537 7.22287 -2.62404, 23.736 7.18325 -2.65986, 23.7242 7.15164 -2.62295, 23.7162 7.14466 -2.65986, 
            23.7057 7.12757 -2.63006, 23.6773 7.0905 -2.62404, 23.7277 7.25381 -2.73176, 23.7025 7.25823 -2.76324, 
            23.7119 7.29928 -2.75719, 23.546 7.04667 -2.73136, 23.548 7.0293 -2.6965, 23.6177 7.08158 -2.73206, 
            23.6028 7.05094 -2.69679, 23.6617 7.09418 -2.69661, 23.6586 7.11728 -2.73176, 23.6908 7.12669 -2.6965, 
            23.6764 7.1379 -2.73176, 23.7072 7.15024 -2.6965, 23.7292 7.19206 -2.6968, 23.7087 7.18899 -2.73204, 
            23.7457 7.25065 -2.6965, 23.741 7.29928 -2.7159, 23.5069 7.57807 -2.69752, 23.4543 7.58438 -2.68681, 
            23.488 7.59048 -2.66123, 23.7561 7.34943 -2.65986, 23.7571 7.3497 -2.62404, 23.7242 7.44695 -2.62337, 
            23.7194 7.45106 -2.65877, 23.4524 7.44172 -2.8163, 23.5481 7.48944 -2.78881, 23.5259 7.52957 -2.76324, 
            23.4914 7.49923 -2.79271, 23.5014 7.46697 -2.80707, 23.4992 7.41684 -2.82016, 23.5702 7.51419 -2.7634, 
            23.6123 7.48866 -2.7634, 23.6025 7.4561 -2.7895, 23.5529 7.44832 -2.80728, 23.6611 7.44019 -2.76345, 
            23.7041 7.3293 -2.76379, 23.6807 7.31555 -2.78511, 23.6124 7.39073 -2.80799, 23.5946 7.33975 -2.81767, 
            23.5453 7.41026 -2.81776, 23.6457 7.29913 -2.80512, 23.742 7.40162 -2.65986, 23.7429 7.40188 -2.62404, 
            23.7537 7.37571 -2.62404, 23.7278 7.34448 -2.73176, 23.7458 7.34762 -2.6965, 23.7321 7.39793 -2.6965, 
            23.715 7.39153 -2.73176, 23.691 7.38257 -2.76324, 23.6528 7.39069 -2.78961, 23.4685 7.59456 -2.62433, 
            23.553 7.58057 -2.65706, 23.6085 7.55554 -2.65986, 23.545 7.58449 -2.62463, 23.6161 7.555 -2.62404, 
            23.6476 7.52974 -2.66192, 23.6804 7.50016 -2.65986, 23.6773 7.50805 -2.62426, 23.6986 7.42641 -2.73176, 
            23.7078 7.449 -2.69674, 23.6683 7.47102 -2.73188, 23.6728 7.49292 -2.6965, 23.6401 7.52276 -2.69661, 
            23.6288 7.50837 -2.73188, 23.5776 7.55967 -2.69678, 23.5823 7.53688 -2.73187, 23.532 7.55497 -2.73186, 
            23.1794 7.29929 -2.67284, 23.1808 7.34944 -2.65986, 23.1732 7.29929 -2.62405, 23.3629 7.38327 -2.81803, 
            23.3001 7.32864 -2.80707, 23.2922 7.28591 -2.80497, 23.2654 7.33469 -2.78881, 23.3313 7.29926 -2.81754, 
            23.2459 7.38257 -2.76324, 23.2842 7.3907 -2.78961, 23.3189 7.44111 -2.78881, 23.3162 7.37754 -2.80725, 
            23.2751 7.43805 -2.76391, 23.3514 7.46895 -2.78881, 23.3221 7.48683 -2.76328, 23.3744 7.51784 -2.7638, 
            23.4087 7.49891 -2.78795, 23.4527 7.5387 -2.76132, 23.4196 7.46423 -2.80703, 23.358 7.42839 -2.80707, 
            23.2785 7.52105 -2.65986, 23.2597 7.50808 -2.62396, 23.3158 7.54926 -2.65763, 23.3209 7.55504 -2.62441, 
            23.3557 7.56862 -2.65986, 23.4118 7.58711 -2.62404, 23.3966 7.58331 -2.65744, 23.3921 7.5845 -2.62404, 
            23.4406 7.59089 -2.62404, 23.4406 7.58994 -2.65986, 23.4674 7.56584 -2.72793, 23.1987 7.41069 -2.66266, 
            23.1833 7.37573 -2.62433, 23.2128 7.44693 -2.62404, 23.2387 7.47966 -2.66334, 23.232 7.47198 -2.62404, 
            23.212 7.35662 -2.7328, 23.196 7.29929 -2.71591, 23.2563 7.28277 -2.78512, 23.2275 7.317 -2.76031, 
            23.3998 7.57254 -2.69661, 23.4029 7.55461 -2.7315, 23.3325 7.54672 -2.69678, 23.341 7.53042 -2.73205, 
            23.2866 7.48994 -2.73188, 23.2636 7.49351 -2.69679, 23.2599 7.45979 -2.73176, 23.2224 7.43524 -2.6965, 
            23.238 7.42656 -2.73209, 23.2049 7.39793 -2.6965, 23.1898 7.33651 -2.69849, 23.1809 7.24884 -2.65986, 
            23.1799 7.24856 -2.62404, 23.2128 7.15165 -2.62404, 23.1981 7.18844 -2.66067, 23.3872 7.14908 -2.8074, 
            23.3252 7.20621 -2.80794, 23.4533 7.0086 -2.66601, 23.4113 7.09855 -2.78781, 23.4074 7.06885 -2.76345, 
            23.4348 7.16852 -2.81772, 23.356 7.08997 -2.76324, 23.3348 7.10288 -2.76324, 23.3477 7.13236 -2.78913, 
            23.2978 7.13315 -2.76353, 23.2499 7.20083 -2.76182, 23.3012 7.17689 -2.78846, 23.2344 7.25823 -2.76324, 
            23.3619 7.2144 -2.81776, 23.1945 7.19576 -2.62442, 23.1833 7.22287 -2.62404, 23.2093 7.25381 -2.73176, 
            23.1913 7.25066 -2.6965, 23.2051 7.20004 -2.6965, 23.2222 7.20648 -2.73176, 23.2756 7.2266 -2.78881, 
            23.4685 7.00401 -2.62416, 23.3921 7.01407 -2.62404, 23.4003 7.01575 -2.65986, 23.3854 7.01684 -2.62404, 
            23.3577 7.02913 -2.65986, 23.3574 7.02842 -2.62404, 23.3303 7.04208 -2.65986, 23.3209 7.04357 -2.62405, 
            23.292 7.0672 -2.65986, 23.2597 7.09049 -2.62454, 23.2576 7.09736 -2.65986, 23.2293 7.13245 -2.65986, 
            23.2471 7.10696 -2.62875, 23.2297 7.1487 -2.69675, 23.2459 7.15769 -2.73214, 23.2884 7.10697 -2.73188, 
            23.2757 7.09376 -2.69662, 23.3101 7.06664 -2.6965, 23.3204 7.08174 -2.73176, 23.3353 7.05136 -2.6965, 
            23.3439 7.06745 -2.73176, 23.3617 7.03887 -2.6965, 23.3686 7.05578 -2.73176, 23.4197 7.04133 -2.73403, 
            23.4186 7.02147 -2.69694, 23.3194 7.38082 1.10229, 23.2749 7.50355 0.991724, 23.3077 7.50853 1.02726, 
            23.2105 7.29193 1.03513, 23.2084 7.33722 1.02698, 23.1763 7.2993 0.953984, 23.1769 7.32719 0.919264, 
            23.1732 7.29929 0.919264, 23.1891 7.384 0.955084, 23.1833 7.37573 0.918776, 23.1888 7.32796 0.994831, 
            23.1793 7.3396 0.956554, 23.2517 7.44987 1.02728, 23.267 7.42758 1.05877, 23.2209 7.38921 1.0271, 
            23.2147 7.42182 0.99183, 23.2046 7.425 0.955283, 23.2127 7.44688 0.919675, 23.2458 7.47077 0.991724, 
            23.2364 7.4763 0.957104, 23.3195 7.53905 0.991984, 23.4458 7.52977 1.06524, 23.4233 7.55857 1.02698, 
            23.2676 7.5112 0.955084, 23.2904 7.5307 0.955084, 23.326 7.55523 0.952734, 23.4183 7.58694 0.955084, 
            23.4202 7.57656 0.991724, 23.4685 7.55162 1.042, 23.4685 7.57507 1.00467, 23.4685 7.58963 0.963067, 
            23.3267 7.4489 1.08403, 23.3297 7.4927 1.05913, 23.3528 7.53569 1.02698, 23.3698 7.56289 0.991724, 
            23.3661 7.57276 0.955084, 23.4059 7.41861 1.11284, 23.4629 7.43817 1.1122, 23.3852 7.52183 1.05846, 
            23.3771 7.48357 1.08483, 23.4399 7.49175 1.09213, 23.3762 7.54578 1.02698, 23.3238 7.29685 1.11068, 
            23.3456 7.35652 1.11335, 23.3509 7.42331 1.10229, 23.4038 7.45834 1.10281, 23.2662 7.33901 1.08403, 
            23.3008 7.33222 1.10229, 23.2341 7.29929 1.06117, 23.2866 7.39784 1.08426, 23.2382 7.35665 1.05846, 
            23.1991 7.38095 0.991724, 23.4685 7.59456 0.919264, 23.3921 7.5845 0.919515, 23.3209 7.555 0.919264, 
            23.3137 7.54949 0.919264, 23.29 7.5313 0.919264, 23.2597 7.50808 0.919263, 23.6802 7.3165 1.0807, 
            23.525 7.4982 1.08417, 23.5154 7.46371 1.10255, 23.5062 7.42769 1.11304, 23.7593 7.32788 0.958049, 
            23.7467 7.33985 0.991724, 23.5186 7.58694 0.955084, 23.5189 7.58793 0.919264, 23.5137 7.55857 1.02698, 
            23.5708 7.57276 0.955084, 23.5671 7.56289 0.991724, 23.5168 7.57656 0.991724, 23.5663 7.51816 1.05707, 
            23.6054 7.54557 0.991828, 23.5688 7.54341 1.02677, 23.6203 7.55014 0.953997, 23.6711 7.51285 0.919264, 
            23.6161 7.555 0.917318, 23.5711 7.57366 0.919264, 23.5449 7.5845 0.919264, 23.7003 7.4254 1.02728, 
            23.6654 7.43285 1.05905, 23.6243 7.47888 1.05862, 23.6599 7.48037 1.0271, 23.6822 7.48239 0.991724, 
            23.7001 7.45915 0.991724, 23.7088 7.46513 0.955084, 23.62 7.515 1.02671, 23.652 7.51314 0.991836, 
            23.6801 7.50182 0.952779, 23.7235 7.36283 1.02698, 23.7289 7.40841 0.992006, 23.7368 7.4147 0.958583, 
            23.7243 7.44662 0.924747, 23.6773 7.50808 0.919098, 23.7095 7.31247 1.05534, 23.7357 7.31186 1.01905, 
            23.5967 7.34113 1.11282, 23.6103 7.4489 1.08403, 23.6382 7.41637 1.08403, 23.6455 7.29929 1.09982, 
            23.6586 7.3789 1.08403, 23.6927 7.3786 1.05849, 23.5617 7.39702 1.11295, 23.6091 7.39635 1.10229, 
            23.6309 7.35129 1.1028, 23.573 7.43381 1.10278, 23.577 7.47455 1.08403, 23.7638 7.29928 0.918396, 
            23.7537 7.37571 0.919264, 23.5093 7.53338 1.05846, 23.5966 7.26308 1.11291, 23.553 7.19236 1.11296, 
            23.6627 7.09437 0.992004, 23.7298 7.26484 1.02699, 23.7523 7.28705 0.982951, 23.7429 7.20055 0.955084, 
            23.7537 7.22287 0.919264, 23.7413 7.23134 0.991724, 23.758 7.25917 0.955032, 23.6821 7.19467 1.0585, 
            23.6995 7.17312 1.02698, 23.7158 7.21029 1.02698, 23.7222 7.17676 0.991832, 23.7247 7.15932 0.955084, 
            23.7327 7.1721 0.923901, 23.6851 7.1498 1.02698, 23.7001 7.13943 0.991724, 23.6732 7.0892 0.953767, 
            23.7088 7.13345 0.955084, 23.6911 7.10848 0.919264, 23.7242 7.15165 0.919263, 23.6498 7.1075 1.02727, 
            23.6167 7.06 0.991724, 23.4685 7.07813 1.07317, 23.5093 7.0652 1.05846, 23.5137 7.04001 1.02698, 
            23.6222 7.05105 0.955084, 23.5838 7.03142 0.955084, 23.5186 7.01164 0.955084, 23.5168 7.02202 0.991724, 
            23.4685 7.04696 1.042, 23.4685 7.02351 1.00467, 23.4685 7.00895 0.96307, 23.5953 7.13681 1.08477, 
            23.6395 7.13257 1.05877, 23.5633 7.08012 1.05783, 23.5781 7.05884 1.02726, 23.5797 7.04108 0.991724, 
            23.4804 7.11949 1.0988, 23.525 7.10038 1.08418, 23.6309 7.24728 1.1028, 23.5976 7.18875 1.10229, 
            23.5467 7.14698 1.10247, 23.6708 7.25956 1.08403, 23.6586 7.21967 1.08403, 23.6382 7.1822 1.08403, 
            23.6988 7.24192 1.05846, 23.4685 7.00401 0.919264, 23.5449 7.01408 0.919511, 23.6161 7.04357 0.919254, 
            23.6373 7.05979 0.923385, 23.6773 7.0905 0.919264, 23.4331 7.09621 1.08403, 23.4183 7.01164 0.955084, 
            23.4233 7.04001 1.02698, 23.3401 7.03702 0.955084, 23.3662 7.02582 0.955084, 23.3698 7.03569 0.991724, 
            23.4202 7.02201 0.991724, 23.3528 7.06289 1.02698, 23.3852 7.07674 1.05846, 23.3335 7.10412 1.05846, 
            23.3148 7.05104 0.955084, 23.3448 7.04648 0.991724, 23.3762 7.05279 1.02698, 23.3077 7.0679 0.99183, 
            23.2793 7.07648 0.955378, 23.2597 7.09044 0.919503, 23.3209 7.04357 0.919254, 23.3395 7.03587 0.919264, 
            23.3659 7.02491 0.919264, 23.3921 7.01407 0.919265, 23.2439 7.16151 1.0271, 23.2856 7.14594 1.05819, 
            23.278 7.11818 1.02698, 23.2284 7.15172 0.991827, 23.2064 7.17037 0.956238, 23.2102 7.24857 1.02698, 
            23.1984 7.21707 0.991991, 23.2205 7.21032 1.02709, 23.2536 7.19754 1.05862, 23.3169 7.08358 1.02672, 
            23.264 7.10543 0.991831, 23.2374 7.12139 0.955084, 23.182 7.23812 0.954822, 23.1883 7.2724 0.991724, 
            23.1769 7.27139 0.919264, 23.1833 7.22276 0.91995, 23.2128 7.15165 0.919261, 23.3513 7.23524 1.11283, 
            23.3267 7.14968 1.08403, 23.2988 7.1822 1.08403, 23.2881 7.28535 1.09865, 23.2688 7.24091 1.0835, 
            23.2382 7.24192 1.05846, 23.387 7.19351 1.11283, 23.3394 7.18875 1.10229, 23.3109 7.23329 1.10229, 
            23.4038 7.14023 1.10281, 23.3771 7.115 1.08483, 23.4277 7.0652 1.05846, 23.3921 7.01407 -1.3642, 
            23.2597 7.0905 -1.3642, 23.7242 7.44693 -1.3642, 23.7537 7.37571 -1.3642, 23.6773 7.50808 -1.3642, 
            23.6161 7.555 -1.3642, 23.5449 7.5845 -1.3642, 23.4685 7.59456 -1.3642, 23.3921 7.5845 -1.3642, 
            23.3209 7.555 -1.3642, 23.2597 7.50808 -1.3642, 23.2128 7.44693 -1.3642, 23.1833 7.37571 -1.3642, 
            23.1732 7.29929 -1.3642, 23.1833 7.22287 -1.3642, 23.2128 7.15165 -1.3642, 23.3209 7.04357 -1.3642, 
            23.4685 7.00401 -1.3642, 23.5449 7.01407 -1.3642, 23.6161 7.04357 -1.3642, 23.6773 7.0905 -1.3642, 
            23.7242 7.15165 -1.3642, 23.7537 7.22287 -1.3642, 23.7638 7.29929 -1.3642, 23.3209 7.04357 0.210603, 
            23.2597 7.50808 0.210603, 23.7638 7.29929 0.210603, 23.7537 7.37571 0.210603, 23.7242 7.44693 0.210603, 
            23.6773 7.50808 0.210603, 23.6161 7.555 0.210603, 23.5449 7.5845 0.210603, 23.4685 7.59456 0.210603, 
            23.3921 7.5845 0.210603, 23.3209 7.555 0.210603, 23.2128 7.44693 0.210603, 23.1833 7.37571 0.210603, 
            23.1732 7.29929 0.210603, 23.1833 7.22287 0.210603, 23.2128 7.15165 0.210603, 23.2597 7.0905 0.210603, 
            23.3921 7.01407 0.210603, 23.5449 7.01407 0.210603, 23.4685 7.00401 0.210603, 23.6161 7.04357 0.210603, 
            23.6773 7.0905 0.210603, 23.7242 7.15165 0.210603, 23.7537 7.22287 0.210603, 23.1673 7.68845 -1.3642, 
            23.2518 7.74112 -1.3642, 23.3451 7.7757 -1.3642, 22.9789 7.2495 -1.3642, 22.9789 7.34908 -1.3642, 
            22.9989 7.44661 -1.3642, 23.0382 7.53812 -1.3642, 23.0951 7.61984 -1.3642, 23.1673 6.91013 -1.3642, 
            23.0951 6.97873 -1.3642, 23.0382 7.06046 -1.3642, 22.9989 7.15196 -1.3642, 23.543 6.81284 -1.3642, 
            23.4436 6.80779 -1.3642, 23.3451 6.82287 -1.3642, 23.2518 6.85746 -1.3642, 23.9207 7.10522 -1.3642, 
            23.8724 7.01815 -1.3642, 23.8075 6.9426 -1.3642, 23.7288 6.88165 -1.3642, 23.6394 6.8378 -1.3642, 
            23.9207 7.49336 -1.3642, 23.9505 7.39835 -1.3642, 23.9606 7.29929 -1.3642, 23.9505 7.20022 -1.3642, 
            23.4436 7.79078 -1.3642, 23.543 7.78574 -1.3642, 23.6394 7.76078 -1.3642, 23.7288 7.71693 -1.3642, 
            23.8075 7.65598 -1.3642, 23.8724 7.58042 -1.3642, 23.1673 7.68845 0.210603, 23.0951 7.61984 0.210603, 
            23.0382 7.53812 0.210603, 22.9989 7.44661 0.210603, 23.1673 6.91013 0.210603, 23.2518 6.85746 0.210603, 
            23.3451 6.82287 0.210603, 22.9789 7.34908 0.210603, 22.9789 7.2495 0.210603, 22.9989 7.15196 0.210603, 
            23.0382 7.06046 0.210603, 23.0951 6.97873 0.210603, 23.543 7.78574 0.210603, 23.4436 7.79078 0.210603, 
            23.3451 7.7757 0.210603, 23.2518 7.74112 0.210603, 23.9207 7.49336 0.210603, 23.8724 7.58042 0.210603, 
            23.8075 7.65598 0.210603, 23.7288 7.71693 0.210603, 23.6394 7.76078 0.210603, 23.9207 7.10522 0.210603, 
            23.9505 7.20022 0.210603, 23.9606 7.29929 0.210603, 23.9505 7.39835 0.210603, 23.4436 6.80779 0.210603, 
            23.543 6.81284 0.210603, 23.6394 6.8378 0.210603, 23.7288 6.88165 0.210603, 23.8075 6.9426 0.210603, 
            23.8724 7.01815 0.210603, 23.4685 2.99614 -2.62404, 23.5123 2.9912 -2.62404, 23.5539 2.97664 -2.62404, 
            23.5912 2.95319 -2.62404, 23.6224 2.92202 -2.62404, 23.638 2.89713 -2.62404, 23.6458 2.8847 -2.62404, 
            23.6414 2.8847 -2.66351, 23.4685 2.60244 -2.62404, 23.4721 2.60735 -2.66785, 23.4855 2.6215 -2.70829, 
            23.5518 2.62193 -2.64305, 23.5539 2.62193 -2.62404, 23.5123 2.60737 -2.62405, 23.6185 2.67655 -2.65829, 
            23.6068 2.66097 -2.62404, 23.5881 2.64538 -2.65135, 23.5912 2.64539 -2.62405, 23.6414 2.71388 -2.66351, 
            23.6224 2.67656 -2.62405, 23.5343 2.6215 -2.67933, 23.5547 2.64538 -2.71028, 23.5791 2.64538 -2.6773, 
            23.5888 2.67655 -2.72, 23.6072 2.67655 -2.69082, 23.6072 2.71388 -2.73462, 23.6283 2.71388 -2.70099, 
            23.6185 2.75548 -2.7437, 23.6414 2.75548 -2.70731, 23.6224 2.79929 -2.74678, 23.6458 2.79929 -2.70945, 
            23.6185 2.84309 -2.7437, 23.6414 2.84309 -2.70731, 23.6556 2.75548 -2.66675, 23.6604 2.79929 -2.66785, 
            23.6556 2.84309 -2.66675, 23.6604 2.84309 -2.62403, 23.6653 2.79929 -2.62404, 23.6604 2.75548 -2.62404, 
            23.658 2.74857 -2.62404, 23.6458 2.71388 -2.62404, 23.6283 2.8847 -2.70099, 23.6072 2.8847 -2.73462, 
            23.614 2.9234 -2.67379, 23.5888 2.92202 -2.72, 23.5843 2.95402 -2.66355, 23.5644 2.95319 -2.70057, 
            23.5492 2.97694 -2.6515, 23.5353 2.97664 -2.6773, 23.4958 2.95319 -2.7437, 23.4685 2.95319 -2.74678, 
            23.5027 2.92202 -2.77409, 23.4685 2.92202 -2.77795, 23.508 2.8847 -2.79695, 23.4685 2.8847 -2.8014, 
            23.5112 2.84309 -2.81115, 23.4685 2.84309 -2.81596, 23.5123 2.79929 -2.81596, 23.4685 2.79929 -2.82089, 
            23.5112 2.75548 -2.81115, 23.4685 2.75548 -2.81596, 23.508 2.71388 -2.79695, 23.4685 2.71388 -2.8014, 
            23.5027 2.67655 -2.77409, 23.4685 2.67655 -2.77795, 23.4808 2.6449 -2.74632, 23.4756 2.99132 -2.66819, 
            23.5351 2.95367 -2.72732, 23.5516 2.92284 -2.75395, 23.5454 2.8847 -2.78383, 23.5518 2.84309 -2.79695, 
            23.5539 2.79929 -2.8014, 23.5518 2.75548 -2.79695, 23.5454 2.71388 -2.78383, 23.5353 2.67655 -2.76271, 
            23.5217 2.64538 -2.73462, 23.5041 2.60714 -2.65243, 23.5064 2.99133 -2.64726, 23.5077 2.97708 -2.7005, 
            23.5791 2.8847 -2.76271, 23.5881 2.84309 -2.77409, 23.5912 2.79929 -2.77795, 23.5881 2.75548 -2.77409, 
            23.5791 2.71388 -2.76271, 23.5644 2.67655 -2.74437, 23.6653 2.79929 0.919264, 23.6604 2.84309 0.919292, 
            23.6458 2.8847 0.919264, 23.638 2.89713 0.919264, 23.6224 2.92203 0.919256, 23.5912 2.95319 0.919264, 
            23.5539 2.97664 0.919254, 23.5539 2.9722 0.95873, 23.2766 2.84309 0.919264, 23.2716 2.79929 0.919264, 
            23.2763 2.7993 0.963852, 23.2911 2.88256 0.93827, 23.2911 2.8847 0.919264, 23.279 2.85001 0.919264, 
            23.3458 2.94933 0.953511, 23.3302 2.93761 0.919264, 23.3146 2.91894 0.946575, 23.3146 2.92202 0.919261, 
            23.3831 2.9722 0.95873, 23.3458 2.95319 0.919264, 23.2765 2.83737 0.938652, 23.3141 2.88515 1.00719, 
            23.3146 2.90987 0.972517, 23.3458 2.91962 1.01522, 23.3458 2.93795 0.986041, 23.3831 2.93795 1.02984, 
            23.3831 2.95908 0.996216, 23.4247 2.94933 1.03892, 23.4247 2.9722 1.00253, 23.4685 2.95319 1.042, 
            23.4685 2.97664 1.00467, 23.5123 2.94933 1.03892, 23.5123 2.9722 1.00253, 23.4247 2.98639 0.961969, 
            23.4685 2.9912 0.963068, 23.5123 2.98639 0.961969, 23.5123 2.9912 0.919264, 23.4685 2.99614 0.919264, 
            23.4247 2.9912 0.919264, 23.3831 2.97664 0.919262, 23.5539 2.95908 0.996216, 23.5539 2.93795 1.02984, 
            23.5926 2.94476 0.969005, 23.5912 2.91962 1.01522, 23.6224 2.91441 0.959546, 23.6224 2.89525 0.995788, 
            23.6458 2.8794 0.947296, 23.6604 2.79929 0.963068, 23.646 2.829 0.999518, 23.6458 2.79929 1.00467, 
            23.6224 2.8266 1.03892, 23.6224 2.79929 1.042, 23.5912 2.83353 1.06931, 23.5912 2.79929 1.07317, 
            23.5539 2.83875 1.09217, 23.5539 2.79929 1.09662, 23.5123 2.84199 1.10637, 23.5123 2.79929 1.11118, 
            23.4685 2.84309 1.11118, 23.4685 2.79929 1.11611, 23.4247 2.84199 1.10637, 23.4247 2.79929 1.11118, 
            23.3831 2.83875 1.09217, 23.3831 2.79929 1.09662, 23.3458 2.83353 1.06931, 23.3458 2.79929 1.07317, 
            23.3123 2.79937 1.04088, 23.2903 2.79931 1.00425, 23.6224 2.86418 1.02253, 23.5912 2.86606 1.05793, 
            23.5539 2.87624 1.07906, 23.5123 2.88256 1.09217, 23.4685 2.8847 1.09662, 23.4247 2.88256 1.09217, 
            23.3831 2.87624 1.07906, 23.3146 2.85254 1.02984, 23.2911 2.83635 0.996216, 23.6608 2.8315 0.950798, 
            23.646 2.86088 0.978679, 23.5912 2.89525 1.03959, 23.5539 2.90987 1.05793, 23.5123 2.91894 1.06931, 
            23.4685 2.92202 1.07317, 23.4247 2.91894 1.06931, 23.3831 2.90987 1.05793, 23.3449 2.88027 1.05049, 
            23.2911 2.86185 0.97523, 23.443 2.60726 -2.66075, 23.427 2.60734 -2.63814, 23.4247 2.60737 -2.62404, 
            23.4178 2.60979 -2.62404, 23.3831 2.62193 -2.62404, 23.3852 2.62193 -2.64305, 23.3458 2.64538 -2.62404, 
            23.3488 2.64538 -2.65135, 23.3146 2.67655 -2.62404, 23.3184 2.67655 -2.65829, 23.2989 2.70145 -2.62404, 
            23.2911 2.71388 -2.62404, 23.2956 2.71388 -2.66351, 23.4247 2.9912 -2.62404, 23.3852 2.97664 -2.64305, 
            23.4178 2.98878 -2.62404, 23.3184 2.92202 -2.65829, 23.3488 2.95319 -2.65135, 23.3458 2.95319 -2.62404, 
            23.3831 2.97664 -2.62404, 23.2956 2.8847 -2.66351, 23.3146 2.92202 -2.62404, 23.3969 2.97682 -2.67087, 
            23.3652 2.95367 -2.69066, 23.3482 2.92202 -2.72, 23.3298 2.92202 -2.69082, 23.3298 2.8847 -2.73462, 
            23.3087 2.8847 -2.70099, 23.3184 2.84309 -2.7437, 23.2956 2.84309 -2.70731, 23.3146 2.79929 -2.74678, 
            23.2911 2.79929 -2.70945, 23.3184 2.75548 -2.7437, 23.2956 2.75548 -2.70731, 23.2814 2.84309 -2.66675, 
            23.2766 2.79929 -2.66785, 23.2814 2.75548 -2.66675, 23.279 2.74857 -2.62404, 23.2766 2.75548 -2.62404, 
            23.2716 2.79929 -2.62404, 23.2766 2.84309 -2.62404, 23.279 2.85001 -2.62404, 23.2911 2.8847 -2.62404, 
            23.3087 2.71388 -2.70099, 23.3298 2.71388 -2.73462, 23.3298 2.67655 -2.69082, 23.3579 2.64538 -2.6773, 
            23.3725 2.64538 -2.70057, 23.3915 2.62193 -2.6611, 23.4017 2.62193 -2.6773, 23.4412 2.64538 -2.7437, 
            23.4342 2.67655 -2.77409, 23.429 2.71388 -2.79695, 23.4258 2.75548 -2.81115, 23.4247 2.79929 -2.81596, 
            23.4258 2.84309 -2.81115, 23.429 2.8847 -2.79695, 23.4604 2.97682 -2.70924, 23.4292 2.6215 -2.7005, 
            23.4019 2.6449 -2.72731, 23.4017 2.67655 -2.76271, 23.3915 2.71388 -2.78383, 23.3852 2.75548 -2.79695, 
            23.3831 2.79929 -2.8014, 23.3852 2.84309 -2.79695, 23.3915 2.8847 -2.78383, 23.4187 2.92284 -2.77, 
            23.4293 2.95367 -2.74052, 23.3586 2.67573 -2.7322, 23.3579 2.71388 -2.76271, 23.3488 2.75548 -2.77409, 
            23.3458 2.79929 -2.77795, 23.3488 2.84309 -2.77409, 23.3579 2.8847 -2.76271, 23.3725 2.92202 -2.74437, 
            23.392 2.95319 -2.72, 23.4233 2.97664 -2.69591, 23.4329 2.99144 -2.65243, 23.2765 2.75778 0.933347, 
            23.2766 2.75548 0.919264, 23.279 2.74857 0.919264, 23.2911 2.71388 0.919264, 23.2911 2.71602 0.93827, 
            23.3146 2.67655 0.919262, 23.3458 2.64539 0.919262, 23.3706 2.62974 0.919264, 23.3831 2.62193 0.919264, 
            23.3831 2.62638 0.95873, 23.6604 2.75658 0.929011, 23.6604 2.75548 0.919264, 23.6605 2.79928 0.963219, 
            23.6458 2.79929 1.00467, 23.6458 2.71602 0.93827, 23.6458 2.71388 0.919264, 23.658 2.74857 0.919264, 
            23.5912 2.64924 0.953511, 23.6224 2.67963 0.946575, 23.6224 2.67655 0.919258, 23.638 2.70145 0.919264, 
            23.5539 2.62638 0.95873, 23.5663 2.62974 0.919264, 23.5912 2.64538 0.919264, 23.646 2.72765 0.966089, 
            23.6224 2.69602 0.984152, 23.592 2.69113 1.02918, 23.5912 2.66063 0.986041, 23.5539 2.66063 1.02984, 
            23.5539 2.6395 0.996217, 23.5123 2.64924 1.03892, 23.5123 2.62638 1.00253, 23.4685 2.64538 1.042, 
            23.4685 2.62193 1.00467, 23.4247 2.64924 1.03892, 23.4247 2.62638 1.00253, 23.5123 2.61218 0.96197, 
            23.4685 2.60737 0.963068, 23.4247 2.61218 0.96197, 23.4178 2.60979 0.919264, 23.4247 2.60737 0.919264, 
            23.4685 2.60244 0.919264, 23.5123 2.60737 0.919265, 23.5539 2.62193 0.919264, 23.3831 2.6395 0.996217, 
            23.3831 2.66063 1.02984, 23.3444 2.65382 0.969006, 23.3458 2.67896 1.01522, 23.3138 2.68343 0.958777, 
            23.3146 2.70333 0.995788, 23.2911 2.72742 0.964419, 23.2766 2.79929 0.963068, 23.2911 2.78028 1.00253, 
            23.2911 2.79929 1.00467, 23.3146 2.77198 1.03892, 23.3146 2.79929 1.042, 23.3458 2.76504 1.06931, 
            23.3458 2.79929 1.07317, 23.3831 2.75982 1.09217, 23.3831 2.79929 1.09662, 23.4247 2.75658 1.10637, 
            23.4247 2.79929 1.11118, 23.4685 2.75549 1.11118, 23.5123 2.75658 1.10637, 23.5123 2.79929 1.11118, 
            23.5539 2.75982 1.09217, 23.5539 2.79929 1.09662, 23.5912 2.76504 1.06931, 23.5912 2.79929 1.07317, 
            23.6224 2.79929 1.042, 23.2911 2.75413 0.991129, 23.3141 2.73267 1.02254, 23.3449 2.7162 1.04917, 
            23.3831 2.72234 1.07906, 23.4247 2.71602 1.09217, 23.4685 2.71388 1.09662, 23.5123 2.71602 1.09217, 
            23.5539 2.72234 1.07906, 23.5912 2.73251 1.05793, 23.6224 2.75901 1.03438, 23.6605 2.76918 0.952321, 
            23.2765 2.7799 0.957345, 23.3831 2.68871 1.05793, 23.4247 2.67963 1.06931, 23.4685 2.67655 1.07317, 
            23.5123 2.67963 1.06931, 23.5539 2.68871 1.05793, 23.6224 2.72276 1.01522, 23.6463 2.76399 0.997626, 
            23.6586 2.85024 -1.3642, 23.639 2.89771 -1.3642, 23.6077 2.93848 -1.3642, 23.5669 2.96977 -1.3642, 
            23.5194 2.98943 -1.3642, 23.4685 2.99614 -1.3642, 23.4175 2.98943 -1.3642, 23.3701 2.96977 -1.3642, 
            23.3293 2.93848 -1.3642, 23.298 2.89771 -1.3642, 23.2783 2.85024 -1.3642, 23.2716 2.79929 -1.3642, 
            23.2783 2.74834 -1.3642, 23.298 2.70086 -1.3642, 23.3293 2.66009 -1.3642, 23.3701 2.62881 -1.3642, 
            23.4175 2.60915 -1.3642, 23.4685 2.60244 -1.3642, 23.5194 2.60915 -1.3642, 23.5669 2.62881 -1.3642, 
            23.6077 2.66009 -1.3642, 23.639 2.70086 -1.3642, 23.6586 2.74834 -1.3642, 23.6653 2.79929 -1.3642, 
            23.4175 2.60915 0.210603, 23.639 2.89771 0.210603, 23.6586 2.85024 0.210603, 23.6077 2.93848 0.210603, 
            23.5669 2.96977 0.210603, 23.5194 2.98943 0.210603, 23.4685 2.99614 0.210603, 23.4175 2.98943 0.210603, 
            23.3701 2.96977 0.210603, 23.3293 2.93848 0.210603, 23.298 2.89771 0.210603, 23.2783 2.85024 0.210603, 
            23.2716 2.79929 0.210603, 23.2783 2.74834 0.210603, 23.298 2.70086 0.210603, 23.3293 2.66009 0.210603, 
            23.3701 2.62881 0.210603, 23.4685 2.60244 0.210603, 23.5194 2.60915 0.210603, 23.5669 2.62881 0.210603, 
            23.6077 2.66009 0.210603, 23.639 2.70086 0.210603, 23.6586 2.74834 0.210603, 23.6653 2.79929 0.210603, 
            23.1607 3.04476 -1.3642, 23.223 3.1071 -1.3642, 23.2977 3.154 -1.3642, 23.3809 3.18312 -1.3642, 
            23.4685 3.19299 -1.3642, 23.5561 3.18312 -1.3642, 23.6393 3.154 -1.3642, 23.714 3.1071 -1.3642, 
            23.7763 3.04476 -1.3642, 23.8232 2.97011 -1.3642, 23.8523 2.88689 -1.3642, 23.8622 2.79929 -1.3642, 
            23.8523 2.71168 -1.3642, 23.8232 2.62847 -1.3642, 23.7763 2.55382 -1.3642, 23.714 2.49148 -1.3642, 
            23.6393 2.44458 -1.3642, 23.5561 2.41546 -1.3642, 23.4685 2.40559 -1.3642, 23.3809 2.41546 -1.3642, 
            23.2977 2.44458 -1.3642, 23.223 2.49148 -1.3642, 23.1607 2.55382 -1.3642, 23.1138 2.62847 -1.3642, 
            23.0847 2.71168 -1.3642, 23.0748 2.79929 -1.3642, 23.0847 2.88689 -1.3642, 23.1138 2.97011 -1.3642, 
            23.1607 2.55382 0.210603, 23.223 2.49148 0.210603, 23.2977 2.44458 0.210603, 23.3809 2.41546 0.210603, 
            23.4685 2.40559 0.210603, 23.5561 2.41546 0.210603, 23.6393 2.44458 0.210603, 23.7763 3.04476 0.210603, 
            23.714 3.1071 0.210603, 23.6393 3.154 0.210603, 23.5561 3.18312 0.210603, 23.4685 3.19299 0.210603, 
            23.3809 3.18312 0.210603, 23.2977 3.154 0.210603, 23.714 2.49148 0.210603, 23.7763 2.55382 0.210603, 
            23.8232 2.62847 0.210603, 23.8523 2.71168 0.210603, 23.8622 2.79929 0.210603, 23.8523 2.88689 0.210603, 
            23.8232 2.97011 0.210603, 23.223 3.1071 0.210603, 23.1607 3.04476 0.210603, 23.1138 2.97011 0.210603, 
            23.0847 2.88689 0.210603, 23.0748 2.79929 0.210603, 23.0847 2.71168 0.210603, 23.1138 2.62847 0.210603, 
            21.1771 1.84092 -0.0492278, 21.1054 1.68967 -0.0492382, 21.413 1.56176 -0.0491754, 21.4796 1.75028 -0.0357389, 
            21.457 1.80124 -0.0295547, 21.4603 1.79622 -0.0317604, 21.4718 1.77305 -0.0296252, 21.446 1.81765 -0.0317565, 
            21.42 1.84615 -0.0305216, 21.3884 1.86817 -0.031807, 21.2468 1.89006 -0.0343244, 21.2899 1.89463 -0.0296075, 
            21.3114 1.89335 -0.0370862, 21.1772 1.85943 -0.0373313, 21.1126 1.78425 -0.0330819, 21.1337 1.81762 -0.0295547, 
            21.1473 1.83331 -0.0375568, 21.0931 1.6833 -0.0329978, 21.0997 1.64684 -0.0295547, 21.1073 1.6246 -0.0295547, 
            21.1194 1.59949 -0.0336925, 21.1553 1.5547 -0.0328026, 21.1727 1.53963 -0.0361699, 21.1885 1.52887 0.0683891, 
            21.264 1.50267 -0.030174, 21.248 1.50582 -0.0384921, 21.2157 1.51538 -0.0313582, 21.29 1.50102 -0.0356129, 
            21.3154 1.50266 -0.0355608, 21.3788 1.52179 -0.0332429, 21.3449 1.50886 -0.0370343, 21.429 1.55855 -0.0336985, 
            21.4097 1.54161 -0.0336476, 21.4459 1.57804 -0.0312142, 21.4624 1.60316 -0.0365032, 21.4768 1.63491 -0.033457, 
            21.4851 1.72348 -0.0295547, 21.4867 1.69778 -0.0336216, 21.484 1.66694 -0.0316069, 21.4698 1.64575 -0.0474574, 
            21.405 1.83847 -0.0491734, 21.3254 1.87621 -0.0490832, 21.238 1.87282 -0.0492308, 21.1291 1.78781 -0.0491095, 
            21.2114 1.87803 -0.0385148, 21.1113 1.77329 -0.042226, 21.0998 1.7487 -0.0336503, 21.0946 1.7218 -0.0385931, 
            21.0971 1.66614 -0.0399209, 21.4198 1.84212 -0.0410789, 21.3796 1.86656 -0.0446846, 21.3507 1.88527 -0.0354723, 
            21.1113 1.62477 -0.0429683, 21.1323 1.57996 -0.0381311, 21.2189 1.51777 -0.0423582, 21.3473 1.51507 -0.0442298, 
            21.3227 1.88654 -0.0441232, 21.1648 1.55449 -0.0450709, 21.3183 1.51694 -0.0492254, 21.3969 1.53897 -0.0436934, 
            21.4847 1.7017 -0.0411913, 21.4729 1.72206 -0.0492272, 21.4608 1.7682 -0.0491751, 21.4487 1.80628 -0.0434586, 
            21.2593 1.88492 -0.0459603, 21.1475 1.58254 -0.0491624, 21.2047 1.53644 -0.0492216, 21.2665 1.51057 -0.0465909, 
            21.4406 1.58049 -0.0451136, 21.2944 1.89464 0.128377, 21.3374 1.88912 0.130826, 21.3936 1.86508 0.131981, 
            21.4241 1.841 0.130793, 21.4631 1.7914 0.127396, 21.4823 1.73835 0.129017, 21.1826 1.86305 0.132097, 
            21.2614 1.89278 0.1311, 21.1164 1.79097 0.120027, 21.0945 1.72265 0.133698, 21.4573 1.59416 0.127926, 
            21.4424 1.57342 0.13391, 21.4049 1.53805 0.131981, 21.3352 1.50621 0.129995, 21.3096 1.50196 0.131994, 
            21.255 1.50412 0.132146, 21.1363 1.57393 0.128866, 21.1058 1.62807 0.131983, 21.0983 1.65263 0.132006, 
            21.0941 1.67714 0.129709, 21.4842 1.66622 0.128547, 21.4784 1.64099 0.127926, 21.3757 1.86216 0.14741, 
            21.4635 1.64135 0.147589, 21.3044 1.51804 0.147603, 21.2536 1.51362 0.145493, 21.1464 1.58323 0.147527, 
            21.3707 1.87716 0.133956, 21.371 1.51809 0.131742, 21.2839 1.50108 0.132029, 21.1452 1.56882 0.141277, 
            21.4553 1.77775 0.147543, 21.1842 1.84971 0.147487, 21.1074 1.68156 0.147459, 21.2913 1.50834 0.143982, 
            21.3624 1.53122 0.147555, 21.4204 1.56877 0.14752, 21.4546 1.60942 0.144949, 21.4793 1.69088 0.143749, 
            21.3065 1.88065 0.147553, 21.2167 1.88046 0.136626, 21.3262 1.50944 0.142252, 21.4727 1.65324 0.144664, 
            21.4738 1.7258 0.147127, 21.4618 1.79036 0.136453, 21.4297 1.82869 0.142978, 21.1497 1.81976 0.147499, 
            21.1224 1.7765 0.147459, 21.1033 1.73347 0.144097, 21.1116 1.64558 0.147286, 21.1923 1.54048 0.147439, 
            21.2148 1.51571 0.134584, 21.3722 1.52338 0.140822, 21.4826 1.66633 0.134584, 21.4854 1.72056 0.133356, 
            21.4739 1.76746 0.13392, 21.4497 1.81272 0.131997, 21.3341 1.88726 0.13815, 21.2915 1.89032 0.142058, 
            21.2567 1.88664 0.142949, 21.146 1.83275 0.131844, 21.1215 1.79983 0.13408, 21.1022 1.75699 0.132531, 
            21.0962 1.69123 0.138095, 21.1161 1.60563 0.135986, 21.1681 1.5431 0.133589, 21.4215 1.55174 0.136952, 
            21.462 1.60659 0.13664, 21.4704 1.61932 0.136232, 21.4866 1.69169 0.131961, 21.2545 1.75701 1.21049, 
            21.3595 1.62819 0.147611, 21.3751 1.64857 0.147611, 21.3391 1.61255 0.147611, 21.3154 1.60271 0.147611, 
            21.2899 1.59936 0.147611, 21.2644 1.60271 0.147611, 21.2407 1.61255 0.147611, 21.2203 1.62819 0.147611, 
            21.2046 1.64857 0.147611, 21.1948 1.67231 0.147611, 21.385 1.72326 0.147611, 21.1948 1.72326 0.147611, 
            21.2046 1.747 0.147611, 21.3751 1.747 0.147611, 21.1915 1.69779 0.147611, 21.385 1.67231 0.147611, 
            21.2203 1.76738 0.147611, 21.2407 1.78302 0.147611, 21.2644 1.79286 0.147611, 21.2899 1.79621 0.147611, 
            21.3154 1.79286 0.147611, 21.3391 1.78302 0.147611, 21.3595 1.76738 0.147611, 21.3883 1.69779 0.147611, 
            21.3014 1.63211 1.21058, 21.2312 1.65474 1.21029, 21.3866 1.6797 1.17123, 21.3817 1.66223 1.17123, 
            21.3749 1.64868 1.17123, 21.3656 1.63876 1.18721, 21.3736 1.64597 1.17123, 21.3626 1.63148 1.17123, 
            21.3167 1.60365 1.17783, 21.3338 1.60968 1.17123, 21.3329 1.61142 1.18247, 21.3427 1.61914 1.18991, 
            21.3492 1.61924 1.17124, 21.299 1.59979 1.17553, 21.3153 1.60284 1.17123, 21.3168 1.60312 1.17123, 
            21.2808 1.59978 1.17123, 21.2749 1.60196 1.18322, 21.2637 1.60298 1.17123, 21.246 1.60968 1.17123, 
            21.2039 1.65466 1.18297, 21.2171 1.63148 1.17123, 21.2205 1.62842 1.17123, 21.2225 1.63078 1.1902, 
            21.2306 1.61924 1.17124, 21.2062 1.64598 1.17123, 21.1931 1.71587 1.17125, 21.1915 1.69779 1.17123, 
            21.194 1.70771 1.18686, 21.1931 1.67972 1.17541, 21.1981 1.66223 1.17123, 21.1981 1.73334 1.17123, 
            21.2049 1.74689 1.17123, 21.2062 1.7496 1.17123, 21.2625 1.79046 1.1836, 21.246 1.78589 1.17123, 
            21.2409 1.78271 1.17123, 21.2306 1.77633 1.17123, 21.2172 1.7641 1.17123, 21.2808 1.79579 1.17123, 
            21.2644 1.79273 1.17123, 21.263 1.79245 1.17123, 21.299 1.79579 1.17124, 21.3072 1.79301 1.18421, 
            21.3158 1.79266 1.17141, 21.3338 1.78589 1.17123, 21.3626 1.76409 1.17123, 21.3593 1.76715 1.17123, 
            21.3492 1.77633 1.17123, 21.3736 1.74959 1.17124, 21.3884 1.69738 1.17174, 21.3866 1.71588 1.17123, 
            21.3817 1.73334 1.17123, 21.2668 1.62087 1.20528, 21.3714 1.71063 1.20406, 21.2129 1.72014 1.2062, 
            21.3589 1.65859 1.20707, 21.3458 1.74336 1.21043, 21.3076 1.77637 1.20625, 21.1998 1.68391 1.19622, 
            21.248 1.61199 1.18794, 21.278 1.60523 1.19283, 21.317 1.61928 1.20401, 21.3827 1.67611 1.18977, 
            21.373 1.7424 1.19216, 21.3543 1.76754 1.18912, 21.2786 1.79076 1.19261, 21.2456 1.77149 1.20144, 
            21.2231 1.75041 1.20223, 21.3071 1.60396 1.18731, 21.3862 1.70756 1.18407, 21.3383 1.78082 1.18716, 
            21.2385 1.77979 1.1842, 21.207 1.74925 1.18394, 3.46849 4.49614 -2.62404, 3.51221 4.49122 -2.63238, 
            3.5539 4.47664 -2.62404, 3.59122 4.45319 -2.62404, 3.62239 4.42202 -2.62404, 3.64584 4.3847 -2.62404, 
            3.6414 4.3847 -2.66351, 3.51219 4.10736 -2.63012, 3.46849 4.10244 -2.62404, 3.55176 4.12193 -2.64305, 
            3.5539 4.12193 -2.62404, 3.61853 4.17655 -2.65829, 3.60681 4.16097 -2.62404, 3.58814 4.14538 -2.65135, 
            3.59122 4.14538 -2.62404, 3.6414 4.21388 -2.66351, 3.62239 4.17655 -2.62404, 3.4986 4.10726 -2.6571, 
            3.54012 4.12176 -2.67087, 3.55435 4.1449 -2.71197, 3.57907 4.14538 -2.6773, 3.58881 4.17655 -2.72, 
            3.60715 4.17655 -2.69082, 3.60715 4.21388 -2.73462, 3.62828 4.21388 -2.70099, 3.61853 4.25548 -2.7437, 
            3.6414 4.25548 -2.70731, 3.62239 4.29929 -2.74678, 3.64584 4.29929 -2.70945, 3.61853 4.34309 -2.7437, 
            3.6414 4.34309 -2.70731, 3.65559 4.25548 -2.66675, 3.6604 4.29929 -2.66785, 3.65559 4.34309 -2.66675, 
            3.6604 4.34309 -2.62404, 3.66534 4.29929 -2.62404, 3.6604 4.25548 -2.62404, 3.64584 4.21388 -2.62404, 
            3.62828 4.3847 -2.70099, 3.60715 4.3847 -2.73462, 3.61396 4.4234 -2.67379, 3.58881 4.42202 -2.72, 
            3.58435 4.45402 -2.66356, 3.56445 4.45319 -2.70057, 3.54582 4.47729 -2.66021, 3.4958 4.45319 -2.7437, 
            3.46849 4.45319 -2.74678, 3.50274 4.42202 -2.77409, 3.46849 4.42202 -2.77795, 3.50795 4.3847 -2.79695, 
            3.46849 4.3847 -2.8014, 3.51119 4.34309 -2.81115, 3.46849 4.34309 -2.81596, 3.51229 4.29929 -2.81596, 
            3.46849 4.29929 -2.82089, 3.51119 4.25548 -2.81115, 3.46849 4.25548 -2.81596, 3.50795 4.21388 -2.79695, 
            3.46849 4.21388 -2.8014, 3.50274 4.17655 -2.77409, 3.46849 4.17655 -2.77795, 3.46857 4.14305 -2.74565, 
            3.46849 4.1211 -2.70854, 3.50775 4.47708 -2.7005, 3.53511 4.45367 -2.72732, 3.55158 4.42284 -2.75395, 
            3.54544 4.3847 -2.78383, 3.55176 4.34309 -2.79695, 3.5539 4.29929 -2.8014, 3.55176 4.25548 -2.79695, 
            3.54544 4.21388 -2.78383, 3.53526 4.17655 -2.76271, 3.52174 4.14538 -2.73462, 3.48563 4.49164 -2.66603, 
            3.57907 4.3847 -2.76271, 3.58814 4.34309 -2.77409, 3.59122 4.29929 -2.77795, 3.58814 4.25548 -2.77409, 
            3.57907 4.21388 -2.76271, 3.56445 4.17655 -2.74437, 3.51271 4.12176 -2.69731, 3.66534 4.29929 0.919264, 
            3.6604 4.34199 0.929011, 3.6604 4.34309 0.919271, 3.64584 4.3847 0.919264, 3.64584 4.38256 0.93827, 
            3.62239 4.42202 0.919262, 3.59122 4.45319 0.919264, 3.5539 4.47664 0.919267, 3.5539 4.4722 0.95873, 
            3.27657 4.34254 0.924139, 3.27164 4.29929 0.919264, 3.27649 4.29929 0.963213, 3.29113 4.29929 1.00467, 
            3.29102 4.38439 0.930805, 3.34575 4.44933 0.953511, 3.31485 4.41589 0.960961, 3.31458 4.42202 0.919263, 
            3.38308 4.4722 0.95873, 3.34575 4.45319 0.919264, 3.29113 4.36606 0.972517, 3.29113 4.37624 0.956322, 
            3.31458 4.39525 0.995788, 3.34575 4.41961 1.01522, 3.34575 4.43795 0.986041, 3.38308 4.43795 1.02984, 
            3.38308 4.45908 0.996216, 3.42468 4.44933 1.03892, 3.42468 4.4722 1.00253, 3.46849 4.45319 1.042, 
            3.46849 4.47664 1.00467, 3.51229 4.44933 1.03892, 3.51229 4.4722 1.00253, 3.42468 4.48639 0.961969, 
            3.46849 4.4912 0.963068, 3.51229 4.48639 0.961969, 3.51229 4.4912 0.919264, 3.46849 4.49614 0.919264, 
            3.42468 4.4912 0.919264, 3.38308 4.47664 0.919267, 3.5539 4.45908 0.996216, 3.5539 4.43795 1.02984, 
            3.5926 4.44476 0.969007, 3.59122 4.41961 1.01522, 3.62322 4.41515 0.958775, 3.62239 4.39525 0.995788, 
            3.64628 4.36783 0.97111, 3.66045 4.29929 0.963808, 3.64597 4.29932 1.00604, 3.62287 4.34125 1.03477, 
            3.62239 4.29929 1.042, 3.59122 4.33353 1.06931, 3.59122 4.29929 1.07317, 3.5539 4.33875 1.09217, 
            3.5539 4.29929 1.09662, 3.51229 4.34199 1.10637, 3.51229 4.29929 1.11118, 3.46849 4.34309 1.11118, 
            3.46849 4.29929 1.11611, 3.42468 4.34199 1.10637, 3.42468 4.29929 1.11118, 3.38308 4.33875 1.09217, 
            3.38308 4.29929 1.09662, 3.34575 4.33353 1.06931, 3.34575 4.29929 1.07317, 3.31458 4.3266 1.03892, 
            3.31458 4.29929 1.042, 3.2907 4.33458 0.997627, 3.64584 4.33635 0.996216, 3.59122 4.36606 1.05793, 
            3.5539 4.37624 1.07906, 3.51229 4.38256 1.09217, 3.46849 4.3847 1.09662, 3.42468 4.38256 1.09217, 
            3.38308 4.37624 1.07906, 3.34575 4.36606 1.05793, 3.27646 4.3294 0.952321, 3.66052 4.33234 0.949372, 
            3.62239 4.37581 1.01522, 3.59122 4.39525 1.03959, 3.5539 4.40987 1.05793, 3.51229 4.41894 1.06931, 
            3.46849 4.42202 1.07317, 3.42468 4.41894 1.06931, 3.38308 4.40987 1.05793, 3.34575 4.39525 1.03959, 
            3.3141 4.36343 1.02409, 3.44674 4.10661 -2.66376, 3.42472 4.10737 -2.62858, 3.38308 4.12193 -2.62404, 
            3.34575 4.14538 -2.62404, 3.34883 4.14538 -2.65135, 3.31458 4.17655 -2.62404, 3.29113 4.21388 -2.62404, 
            3.29558 4.21388 -2.66351, 3.42479 4.49122 -2.63012, 3.38522 4.47664 -2.64305, 3.38308 4.47664 -2.62404, 
            3.31844 4.42202 -2.65829, 3.34883 4.45319 -2.65135, 3.34575 4.45319 -2.62404, 3.29558 4.3847 -2.66351, 
            3.31458 4.42202 -2.62404, 3.43838 4.49132 -2.6571, 3.39686 4.47682 -2.67087, 3.38263 4.45367 -2.71197, 
            3.35791 4.45319 -2.6773, 3.36033 4.42284 -2.73396, 3.32983 4.42202 -2.69082, 3.32983 4.3847 -2.73462, 
            3.3087 4.3847 -2.70099, 3.31844 4.34309 -2.7437, 3.29558 4.34309 -2.70731, 3.31458 4.29929 -2.74678, 
            3.29113 4.29929 -2.70945, 3.31844 4.25548 -2.7437, 3.29558 4.25548 -2.70731, 3.28138 4.34309 -2.66675, 
            3.27657 4.29929 -2.66785, 3.28138 4.25548 -2.66675, 3.27657 4.25549 -2.62404, 3.27164 4.29929 -2.62404, 
            3.27657 4.34309 -2.62404, 3.29113 4.3847 -2.62404, 3.3087 4.21388 -2.70099, 3.32983 4.21388 -2.73462, 
            3.32302 4.17517 -2.67378, 3.34816 4.17655 -2.72, 3.36366 4.1449 -2.68818, 3.3956 4.12073 -2.66859, 
            3.43878 4.12176 -2.7043, 3.42652 4.1449 -2.73955, 3.46849 4.14538 -2.74678, 3.43424 4.17655 -2.77409, 
            3.46849 4.17655 -2.77795, 3.42902 4.21388 -2.79695, 3.46849 4.21388 -2.8014, 3.42578 4.25548 -2.81115, 
            3.46849 4.25548 -2.81596, 3.42469 4.29929 -2.81596, 3.42578 4.34309 -2.81115, 3.46849 4.34309 -2.81596, 
            3.42902 4.3847 -2.79695, 3.46849 4.3847 -2.8014, 3.43424 4.42202 -2.77409, 3.46849 4.42202 -2.77795, 
            3.46841 4.45553 -2.74565, 3.46849 4.47747 -2.70853, 3.40171 4.17655 -2.76271, 3.39154 4.21388 -2.78383, 
            3.38522 4.25548 -2.79695, 3.38308 4.29929 -2.8014, 3.38522 4.34309 -2.79695, 3.39154 4.3847 -2.78383, 
            3.40171 4.42202 -2.76271, 3.41524 4.45319 -2.73462, 3.39196 4.14538 -2.72, 3.37253 4.17655 -2.74437, 
            3.35791 4.21388 -2.76271, 3.34883 4.25548 -2.77409, 3.34575 4.29929 -2.77795, 3.34883 4.34309 -2.77409, 
            3.35791 4.3847 -2.76271, 3.42427 4.47682 -2.69731, 3.2765 4.25597 0.935567, 3.29113 4.21388 0.919264, 
            3.31458 4.17656 0.919267, 3.34575 4.14538 0.919264, 3.34575 4.14924 0.953511, 3.37065 4.12974 0.919264, 
            3.38308 4.12193 0.919264, 3.38308 4.12638 0.95873, 3.66049 4.29928 0.963219, 3.64584 4.29929 1.00467, 
            3.6457 4.21781 0.947777, 3.64584 4.21388 0.919264, 3.66025 4.25447 0.923884, 3.59122 4.14924 0.953511, 
            3.62239 4.17963 0.946575, 3.62239 4.17655 0.919264, 3.63803 4.20145 0.919264, 3.5539 4.12638 0.95873, 
            3.59122 4.14538 0.919266, 3.64602 4.23988 0.980855, 3.62287 4.19601 0.985881, 3.59204 4.19113 1.02918, 
            3.59122 4.16062 0.986041, 3.5539 4.16063 1.02984, 3.5539 4.1395 0.996217, 3.51229 4.14924 1.03892, 
            3.51229 4.12638 1.00253, 3.46849 4.14538 1.042, 3.46849 4.12193 1.00467, 3.42468 4.14924 1.03892, 
            3.42468 4.12638 1.00253, 3.51229 4.11218 0.96197, 3.46849 4.10737 0.963068, 3.42468 4.11218 0.96197, 
            3.42366 4.10753 0.918485, 3.46849 4.10244 0.919264, 3.51229 4.10737 0.919264, 3.5539 4.12193 0.919264, 
            3.38308 4.1395 0.996217, 3.38308 4.16063 1.02984, 3.34575 4.16062 0.986041, 3.34575 4.17896 1.01522, 
            3.31376 4.18343 0.958774, 3.29096 4.26958 0.999518, 3.29113 4.29929 1.00467, 3.3141 4.25732 1.03477, 
            3.31458 4.29929 1.042, 3.34493 4.24719 1.0644, 3.34575 4.29929 1.07317, 3.38308 4.25982 1.09217, 
            3.38308 4.29929 1.09662, 3.42468 4.25658 1.10637, 3.42468 4.29929 1.11118, 3.46849 4.25549 1.11118, 
            3.51229 4.25658 1.10637, 3.51229 4.29929 1.11118, 3.5539 4.25982 1.09217, 3.5539 4.29929 1.09662, 
            3.59122 4.26504 1.06931, 3.59122 4.29929 1.07317, 3.62239 4.27198 1.03892, 3.62239 4.29929 1.042, 
            3.64584 4.28028 1.00253, 3.27629 4.29927 0.964588, 3.38308 4.22234 1.07906, 3.42468 4.21602 1.09217, 
            3.46849 4.21388 1.09662, 3.51229 4.21602 1.09217, 3.5539 4.22234 1.07906, 3.59122 4.23251 1.05793, 
            3.62239 4.24604 1.02984, 3.64584 4.26223 0.996217, 3.66052 4.26918 0.952321, 3.28993 4.2264 0.963813, 
            3.3141 4.21136 1.00513, 3.34575 4.20333 1.03959, 3.38308 4.18871 1.05793, 3.42468 4.17963 1.06931, 
            3.46849 4.17655 1.07317, 3.51229 4.17963 1.06931, 3.5539 4.18871 1.05793, 3.62239 4.22276 1.01522, 
            3.65863 4.35024 -1.3642, 3.63897 4.39771 -1.3642, 3.60768 4.43848 -1.3642, 3.56691 4.46977 -1.3642, 
            3.51944 4.48943 -1.3642, 3.46849 4.49614 -1.3642, 3.41754 4.48943 -1.3642, 3.37006 4.46977 -1.3642, 
            3.32929 4.43848 -1.3642, 3.29801 4.39771 -1.3642, 3.27835 4.35024 -1.3642, 3.27164 4.29929 -1.3642, 
            3.27835 4.24834 -1.3642, 3.29801 4.20086 -1.3642, 3.32929 4.16009 -1.3642, 3.37006 4.12881 -1.3642, 
            3.41754 4.10915 -1.3642, 3.46849 4.10244 -1.3642, 3.51944 4.10915 -1.3642, 3.56691 4.12881 -1.3642, 
            3.60768 4.16009 -1.3642, 3.63897 4.20086 -1.3642, 3.65863 4.24834 -1.3642, 3.66534 4.29929 -1.3642, 
            3.41754 4.10915 0.210603, 3.63897 4.39771 0.210603, 3.65863 4.35024 0.210603, 3.60768 4.43848 0.210603, 
            3.56691 4.46977 0.210603, 3.51944 4.48943 0.210603, 3.46849 4.49614 0.210603, 3.41754 4.48943 0.210603, 
            3.37006 4.46977 0.210603, 3.32929 4.43848 0.210603, 3.29801 4.39771 0.210603, 3.27835 4.35024 0.210603, 
            3.27164 4.29929 0.210603, 3.27835 4.24834 0.210603, 3.29801 4.20086 0.210603, 3.32929 4.16009 0.210603, 
            3.37006 4.12881 0.210603, 3.46849 4.10244 0.210603, 3.51944 4.10915 0.210603, 3.56691 4.12881 0.210603, 
            3.60768 4.16009 0.210603, 3.63897 4.20086 0.210603, 3.65863 4.24834 0.210603, 3.66534 4.29929 0.210603, 
            3.22302 4.6071 -1.3642, 3.29767 4.654 -1.3642, 3.38088 4.68312 -1.3642, 3.46849 4.69299 -1.3642, 
            3.55609 4.68312 -1.3642, 3.63931 4.654 -1.3642, 3.16068 4.05382 -1.3642, 3.11378 4.12847 -1.3642, 
            3.08466 4.21168 -1.3642, 3.07479 4.29929 -1.3642, 3.08466 4.38689 -1.3642, 3.11378 4.47011 -1.3642, 
            3.16068 4.54476 -1.3642, 3.71396 3.99148 -1.3642, 3.63931 3.94458 -1.3642, 3.55609 3.91546 -1.3642, 
            3.46849 3.90559 -1.3642, 3.38088 3.91546 -1.3642, 3.29767 3.94458 -1.3642, 3.22302 3.99148 -1.3642, 
            3.71396 4.6071 -1.3642, 3.7763 4.54476 -1.3642, 3.8232 4.47011 -1.3642, 3.85232 4.38689 -1.3642, 
            3.86219 4.29929 -1.3642, 3.85232 4.21168 -1.3642, 3.8232 4.12847 -1.3642, 3.7763 4.05382 -1.3642, 
            3.16068 4.54476 0.210603, 3.11378 4.47011 0.210603, 3.08466 4.38689 0.210603, 3.07479 4.29929 0.210603, 
            3.08466 4.21168 0.210603, 3.11378 4.12847 0.210603, 3.71396 4.6071 0.210603, 3.63931 4.654 0.210603, 
            3.55609 4.68312 0.210603, 3.46849 4.69299 0.210603, 3.38088 4.68312 0.210603, 3.29767 4.654 0.210603, 
            3.22302 4.6071 0.210603, 3.16068 4.05382 0.210603, 3.22302 3.99148 0.210603, 3.29767 3.94458 0.210603, 
            3.38088 3.91546 0.210603, 3.46849 3.90559 0.210603, 3.55609 3.91546 0.210603, 3.63931 3.94458 0.210603, 
            3.71396 3.99148 0.210603, 3.7763 4.05382 0.210603, 3.8232 4.12847 0.210603, 3.85232 4.21168 0.210603, 
            3.86219 4.29929 0.210603, 3.85232 4.38689 0.210603, 3.8232 4.47011 0.210603, 3.7763 4.54476 0.210603, 
            13.6814 3.67646 -0.0492554, 13.5602 4.01217 -0.0492298, 13.4972 4.00754 -0.0370185, 13.467 3.98826 -0.0306615, 
            13.4379 3.96153 -0.0341414, 13.3962 3.88256 -0.0312142, 13.3911 3.85771 -0.0316047, 13.3894 3.8173 -0.0335386, 
            13.4005 3.76543 -0.0333721, 13.4278 3.71494 -0.0375079, 13.4133 3.73722 0.0853533, 13.4663 3.67551 -0.0317609, 
            13.447 3.69279 -0.0396675, 13.4877 3.66126 -0.0318108, 13.5541 3.63734 -0.0362511, 13.5866 3.63497 -0.0376502, 
            13.6118 3.63649 -0.0336016, 13.6512 3.64541 -0.0341339, 13.7348 3.70211 -0.0357984, 13.768 3.75632 -0.0317631, 
            13.783 3.83166 -0.0317261, 13.7803 3.80076 -0.0306585, 13.7763 3.78069 -0.0295547, 13.7695 3.76061 -0.0295547, 
            13.7762 3.88256 -0.0312142, 13.7793 3.86774 -0.0295547, 13.7813 3.85739 -0.0317701, 13.7499 3.94148 -0.0320709, 
            13.7681 3.90692 -0.0296191, 13.7259 3.97019 -0.030776, 13.6846 4.00212 -0.0295547, 13.6622 4.01323 -0.0335196, 
            13.5961 4.02871 -0.0329805, 13.7694 3.82411 -0.0492383, 13.727 3.94764 -0.0492277, 13.4344 3.93713 -0.0492366, 
            13.7688 3.88712 -0.0451141, 13.7609 3.91462 -0.042965, 13.7373 3.94936 -0.0440394, 13.706 3.98776 -0.0336507, 
            13.6348 4.02223 -0.0377536, 13.543 4.02385 -0.0360564, 13.472 3.98481 -0.044777, 13.4072 3.91398 -0.036359, 
            13.4034 3.89162 -0.0434585, 13.3952 3.84822 -0.0439368, 13.3979 3.79219 -0.0434592, 13.5147 3.64842 -0.0376953, 
            13.6805 3.65869 -0.035445, 13.706 3.67547 -0.0336433, 13.7551 3.73079 -0.037735, 13.77 3.77235 -0.0427715, 
            13.7794 3.83186 -0.0432672, 13.7029 3.98787 -0.0410975, 13.5314 4.01314 -0.0460076, 13.4427 3.9559 -0.0454697, 
            13.6242 3.64398 -0.0436941, 13.6553 3.65586 -0.0460263, 13.5928 4.02058 -0.0459213, 13.4177 3.74623 -0.0463047, 
            13.4809 3.67061 -0.0434598, 13.6604 4.0008 -0.0492185, 13.405 3.81945 -0.0492182, 13.431 3.73485 -0.0492384, 
            13.5021 3.66948 -0.0492376, 13.5507 3.64745 -0.0466745, 13.5963 3.64852 -0.04853, 13.6898 3.67084 -0.0445219, 
            13.731 3.71829 -0.0491142, 13.4425 3.96683 0.131277, 13.4789 3.9969 0.1321, 13.5151 4.01526 0.129649, 
            13.5574 4.02659 0.131149, 13.7395 3.95572 0.13248, 13.7576 3.92818 0.136565, 13.7702 3.90131 0.133921, 
            13.7773 3.87658 0.130735, 13.7793 3.86775 0.127926, 13.3921 3.86354 0.135942, 13.751 3.72393 0.134767, 
            13.731 3.69766 0.133506, 13.7029 3.67329 0.127926, 13.6794 3.65831 0.128589, 13.6416 3.64241 0.131653, 
            13.6022 3.63555 0.135008, 13.5801 3.63503 0.129574, 13.5532 3.6375 0.126808, 13.5097 3.65013 0.129083, 
            13.4515 3.68746 0.133574, 13.4033 3.75897 0.136033, 13.389 3.82738 0.131873, 13.782 3.8513 0.127928, 
            13.7805 3.80009 0.12856, 13.7747 3.77485 0.127926, 13.7694 3.76068 0.127926, 13.7656 3.75073 0.127926, 
            13.425 3.91543 0.147605, 13.5128 4.00014 0.147581, 13.5831 4.01521 0.147528, 13.6546 4.00522 0.147008, 
            13.7686 3.84822 0.147514, 13.7663 3.79876 0.147567, 13.7361 3.72524 0.147537, 13.477 3.68405 0.147526, 
            13.6667 4.01081 0.131253, 13.643 4.01996 0.135925, 13.7026 3.99079 0.131813, 13.4859 3.6623 0.134936, 
            13.3946 3.78661 0.133956, 13.3977 3.88849 0.130117, 13.7226 3.95265 0.147602, 13.4942 4.00176 0.140905, 
            13.4058 3.86059 0.147528, 13.4043 3.80512 0.147491, 13.4322 3.72948 0.147424, 13.6104 3.6477 0.147385, 
            13.6803 3.67478 0.147588, 13.765 3.89823 0.143695, 13.7613 3.75189 0.142462, 13.7804 3.85109 0.136616, 
            13.7072 3.98254 0.141177, 13.4525 3.96925 0.142963, 13.4046 3.89675 0.140818, 13.3919 3.82854 0.139015, 
            13.4289 3.71345 0.135003, 13.5364 3.65238 0.147263, 13.7826 3.8236 0.136055, 13.6139 4.02654 0.134856, 
            13.5892 4.0285 0.135593, 13.5314 4.01748 0.139726, 13.4194 3.93583 0.13798, 13.4066 3.91219 0.131911, 
            13.5429 3.64019 0.134341, 13.6694 3.6559 0.139144, 13.7045 3.67926 0.141468, 13.777 3.78829 0.136439, 
            13.5939 3.7624 1.21037, 13.6434 3.80104 1.21054, 13.5595 3.89625 1.21071, 13.6558 3.76205 0.147611, 
            13.6714 3.78243 0.147611, 13.6354 3.74641 0.147611, 13.6116 3.73657 0.147611, 13.5862 3.73322 0.147611, 
            13.5607 3.73657 0.147611, 13.537 3.74641 0.147611, 13.5166 3.76205 0.147611, 13.5009 3.78243 0.147611, 
            13.4911 3.80617 0.147611, 13.6812 3.85712 0.147611, 13.4911 3.85712 0.147611, 13.5009 3.88086 0.147611, 
            13.6714 3.88086 0.147611, 13.4878 3.83164 0.147611, 13.6812 3.80617 0.147611, 13.5166 3.90124 0.147611, 
            13.537 3.91688 0.147611, 13.5607 3.92672 0.147611, 13.5862 3.93007 0.147611, 13.6116 3.92672 0.147611, 
            13.6354 3.91688 0.147611, 13.6558 3.90124 0.147611, 13.6846 3.83164 0.147611, 13.6829 3.81356 1.17123, 
            13.6846 3.82864 1.17123, 13.678 3.79609 1.17123, 13.6712 3.78254 1.17123, 13.6699 3.77983 1.17123, 
            13.6589 3.76534 1.17123, 13.63 3.74354 1.17123, 13.6455 3.7531 1.17124, 13.6556 3.76228 1.17123, 
            13.5953 3.73364 1.17123, 13.6131 3.73698 1.17123, 13.5771 3.73364 1.17123, 13.5607 3.7367 1.17123, 
            13.5524 3.74253 1.18864, 13.5592 3.73698 1.17123, 13.534 3.74921 1.18192, 13.5423 3.74354 1.17123, 
            13.5134 3.76534 1.17123, 13.5168 3.76228 1.17123, 13.5269 3.7531 1.17123, 13.5372 3.74672 1.17123, 
            13.5025 3.77983 1.17123, 13.4894 3.84973 1.17124, 13.4878 3.83164 1.17123, 13.4894 3.81356 1.17123, 
            13.4944 3.79609 1.17123, 13.4944 3.8672 1.17123, 13.5011 3.88075 1.17123, 13.5025 3.88346 1.17123, 
            13.5134 3.89795 1.17123, 13.5693 3.92779 1.18182, 13.5423 3.91975 1.17123, 13.5269 3.91019 1.17123, 
            13.5168 3.90101 1.17123, 13.5771 3.92965 1.17123, 13.5592 3.92631 1.17123, 13.5953 3.92965 1.17123, 
            13.6123 3.92646 1.17342, 13.6698 3.88347 1.17546, 13.6589 3.89795 1.17123, 13.6556 3.90101 1.17123, 
            13.6455 3.91019 1.17123, 13.6301 3.91975 1.17124, 13.6846 3.83164 1.17123, 13.6829 3.84974 1.17124, 
            13.678 3.8672 1.17123, 13.5209 3.80293 1.21051, 13.5013 3.80686 1.19998, 13.5404 3.75817 1.20204, 
            13.6448 3.77674 1.20528, 13.6515 3.85845 1.21051, 13.5841 3.9156 1.20273, 13.5099 3.87067 1.20285, 
            13.6712 3.82499 1.20277, 13.6636 3.86037 1.20404, 13.6311 3.90179 1.20405, 13.5866 3.73761 1.19263, 
            13.6271 3.7462 1.19218, 13.6523 3.76301 1.18894, 13.6695 3.78698 1.19015, 13.6566 3.89671 1.18869, 
            13.6115 3.92494 1.18741, 13.5495 3.9058 1.20443, 13.4956 3.86069 1.1869, 13.491 3.81407 1.18774, 
            13.5092 3.77279 1.18398, 13.6796 3.80542 1.18355, 13.6827 3.83283 1.18373, 13.6791 3.85919 1.18378, 
            13.5429 3.91718 1.18869, 13.5091 3.88924 1.18366, 23.5726 1.28218 -2.82091, 23.4724 1.19778 -2.82095, 
            23.3637 1.27878 -2.82091, 23.4284 1.39443 -2.82091, 23.5269 1.3821 -2.8209, 23.458 0.998641 1.11611, 
            23.5689 1.29947 1.11612, 23.5321 1.22052 1.11612, 23.5008 1.4035 1.11617, 23.3701 1.32782 1.11614, 
            23.4224 1.20516 1.11621, 23.468 1.06691 -2.76839, 23.5143 1.06612 -2.76324, 23.7593 1.29929 -2.65971, 
            23.7561 1.24914 -2.65986, 23.4683 1.00709 -2.65841, 23.5088 1.01008 -2.66133, 23.5082 1.09701 -2.78881, 
            23.6716 1.26388 -2.78881, 23.6637 1.16428 -2.76324, 23.691 1.216 -2.76324, 23.6528 1.20787 -2.78961, 
            23.6323 1.25191 -2.80754, 23.6181 1.15747 -2.78881, 23.6138 1.20932 -2.80707, 23.6334 1.12801 -2.7634, 
            23.5738 1.08498 -2.76365, 23.567 1.1174 -2.78904, 23.4704 1.15739 -2.81639, 23.5567 1.19574 -2.81784, 
            23.5187 1.13624 -2.80759, 23.5791 1.1698 -2.80758, 23.6712 1.08773 -2.65745, 23.6773 1.09048 -2.6225, 
            23.6161 1.04357 -2.62404, 23.6212 1.04931 -2.65763, 23.5655 1.02389 -2.66126, 23.4685 1.00401 -2.62404, 
            23.4964 1.00769 -2.62404, 23.5449 1.01408 -2.62338, 23.5957 1.0351 -2.6287, 23.7638 1.29929 -2.62404, 
            23.7537 1.22286 -2.62404, 23.7364 1.18395 -2.65986, 23.7428 1.19667 -2.62405, 23.7242 1.15165 -2.62404, 
            23.7167 1.14556 -2.65986, 23.7187 1.14446 -2.62404, 23.6999 1.12123 -2.65986, 23.7278 1.25409 -2.73176, 
            23.741 1.29929 -2.71591, 23.6807 1.31561 -2.78511, 23.7026 1.25848 -2.76324, 23.7119 1.29928 -2.7572, 
            23.4697 1.01769 -2.69897, 23.506 1.03763 -2.73042, 23.5364 1.02652 -2.6965, 23.5584 1.05166 -2.73188, 
            23.6045 1.05186 -2.69678, 23.6063 1.07549 -2.73176, 23.6628 1.09519 -2.69661, 23.6503 1.10864 -2.73188, 
            23.6916 1.12765 -2.6965, 23.6771 1.13879 -2.73176, 23.7078 1.1511 -2.6965, 23.7295 1.19271 -2.69679, 
            23.699 1.17202 -2.73209, 23.715 1.20704 -2.73176, 23.7458 1.25095 -2.6965, 23.7576 1.29929 -2.67283, 
            23.4685 1.04511 -2.74442, 23.5452 1.4069 -2.81804, 23.4815 1.58738 -2.6804, 23.7561 1.34943 -2.65986, 
            23.7242 1.44693 -2.62404, 23.7319 1.42833 -2.62404, 23.7308 1.42763 -2.65986, 23.5056 1.42809 -2.8179, 
            23.567 1.48118 -2.78903, 23.4685 1.47634 -2.80459, 23.5082 1.50157 -2.78881, 23.5811 1.5097 -2.76298, 
            23.5205 1.46172 -2.80758, 23.6181 1.44111 -2.78881, 23.5655 1.43993 -2.80707, 23.5213 1.53094 -2.7637, 
            23.6874 1.39714 -2.76184, 23.6528 1.39069 -2.78961, 23.6396 1.46463 -2.76381, 23.7026 1.34009 -2.76324, 
            23.5925 1.41685 -2.80707, 23.6208 1.37753 -2.80725, 23.6068 1.28725 -2.81752, 23.5826 1.37177 -2.81767, 
            23.6412 1.31396 -2.80583, 23.742 1.40162 -2.65986, 23.7429 1.40188 -2.62404, 23.7537 1.37571 -2.62404, 
            23.7278 1.34448 -2.73176, 23.7458 1.34762 -2.6965, 23.7321 1.39793 -2.6965, 23.5098 1.5883 -2.66163, 
            23.4685 1.59456 -2.62433, 23.5839 1.56762 -2.66336, 23.545 1.58446 -2.62472, 23.6161 1.555 -2.62404, 
            23.6476 1.52974 -2.66191, 23.6804 1.50017 -2.65986, 23.7097 1.46377 -2.66118, 23.6773 1.50806 -2.62428, 
            23.4685 1.51809 -2.77979, 23.4685 1.5427 -2.75719, 23.7096 1.41011 -2.73039, 23.7078 1.449 -2.69675, 
            23.6771 1.45978 -2.73176, 23.6728 1.49292 -2.6965, 23.6496 1.49066 -2.73188, 23.6401 1.52276 -2.69661, 
            23.5946 1.53114 -2.73206, 23.5903 1.5526 -2.6965, 23.5367 1.57269 -2.69659, 23.532 1.55497 -2.73186, 
            23.4743 1.56757 -2.72478, 23.1794 1.29929 -2.67284, 23.1808 1.34944 -2.65986, 23.3492 1.36184 -2.81762, 
            23.3101 1.36402 -2.80786, 23.2922 1.28609 -2.80497, 23.2654 1.33469 -2.78881, 23.3313 1.29938 -2.81754, 
            23.2459 1.38257 -2.76324, 23.2842 1.3907 -2.78961, 23.3189 1.44111 -2.78881, 23.2751 1.43805 -2.76391, 
            23.3221 1.48683 -2.76328, 23.3514 1.46895 -2.78881, 23.4091 1.49711 -2.78922, 23.3639 1.51292 -2.76328, 
            23.4143 1.53107 -2.76335, 23.403 1.41896 -2.81774, 23.4165 1.46173 -2.80758, 23.358 1.42839 -2.80707, 
            23.2597 1.50808 -2.62404, 23.2785 1.52105 -2.65986, 23.3158 1.54926 -2.65763, 23.3209 1.55502 -2.62442, 
            23.3865 1.58078 -2.65884, 23.4118 1.58711 -2.62404, 23.3921 1.5845 -2.62404, 23.4406 1.59089 -2.62404, 
            23.4406 1.58994 -2.65986, 23.4416 1.57946 -2.6965, 23.1732 1.29929 -2.62405, 23.1987 1.41069 -2.66266, 
            23.1833 1.37573 -2.62431, 23.2387 1.47966 -2.66334, 23.2128 1.44702 -2.62459, 23.212 1.35662 -2.7328, 
            23.196 1.29929 -2.71591, 23.2497 1.29929 -2.77979, 23.2275 1.31709 -2.76031, 23.4209 1.55915 -2.7318, 
            23.3855 1.56911 -2.69675, 23.3537 1.53642 -2.73188, 23.3204 1.53903 -2.69661, 23.319 1.5159 -2.73176, 
            23.2854 1.51305 -2.6965, 23.2542 1.48232 -2.6966, 23.2767 1.4806 -2.73205, 23.2224 1.43524 -2.6965, 
            23.238 1.42656 -2.73209, 23.2049 1.39793 -2.6965, 23.1899 1.33664 -2.69845, 23.4406 1.00769 -2.62404, 
            23.1808 1.24915 -2.65986, 23.4101 1.09961 -2.78828, 23.4159 1.06733 -2.76347, 23.4548 1.11492 -2.8016, 
            23.3667 1.08439 -2.7634, 23.3151 1.11644 -2.76297, 23.3345 1.14248 -2.7895, 23.4025 1.14166 -2.80707, 
            23.2496 1.20143 -2.76184, 23.2932 1.19076 -2.78881, 23.2802 1.15439 -2.76324, 23.2344 1.25848 -2.76324, 
            23.2699 1.24315 -2.78929, 23.3454 1.18132 -2.80806, 23.3084 1.2394 -2.80707, 23.3491 1.23678 -2.81761, 
            23.3917 1.18832 -2.81776, 23.195 1.19695 -2.65986, 23.1941 1.1967 -2.62404, 23.1833 1.22286 -2.62404, 
            23.2092 1.25409 -2.73176, 23.1912 1.25095 -2.6965, 23.2049 1.20065 -2.6965, 23.2222 1.16242 -2.69661, 
            23.2127 1.15652 -2.65749, 23.2051 1.17025 -2.62404, 23.4406 1.00863 -2.65986, 23.3921 1.01407 -2.62404, 
            23.3968 1.01525 -2.65747, 23.3832 1.01773 -2.62404, 23.3557 1.02996 -2.65986, 23.3554 1.02926 -2.62404, 
            23.3285 1.04304 -2.65986, 23.3209 1.04357 -2.62404, 23.2597 1.09049 -2.62273, 23.2753 1.07934 -2.66089, 
            23.2371 1.12123 -2.65986, 23.2365 1.12076 -2.62404, 23.2128 1.15165 -2.62403, 23.4297 1.03797 -2.73054, 
            23.2274 1.18846 -2.73039, 23.2454 1.12765 -2.6965, 23.2599 1.13879 -2.73176, 23.2853 1.08444 -2.69678, 
            23.2975 1.09823 -2.73205, 23.3336 1.05228 -2.6965, 23.3423 1.06831 -2.73176, 23.3731 1.03414 -2.69659, 
            23.3795 1.0513 -2.73187, 23.4142 1.02311 -2.6965, 23.3194 1.38082 1.10229, 23.4161 1.42448 1.11286, 
            23.2855 1.51354 0.991819, 23.2976 1.49977 1.0271, 23.2075 1.30133 1.03145, 23.2382 1.35665 1.05846, 
            23.2102 1.35001 1.02698, 23.1903 1.33985 0.991724, 23.189 1.28636 0.996695, 23.176 1.30813 0.953151, 
            23.1769 1.32719 0.919264, 23.1732 1.29929 0.919264, 23.1833 1.37573 0.918758, 23.1845 1.3712 0.95267, 
            23.2548 1.40387 1.05849, 23.2445 1.43797 1.0271, 23.2686 1.4705 1.02698, 23.2209 1.38921 1.0271, 
            23.2046 1.425 0.95528, 23.2127 1.44688 0.919673, 23.2364 1.46007 0.992009, 23.2364 1.4763 0.957109, 
            23.3203 1.53857 0.991724, 23.4848 1.51145 1.08034, 23.4277 1.53338 1.05846, 23.4863 1.54024 1.05553, 
            23.4233 1.55857 1.02698, 23.2768 1.51957 0.956292, 23.326 1.55523 0.952737, 23.4183 1.58694 0.955084, 
            23.4202 1.57656 0.991724, 23.4685 1.57181 1.01113, 23.4685 1.58842 0.968058, 23.36 1.47455 1.08403, 
            23.2975 1.46601 1.05877, 23.3589 1.53974 1.02727, 23.3619 1.56026 0.992014, 23.3661 1.57276 0.955084, 
            23.4553 1.4756 1.10019, 23.3737 1.51845 1.05783, 23.4123 1.49783 1.08452, 23.3456 1.35652 1.11335, 
            23.377 1.44323 1.10321, 23.271 1.3233 1.08929, 23.3008 1.33222 1.10229, 23.2783 1.3789 1.08403, 
            23.3117 1.43331 1.08472, 23.2036 1.39524 0.991837, 23.4685 1.59456 0.919264, 23.3921 1.5845 0.919515, 
            23.3207 1.55489 0.91996, 23.2597 1.50808 0.919259, 23.7017 1.34508 1.05846, 23.5158 1.4631 1.10276, 
            23.6019 1.28272 1.11294, 23.6002 1.32516 1.11283, 23.7467 1.33985 0.991724, 23.5186 1.58694 0.955084, 
            23.5137 1.55857 1.02698, 23.6095 1.55455 0.955084, 23.5708 1.57276 0.955084, 23.5671 1.56289 0.991724, 
            23.5168 1.57656 0.991724, 23.5518 1.52184 1.05846, 23.6053 1.54557 0.991829, 23.5688 1.54341 1.02676, 
            23.6465 1.5307 0.955084, 23.6711 1.51285 0.919264, 23.647 1.5313 0.919261, 23.6161 1.555 0.919264, 
            23.5975 1.56271 0.919264, 23.5711 1.57366 0.919264, 23.5449 1.5845 0.919261, 23.7003 1.42539 1.02728, 
            23.6654 1.43284 1.05905, 23.6094 1.49194 1.05867, 23.6684 1.4705 1.02698, 23.7001 1.45915 0.991724, 
            23.7088 1.46513 0.955084, 23.7305 1.32443 1.02698, 23.7313 1.42566 0.955084, 23.7289 1.40841 0.992005, 
            23.6319 1.50695 1.02658, 23.6634 1.5036 0.991996, 23.6801 1.50183 0.952777, 23.7235 1.36283 1.02698, 
            23.7555 1.35802 0.955172, 23.7584 1.29929 0.961495, 23.7536 1.37592 0.919911, 23.7242 1.44693 0.919264, 
            23.6773 1.50809 0.919106, 23.7405 1.29783 1.01146, 23.6103 1.4489 1.08403, 23.6382 1.41637 1.08403, 
            23.6446 1.31526 1.10023, 23.6586 1.3789 1.08403, 23.6708 1.33901 1.08403, 23.6927 1.37862 1.05849, 
            23.572 1.38739 1.11307, 23.6175 1.38368 1.1025, 23.5029 1.42899 1.11304, 23.573 1.43381 1.10278, 
            23.5599 1.48357 1.08483, 23.7638 1.29928 0.918393, 23.6175 1.2149 1.1025, 23.5852 1.23209 1.11288, 
            23.4565 1.16105 1.11278, 23.6627 1.09438 0.992005, 23.7092 1.28242 1.05557, 23.7457 1.24591 0.992022, 
            23.7537 1.22286 0.919264, 23.7298 1.26484 1.02699, 23.758 1.25916 0.955028, 23.677 1.18538 1.05846, 
            23.6995 1.17312 1.02698, 23.7158 1.21029 1.02698, 23.7222 1.17675 0.991828, 23.7247 1.15932 0.955084, 
            23.7429 1.20055 0.955084, 23.7327 1.1721 0.923889, 23.6851 1.1498 1.02698, 23.7001 1.13943 0.991724, 
            23.6732 1.0892 0.953766, 23.7088 1.13345 0.955084, 23.7004 1.12068 0.919264, 23.7242 1.15165 0.919264, 
            23.6498 1.1075 1.02727, 23.6167 1.06 0.991724, 23.5093 1.0652 1.05846, 23.4685 1.05588 1.05242, 
            23.5137 1.04001 1.02698, 23.6222 1.05105 0.955084, 23.5799 1.02946 0.957883, 23.5186 1.01164 0.955084, 
            23.5168 1.02202 0.991724, 23.4685 1.02676 1.01113, 23.4685 1.01016 0.968056, 23.5599 1.115 1.08483, 
            23.6395 1.13256 1.05877, 23.5633 1.08012 1.05783, 23.5781 1.05884 1.02726, 23.5797 1.04108 0.991724, 
            23.4685 1.12209 1.10034, 23.4848 1.08713 1.08034, 23.6362 1.26636 1.10229, 23.5412 1.18549 1.11293, 
            23.5599 1.15534 1.10321, 23.6825 1.28195 1.07889, 23.6586 1.21967 1.08403, 23.6253 1.16527 1.08472, 
            23.6916 1.2171 1.05862, 23.4685 1.00401 0.919264, 23.5449 1.01408 0.919508, 23.6161 1.04357 0.919264, 
            23.6373 1.0598 0.923393, 23.6773 1.0905 0.919264, 23.4123 1.10075 1.08452, 23.4183 1.01164 0.955084, 
            23.4233 1.04001 1.02698, 23.3257 1.04345 0.952708, 23.3662 1.02582 0.955084, 23.3573 1.04108 0.991724, 
            23.4202 1.02201 0.991724, 23.3706 1.08042 1.05707, 23.3645 1.05784 1.02698, 23.3077 1.0679 0.991834, 
            23.2793 1.07648 0.955374, 23.2597 1.09044 0.91951, 23.3209 1.04357 0.91927, 23.3395 1.03587 0.919264, 
            23.3659 1.02491 0.919264, 23.3921 1.01407 0.919266, 23.2215 1.16437 0.991724, 23.2519 1.1498 1.02698, 
            23.2375 1.17312 1.02698, 23.2729 1.16433 1.05846, 23.278 1.11818 1.02698, 23.2536 1.11609 0.992006, 
            23.238 1.12016 0.957132, 23.2122 1.15932 0.955084, 23.2158 1.22706 1.02918, 23.2362 1.28667 1.06371, 
            23.1992 1.18652 0.955084, 23.3169 1.08357 1.02671, 23.1984 1.21707 0.991993, 23.182 1.23811 0.954819, 
            23.1769 1.27139 0.919264, 23.1833 1.2229 0.917881, 23.1985 1.18621 0.919264, 23.2128 1.15165 0.919278, 
            23.3031 1.12819 1.05903, 23.3117 1.16527 1.08472, 23.3407 1.25978 1.1131, 23.3035 1.27584 1.10412, 
            23.2688 1.24091 1.0835, 23.2484 1.20881 1.05903, 23.3756 1.20149 1.113, 23.3194 1.21776 1.10229, 
            23.4086 1.13924 1.10229, 23.364 1.16477 1.10278, 23.36 1.12403 1.08403, 23.4277 1.0652 1.05846, 
            23.7242 1.44693 -1.3642, 23.7537 1.37571 -1.3642, 23.6773 1.50808 -1.3642, 23.6161 1.555 -1.3642, 
            23.5449 1.5845 -1.3642, 23.4685 1.59456 -1.3642, 23.3921 1.5845 -1.3642, 23.3209 1.555 -1.3642, 
            23.2597 1.50808 -1.3642, 23.2128 1.44693 -1.3642, 23.1833 1.37571 -1.3642, 23.1732 1.29929 -1.3642, 
            23.1833 1.22286 -1.3642, 23.2128 1.15165 -1.3642, 23.2597 1.0905 -1.3642, 23.3209 1.04357 -1.3642, 
            23.3921 1.01407 -1.3642, 23.4685 1.00401 -1.3642, 23.5449 1.01407 -1.3642, 23.6161 1.04357 -1.3642, 
            23.6773 1.0905 -1.3642, 23.7242 1.15165 -1.3642, 23.7537 1.22286 -1.3642, 23.7638 1.29929 -1.3642, 
            23.2597 1.50808 0.210603, 23.7638 1.29929 0.210603, 23.7537 1.37571 0.210603, 23.7242 1.44693 0.210603, 
            23.6773 1.50808 0.210603, 23.6161 1.555 0.210603, 23.5449 1.5845 0.210603, 23.4685 1.59456 0.210603, 
            23.3921 1.5845 0.210603, 23.3209 1.555 0.210603, 23.2128 1.44693 0.210603, 23.1833 1.37571 0.210603, 
            23.1732 1.29929 0.210603, 23.1833 1.22286 0.210603, 23.2128 1.15165 0.210603, 23.2597 1.0905 0.210603, 
            23.3209 1.04357 0.210603, 23.3921 1.01407 0.210603, 23.4685 1.00401 0.210603, 23.5449 1.01407 0.210603, 
            23.6161 1.04357 0.210603, 23.6773 1.0905 0.210603, 23.7242 1.15165 0.210603, 23.7537 1.22286 0.210603, 
            23.1673 1.68845 -1.3642, 23.2518 1.74112 -1.3642, 23.3451 1.7757 -1.3642, 23.1673 0.910127 -1.3642, 
            23.0951 0.978731 -1.3642, 23.0382 1.06046 -1.3642, 22.9989 1.15196 -1.3642, 23.9207 1.10521 -1.3642, 
            23.8724 1.01815 -1.3642, 23.8075 0.942598 -1.3642, 23.7288 0.881648 -1.3642, 23.4436 1.79078 -1.3642, 
            23.543 1.78574 -1.3642, 23.6394 1.76078 -1.3642, 23.7288 1.71693 -1.3642, 23.8075 1.65598 -1.3642, 
            22.9789 1.2495 -1.3642, 22.9789 1.34908 -1.3642, 22.9989 1.44661 -1.3642, 23.0382 1.53812 -1.3642, 
            23.0951 1.61985 -1.3642, 23.8724 1.58042 -1.3642, 23.9207 1.49336 -1.3642, 23.9505 1.39835 -1.3642, 
            23.9606 1.29929 -1.3642, 23.9505 1.20022 -1.3642, 23.6394 0.837796 -1.3642, 23.543 0.812837 -1.3642, 
            23.4436 0.807794 -1.3642, 23.3451 0.822872 -1.3642, 23.2518 0.857455 -1.3642, 23.543 0.812837 0.210603, 
            23.6394 0.837796 0.210603, 23.7288 0.881648 0.210603, 23.8075 0.942598 0.210603, 23.1673 0.910127 0.210603, 
            23.2518 0.857455 0.210603, 23.3451 0.822872 0.210603, 23.4436 0.807794 0.210603, 23.9207 1.49336 0.210603, 
            23.8724 1.58042 0.210603, 23.8075 1.65598 0.210603, 23.7288 1.71693 0.210603, 23.8724 1.01815 0.210603, 
            23.9207 1.10521 0.210603, 23.9505 1.20022 0.210603, 23.9606 1.29929 0.210603, 23.9505 1.39835 0.210603, 
            22.9789 1.34908 0.210603, 22.9789 1.2495 0.210603, 22.9989 1.15196 0.210603, 23.0382 1.06046 0.210603, 
            23.0951 0.978731 0.210603, 23.1673 1.68845 0.210603, 23.0951 1.61985 0.210603, 23.0382 1.53812 0.210603, 
            22.9989 1.44661 0.210603, 23.6394 1.76078 0.210603, 23.543 1.78574 0.210603, 23.4436 1.79078 0.210603, 
            23.3451 1.7757 0.210603, 23.2518 1.74112 0.210603, 24.9252 0.00794921 3.83309, 2.16927 8.74811 3.83309, 
            2.05792 8.70198 3.83309, 2.03289 8.66937 3.83309, 2.01716 8.63139 3.83309, 2.12852 8.74274 3.83309, 
            2.09053 8.72701 3.83309, 24.8015 8.74444 3.83309, 24.7677 8.74811 3.83309, 24.9252 8.59063 3.83309, 
            24.8351 8.73297 3.83309, 24.9094 8.65934 3.83309, 24.8904 8.68931 3.83309, 24.8652 8.71428 3.83309, 
            24.9212 8.62588 3.83309, 2.13547 -0.145861 3.83309, 2.0118 0.00794921 3.83309, 2.04655 -0.0907346 3.83309, 
            2.02758 -0.0607606 3.83309, 2.01579 -0.0273 3.83309, 2.07175 -0.115701 3.83309, 2.1019 -0.134392 3.83309, 
            2.0118 8.59063 3.83309, 2.16928 -0.149531 3.83309, 24.7677 -0.149531 3.83309, 24.9198 -0.0328094 3.83309, 
            24.8085 -0.144165 3.83309, 24.9041 -0.0707909 3.83309, 24.8464 -0.128433 3.83309, 24.8791 -0.103406 3.83309, 
            24.3068 0.489273 -0.0999378, 24.1697 0.33949 -0.0999519, 24.4123 0.413428 -0.0999092, 24.1693 8.21691 -0.0999535, 
            24.4222 8.22442 -0.0999463, 2.73265 8.14863 -0.0999685, 2.55318 8.141 -0.0997582, 2.629 8.10793 -0.0995934, 
            2.51563 8.217 -0.0999383, 2.7576 8.28999 -0.0998849, 2.76265 8.18986 -0.0994614, 24.1726 0.409588 -0.0990274, 
            24.2144 0.460986 -0.0999329, 24.3704 0.466108 -0.0998138, 24.2061 0.266569 -0.0996178, 24.3004 0.233145 -0.0999498, 
            24.3916 0.273701 -0.0995851, 24.1024 0.36228 -0.04385, 24.1051 0.413229 -0.0212417, 24.1089 0.412207 -0.04385, 
            24.1248 0.460705 -0.0212417, 24.1282 0.458731 -0.04385, 24.1561 0.501474 -0.0212417, 24.1597 0.499904 -0.0462122, 
            24.1968 0.532757 -0.0212417, 24.2 0.530301 -0.0462078, 24.2443 0.552423 -0.0212417, 24.2467 0.549243 -0.0462058, 
            24.2953 0.55913 -0.0212417, 24.2967 0.555444 -0.0462064, 24.3462 0.552423 -0.0212417, 24.3467 0.548483 -0.0462048, 
            24.3937 0.532757 -0.0212417, 24.4345 0.501474 -0.0212417, 24.4337 0.500678 -0.0345134, 24.4657 0.460705 -0.0212417, 
            24.4633 0.457592 -0.0462079, 24.4854 0.413229 -0.0212417, 24.4822 0.410859 -0.0462057, 24.4921 0.36228 -0.0212417, 
            24.4884 0.360809 -0.0462039, 24.4854 0.311332 -0.0212417, 24.4815 0.310868 -0.0462026, 24.4657 0.263855 -0.0212417, 
            24.4345 0.223086 -0.0212417, 24.4337 0.223882 -0.0345134, 24.3937 0.191803 -0.0212417, 24.3931 0.192778 -0.0345134, 
            24.3462 0.172137 -0.0212417, 24.3459 0.173225 -0.0345134, 24.2953 0.16543 -0.0212417, 24.2938 0.169116 -0.0462089, 
            24.2443 0.172137 -0.0212417, 24.2438 0.176078 -0.0462069, 24.1968 0.191803 -0.0212417, 24.1974 0.19573 -0.0462089, 
            24.1561 0.223086 -0.0212417, 24.1248 0.263855 -0.0212417, 24.1258 0.264418 -0.0345134, 24.1051 0.311332 -0.0212417, 
            24.1089 0.312353 -0.04385, 24.0984 0.36228 -0.0212417, 24.1459 0.36228 -0.0935224, 24.1558 0.417422 -0.0938186, 
            24.2021 0.479739 -0.0938186, 24.2561 0.499667 -0.096385, 24.3124 0.511213 -0.0938182, 24.4328 0.421865 -0.093819, 
            24.439 0.346969 -0.0961386, 24.2781 0.213348 -0.0938186, 24.2059 0.241893 -0.0938177, 24.1577 0.302695 -0.0938178, 
            24.1212 0.361686 -0.0774282, 24.1514 0.445357 -0.0836256, 24.3735 0.500295 -0.0894299, 24.4065 0.475351 -0.0894303, 
            24.4333 0.284077 -0.0894297, 24.4083 0.251019 -0.0894299, 24.3757 0.225546 -0.0894301, 24.3376 0.209391 -0.0894306, 
            24.2959 0.188179 -0.0774299, 24.2508 0.193958 -0.0774309, 24.1778 0.244791 -0.0836256, 24.1514 0.279203 -0.0836256, 
            24.1272 0.316644 -0.0774306, 24.1269 0.406768 -0.0774295, 24.1394 0.452289 -0.0698992, 24.1717 0.484967 -0.0774306, 
            24.2077 0.512758 -0.0774304, 24.2496 0.530295 -0.0774296, 24.2947 0.53638 -0.0774307, 24.3397 0.530603 -0.0774287, 
            24.3853 0.518179 -0.0698992, 24.4267 0.494128 -0.0620051, 24.4457 0.449844 -0.07743, 24.4633 0.407916 -0.0774296, 
            24.4694 0.362879 -0.0774299, 24.4636 0.317793 -0.0774303, 24.4512 0.272272 -0.0698992, 24.4271 0.230858 -0.0620037, 
            24.3886 0.201209 -0.0620044, 24.3437 0.182544 -0.0620095, 24.2087 0.211208 -0.0774306, 24.168 0.234989 -0.0698992, 
            24.1342 0.268939 -0.0620064, 24.3931 0.52883 -0.0462115, 24.4618 0.26442 -0.0462058, 24.1576 0.226733 -0.0462109, 
            24.1686 8.29894 -0.0970969, 24.2261 8.34569 -0.0999237, 24.3243 8.36377 -0.0996029, 24.394 8.31747 -0.099857, 
            24.2932 8.10651 -0.0999921, 24.3863 8.14403 -0.0999652, 24.1024 8.2363 -0.04385, 24.1051 8.28724 -0.0212417, 
            24.1089 8.28622 -0.04385, 24.1248 8.33472 -0.0212417, 24.1282 8.33275 -0.04385, 24.1561 8.37549 -0.0212417, 
            24.1597 8.37392 -0.0462134, 24.1968 8.40677 -0.0212417, 24.1999 8.40431 -0.046208, 24.2443 8.42644 -0.0212417, 
            24.2467 8.42326 -0.0462033, 24.2953 8.43315 -0.0212417, 24.3462 8.42644 -0.0212417, 24.3459 8.42535 -0.0345134, 
            24.3937 8.40677 -0.0212417, 24.3931 8.4058 -0.0345134, 24.4345 8.37549 -0.0212417, 24.4317 8.3727 -0.04385, 
            24.4657 8.33472 -0.0212417, 24.4633 8.33161 -0.0462058, 24.4854 8.28724 -0.0212417, 24.4822 8.28487 -0.0462039, 
            24.4921 8.23626 -0.029825, 24.4854 8.18535 -0.0212417, 24.4657 8.13787 -0.0212417, 24.4345 8.0971 -0.0212417, 
            24.4337 8.0979 -0.0345134, 24.3937 8.06582 -0.0212417, 24.3906 8.06828 -0.04621, 24.3462 8.04615 -0.0212417, 
            24.3438 8.04933 -0.0462043, 24.2953 8.03945 -0.0212417, 24.2938 8.04313 -0.0462099, 24.2443 8.04615 -0.0212417, 
            24.2438 8.05009 -0.0462039, 24.1968 8.06582 -0.0212417, 24.1561 8.0971 -0.0212417, 24.1569 8.0979 -0.0345134, 
            24.1248 8.13787 -0.0212417, 24.1258 8.13843 -0.0345134, 24.1051 8.18535 -0.0212417, 24.1089 8.18637 -0.04385, 
            24.0984 8.2363 -0.0212417, 24.1463 8.25348 -0.0938185, 24.1897 8.3419 -0.0935224, 24.2357 8.37387 -0.0938183, 
            24.3846 8.35668 -0.0938177, 24.4246 8.31097 -0.0935224, 24.4331 8.27547 -0.0961894, 24.4347 8.18115 -0.0938192, 
            24.2781 8.08736 -0.0938186, 24.2263 8.11087 -0.0962632, 24.1946 8.13715 -0.0970388, 24.1577 8.17671 -0.0938183, 
            24.1348 8.2793 -0.0836256, 24.1514 8.31937 -0.0836256, 24.294 8.39492 -0.0894292, 24.3351 8.38985 -0.0894309, 
            24.3783 8.38019 -0.0836256, 24.4539 8.23758 -0.0894298, 24.4083 8.12504 -0.0894312, 24.3757 8.09956 -0.0894293, 
            24.3376 8.08341 -0.0894313, 24.2953 8.07014 -0.0836256, 24.2523 8.0758 -0.0836256, 24.2122 8.0924 -0.0836256, 
            24.1778 8.11881 -0.0836256, 24.1514 8.15322 -0.0836256, 24.1272 8.19066 -0.07743, 24.1212 8.2357 -0.0774301, 
            24.1214 8.28289 -0.0698992, 24.1394 8.3263 -0.0698992, 24.1717 8.35899 -0.0774298, 24.2077 8.38677 -0.0774302, 
            24.2496 8.40431 -0.0774307, 24.2953 8.41631 -0.0698992, 24.3431 8.41619 -0.0620115, 24.3881 8.39766 -0.062004, 
            24.4179 8.35983 -0.0774317, 24.4457 8.32386 -0.0774299, 24.4633 8.28193 -0.0774312, 24.4636 8.19181 -0.0774286, 
            24.4463 8.14976 -0.0774292, 24.4271 8.10487 -0.0620054, 24.3853 8.0804 -0.0698992, 24.3419 8.06241 -0.0698992, 
            24.2953 8.05628 -0.0698992, 24.2487 8.06241 -0.0698992, 24.2053 8.0804 -0.0698992, 24.1638 8.10445 -0.0620054, 
            24.1342 8.14295 -0.0620076, 24.2967 8.42946 -0.0462031, 24.4814 8.23659 -0.0620113, 24.4815 8.18488 -0.0462052, 
            24.4618 8.13844 -0.0462086, 24.1974 8.06975 -0.0462076, 2.49601 8.25258 -0.0953052, 2.52417 8.32154 -0.0959916, 
            2.57247 8.3456 -0.0999303, 2.67044 8.36248 -0.0999096, 2.69513 8.11621 -0.0990239, 2.78575 8.23848 -0.095855, 
            2.44855 8.23777 -0.046207, 2.45157 8.28724 -0.0212417, 2.45551 8.28771 -0.0462104, 2.47124 8.33472 -0.0212417, 
            2.47517 8.33415 -0.0462054, 2.50252 8.37549 -0.0212417, 2.50617 8.37392 -0.0462058, 2.54329 8.40677 -0.0212417, 
            2.54641 8.40432 -0.0462066, 2.59077 8.42644 -0.0212417, 2.59314 8.42326 -0.0462041, 2.64172 8.43315 -0.0212417, 
            2.64319 8.42946 -0.0462035, 2.69266 8.42644 -0.0212417, 2.69313 8.4225 -0.0462043, 2.74014 8.40677 -0.0212417, 
            2.73957 8.40285 -0.0462079, 2.78091 8.37549 -0.0212417, 2.77935 8.37184 -0.0462068, 2.81219 8.33472 -0.0212417, 
            2.80974 8.33161 -0.0462074, 2.83186 8.28724 -0.0212417, 2.82868 8.28487 -0.0462096, 2.83857 8.2363 -0.0212417, 
            2.83488 8.23483 -0.0462079, 2.83186 8.18535 -0.0212417, 2.81219 8.13787 -0.0212417, 2.81122 8.13843 -0.0345134, 
            2.78091 8.0971 -0.0212417, 2.77727 8.09867 -0.0462076, 2.74014 8.06582 -0.0212417, 2.73703 8.06828 -0.0462072, 
            2.69266 8.04615 -0.0212417, 2.69029 8.04933 -0.0462068, 2.64172 8.03945 -0.0212417, 2.64025 8.04313 -0.046211, 
            2.59077 8.04615 -0.0212417, 2.54329 8.06582 -0.0212417, 2.54385 8.06679 -0.0345134, 2.50252 8.0971 -0.0212417, 
            2.50409 8.10075 -0.046208, 2.47124 8.13787 -0.0212417, 2.45157 8.18535 -0.0212417, 2.45266 8.18564 -0.0345134, 
            2.44487 8.2363 -0.0212417, 2.69686 8.37571 -0.0938188, 2.74204 8.33974 -0.0958296, 2.77929 8.29588 -0.0938185, 
            2.73488 8.11884 -0.0938185, 2.68037 8.09204 -0.0935224, 2.64299 8.07767 -0.0894308, 2.6019 8.08274 -0.0894303, 
            2.52426 8.14313 -0.0938187, 2.56129 8.37303 -0.0894301, 2.59942 8.38919 -0.0894301, 2.64044 8.39492 -0.0894294, 
            2.79527 8.19648 -0.0894306, 2.77973 8.15809 -0.0894304, 2.56351 8.09828 -0.0894298, 2.49782 8.15322 -0.0836256, 
            2.48883 8.194 -0.0894311, 2.46761 8.2357 -0.0774297, 2.47339 8.28078 -0.0774298, 2.49064 8.32283 -0.07743, 
            2.51819 8.35898 -0.0774303, 2.55171 8.39219 -0.0698992, 2.59512 8.41018 -0.0698992, 2.64172 8.41631 -0.0698992, 
            2.6862 8.40462 -0.07743, 2.72825 8.38737 -0.0774305, 2.7644 8.35982 -0.0774299, 2.79219 8.32386 -0.0774305, 
            2.80973 8.28193 -0.077431, 2.81582 8.23689 -0.0774308, 2.8156 8.1897 -0.0698992, 2.80309 8.14348 -0.0620081, 
            2.76524 8.11361 -0.0774295, 2.72928 8.08582 -0.0774309, 2.68735 8.06828 -0.0774288, 2.64172 8.05628 -0.0698992, 
            2.59512 8.06241 -0.0698992, 2.5489 8.07493 -0.0620075, 2.51903 8.11277 -0.0774291, 2.48582 8.14629 -0.0698992, 
            2.46198 8.18782 -0.0620079, 2.82792 8.18488 -0.0462102, 2.5903 8.05009 -0.0462061, 2.4737 8.14099 -0.0462079, 
            24.0984 0.36228 1.27797, 24.1051 0.311332 1.27797, 24.1248 0.263855 1.27797, 24.1561 0.223086 1.27797, 
            24.1968 0.191803 1.27797, 24.2443 0.172137 1.27797, 24.2953 0.16543 1.27797, 24.3462 0.172137 1.27797, 
            24.3937 0.191803 1.27797, 24.4345 0.223086 1.27797, 24.4657 0.263855 1.27797, 24.4854 0.311332 1.27797, 
            24.4921 0.36228 1.27797, 24.4854 0.413229 1.27797, 24.4657 0.460705 1.27797, 24.4345 0.501474 1.27797, 
            24.3937 0.532757 1.27797, 24.3462 0.552423 1.27797, 24.2953 0.55913 1.27797, 24.2443 0.552423 1.27797, 
            24.1968 0.532757 1.27797, 24.1561 0.501474 1.27797, 24.1248 0.460705 1.27797, 24.1051 0.413229 1.27797, 
            24.0984 8.2363 1.27797, 24.1051 8.18535 1.27797, 24.1248 8.13787 1.27797, 24.1561 8.0971 1.27797, 
            24.1968 8.06582 1.27797, 24.2443 8.04615 1.27797, 24.2953 8.03945 1.27797, 24.3462 8.04615 1.27797, 
            24.3937 8.06582 1.27797, 24.4345 8.0971 1.27797, 24.4657 8.13787 1.27797, 24.4854 8.18535 1.27797, 
            24.4921 8.2363 1.27797, 24.4854 8.28724 1.27797, 24.4657 8.33472 1.27797, 24.4345 8.37549 1.27797, 
            24.3937 8.40677 1.27797, 24.3462 8.42644 1.27797, 24.2953 8.43315 1.27797, 24.2443 8.42644 1.27797, 
            24.1968 8.40677 1.27797, 24.1561 8.37549 1.27797, 24.1248 8.33472 1.27797, 24.1051 8.28724 1.27797, 
            2.44487 8.2363 1.27797, 2.45157 8.18535 1.27797, 2.47124 8.13787 1.27797, 2.50252 8.0971 1.27797, 
            2.54329 8.06582 1.27797, 2.59077 8.04615 1.27797, 2.64172 8.03945 1.27797, 2.69266 8.04615 1.27797, 
            2.74014 8.06582 1.27797, 2.78091 8.0971 1.27797, 2.81219 8.13787 1.27797, 2.83186 8.18535 1.27797, 
            2.83857 8.2363 1.27797, 2.83186 8.28724 1.27797, 2.81219 8.33472 1.27797, 2.78091 8.37549 1.27797, 
            2.74014 8.40677 1.27797, 2.69266 8.42644 1.27797, 2.64172 8.43315 1.27797, 2.59077 8.42644 1.27797, 
            2.54329 8.40677 1.27797, 2.50252 8.37549 1.27797, 2.47124 8.33472 1.27797, 2.45157 8.28724 1.27797, 
            19.1898 6.87803 2.91183, 19.1898 7.07488 2.91183, 20.9615 6.87803 2.91183, 21.1583 7.07488 2.91183, 
            20.9615 5.10637 2.91183, 21.1583 5.10637 2.91183, 10.8237 7.86228 2.91183, 10.8237 8.05913 2.91183, 
            12.5953 7.86228 2.91183, 12.7922 8.05913 2.91183, 12.5953 6.09063 2.91183, 12.7922 6.09063 2.91183, 
            24.0169 0.640669 1.27797, 24.0984 0.703235 1.27797, 24.1934 0.742566 1.27797, 24.2953 0.755981 1.27797, 
            24.3972 0.742566 1.27797, 24.4921 0.703235 1.27797, 24.5736 0.640669 1.27797, 24.6362 0.55913 1.27797, 
            24.6755 0.464177 1.27797, 24.689 0.36228 1.27797, 24.6755 0.260383 1.27797, 24.6362 0.16543 1.27797, 
            24.5736 0.0838917 1.27797, 24.4921 0.0213252 1.27797, 24.3972 -0.0180055 1.27797, 24.2953 -0.0314209 1.27797, 
            24.1934 -0.0180055 1.27797, 24.0984 0.0213252 1.27797, 24.0169 0.0838917 1.27797, 23.9543 0.16543 1.27797, 
            23.915 0.260383 1.27797, 23.9016 0.36228 1.27797, 23.915 0.464177 1.27797, 23.9543 0.55913 1.27797, 
            24.689 8.2363 1.27797, 24.6755 8.1344 1.27797, 24.6362 8.03945 1.27797, 24.5736 7.95791 1.27797, 
            24.4921 7.89534 1.27797, 24.3972 7.85601 1.27797, 24.2953 7.8426 1.27797, 24.1934 7.85601 1.27797, 
            24.0984 7.89534 1.27797, 24.0169 7.95791 1.27797, 23.9543 8.03945 1.27797, 23.915 8.1344 1.27797, 
            23.9016 8.2363 1.27797, 23.915 8.33819 1.27797, 23.9543 8.43315 1.27797, 24.0169 8.51468 1.27797, 
            24.0984 8.57725 1.27797, 24.1934 8.61658 1.27797, 24.2953 8.63 1.27797, 24.3972 8.61658 1.27797, 
            24.4921 8.57725 1.27797, 24.5736 8.51468 1.27797, 24.6362 8.43315 1.27797, 24.6755 8.33819 1.27797, 
            2.98267 8.03945 1.27797, 2.92011 7.95791 1.27797, 2.83857 7.89534 1.27797, 2.74361 7.85601 1.27797, 
            2.64172 7.8426 1.27797, 2.53982 7.85601 1.27797, 2.44487 7.89534 1.27797, 2.36333 7.95791 1.27797, 
            2.30076 8.03945 1.27797, 2.26143 8.1344 1.27797, 2.24802 8.2363 1.27797, 2.26143 8.33819 1.27797, 
            2.30076 8.43315 1.27797, 2.36333 8.51468 1.27797, 2.44487 8.57725 1.27797, 2.53982 8.61658 1.27797, 
            2.64172 8.63 1.27797, 2.74361 8.61658 1.27797, 2.83857 8.57725 1.27797, 2.92011 8.51468 1.27797, 
            2.98267 8.43315 1.27797, 3.022 8.33819 1.27797, 3.03542 8.2363 1.27797, 3.022 8.1344 1.27797, 
            7.37877 4.65362 2.04569, 7.41814 4.65362 2.08506, 7.40473 4.55172 2.08506, 7.3667 4.56191 2.04569, 
            7.3654 4.45677 2.08506, 7.3313 4.47645 2.04569, 7.30283 4.37523 2.08506, 7.27499 4.40307 2.04569, 
            7.22129 4.31266 2.08506, 7.20161 4.34676 2.04569, 7.12634 4.27333 2.08506, 7.11615 4.31136 2.04569, 
            7.02444 4.25992 2.08506, 7.02444 4.29929 2.04569, 4.85909 4.29929 2.04569, 4.85909 4.25992 2.08506, 
            4.78304 4.30755 2.04569, 4.77459 4.26909 2.08506, 4.77159 4.27012 2.08506, 4.7075 4.33335 2.04569, 
            4.68954 4.29846 2.08506, 4.63966 4.37541 2.04569, 4.61528 4.34449 2.08506, 4.61378 4.34598 2.08506, 
            4.58296 4.43158 2.04569, 4.55189 4.40753 2.08499, 4.54026 4.49902 2.04569, 4.50484 4.48184 2.08506, 
            4.50449 4.48284 2.08506, 4.51375 4.57431 2.04569, 4.46539 4.65362 2.08506, 4.50476 4.65362 2.04569, 
            4.47535 4.56576 2.08506, 7.41814 4.65362 2.83309, 7.40473 4.55172 2.83309, 7.3654 4.45677 2.83309, 
            7.30283 4.37523 2.83309, 7.22129 4.31266 2.83309, 7.12634 4.27333 2.83309, 7.02444 4.25992 2.83309, 
            7.37877 8.39378 2.04569, 7.41814 8.39378 2.08506, 14.1111 2.29141 2.08506, 14.1111 2.29141 2.83309, 
            14.0266 2.30059 2.08506, 14.0235 2.30128 2.83309, 13.9426 2.32926 2.08506, 13.9404 2.33065 2.08506, 
            13.9402 2.3304 2.83309, 13.8672 2.37599 2.08506, 13.8658 2.37747 2.08506, 13.8656 2.37731 2.83309, 
            13.8038 2.43907 2.08506, 13.8032 2.43965 2.83309, 13.7568 2.51334 2.08506, 13.7565 2.51433 2.08506, 
            13.7563 2.51429 2.83309, 13.7272 2.59751 2.83309, 13.7273 2.597 2.08506, 13.7174 2.68511 2.83309, 
            13.7174 2.68511 2.08506, 17.615 2.68511 2.04569, 17.6544 2.68511 2.08506, 17.6409 2.58322 2.08506, 
            17.6029 2.59341 2.04569, 17.6016 2.48826 2.08506, 17.5675 2.50795 2.04569, 17.5391 2.40673 2.08506, 
            17.5112 2.43457 2.04569, 17.4575 2.34416 2.08506, 17.4378 2.37826 2.04569, 17.3626 2.30483 2.08506, 
            17.3524 2.34286 2.04569, 17.2607 2.29141 2.08506, 17.2607 2.33078 2.04569, 14.1111 2.33078 2.04569, 
            14.035 2.33904 2.04569, 13.9595 2.36485 2.04569, 13.8916 2.4069 2.04569, 13.8349 2.46308 2.04569, 
            13.7922 2.53052 2.04569, 13.7657 2.6058 2.04569, 13.7567 2.68511 2.04569, 13.7567 8.39378 2.04569, 
            13.7174 8.39378 2.08506, 17.6544 2.68511 2.83309, 17.6409 2.58322 2.83309, 17.6016 2.48826 2.83309, 
            17.5391 2.40673 2.83309, 17.4575 2.34416 2.83309, 17.3626 2.30483 2.83309, 17.615 8.39378 2.04569, 
            17.6544 8.39378 2.08506, 4.50476 8.39378 2.04569, 4.46539 8.39378 2.08506, 4.77148 4.26979 2.83309, 
            4.68827 4.29891 2.83309, 4.85909 4.25992 2.83309, 4.61362 4.34581 2.83309, 4.55128 4.40815 2.83309, 
            4.50438 4.4828 2.83309, 4.47526 4.56601 2.83309, 4.46539 4.65362 2.83309, 17.2607 2.29141 2.83309, 
            21.1583 7.07488 2.83309, 19.1898 7.07488 2.83309, 19.1898 6.87803 2.83309, 20.9615 6.87803 2.83309, 
            20.9615 5.10637 2.83309, 21.1583 5.10637 2.83309, 10.8237 8.05913 2.83309, 10.8237 7.86228 2.83309, 
            12.5953 7.86228 2.83309, 12.5953 6.09063 2.83309, 12.7922 6.09063 2.83309, 12.7922 8.05913 2.83309, 
            23.9016 0.36228 2.83309, 23.915 0.260383 2.83309, 23.9543 0.16543 2.83309, 24.0169 0.0838917 2.83309, 
            24.0984 0.0213252 2.83309, 24.1934 -0.0180055 2.83309, 24.2953 -0.0314209 2.83309, 24.3972 -0.0180055 2.83309, 
            24.4921 0.0213252 2.83309, 24.5736 0.0838917 2.83309, 24.6362 0.16543 2.83309, 24.6755 0.260383 2.83309, 
            24.689 0.36228 2.83309, 24.6755 0.464177 2.83309, 24.6362 0.55913 2.83309, 24.5736 0.640669 2.83309, 
            24.4921 0.703235 2.83309, 24.3972 0.742566 2.83309, 24.2953 0.755981 2.83309, 24.1934 0.742566 2.83309, 
            24.0984 0.703235 2.83309, 24.0169 0.640669 2.83309, 23.9543 0.55913 2.83309, 23.915 0.464177 2.83309, 
            23.9016 8.2363 2.83309, 23.915 8.1344 2.83309, 23.9543 8.03945 2.83309, 24.0169 7.95791 2.83309, 
            24.0984 7.89534 2.83309, 24.1934 7.85601 2.83309, 24.2953 7.8426 2.83309, 24.3972 7.85601 2.83309, 
            24.4921 7.89534 2.83309, 24.5736 7.95791 2.83309, 24.6362 8.03945 2.83309, 24.6755 8.1344 2.83309, 
            24.689 8.2363 2.83309, 24.6755 8.33819 2.83309, 24.6362 8.43315 2.83309, 24.5736 8.51468 2.83309, 
            24.4921 8.57725 2.83309, 24.3972 8.61658 2.83309, 24.2953 8.63 2.83309, 24.1934 8.61658 2.83309, 
            24.0984 8.57725 2.83309, 24.0169 8.51468 2.83309, 23.9543 8.43315 2.83309, 23.915 8.33819 2.83309, 
            2.24802 8.2363 2.83309, 2.26143 8.1344 2.83309, 2.30076 8.03945 2.83309, 2.36333 7.95791 2.83309, 
            2.44487 7.89534 2.83309, 2.53982 7.85601 2.83309, 2.64172 7.8426 2.83309, 2.74361 7.85601 2.83309, 
            2.83857 7.89534 2.83309, 2.92011 7.95791 2.83309, 2.98267 8.03945 2.83309, 3.022 8.1344 2.83309, 
            3.03542 8.2363 2.83309, 3.022 8.33819 2.83309, 2.98267 8.43315 2.83309, 2.92011 8.51468 2.83309, 
            2.83857 8.57725 2.83309, 2.74361 8.61658 2.83309, 2.64172 8.63 2.83309, 2.53982 8.61658 2.83309, 
            2.44487 8.57725 2.83309, 2.36333 8.51468 2.83309, 2.30076 8.43315 2.83309, 2.26143 8.33819 2.83309, 
            4.51302 8.46983 2.04569, 4.85909 8.74811 2.04569, 4.53882 8.54536 2.04569, 4.58088 8.6132 2.04569, 
            7.10375 8.73912 2.04569, 7.34471 8.54536 2.04569, 7.02444 8.74811 2.04569, 7.37051 8.46983 2.04569, 
            7.17904 8.7126 2.04569, 7.24648 8.66991 2.04569, 7.30266 8.6132 2.04569, 4.63705 8.66991 2.04569, 
            4.70449 8.7126 2.04569, 4.77978 8.73912 2.04569, 7.41814 8.39378 2.83309, 7.02444 8.78748 2.08506, 
            7.11307 8.77742 2.0851, 7.19622 8.74803 2.08506, 7.27115 8.70059 2.08506, 7.33357 8.63758 2.08506, 
            7.36343 8.58941 2.08506, 7.40897 8.47828 2.08506, 7.3803 8.56221 2.08506, 13.765 8.46983 2.04569, 
            13.7265 8.47828 2.08506, 13.7908 8.54536 2.04569, 13.7552 8.56221 2.08506, 13.8328 8.6132 2.04569, 
            13.8019 8.63759 2.08506, 13.889 8.66991 2.04569, 13.8643 8.70059 2.08506, 13.9565 8.7126 2.04569, 
            13.9393 8.74803 2.08506, 14.0096 8.77279 2.08506, 14.0317 8.73912 2.04569, 14.0229 8.77749 2.08506, 
            14.1111 8.78748 2.08506, 14.1111 8.74811 2.04569, 13.7174 8.39378 2.83309, 17.6067 8.46983 2.04569, 
            17.2607 8.74811 2.04569, 17.4827 8.66991 2.04569, 17.4153 8.7126 2.04569, 17.34 8.73912 2.04569, 
            17.5389 8.6132 2.04569, 17.5809 8.54536 2.04569, 17.6544 8.39377 2.83309, 17.2607 8.78748 2.08506, 
            17.3488 8.77749 2.08506, 17.3621 8.77279 2.08506, 17.4324 8.74802 2.08506, 17.5074 8.70059 2.08506, 
            17.5698 8.63759 2.08506, 17.6452 8.47829 2.08506, 17.6165 8.56221 2.08506, 4.47456 8.47828 2.08506, 
            4.50323 8.56221 2.08506, 4.54996 8.63759 2.08506, 4.61238 8.70059 2.08506, 4.68731 8.74803 2.08506, 
            4.75764 8.77279 2.08506, 4.77096 8.77749 2.08506, 4.85909 8.78748 2.08506, 4.46539 8.39378 2.83309, 
            24.7677 8.74811 2.83309, 24.7677 8.78748 2.87246, 24.8029 8.74411 2.83309, 24.8118 8.78248 2.87246, 
            24.8364 8.73233 2.83309, 24.8536 8.76775 2.87246, 24.8655 8.76018 2.87246, 24.8664 8.71335 2.83309, 
            24.8911 8.74403 2.87246, 24.8914 8.68815 2.83309, 24.9223 8.71252 2.87246, 24.91 8.658 2.83309, 
            24.9646 8.59063 2.87246, 24.9252 8.59063 2.83309, 24.96 8.63288 2.87246, 24.9215 8.62443 2.83309, 
            24.9571 8.64131 2.87246, 24.9456 8.67484 2.87246, 24.9215 -0.0260591 2.83309, 24.9252 0.00794921 2.83309, 
            24.9646 0.00794921 2.87246, 24.9599 -0.034561 2.87246, 24.9571 -0.0427413 2.87246, 24.9099 -0.0598051 2.83309, 
            24.9454 -0.0767437 2.87246, 24.891 -0.0900721 2.83309, 24.9218 -0.114572 2.87246, 24.8657 -0.115306 2.83309, 
            24.8902 -0.14612 2.87246, 24.8655 -0.161554 2.87246, 24.8355 -0.13421 2.83309, 24.7677 -0.188901 2.87246, 
            24.7677 -0.149531 2.83309, 24.8017 -0.145815 2.83309, 24.8102 -0.184255 2.87246, 24.8524 -0.16975 2.87246, 
            2.16928 -0.149531 2.83309, 2.0118 0.00794921 2.83309, 15.991 -0.149531 2.83309, 2.01579 -0.0273 2.83309, 
            2.13547 -0.145861 2.83309, 2.1019 -0.134392 2.83309, 2.07175 -0.115701 2.83309, 2.04655 -0.0907346 2.83309, 
            2.02758 -0.0607606 2.83309, 14.1111 2.29141 2.83309, 17.2607 2.29141 2.83309, 24.9252 7.45874 2.83309, 
            17.4323 8.74811 2.83309, 17.6016 8.59063 2.83309, 17.5391 8.67216 2.83309, 17.6409 8.49567 2.83309, 
            17.4575 8.73473 2.83309, 13.9142 8.73473 2.83309, 13.8327 8.67216 2.83309, 13.7701 8.59063 2.83309, 
            13.9394 8.74811 2.83309, 7.19605 8.74811 2.83309, 7.22129 8.73473 2.83309, 13.7308 8.49567 2.83309, 
            7.40473 8.49567 2.83309, 7.3654 8.59063 2.83309, 7.30283 8.67216 2.83309, 2.12852 8.74274 2.83309, 
            2.16928 8.74811 2.83309, 2.03289 8.66937 2.83309, 2.05792 8.70198 2.83309, 2.09053 8.72701 2.83309, 
            2.0118 8.59063 2.83309, 4.68748 8.74811 2.83309, 2.01716 8.63139 2.83309, 4.66224 8.73473 2.83309, 
            4.5807 8.67216 2.83309, 4.4788 8.49567 2.83309, 4.51813 8.59063 2.83309, 1.97242 8.59063 2.87246, 
            1.97913 8.64157 2.87246, 1.9988 8.68905 2.87246, 2.03008 8.72982 2.87246, 2.07085 8.7611 2.87246, 
            2.11833 8.78077 2.87246, 2.16928 8.78748 2.87246, 2.16928 -0.188901 2.87246, 2.12702 -0.184313 2.87246, 
            2.08506 -0.169978 2.87246, 2.04737 -0.146613 2.87246, 2.01587 -0.115406 2.87246, 1.99215 -0.0779373 2.87246, 
            1.97742 -0.0361122 2.87246, 1.97242 0.00794921 2.87246, 7.12634 8.77406 2.85904, 7.07583 8.78411 2.86909, 
            7.02444 8.78748 2.87246, 14.1111 8.78748 2.87246, 14.0597 8.78411 2.86909, 14.0092 8.77406 2.85904, 
            17.3626 8.77406 2.85904, 17.3121 8.78411 2.86909, 17.2607 8.78748 2.87246, 4.75719 8.77406 2.85904, 
            4.8077 8.78411 2.86909, 4.85909 8.78748 2.87246, 24.7677 8.78748 3.79372, 24.8186 8.78077 2.87246, 
            24.81 8.78289 3.79372, 24.8519 8.76855 3.79372, 24.8661 8.7611 2.87246, 24.8655 8.76012 3.79372, 
            24.8896 8.74519 3.79372, 24.9069 8.72982 2.87246, 24.9211 8.71398 3.79372, 24.9382 8.68905 2.87246, 
            24.9448 8.67651 3.79372, 24.9578 8.64157 2.87246, 24.9646 8.59063 3.79372, 24.9596 8.63468 3.79372, 
            24.9646 0.00794921 3.79372, 24.9578 -0.0429992 3.79372, 24.9578 -0.0429992 2.87246, 24.9382 -0.090476 3.79372, 
            24.9382 -0.090476 2.87246, 24.9069 -0.131245 3.79372, 24.9069 -0.131245 2.87246, 24.8661 -0.162528 3.79372, 
            24.8661 -0.162528 2.87246, 24.8186 -0.182194 3.79372, 24.8186 -0.182194 2.87246, 24.7677 -0.188901 3.79372, 
            1.97242 8.59063 3.79372, 1.97913 8.64157 3.79372, 1.9988 8.68905 3.79372, 2.03008 8.72982 3.79372, 
            2.07085 8.7611 3.79372, 2.11833 8.78077 3.79372, 2.16928 8.78748 3.79372, 2.16928 -0.188901 3.79372, 
            2.12702 -0.184313 3.79372, 2.08506 -0.169978 3.79372, 2.04737 -0.146613 3.79372, 2.01587 -0.115406 3.79372, 
            1.99215 -0.0779382 3.79372, 1.97742 -0.0361122 3.79372, 1.97242 0.00794921 3.79372, 2.16928 8.74811 3.83309, 
            24.9252 8.59063 3.83309, 2.16927 -0.149531 3.83309, 2.0118 8.59062 3.83309, 18.3493 8.72742 2.19289, 
            18.3493 8.72742 -1.1457, 18.3318 8.72544 -1.1457, 18.3318 8.72544 2.19289, 18.3152 8.71962 -1.1457, 
            18.3152 8.71962 2.19289, 18.3002 8.71024 -1.1457, 18.3002 8.71024 2.19289, 18.2878 8.69777 -1.1457, 
            18.2878 8.69777 2.19289, 18.2784 8.68284 -1.1457, 18.2784 8.68284 2.19289, 18.2726 8.6662 -1.1457, 
            18.2726 8.6662 2.19289, 18.2706 8.64868 -1.1457, 18.2706 8.64868 2.19289, 18.2706 0.617181 2.19289, 
            18.2706 0.617181 -1.1457, 18.2726 0.599659 -1.1457, 18.2726 0.599659 2.19289, 18.2784 0.583017 -1.1457, 
            18.2784 0.583017 2.19289, 18.2878 0.568087 -1.1457, 18.2878 0.568087 2.19289, 18.3002 0.555619 -1.1457, 
            18.3002 0.555619 2.19289, 18.3152 0.546239 -1.1457, 18.3152 0.546239 2.19289, 18.3318 0.540415 -1.1457, 
            18.3318 0.540415 2.19289, 18.3493 0.538441 -1.1457, 18.3493 0.538441 2.19289, 18.2706 1.89808 -0.436588, 
            18.2707 1.90058 1.08612, 18.2725 1.90674 1.07725, 18.2725 1.90678 -0.423728, 18.2706 1.89747 1.08973, 
            18.2739 1.9116 1.07027, 18.2731 1.90967 -0.419601, 18.2739 1.91325 -0.414471, 18.281 1.92343 -0.398838, 
            18.2751 1.91572 1.06433, 18.275 1.91557 -0.411052, 18.2871 1.92949 -0.388844, 18.283 1.92618 -0.394568, 
            18.2774 1.91965 1.05842, 18.281 1.92331 1.05244, 18.2816 1.92392 1.05144, 18.2939 1.933 1.03506, 
            18.2964 1.93402 1.03265, 18.2963 1.93434 -0.378896, 18.2872 1.9296 1.04218, 18.2878 1.9299 -0.388008, 
            18.2903 1.93159 1.0384, 18.3007 1.93573 1.0286, 18.3056 1.93633 -0.371797, 18.3005 1.93567 -0.375301, 
            18.2966 1.93449 -0.378583, 18.3027 1.93617 1.02707, 18.3056 1.93636 1.02526, 18.3098 1.93684 -0.368942, 
            18.312 1.93678 -0.367687, 18.3204 1.93545 -0.363825, 18.3151 1.93647 1.01964, 18.3244 1.93412 -0.362366, 
            18.316 1.93637 1.01919, 18.3244 1.93412 1.01585, 18.311 1.93676 1.02177, 18.3152 1.93628 -0.366243, 
            18.2706 3.96734 1.09052, 18.31 3.89869 1.02233, 18.329 3.8685 1.01447, 18.329 1.93231 1.01447, 
            18.3493 3.83787 1.01178, 18.3493 1.92443 1.01178, 18.2937 3.92605 1.03485, 18.2812 3.94805 1.05115, 
            18.2768 3.95591 1.0599, 18.2733 3.96236 1.07014, 18.2717 3.9653 1.07743, 18.2708 3.967 1.08519, 
            18.2726 3.96367 -0.419513, 18.2711 3.96638 -0.42802, 18.2706 3.96734 -0.437035, 18.2751 3.95895 -0.410689, 
            18.2784 3.95301 -0.402871, 18.2878 3.93628 -0.387941, 18.3152 3.89024 -0.366093, 18.3002 3.91483 -0.375473, 
            18.3323 3.86406 -0.362194, 18.3318 1.9312 -0.360269, 18.3493 1.92443 -0.358295, 18.3493 3.83787 -0.358295, 
            18.2706 7.36775 -0.436126, 18.2706 7.36839 -0.437035, 18.2706 5.29852 -0.437035, 18.329 7.33354 -0.360978, 
            18.3244 7.33174 -0.362366, 18.31 5.36717 -0.368844, 18.3204 7.33041 -0.363825, 18.3151 7.32956 -0.36628, 
            18.329 5.39736 -0.360978, 18.3493 5.42798 -0.358295, 18.3493 7.34142 -0.358295, 18.2937 5.33981 -0.381357, 
            18.3105 7.32894 -0.368466, 18.3056 7.32953 -0.371797, 18.3007 7.33013 -0.375115, 18.2966 7.33136 -0.378582, 
            18.2963 7.33152 -0.378896, 18.2938 7.3328 -0.381531, 18.2812 5.31781 -0.397665, 18.2878 7.33596 -0.388009, 
            18.2871 7.33636 -0.388844, 18.2831 7.33964 -0.394526, 18.2768 5.30994 -0.406411, 18.281 7.34242 -0.398838, 
            18.2733 5.30349 -0.416656, 18.2752 7.35002 -0.41065, 18.275 7.35028 -0.411052, 18.2725 7.35908 -0.423728, 
            18.2739 7.35261 -0.414471, 18.2736 7.35417 -0.416702, 18.2717 5.30056 -0.423937, 18.2708 5.29886 -0.431698, 
            18.2707 7.36528 1.08612, 18.2726 5.30218 1.073, 18.2706 7.36786 1.09051, 18.2711 5.29948 1.08151, 
            18.2706 5.29852 1.09052, 18.2725 7.35911 1.07725, 18.2733 7.35626 1.07315, 18.275 7.35028 1.06454, 
            18.2774 7.34621 1.05843, 18.2784 5.31285 1.05636, 18.2752 7.35 1.06412, 18.2751 5.30691 1.06418, 
            18.281 7.34255 1.05244, 18.2871 7.33636 1.04233, 18.2878 5.32958 1.04143, 18.2903 7.33427 1.0384, 
            18.3002 5.35103 1.02896, 18.2878 7.33589 1.04144, 18.2964 7.33184 1.03265, 18.3152 5.37562 1.01958, 
            18.3003 7.33026 1.02898, 18.3027 7.32969 1.02707, 18.3056 7.3295 1.02526, 18.312 7.32907 1.02118, 
            18.3151 7.32939 1.01964, 18.3152 7.3294 1.0196, 18.3323 5.4018 1.01568, 18.316 7.32948 1.01919, 
            18.3244 7.33174 1.01585, 18.3318 7.33466 1.01376, 18.3493 7.34143 1.01178, 18.3493 5.42798 1.01178, 
            20.6722 8.72742 2.19289, 20.6722 8.72742 -1.1457, 20.6722 0.538441 -1.1457, 20.6722 0.538441 2.19289, 
            18.6555 1.82431 -0.358295, 20.6891 1.93096 1.01362, 20.6972 1.93412 1.01585, 20.6972 1.93412 -0.362366, 
            20.6926 1.93231 -0.360978, 20.38 1.82818 1.01178, 20.6722 1.92443 1.01178, 18.6555 1.82431 1.01178, 
            18.9966 1.75065 -0.358295, 18.9966 1.75065 1.01178, 19.3436 1.71401 -0.358295, 19.3436 1.71401 1.01178, 
            19.6925 1.71479 -0.358295, 19.6925 1.71479 1.01178, 20.0393 1.75299 -0.358295, 20.0393 1.75299 1.01178, 
            20.38 1.82818 -0.358295, 20.6722 1.92443 -0.358295, 20.4665 3.5997 -0.358295, 20.624 3.7717 -0.358295, 
            20.6722 3.83787 -0.358295, 18.9437 3.34475 -0.358295, 18.7387 3.45607 -0.358295, 20.2828 3.45607 -0.358295, 
            20.0779 3.34475 -0.358295, 19.8574 3.26879 -0.358295, 19.6274 3.23029 -0.358295, 19.1642 3.26879 -0.358295, 
            18.555 3.5997 -0.358295, 18.3975 3.7717 -0.358295, 19.3942 3.23029 -0.358295, 20.0779 3.34475 1.01178, 
            20.2828 3.45607 1.01178, 19.8574 3.26879 1.01178, 20.4665 3.5997 1.01178, 20.624 3.7717 1.01178, 
            20.6722 3.83787 1.01178, 18.555 3.5997 1.01178, 18.3975 3.7717 1.01178, 19.6274 3.23029 1.01178, 
            19.3942 3.23029 1.01178, 18.7387 3.45607 1.01178, 18.9437 3.34475 1.01178, 19.1642 3.26879 1.01178, 
            20.624 5.49416 -0.358295, 20.6722 5.42798 -0.358295, 20.6722 7.34143 -0.358295, 18.555 5.66615 -0.358295, 
            18.3975 5.49416 -0.358295, 18.7387 5.80978 -0.358295, 18.9437 5.92111 -0.358295, 18.6415 7.43768 -0.358295, 
            19.1642 5.99706 -0.358295, 18.9822 7.51287 -0.358295, 19.3942 6.03557 -0.358295, 19.8574 5.99706 -0.358295, 
            20.0779 5.92111 -0.358295, 20.2828 5.80978 -0.358295, 20.4665 5.66615 -0.358295, 20.366 7.44155 -0.358295, 
            20.0249 7.5152 -0.358295, 19.6274 6.03557 -0.358295, 19.6779 7.55185 -0.358295, 19.329 7.55107 -0.358295, 
            19.1642 5.99706 1.01178, 18.9437 5.92111 1.01178, 18.7387 5.80978 1.01178, 20.4665 5.66615 1.01178, 
            20.6722 7.34142 1.01178, 20.624 5.49416 1.01178, 20.6722 5.42798 1.01178, 18.555 5.66615 1.01178, 
            18.3975 5.49416 1.01178, 18.6415 7.43768 1.01178, 18.9822 7.51287 1.01178, 19.3942 6.03557 1.01178, 
            19.329 7.55107 1.01178, 19.6274 6.03557 1.01178, 20.2828 5.80978 1.01178, 20.0779 5.92111 1.01178, 
            20.366 7.44155 1.01178, 19.8574 5.99706 1.01178, 20.0249 7.5152 1.01178, 19.6779 7.55185 1.01178, 
            20.6891 7.3349 -0.36013, 20.6972 7.33174 -0.362366, 20.6972 7.33174 1.01585, 20.6926 7.33354 1.01447, 
            20.7509 0.617181 -1.1457, 20.7509 8.64868 -1.1457, 20.7431 8.68284 -1.1457, 20.7489 8.6662 -1.1457, 
            20.7063 8.71962 -1.1457, 20.7213 8.71024 -1.1457, 20.7337 8.69777 -1.1457, 20.7431 0.583017 -1.1457, 
            20.7489 0.599659 -1.1457, 20.7337 0.568087 -1.1457, 20.7213 0.555619 -1.1457, 20.6897 0.540415 -1.1457, 
            20.7063 0.546239 -1.1457, 20.6897 8.72544 -1.1457, 20.6897 8.72544 2.19289, 20.7063 8.71962 2.19289, 
            20.7213 8.71024 2.19289, 20.7337 8.69777 2.19289, 20.7431 8.68284 2.19289, 20.7489 8.6662 2.19289, 
            20.7509 8.64868 2.19289, 20.7509 0.617181 2.19289, 20.7213 0.555619 2.19289, 20.7337 0.568087 2.19289, 
            20.7431 0.583017 2.19289, 20.7489 0.599659 2.19289, 20.6897 0.540415 2.19289, 20.7063 0.546239 2.19289, 
            20.7509 1.89811 -0.436126, 20.7509 1.89747 -0.437035, 20.7509 3.96734 -0.437035, 20.7115 3.89869 -0.368844, 
            20.7012 1.93545 -0.363825, 20.7064 1.9363 -0.36628, 20.6926 3.8685 -0.360978, 20.7095 1.93678 -0.367687, 
            20.7279 3.92605 -0.381357, 20.7115 1.93685 -0.368846, 20.7159 1.93633 -0.371797, 20.7208 1.93573 -0.375115, 
            20.7249 1.93449 -0.378582, 20.7252 1.93434 -0.378896, 20.7277 1.93306 -0.381531, 20.7404 3.94805 -0.397665, 
            20.7344 1.9295 -0.38884, 20.7385 1.92618 -0.394567, 20.7401 1.92409 -0.397815, 20.7447 3.95591 -0.4064, 
            20.7406 1.92344 -0.398831, 20.7482 3.96236 -0.416656, 20.7465 1.91558 -0.411052, 20.749 1.90678 -0.423728, 
            20.7476 1.91325 -0.414471, 20.748 1.91169 -0.416702, 20.7502 3.96601 -0.426472, 20.7507 3.967 -0.431673, 
            20.7509 1.89779 1.09007, 20.7058 1.93619 1.01947, 20.7064 1.9363 1.01977, 20.7012 1.93545 1.01731, 
            20.7159 1.93633 1.02529, 20.7208 1.93573 1.0286, 20.7209 1.9357 1.0287, 20.7108 1.93691 1.02183, 
            20.7249 1.93449 1.03207, 20.7337 1.9299 1.0415, 20.7344 1.92949 1.04233, 20.7385 1.92618 1.04806, 
            20.7416 1.92212 1.05437, 20.7463 1.91583 1.06414, 20.749 1.90678 1.07722, 20.7484 1.90974 1.07299, 
            20.7476 1.91325 1.06796, 20.7465 1.91558 1.06454, 20.7489 3.96363 1.0729, 20.7504 3.96637 1.08149, 
            20.7509 3.96734 1.09052, 20.7463 3.95886 1.06403, 20.743 3.95284 1.05617, 20.7335 3.93593 1.04118, 
            20.7059 3.88947 1.01935, 20.7209 3.91427 1.0287, 20.6887 3.86312 1.01549, 20.7508 7.36528 -0.432634, 
            20.7489 5.30223 -0.41941, 20.7509 7.36807 -0.43658, 20.7504 5.29949 -0.427999, 20.7509 5.29852 -0.437035, 
            20.749 7.35906 -0.423684, 20.7465 7.35028 -0.411048, 20.7441 7.34621 -0.404927, 20.743 5.31302 -0.40268, 
            20.7463 7.3499 -0.410483, 20.7463 5.307 -0.410543, 20.7404 7.34243 -0.398749, 20.7344 7.33636 -0.388844, 
            20.7335 5.32993 -0.387693, 20.7335 7.33576 -0.387715, 20.7209 5.35159 -0.37521, 20.7312 7.33427 -0.38491, 
            20.7248 7.33173 -0.378909, 20.7059 5.37639 -0.365864, 20.7209 7.33016 -0.375214, 20.7188 7.32969 -0.373583, 
            20.7156 7.32948 -0.371558, 20.7095 7.32907 -0.367687, 20.706 7.32943 -0.365952, 20.7059 7.32945 -0.365873, 
            20.6887 5.40274 -0.361998, 20.7055 7.32948 -0.365696, 20.7115 5.36717 1.02233, 20.7279 5.33981 1.03485, 
            20.6926 5.39736 1.01447, 20.7404 5.31781 1.05115, 20.7447 5.30994 1.0599, 20.7482 5.30349 1.07014, 
            20.7498 5.30056 1.07743, 20.7507 5.29886 1.08519, 20.7509 5.29852 1.09052, 20.7509 7.36775 1.08961, 
            20.7509 7.36839 1.09052, 20.7012 7.33041 1.01731, 20.706 7.32963 1.01958, 20.7095 7.32907 1.02118, 
            20.7116 7.32902 1.02238, 20.7156 7.32949 1.02505, 20.7208 7.33013 1.0286, 20.7249 7.33136 1.03207, 
            20.725 7.33138 1.03211, 20.7277 7.3328 1.03502, 20.734 7.33611 1.04181, 20.7385 7.33968 1.04806, 
            20.7403 7.34203 1.05171, 20.7462 7.34993 1.064, 20.7465 7.35028 1.06454, 20.749 7.35902 1.07714, 
            20.7476 7.35261 1.06796, 20.748 7.35417 1.07019, 20.7335 7.33576 -0.387717, 12.4849 3.6797 -0.576799, 
            12.4849 3.6797 -1.34452, 12.3425 3.6797 -0.576799, 12.3425 3.6797 -1.34452, 12.4851 5.57115 -0.576799, 
            12.3427 5.57115 -0.576799, 12.4851 5.57115 -1.34452, 12.3427 5.57115 -1.34452, 9.01132 5.57115 -1.34452, 
            9.1537 5.57115 -1.34452, 9.01132 5.57115 -0.576799, 9.1537 5.57115 -0.576799, 9.01152 3.6797 -1.34452, 
            9.01152 3.6797 -0.576799, 9.1539 3.6797 -1.34452, 9.1539 3.6797 -0.576799, 12.4943 3.67856 -0.576799, 
            12.4943 3.67856 -1.34452, 12.5031 3.67521 -0.576799, 12.5031 3.67521 -1.34452, 12.5109 3.66983 -0.576799, 
            12.5109 3.66983 -1.34452, 12.5172 3.66275 -0.576799, 12.5172 3.66275 -1.34452, 12.5217 3.65437 -0.576799, 
            12.5217 3.65437 -1.34452, 12.5239 3.64518 -0.576799, 12.5239 3.64518 -1.34452, 9.00211 3.67856 -1.34452, 
            9.00211 3.67856 -0.576799, 8.99325 3.67521 -1.34452, 8.99325 3.67521 -0.576799, 8.98545 3.66983 -1.34452, 
            8.98545 3.66983 -0.576799, 8.97916 3.66275 -1.34452, 8.97916 3.66275 -0.576799, 8.97474 3.65437 -1.34452, 
            8.97474 3.65437 -0.576799, 8.97245 3.64518 -1.34452, 8.97245 3.64518 -0.576799, 12.5241 5.60567 -1.34452, 
            12.5241 5.60567 -0.576799, 12.5218 5.59648 -0.576799, 12.5218 5.59648 -1.34452, 12.5174 5.5881 -0.576799, 
            12.5174 5.5881 -1.34452, 12.5111 5.58102 -0.576799, 12.5111 5.58102 -1.34452, 12.5033 5.57564 -0.576799, 
            12.5033 5.57564 -1.34452, 12.4945 5.57229 -0.576799, 12.4945 5.57229 -1.34452, 8.97225 5.60567 -0.576799, 
            8.97225 5.60567 -1.34452, 8.97454 5.59648 -1.34452, 8.97454 5.59648 -0.576799, 8.97896 5.5881 -1.34452, 
            8.97896 5.5881 -0.576799, 8.98526 5.58102 -1.34452, 8.98526 5.58102 -0.576799, 8.99306 5.57564 -1.34452, 
            8.99306 5.57564 -0.576799, 9.00192 5.57229 -1.34452, 9.00192 5.57229 -0.576799, 11.9957 3.71254 -1.34452, 
            11.9957 3.71254 -0.576799, 11.9947 5.5382 -1.34452, 11.9947 5.5382 -0.576799, 11.9957 5.53663 0.83265, 
            12.3425 5.56946 0.83265, 11.9957 5.53663 1.99407, 12.3425 5.56946 1.99407, 11.9947 3.71096 0.83265, 
            11.9947 3.71096 1.99407, 12.3427 3.67801 0.83265, 12.3427 3.67801 1.99407, 12.4851 3.67801 1.99407, 
            12.4851 3.67801 0.83265, 9.01132 3.67801 0.83265, 9.01132 3.67801 1.99407, 9.1537 3.67801 0.83265, 
            9.1537 3.67801 1.99407, 9.50164 5.5382 -0.576799, 9.50166 5.5382 -1.34452, 9.50068 3.71254 -0.576799, 
            9.50068 3.71254 -1.34452, 9.50167 3.71096 1.99407, 9.50164 3.71096 0.83265, 9.50068 5.53663 1.99407, 
            9.1539 5.56946 1.99407, 9.50068 5.53663 0.83265, 9.1539 5.56946 0.83265, 9.01152 5.56946 0.83265, 
            9.01152 5.56946 1.99407, 12.7875 1.52196 -0.576799, 12.7875 1.52196 -1.34452, 8.70885 1.52196 -0.576799, 
            8.70885 1.52196 -1.34452, 12.7875 7.7272 -1.34452, 12.7875 7.7272 -0.576799, 8.70885 7.7272 -1.34452, 
            8.70885 7.7272 -0.576799, 12.4849 5.56946 1.99407, 12.4849 5.56946 0.83265, 11.9871 3.71432 -0.576799, 
            11.9871 3.71432 -1.34452, 11.9788 3.71821 -0.576799, 11.9788 3.71821 -1.34452, 11.9715 3.72394 -0.576799, 
            11.9715 3.72394 -1.34452, 11.9658 3.73121 -0.576799, 11.9658 3.73121 -1.34452, 11.962 3.7396 -0.576799, 
            11.962 3.7396 -1.34452, 11.9602 3.74865 -0.576799, 11.9602 3.74865 -1.34452, 11.9605 3.75788 -0.576799, 
            11.9605 3.75788 -1.34452, 11.963 3.76677 -0.576799, 11.963 3.76677 -1.34452, 11.9672 3.77433 -0.576799, 
            11.9672 3.77443 -1.34452, 11.9661 5.47643 -0.576799, 11.9661 5.47643 -1.34452, 11.9617 5.48451 -0.576799, 
            11.9617 5.48451 -1.34452, 11.9594 5.49338 -0.576799, 11.9594 5.49338 -1.34452, 11.9591 5.50255 -0.576799, 
            11.9591 5.50255 -1.34452, 11.961 5.51153 -0.576799, 11.961 5.51153 -1.34452, 11.9649 5.51983 -0.576799, 
            11.9649 5.51983 -1.34452, 11.9706 5.52699 -0.576799, 11.9706 5.52699 -1.34452, 11.9779 5.53264 -0.576799, 
            11.9779 5.53264 -1.34452, 11.9862 5.53646 -0.576799, 11.9862 5.53646 -1.34452, 11.9871 5.53484 0.83265, 
            11.9871 5.53484 1.99407, 11.9788 5.53095 0.83265, 11.9788 5.53095 1.99407, 11.9715 5.52521 0.83265, 
            11.9715 5.52521 1.99407, 11.9658 5.51794 0.83265, 11.9658 5.51794 1.99407, 11.962 5.50954 0.83265, 
            11.962 5.50954 1.99407, 11.9602 5.50047 0.83265, 11.9602 5.50047 1.99407, 11.9605 5.49124 0.83265, 
            11.9605 5.49124 1.99407, 11.9631 5.48234 0.83265, 11.9631 5.48234 1.99407, 11.9672 5.47483 0.83265, 
            11.9673 5.47468 1.99407, 11.9661 3.77273 0.83265, 11.9661 3.77273 1.99407, 11.9617 3.76465 0.83265, 
            11.9617 3.76465 1.99407, 11.9594 3.75578 0.83265, 11.9594 3.75578 1.99407, 11.9591 3.74661 0.83265, 
            11.9591 3.74661 1.99407, 11.961 3.73763 0.83265, 11.961 3.73763 1.99407, 11.9649 3.72933 0.83265, 
            11.9649 3.72933 1.99407, 11.9706 3.72217 0.83265, 11.9706 3.72217 1.99407, 11.9779 3.71652 0.83265, 
            11.9779 3.71652 1.99407, 11.9862 3.7127 0.83265, 11.9862 3.7127 1.99407, 12.5241 3.64349 1.99407, 
            12.5241 3.64349 0.83265, 12.5218 3.65269 0.83265, 12.5218 3.65269 1.99407, 12.5174 3.66107 0.83265, 
            12.5174 3.66107 1.99407, 12.5111 3.66815 0.83265, 12.5111 3.66815 1.99407, 12.5033 3.67352 0.83265, 
            12.5033 3.67352 1.99407, 12.4945 3.67687 0.83265, 12.4945 3.67687 1.99407, 12.9726 1.48527 1.99407, 
            12.9726 1.48527 -1.34452, 12.9701 1.50496 -1.34452, 12.9701 1.50496 1.99407, 12.9628 1.5234 -1.34452, 
            12.9628 1.5234 1.99407, 12.951 1.53942 -1.34452, 12.951 1.53942 1.99407, 12.9357 1.55199 -1.34452, 
            12.9357 1.55199 1.99407, 12.9177 1.56033 -1.34452, 12.9177 1.56033 1.99407, 12.8981 1.56389 -1.34452, 
            12.8981 1.56389 1.99407, 12.8783 1.56246 -1.34452, 12.8783 1.56246 1.99407, 12.8595 1.55613 -1.34452, 
            12.8595 1.55613 1.99407, 12.9726 0.608834 -1.34452, 12.9726 0.608834 1.99407, 12.9706 0.591313 1.99407, 
            12.9706 0.591313 -1.34452, 12.9648 0.57467 1.99407, 12.9648 0.57467 -1.34452, 12.9554 0.55974 1.99407, 
            12.9554 0.55974 -1.34452, 12.943 0.547272 1.99407, 12.943 0.547272 -1.34452, 12.928 0.537891 1.99407, 
            12.928 0.537891 -1.34452, 12.9114 0.532068 1.99407, 12.9114 0.532068 -1.34452, 12.8939 0.530094 1.99407, 
            12.8939 0.530094 -1.34452, 8.52378 1.48527 -1.34452, 8.52378 1.48527 1.99407, 8.52629 1.50496 1.99407, 
            8.52629 1.50496 -1.34452, 8.53363 1.5234 1.99407, 8.53363 1.5234 -1.34452, 8.54536 1.53942 1.99407, 
            8.54536 1.53942 -1.34452, 8.56072 1.55199 1.99407, 8.56072 1.55199 -1.34452, 8.57873 1.56033 1.99407, 
            8.57873 1.56033 -1.34452, 8.59826 1.56389 1.99407, 8.59826 1.56389 -1.34452, 8.61806 1.56246 1.99407, 
            8.61806 1.56246 -1.34452, 8.63687 1.55613 1.99407, 8.63687 1.55613 -1.34452, 8.52378 0.608834 1.99407, 
            8.52378 0.608834 -1.34452, 8.52576 0.591313 -1.34452, 8.52576 0.591313 1.99407, 8.53158 0.57467 -1.34452, 
            8.53158 0.57467 1.99407, 8.54096 0.55974 -1.34452, 8.54096 0.55974 1.99407, 8.55343 0.547272 -1.34452, 
            8.55343 0.547272 1.99407, 8.56836 0.537891 -1.34452, 8.56836 0.537891 1.99407, 8.585 0.532068 -1.34452, 
            8.585 0.532068 1.99407, 8.60252 0.530094 -1.34452, 8.60252 0.530094 1.99407, 8.97225 3.64349 0.83265, 
            8.97225 3.64349 1.99407, 8.97454 3.65269 1.99407, 8.97454 3.65269 0.83265, 8.97896 3.66107 1.99407, 
            8.97896 3.66107 0.83265, 8.98526 3.66815 1.99407, 8.98526 3.66815 0.83265, 8.99306 3.67352 1.99407, 
            8.99306 3.67352 0.83265, 9.00192 3.67687 1.99407, 9.00192 3.67687 0.83265, 8.70885 1.52196 0.83265, 
            8.70885 1.52196 1.99407, 12.7875 1.52196 1.99407, 12.7875 1.52196 0.83265, 12.4128 1.36662 0.83265, 
            12.4128 1.36662 -0.576799, 11.9493 1.2228 0.83265, 11.9493 1.2228 -0.576799, 11.4737 1.12611 0.83265, 
            11.4737 1.12611 -0.576799, 10.9908 1.07752 0.83265, 10.9908 1.07752 -0.576799, 10.5055 1.07752 0.83265, 
            10.5055 1.07752 -0.576799, 10.0227 1.12611 0.83265, 10.0227 1.12611 -0.576799, 9.54712 1.2228 0.83265, 
            9.54712 1.2228 -0.576799, 9.08363 1.36662 0.83265, 9.08363 1.36662 -0.576799, 9.51015 5.53647 -0.576799, 
            10.5055 8.17165 -0.576799, 9.53538 5.51154 -0.576799, 9.53727 5.50256 -0.576799, 9.62896 5.60242 -0.576799, 
            9.53703 5.49338 -0.576799, 9.53467 5.48451 -0.576799, 9.53032 5.47643 -0.576799, 10.9908 8.17165 -0.576799, 
            9.5185 5.53265 -0.576799, 11.4737 8.12306 -0.576799, 9.52573 5.52701 -0.576799, 11.9493 8.02637 -0.576799, 
            11.9506 5.49816 -0.576799, 11.7753 5.69881 -0.576799, 10.0227 8.12306 -0.576799, 9.54712 8.02637 -0.576799, 
            9.08363 7.88254 -0.576799, 10.5487 6.09735 -0.576799, 10.2889 6.03806 -0.576799, 10.0439 5.93334 -0.576799, 
            10.8149 6.10931 -0.576799, 11.0789 6.07354 -0.576799, 11.3323 5.9912 -0.576799, 9.82155 5.78656 -0.576799, 
            9.53147 5.51984 -0.576799, 11.5669 5.86494 -0.576799, 12.4128 7.88254 -0.576799, 9.53032 5.47643 -1.34452, 
            9.53467 5.48451 -1.34452, 9.53703 5.49338 -1.34452, 9.53727 5.50256 -1.34452, 9.53538 5.51154 -1.34452, 
            9.53147 5.51984 -1.34452, 9.52573 5.52701 -1.34452, 9.5185 5.53265 -1.34452, 9.51015 5.53647 -1.34452, 
            9.50965 3.71446 -1.34452, 9.50965 3.71446 -0.576799, 9.51793 3.71841 -1.34452, 9.51793 3.71841 -0.576799, 
            9.52507 3.72416 -1.34452, 9.52507 3.72416 -0.576799, 9.53069 3.73141 -1.34452, 9.53069 3.73141 -0.576799, 
            9.53448 3.73977 -1.34452, 9.53448 3.73977 -0.576799, 9.53623 3.74877 -1.34452, 9.53623 3.74877 -0.576799, 
            9.53585 3.75793 -1.34452, 9.53585 3.75793 -0.576799, 9.53336 3.76676 -1.34452, 9.53336 3.76676 -0.576799, 
            9.5292 3.77435 -1.34452, 9.52918 3.77437 -0.576799, 11.9506 3.751 -0.576799, 9.62896 3.64674 -0.576799, 
            9.82155 3.46261 -0.576799, 11.7753 3.55035 -0.576799, 11.5669 3.38422 -0.576799, 11.3323 3.25796 -0.576799, 
            11.0789 3.17562 -0.576799, 10.8149 3.13986 -0.576799, 10.5487 3.15181 -0.576799, 10.2889 3.2111 -0.576799, 
            10.0439 3.31582 -0.576799, 9.62896 3.64674 0.83265, 9.53538 3.73762 0.83265, 9.53727 3.74661 0.83265, 
            9.53703 3.75578 0.83265, 9.53467 3.76465 0.83265, 9.53032 3.77273 0.83265, 11.7753 3.55035 0.83265, 
            11.9506 3.751 0.83265, 11.0789 3.17562 0.83265, 11.3323 3.25796 0.83265, 10.0439 3.31582 0.83265, 
            10.2889 3.2111 0.83265, 9.82155 3.46261 0.83265, 9.52573 3.72216 0.83265, 9.53147 3.72933 0.83265, 
            9.51015 3.7127 0.83265, 9.5185 3.71651 0.83265, 11.5669 3.38422 0.83265, 10.5487 3.15181 0.83265, 
            10.8149 3.13986 0.83265, 9.53032 3.77273 1.99407, 9.53467 3.76465 1.99407, 9.53703 3.75578 1.99407, 
            9.53727 3.74661 1.99407, 9.53538 3.73762 1.99407, 9.53147 3.72933 1.99407, 9.52573 3.72216 1.99407, 
            9.5185 3.71651 1.99407, 9.51015 3.7127 1.99407, 9.50965 5.5347 1.99407, 9.50965 5.5347 0.83265, 
            9.51793 5.53076 1.99407, 9.51793 5.53076 0.83265, 9.52507 5.525 1.99407, 9.52507 5.525 0.83265, 
            9.53069 5.51775 1.99407, 9.53069 5.51775 0.83265, 9.53448 5.5094 1.99407, 9.53448 5.5094 0.83265, 
            9.53623 5.50039 1.99407, 9.53623 5.50039 0.83265, 9.53585 5.49123 1.99407, 9.53585 5.49123 0.83265, 
            9.53336 5.4824 1.99407, 9.53336 5.4824 0.83265, 9.52921 5.47483 1.99407, 9.52918 5.47479 0.83265, 
            9.00211 5.5706 1.99407, 9.00211 5.5706 0.83265, 8.99325 5.57396 1.99407, 8.99325 5.57396 0.83265, 
            8.98545 5.57933 1.99407, 8.98545 5.57933 0.83265, 8.97916 5.58641 1.99407, 8.97916 5.58641 0.83265, 
            8.97474 5.59479 1.99407, 8.97474 5.59479 0.83265, 8.97245 5.60398 1.99407, 8.97245 5.60398 0.83265, 
            8.52378 7.76389 1.99407, 8.52378 7.76389 -1.34452, 8.52629 7.7442 -1.34452, 8.52629 7.7442 1.99407, 
            8.53363 7.72576 -1.34452, 8.53363 7.72576 1.99407, 8.54536 7.70975 -1.34452, 8.54536 7.70975 1.99407, 
            8.56072 7.69717 -1.34452, 8.56072 7.69717 1.99407, 8.57873 7.68883 -1.34452, 8.57873 7.68883 1.99407, 
            8.59826 7.68527 -1.34452, 8.59826 7.68527 1.99407, 8.61806 7.6867 -1.34452, 8.61806 7.6867 1.99407, 
            8.63687 7.69304 -1.34452, 8.63687 7.69304 1.99407, 8.60252 8.71907 1.99407, 8.60252 8.71907 -1.34452, 
            8.585 8.7171 -1.34452, 8.585 8.7171 1.99407, 8.56836 8.71127 -1.34452, 8.56836 8.71127 1.99407, 
            8.55343 8.70189 -1.34452, 8.55343 8.70189 1.99407, 8.54096 8.68942 -1.34452, 8.54096 8.68942 1.99407, 
            8.53158 8.67449 -1.34452, 8.53158 8.67449 1.99407, 8.52576 8.65785 -1.34452, 8.52576 8.65785 1.99407, 
            8.52378 8.64033 -1.34452, 8.52378 8.64033 1.99407, 12.943 8.70189 -1.34452, 12.9554 8.68942 -1.34452, 
            12.928 8.71127 -1.34452, 12.9648 8.67449 -1.34452, 12.9706 8.65785 -1.34452, 12.951 7.70975 -1.34452, 
            12.9726 7.76389 -1.34452, 12.9628 7.72576 -1.34452, 12.9701 7.7442 -1.34452, 12.9357 7.69717 -1.34452, 
            12.9177 7.68883 -1.34452, 12.8981 7.68527 -1.34452, 12.8783 7.6867 -1.34452, 12.8595 7.69304 -1.34452, 
            12.9726 8.64033 -1.34452, 12.8939 8.71907 -1.34452, 12.9114 8.7171 -1.34452, 12.1809 5.01997 -1.34452, 
            12.2284 4.75781 -1.34452, 9.35674 4.10236 -1.34452, 9.28586 4.35921 -1.34452, 9.26197 4.62458 -1.34452, 
            9.28586 4.88996 -1.34452, 12.0872 5.26943 -1.34452, 9.47235 3.8623 -1.34452, 12.2284 4.49136 -1.34452, 
            12.1809 4.22919 -1.34452, 12.0872 3.97974 -1.34452, 9.47235 5.38686 -1.34452, 9.35674 5.1468 -1.34452, 
            12.8939 8.71907 1.99407, 12.9114 8.7171 1.99407, 12.928 8.71127 1.99407, 12.943 8.70189 1.99407, 
            12.9554 8.68942 1.99407, 12.9648 8.67449 1.99407, 12.9706 8.65785 1.99407, 12.9726 8.64033 1.99407, 
            12.9726 7.76389 1.99407, 12.9701 7.7442 1.99407, 12.9628 7.72576 1.99407, 12.951 7.70975 1.99407, 
            12.9357 7.69717 1.99407, 12.9177 7.68883 1.99407, 12.8981 7.68527 1.99407, 12.8783 7.6867 1.99407, 
            12.8595 7.69304 1.99407, 11.9506 5.49816 0.83265, 11.7753 5.69881 0.83265, 10.9908 8.17165 0.83265, 
            10.5055 8.17165 0.83265, 10.0227 8.12306 0.83265, 9.54712 8.02637 0.83265, 11.4737 8.12306 0.83265, 
            11.9493 8.02637 0.83265, 12.4128 7.88254 0.83265, 12.7875 7.7272 0.83265, 12.5239 5.60398 0.83265, 
            9.62896 5.60242 0.83265, 9.82155 5.78656 0.83265, 12.4943 5.5706 0.83265, 12.5031 5.57396 0.83265, 
            12.5109 5.57933 0.83265, 12.5217 5.59479 0.83265, 12.5172 5.58641 0.83265, 11.5669 5.86494 0.83265, 
            11.3323 5.9912 0.83265, 11.0789 6.07354 0.83265, 10.8149 6.10931 0.83265, 10.5487 6.09735 0.83265, 
            10.2889 6.03806 0.83265, 8.70885 7.7272 0.83265, 9.08363 7.88254 0.83265, 10.0439 5.93334 0.83265, 
            12.7875 7.7272 1.99407, 8.70885 7.7272 1.99407, 12.4943 5.5706 1.99407, 12.5031 5.57396 1.99407, 
            12.5109 5.57933 1.99407, 12.5172 5.58641 1.99407, 12.5217 5.59479 1.99407, 12.5239 5.60398 1.99407, 
            12.0872 5.26943 1.99407, 9.47235 3.8623 1.99407, 9.47235 5.38686 1.99407, 12.0872 3.97974 1.99407, 
            12.1809 4.22919 1.99407, 12.2284 4.49136 1.99407, 12.2284 4.75781 1.99407, 12.1809 5.01997 1.99407, 
            9.35674 5.1468 1.99407, 9.28586 4.88996 1.99407, 9.26197 4.62458 1.99407, 9.28586 4.35921 1.99407, 
            9.35674 4.10236 1.99407
          ]
        }
        color Color
        {
          color
          [
            1 1 0.501961, 1 1 0.501961, 1 1 0.501961, 1 1 0.501961, 
            1 1 0.501961, 1 1 0.501961, 1 1 0.501961, 1 1 0.501961, 
            1 1 0.501961, 1 1 0.501961, 1 1 0.501961, 1 1 0.501961, 
            1 1 0.501961, 1 1 0.501961, 1 1 0.501961, 1 1 0.501961, 
            1 1 0.501961, 1 1 0.501961, 1 1 0.501961, 1 1 0.501961, 
            1 1 0.501961, 1 1 0.501961, 1 1 0.501961, 1 1 0.501961, 
            1 1 0.501961, 1 1 0.501961, 1 1 0.501961, 1 1 0.501961, 
            1 1 0.501961, 1 1 0.501961, 1 1 0.501961, 1 1 0.501961, 
            1 1 0.501961, 1 1 0.501961, 1 1 0.501961, 1 1 0.501961, 
            1 1 0.501961, 1 1 0.501961, 1 1 0.501961, 1 1 0.501961, 
            1 1 0.501961, 1 1 0.501961, 1 1 0.501961, 1 1 0.501961, 
            1 1 0.501961, 1 1 0.501961, 1 1 0.501961, 1 1 0.501961, 
            1 1 0.501961, 1 1 0.501961, 1 1 0.501961, 1 1 0.501961, 
            1 1 0.501961, 1 1 0.501961, 1 1 0.501961, 1 1 0.501961, 
            1 1 0.501961, 1 1 0.501961, 1 1 0.501961, 1 1 0.501961, 
            1 1 0.501961, 1 1 0.501961, 1 1 0.501961, 1 1 0.501961, 
            1 1 0.501961, 1 1 0.501961, 1 1 0.501961, 1 1 0.501961, 
            1 1 0.501961, 1 1 0.501961, 1 1 0.501961, 1 1 0.501961, 
            1 1 0.501961, 1 1 0.501961, 1 1 0.501961, 1 1 0.501961, 
            1 1 0.501961, 1 1 0.501961, 1 1 0.501961, 1 1 0.501961, 
            1 1 0.501961, 1 1 0.501961, 1 1 0.501961, 1 1 0.501961, 
            1 1 0.501961, 1 1 0.501961, 1 1 0.501961, 1 1 0.501961, 
            1 1 0.501961, 1 1 0.501961, 1 1 0.501961, 1 1 0.501961, 
            1 1 0.501961, 1 1 0.501961, 1 1 0.501961, 1 1 0.501961, 
            1 1 0.501961, 1 1 0.501961, 1 1 0.501961, 1 1 0.501961, 
            1 1 0.501961, 1 1 0.501961, 1 1 0.501961, 1 1 0.501961, 
            1 1 0.501961, 1 1 0.501961, 1 1 0.501961, 1 1 0.501961, 
            1 1 0.501961, 1 1 0.501961, 1 1 0.501961, 1 1 0.501961, 
            1 1 0.501961, 1 1 0.501961, 1 1 0.501961, 1 1 0.501961, 
            1 1 0.501961, 1 1 0.501961, 1 1 0.501961, 1 1 0.501961, 
            1 1 0.501961, 1 1 0.501961, 1 1 0.501961, 1 1 0.501961, 
            1 1 0.501961, 1 1 0.501961, 1 1 0.501961, 1 1 0.501961, 
            1 1 0.501961, 1 1 0.501961, 1 1 0.501961, 1 1 0.501961, 
            1 1 0.501961, 1 1 0.501961, 1 1 0.501961, 1 1 0.501961, 
            1 1 0.501961, 1 1 0.501961, 1 1 0.501961, 1 1 0.501961, 
            1 1 0.501961, 1 1 0.501961, 1 1 0.501961, 1 1 0.501961, 
            1 1 0.501961, 1 1 0.501961, 1 1 0.501961, 1 1 0.501961, 
            1 1 0.501961, 1 1 0.501961, 1 1 0.501961, 1 1 0.501961, 
            1 1 0.501961, 1 1 0.501961, 1 1 0.501961, 1 1 0.501961, 
            1 1 0.501961, 1 1 0.501961, 1 1 0.501961, 1 1 0.501961, 
            1 1 0.501961, 1 1 0.501961, 1 1 0.501961, 1 1 0.501961, 
            1 1 0.501961, 1 1 0.501961, 1 1 0.501961, 1 1 0.501961, 
            1 1 0.501961, 1 1 0.501961, 1 1 0.501961, 1 1 0.501961, 
            1 1 0.501961, 1 1 0.501961, 1 1 0.501961, 1 1 0.501961, 
            1 1 0.501961, 1 1 0.501961, 1 1 0.501961, 1 1 0.501961, 
            1 1 0.501961, 1 1 0.501961, 1 1 0.501961, 1 1 0.501961, 
            1 1 0.501961, 1 1 0.501961, 1 1 0.501961, 1 1 0.501961, 
            1 1 0.501961, 1 1 0.501961, 1 1 0.501961, 1 1 0.501961, 
            1 1 0.501961, 1 1 0.501961, 1 1 0.501961, 1 1 0.501961, 
            1 1 0.501961, 1 1 0.501961, 1 1 0.501961, 1 1 0.501961, 
            1 1 0.501961, 1 1 0.501961, 1 1 0.501961, 1 1 0.501961, 
            1 1 0.501961, 1 1 0.501961, 1 1 0.501961, 1 1 0.501961, 
            1 1 0.501961, 1 1 0.501961, 1 1 0.501961, 1 1 0.501961, 
            1 1 0.501961, 1 1 0.501961, 1 1 0.501961, 1 1 0.501961, 
            1 1 0.501961, 1 1 0.501961, 1 1 0.501961, 1 1 0.501961, 
            1 1 0.501961, 1 1 0.501961, 1 1 0.501961, 1 1 0.501961, 
            1 1 0.501961, 1 1 0.501961, 1 1 0.501961, 1 1 0.501961, 
            1 1 0.501961, 1 1 0.501961, 1 1 0.501961, 1 1 0.501961, 
            1 1 0.501961, 1 1 0.501961, 1 1 0.501961, 1 1 0.501961, 
            1 1 0.501961, 1 1 0.501961, 1 1 0.501961, 1 1 0.501961, 
            1 1 0.501961, 1 1 0.501961, 1 1 0.501961, 1 1 0.501961, 
            1 1 0.501961, 1 1 0.501961, 1 1 0.501961, 1 1 0.501961, 
            1 1 0.501961, 1 1 0.501961, 1 1 0.501961, 1 1 0.501961, 
            1 1 0.501961, 1 1 0.501961, 1 1 0.501961, 1 1 0.501961, 
            1 1 0.501961, 1 1 0.501961, 1 1 0.501961, 1 1 0.501961, 
            1 1 0.501961, 1 1 0.501961, 1 1 0.501961, 1 1 0.501961, 
            1 1 0.501961, 1 1 0.501961, 1 1 0.501961, 1 1 0.501961, 
            1 1 0.501961, 1 1 0.501961, 1 1 0.501961, 1 1 0.501961, 
            1 1 0.501961, 1 1 0.501961, 1 1 0.501961, 1 1 0.501961, 
            1 1 0.501961, 1 1 0.501961, 1 1 0.501961, 1 1 0.501961, 
            1 1 0.501961, 1 1 0.501961, 1 1 0.501961, 1 1 0.501961, 
            1 1 0.501961, 1 1 0.501961, 1 1 0.501961, 1 1 0.501961, 
            1 1 0.501961, 1 1 0.501961, 1 1 0.501961, 1 1 0.501961, 
            1 1 0.501961, 1 1 0.501961, 1 1 0.501961, 1 1 0.501961, 
            1 1 0.501961, 1 1 0.501961, 1 1 0.501961, 1 1 0.501961, 
            1 1 0.501961, 1 1 0.501961, 1 1 0.501961, 1 1 0.501961, 
            1 1 0.501961, 1 1 0.501961, 1 1 0.501961, 1 1 0.501961, 
            1 1 0.501961, 1 1 0.501961, 1 1 0.501961, 1 1 0.501961, 
            1 1 0.501961, 1 1 0.501961, 1 1 0.501961, 1 1 0.501961, 
            1 1 0.501961, 1 1 0.501961, 1 1 0.501961, 1 1 0.501961, 
            1 1 0.501961, 1 1 0.501961, 1 1 0.501961, 1 1 0.501961, 
            1 1 0.501961, 1 1 0.501961, 1 1 0.501961, 1 1 0.501961, 
            1 1 0.501961, 1 1 0.501961, 1 1 0.501961, 1 1 0.501961, 
            1 1 0.501961, 1 1 0.501961, 1 1 0.501961, 1 1 0.501961, 
            1 1 0.501961, 1 1 0.501961, 1 1 0.501961, 1 1 0.501961, 
            1 1 0.501961, 1 1 0.501961, 1 1 0.501961, 1 1 0.501961, 
            1 1 0.501961, 1 1 0.501961, 1 1 0.501961, 1 1 0.501961, 
            1 1 0.501961, 1 1 0.501961, 1 1 0.501961, 1 1 0.501961, 
            1 1 0.501961, 1 1 0.501961, 1 1 0.501961, 1 1 0.501961, 
            1 1 0.501961, 1 1 0.501961, 1 1 0.501961, 1 1 0.501961, 
            1 1 0.501961, 1 1 0.501961, 1 1 0.501961, 1 1 0.501961, 
            1 1 0.501961, 1 1 0.501961, 1 1 0.501961, 1 1 0.501961, 
            1 1 0.501961, 1 1 0.501961, 1 1 0.501961, 1 1 0.501961, 
            1 1 0.501961, 1 1 0.501961, 1 1 0.501961, 1 1 0.501961, 
            1 1 0.501961, 1 1 0.501961, 1 1 0.501961, 1 1 0.501961, 
            1 1 0.501961, 1 1 0.501961, 1 1 0.501961, 1 1 0.501961, 
            1 1 0.501961, 1 1 0.501961, 1 1 0.501961, 1 1 0.501961, 
            1 1 0.501961, 1 1 0.501961, 1 1 0.501961, 1 1 0.501961, 
            1 1 0.501961, 1 1 0.501961, 1 1 0.501961, 1 1 0.501961, 
            1 1 0.501961, 1 1 0.501961, 1 1 0.501961, 1 1 0.501961, 
            1 1 0.501961, 1 1 0.501961, 1 1 0.501961, 1 1 0.501961, 
            1 1 0.501961, 1 1 0.501961, 1 1 0.501961, 1 1 0.501961, 
            1 1 0.501961, 1 1 0.501961, 1 1 0.501961, 1 1 0.501961, 
            1 1 0.501961, 1 1 0.501961, 1 1 0.501961, 1 1 0.501961, 
            1 1 0.501961, 1 1 0.501961, 1 1 0.501961, 1 1 0.501961, 
            1 1 0.501961, 1 1 0.501961, 1 1 0.501961, 1 1 0.501961, 
            1 1 0.501961, 1 1 0.501961, 1 1 0.501961, 1 1 0.501961, 
            1 1 0.501961, 1 1 0.501961, 1 1 0.501961, 1 1 0.501961, 
            1 1 0.501961, 1 1 0.501961, 1 1 0.501961, 1 1 0.501961, 
            1 1 0.501961, 1 1 0.501961, 1 1 0.501961, 1 1 0.501961, 
            1 1 0.501961, 1 1 0.501961, 1 1 0.501961, 1 1 0.501961, 
            1 1 0.501961, 1 1 0.501961, 1 1 0.501961, 1 1 0.501961, 
            1 1 0.501961, 1 1 0.501961, 1 1 0.501961, 1 1 0.501961, 
            1 1 0.501961, 1 1 0.501961, 1 1 0.501961, 1 1 0.501961, 
            1 1 0.501961, 1 1 0.501961, 1 1 0.501961, 1 1 0.501961, 
            1 1 0.501961, 1 1 0.501961, 1 1 0.501961, 1 1 0.501961, 
            1 1 0.501961, 1 1 0.501961, 1 1 0.501961, 1 1 0.501961, 
            1 1 0.501961, 1 1 0.501961, 1 1 0.501961, 1 1 0.501961, 
            1 1 0.501961, 1 1 0.501961, 1 1 0.501961, 1 1 0.501961, 
            1 1 0.501961, 1 1 0.501961, 1 1 0.501961, 1 1 0.501961, 
            1 1 0.501961, 1 1 0.501961, 1 1 0.501961, 1 1 0.501961, 
            1 1 0.501961, 1 1 0.501961, 1 1 0.501961, 1 1 0.501961, 
            1 1 0.501961, 1 1 0.501961, 1 1 0.501961, 1 1 0.501961, 
            1 1 0.501961, 1 1 0.501961, 1 1 0.501961, 1 1 0.501961, 
            1 1 0.501961, 1 1 0.501961, 1 1 0.501961, 1 1 0.501961, 
            1 1 0.501961, 1 1 0.501961, 1 1 0.501961, 1 1 0.501961, 
            1 1 0.501961, 1 1 0.501961, 1 1 0.501961, 1 1 0.501961, 
            1 1 0.501961, 1 1 0.501961, 1 1 0.501961, 1 1 0.501961, 
            1 1 0.501961, 1 1 0.501961, 1 1 0.501961, 1 1 0.501961, 
            1 1 0.501961, 1 1 0.501961, 1 1 0.501961, 1 1 0.501961, 
            1 1 0.501961, 1 1 0.501961, 1 1 0.501961, 1 1 0.501961, 
            1 1 0.501961, 1 1 0.501961, 1 1 0.501961, 1 1 0.501961, 
            1 1 0.501961, 1 1 0.501961, 1 1 0.501961, 1 1 0.501961, 
            1 1 0.501961, 1 1 0.501961, 1 1 0.501961, 1 1 0.501961, 
            1 1 0.501961, 1 1 0.501961, 1 1 0.501961, 1 1 0.501961, 
            1 1 0.501961, 1 1 0.501961, 1 1 0.501961, 1 1 0.501961, 
            1 1 0.501961, 1 1 0.501961, 1 1 0.501961, 1 1 0.501961, 
            1 1 0.501961, 1 1 0.501961, 1 1 0.501961, 1 1 0.501961, 
            1 1 0.501961, 1 1 0.501961, 1 1 0.501961, 1 1 0.501961, 
            1 1 0.501961, 1 1 0.501961, 1 1 0.501961, 1 1 0.501961, 
            1 1 0.501961, 1 1 0.501961, 1 1 0.501961, 1 1 0.501961, 
            1 1 0.501961, 1 1 0.501961, 1 1 0.501961, 1 1 0.501961, 
            1 1 0.501961, 1 1 0.501961, 1 1 0.501961, 1 1 0.501961, 
            1 1 0.501961, 1 1 0.501961, 1 1 0.501961, 1 1 0.501961, 
            1 1 0.501961, 1 1 0.501961, 1 1 0.501961, 1 1 0.501961, 
            1 1 0.501961, 1 1 0.501961, 1 1 0.501961, 1 1 0.501961, 
            1 1 0.501961, 1 1 0.501961, 1 1 0.501961, 1 1 0.501961, 
            1 1 0.501961, 1 1 0.501961, 1 1 0.501961, 1 1 0.501961, 
            1 1 0.501961, 1 1 0.501961, 1 1 0.501961, 1 1 0.501961, 
            1 1 0.501961, 1 1 0.501961, 1 1 0.501961, 1 1 0.501961, 
            1 1 0.501961, 1 1 0.501961, 1 1 0.501961, 1 1 0.501961, 
            1 1 0.501961, 1 1 0.501961, 1 1 0.501961, 1 1 0.501961, 
            1 1 0.501961, 1 1 0.501961, 1 1 0.501961, 1 1 0.501961, 
            1 1 0.501961, 1 1 0.501961, 1 1 0.501961, 1 1 0.501961, 
            1 1 0.501961, 1 1 0.501961, 1 1 0.501961, 1 1 0.501961, 
            1 1 0.501961, 1 1 0.501961, 1 1 0.501961, 1 1 0.501961, 
            1 1 0.501961, 1 1 0.501961, 1 1 0.501961, 1 1 0.501961, 
            1 1 0.501961, 1 1 0.501961, 1 1 0.501961, 1 1 0.501961, 
            1 1 0.501961, 1 1 0.501961, 1 1 0.501961, 1 1 0.501961, 
            1 1 0.501961, 1 1 0.501961, 1 1 0.501961, 1 1 0.501961, 
            1 1 0.501961, 1 1 0.501961, 1 1 0.501961, 1 1 0.501961, 
            1 1 0.501961, 1 1 0.501961, 1 1 0.501961, 1 1 0.501961, 
            1 1 0.501961, 1 1 0.501961, 1 1 0.501961, 1 1 0.501961, 
            1 1 0.501961, 1 1 0.501961, 1 1 0.501961, 1 1 0.501961, 
            1 1 0.501961, 1 1 0.501961, 1 1 0.501961, 1 1 0.501961, 
            1 1 0.501961, 1 1 0.501961, 1 1 0.501961, 1 1 0.501961, 
            1 1 0.501961, 1 1 0.501961, 1 1 0.501961, 1 1 0.501961, 
            1 1 0.501961, 1 1 0.501961, 1 1 0.501961, 1 1 0.501961, 
            1 1 0.501961, 1 1 0.501961, 1 1 0.501961, 1 1 0.501961, 
            1 1 0.501961, 1 1 0.501961, 1 1 0.501961, 1 1 0.501961, 
            1 1 0.501961, 1 1 0.501961, 1 1 0.501961, 1 1 0.501961, 
            1 1 0.501961, 1 1 0.501961, 1 1 0.501961, 1 1 0.501961, 
            1 1 0.501961, 1 1 0.501961, 1 1 0.501961, 1 1 0.501961, 
            1 1 0.501961, 1 1 0.501961, 1 1 0.501961, 1 1 0.501961, 
            1 1 0.501961, 1 1 0.501961, 1 1 0.501961, 1 1 0.501961, 
            1 1 0.501961, 1 1 0.501961, 1 1 0.501961, 1 1 0.501961, 
            1 1 0.501961, 1 1 0.501961, 1 1 0.501961, 1 1 0.501961, 
            1 1 0.501961, 1 1 0.501961, 1 1 0.501961, 1 1 0.501961, 
            1 1 0.501961, 1 1 0.501961, 1 1 0.501961, 1 1 0.501961, 
            1 1 0.501961, 1 1 0.501961, 1 1 0.501961, 1 1 0.501961, 
            1 1 0.501961, 1 1 0.501961, 1 1 0.501961, 1 1 0.501961, 
            1 1 0.501961, 1 1 0.501961, 1 1 0.501961, 1 1 0.501961, 
            1 1 0.501961, 1 1 0.501961, 1 1 0.501961, 1 1 0.501961, 
            1 1 0.501961, 1 1 0.501961, 1 1 0.501961, 1 1 0.501961, 
            1 1 0.501961, 1 1 0.501961, 1 1 0.501961, 1 1 0.501961, 
            1 1 0.501961, 1 1 0.501961, 1 1 0.501961, 1 1 0.501961, 
            1 1 0.501961, 1 1 0.501961, 1 1 0.501961, 1 1 0.501961, 
            1 1 0.501961, 1 1 0.501961, 1 1 0.501961, 1 1 0.501961, 
            1 1 0.501961, 1 1 0.501961, 1 1 0.501961, 1 1 0.501961, 
            1 1 0.501961, 1 1 0.501961, 1 1 0.501961, 1 1 0.501961, 
            1 1 0.501961, 1 1 0.501961, 1 1 0.501961, 1 1 0.501961, 
            1 1 0.501961, 1 1 0.501961, 1 1 0.501961, 1 1 0.501961, 
            1 1 0.501961, 1 1 0.501961, 1 1 0.501961, 1 1 0.501961, 
            1 1 0.501961, 1 1 0.501961, 1 1 0.501961, 1 1 0.501961, 
            1 1 0.501961, 1 1 0.501961, 1 1 0.501961, 1 1 0.501961, 
            1 1 0.501961, 1 1 0.501961, 1 1 0.501961, 1 1 0.501961, 
            1 1 0.501961, 1 1 0.501961, 1 1 0.501961, 1 1 0.501961, 
            1 1 0.501961, 1 1 0.501961, 1 1 0.501961, 1 1 0.501961, 
            1 1 0.501961, 1 1 0.501961, 1 1 0.501961, 1 1 0.501961, 
            1 1 0.501961, 1 1 0.501961, 1 1 0.501961, 1 1 0.501961, 
            1 1 0.501961, 1 1 0.501961, 1 1 0.501961, 1 1 0.501961, 
            1 1 0.501961, 1 1 0.501961, 1 1 0.501961, 1 1 0.501961, 
            1 1 0.501961, 1 1 0.501961, 1 1 0.501961, 1 1 0.501961, 
            1 1 0.501961, 1 1 0.501961, 1 1 0.501961, 1 1 0.501961, 
            1 1 0.501961, 1 1 0.501961, 1 1 0.501961, 1 1 0.501961, 
            1 1 0.501961, 1 1 0.501961, 1 1 0.501961, 1 1 0.501961, 
            1 1 0.501961, 1 1 0.501961, 1 1 0.501961, 1 1 0.501961, 
            1 1 0.501961, 1 1 0.501961, 1 1 0.501961, 1 1 0.501961, 
            1 1 0.501961, 1 1 0.501961, 1 1 0.501961, 1 1 0.501961, 
            1 1 0.501961, 1 1 0.501961, 1 1 0.501961, 1 1 0.501961, 
            1 1 0.501961, 1 1 0.501961, 1 1 0.501961, 1 1 0.501961, 
            1 1 0.501961, 1 1 0.501961, 1 1 0.501961, 1 1 0.501961, 
            1 1 0.501961, 1 1 0.501961, 1 1 0.501961, 1 1 0.501961, 
            1 1 0.501961, 1 1 0.501961, 1 1 0.501961, 1 1 0.501961, 
            1 1 0.501961, 1 1 0.501961, 1 1 0.501961, 1 1 0.501961, 
            1 1 0.501961, 1 1 0.501961, 1 1 0.501961, 1 1 0.501961, 
            1 1 0.501961, 1 1 0.501961, 1 1 0.501961, 1 1 0.501961, 
            1 1 0.501961, 1 1 0.501961, 1 1 0.501961, 1 1 0.501961, 
            1 1 0.501961, 1 1 0.501961, 1 1 0.501961, 1 1 0.501961, 
            1 1 0.501961, 1 1 0.501961, 1 1 0.501961, 1 1 0.501961, 
            1 1 0.501961, 1 1 0.501961, 1 1 0.501961, 1 1 0.501961, 
            1 1 0.501961, 1 1 0.501961, 1 1 0.501961, 1 1 0.501961, 
            1 1 0.501961, 1 1 0.501961, 1 1 0.501961, 1 1 0.501961, 
            1 1 0.501961, 1 1 0.501961, 1 1 0.501961, 1 1 0.501961, 
            1 1 0.501961, 1 1 0.501961, 1 1 0.501961, 1 1 0.501961, 
            1 1 0.501961, 1 1 0.501961, 1 1 0.501961, 1 1 0.501961, 
            1 1 0.501961, 1 1 0.501961, 1 1 0.501961, 1 1 0.501961, 
            1 1 0.501961, 0.792157 0.819608 0.933333, 0.792157 0.819608 0.933333, 0.792157 0.819608 0.933333, 
            0.792157 0.819608 0.933333, 0.792157 0.819608 0.933333, 0.792157 0.819608 0.933333, 0.792157 0.819608 0.933333, 
            0.792157 0.819608 0.933333, 0.792157 0.819608 0.933333, 0.792157 0.819608 0.933333, 1 1 0.501961, 
            1 1 0.501961, 1 1 0.501961, 1 1 0.501961, 1 1 0.501961, 
            1 1 0.501961, 1 1 0.501961, 1 1 0.501961, 1 1 0.501961, 
            1 1 0.501961, 1 1 0.501961, 1 1 0.501961, 1 1 0.501961, 
            1 1 0.501961, 0.792157 0.819608 0.933333, 0.792157 0.819608 0.933333, 0.792157 0.819608 0.933333, 
            0.792157 0.819608 0.933333, 0.792157 0.819608 0.933333, 0.792157 0.819608 0.933333, 0.792157 0.819608 0.933333, 
            0.792157 0.819608 0.933333, 0.792157 0.819608 0.933333, 0.792157 0.819608 0.933333, 0.792157 0.819608 0.933333, 
            0.792157 0.819608 0.933333, 0.792157 0.819608 0.933333, 0.792157 0.819608 0.933333, 1 1 0.501961, 
            1 1 0.501961, 1 1 0.501961, 1 1 0.501961, 1 1 0.501961, 
            1 1 0.501961, 1 1 0.501961, 1 1 0.501961, 1 1 0.501961, 
            1 1 0.501961, 1 1 0.501961, 1 1 0.501961, 1 1 0.501961, 
            1 1 0.501961, 1 1 0.501961, 1 1 0.501961, 1 1 0.501961, 
            1 1 0.501961, 1 1 0.501961, 1 1 0.501961, 0.792157 0.819608 0.933333, 
            0.792157 0.819608 0.933333, 0.792157 0.819608 0.933333, 0.792157 0.819608 0.933333, 0.792157 0.819608 0.933333, 
            0.792157 0.819608 0.933333, 0.792157 0.819608 0.933333, 0.792157 0.819608 0.933333, 0.792157 0.819608 0.933333, 
            0.792157 0.819608 0.933333, 0.792157 0.819608 0.933333, 0.792157 0.819608 0.933333, 0.792157 0.819608 0.933333, 
            0.792157 0.819608 0.933333, 0.792157 0.819608 0.933333, 0.792157 0.819608 0.933333, 0.792157 0.819608 0.933333, 
            0.792157 0.819608 0.933333, 0.792157 0.819608 0.933333, 0.792157 0.819608 0.933333, 0.792157 0.819608 0.933333, 
            0.792157 0.819608 0.933333, 0.792157 0.819608 0.933333, 0.792157 0.819608 0.933333, 0.792157 0.819608 0.933333, 
            0.792157 0.819608 0.933333, 0.792157 0.819608 0.933333, 0.792157 0.819608 0.933333, 0.792157 0.819608 0.933333, 
            0.792157 0.819608 0.933333, 0.792157 0.819608 0.933333, 0.792157 0.819608 0.933333, 0.792157 0.819608 0.933333, 
            0.792157 0.819608 0.933333, 0.792157 0.819608 0.933333, 0.792157 0.819608 0.933333, 0.792157 0.819608 0.933333, 
            0.792157 0.819608 0.933333, 0.792157 0.819608 0.933333, 0.792157 0.819608 0.933333, 0.792157 0.819608 0.933333, 
            0.792157 0.819608 0.933333, 0.792157 0.819608 0.933333, 0.792157 0.819608 0.933333, 0.792157 0.819608 0.933333, 
            0.792157 0.819608 0.933333, 0.792157 0.819608 0.933333, 0.792157 0.819608 0.933333, 0.792157 0.819608 0.933333, 
            0.792157 0.819608 0.933333, 0.792157 0.819608 0.933333, 0.792157 0.819608 0.933333, 0.792157 0.819608 0.933333, 
            0.792157 0.819608 0.933333, 0.792157 0.819608 0.933333, 0.792157 0.819608 0.933333, 0.792157 0.819608 0.933333, 
            0.792157 0.819608 0.933333, 0.792157 0.819608 0.933333, 0.792157 0.819608 0.933333, 0.792157 0.819608 0.933333, 
            0.792157 0.819608 0.933333, 0.792157 0.819608 0.933333, 0.792157 0.819608 0.933333, 0.792157 0.819608 0.933333, 
            0.792157 0.819608 0.933333, 0.792157 0.819608 0.933333, 0.792157 0.819608 0.933333, 0.792157 0.819608 0.933333, 
            0.792157 0.819608 0.933333, 0.792157 0.819608 0.933333, 0.792157 0.819608 0.933333, 0.792157 0.819608 0.933333, 
            0.792157 0.819608 0.933333, 0.792157 0.819608 0.933333, 0.792157 0.819608 0.933333, 0.792157 0.819608 0.933333, 
            0.792157 0.819608 0.933333, 0.792157 0.819608 0.933333, 0.792157 0.819608 0.933333, 0.792157 0.819608 0.933333, 
            0.792157 0.819608 0.933333, 0.792157 0.819608 0.933333, 0.792157 0.819608 0.933333, 0.792157 0.819608 0.933333, 
            0.792157 0.819608 0.933333, 0.792157 0.819608 0.933333, 0.792157 0.819608 0.933333, 0.792157 0.819608 0.933333, 
            0.792157 0.819608 0.933333, 0.792157 0.819608 0.933333, 0.792157 0.819608 0.933333, 0.792157 0.819608 0.933333, 
            0.792157 0.819608 0.933333, 0.792157 0.819608 0.933333, 0.792157 0.819608 0.933333, 0.792157 0.819608 0.933333, 
            0.792157 0.819608 0.933333, 0.792157 0.819608 0.933333, 0.792157 0.819608 0.933333, 0.792157 0.819608 0.933333, 
            0.792157 0.819608 0.933333, 0.792157 0.819608 0.933333, 0.792157 0.819608 0.933333, 0.792157 0.819608 0.933333, 
            0.792157 0.819608 0.933333, 0.792157 0.819608 0.933333, 0.792157 0.819608 0.933333, 0.792157 0.819608 0.933333, 
            0.792157 0.819608 0.933333, 0.792157 0.819608 0.933333, 0.792157 0.819608 0.933333, 0.792157 0.819608 0.933333, 
            0.792157 0.819608 0.933333, 0.792157 0.819608 0.933333, 0.792157 0.819608 0.933333, 0.792157 0.819608 0.933333, 
            0.792157 0.819608 0.933333, 0.792157 0.819608 0.933333, 0.792157 0.819608 0.933333, 0.792157 0.819608 0.933333, 
            0.792157 0.819608 0.933333, 0.792157 0.819608 0.933333, 0.792157 0.819608 0.933333, 0.792157 0.819608 0.933333, 
            0.792157 0.819608 0.933333, 0.792157 0.819608 0.933333, 0.792157 0.819608 0.933333, 0.792157 0.819608 0.933333, 
            0.792157 0.819608 0.933333, 0.792157 0.819608 0.933333, 0.792157 0.819608 0.933333, 0.792157 0.819608 0.933333, 
            0.792157 0.819608 0.933333, 0.792157 0.819608 0.933333, 0.792157 0.819608 0.933333, 0.792157 0.819608 0.933333, 
            0.792157 0.819608 0.933333, 0.792157 0.819608 0.933333, 0.792157 0.819608 0.933333, 0.792157 0.819608 0.933333, 
            0.792157 0.819608 0.933333, 0.792157 0.819608 0.933333, 0.792157 0.819608 0.933333, 0.792157 0.819608 0.933333, 
            0.792157 0.819608 0.933333, 0.792157 0.819608 0.933333, 0.792157 0.819608 0.933333, 0.792157 0.819608 0.933333, 
            0.792157 0.819608 0.933333, 0.792157 0.819608 0.933333, 0.792157 0.819608 0.933333, 0.792157 0.819608 0.933333, 
            0.792157 0.819608 0.933333, 0.792157 0.819608 0.933333, 0.792157 0.819608 0.933333, 0.792157 0.819608 0.933333, 
            0.792157 0.819608 0.933333, 0.792157 0.819608 0.933333, 0.792157 0.819608 0.933333, 0.792157 0.819608 0.933333, 
            0.792157 0.819608 0.933333, 0.792157 0.819608 0.933333, 0.792157 0.819608 0.933333, 0.792157 0.819608 0.933333, 
            0.752941 0.752941 0.752941, 0.752941 0.752941 0.752941, 0.752941 0.752941 0.752941, 0.752941 0.752941 0.752941, 
            0.752941 0.752941 0.752941, 0.752941 0.752941 0.752941, 0.752941 0.752941 0.752941, 0.752941 0.752941 0.752941, 
            0.752941 0.752941 0.752941, 0.752941 0.752941 0.752941, 0.752941 0.752941 0.752941, 0.752941 0.752941 0.752941, 
            0.752941 0.752941 0.752941, 0.752941 0.752941 0.752941, 0.752941 0.752941 0.752941, 0.752941 0.752941 0.752941, 
            0.752941 0.752941 0.752941, 0.752941 0.752941 0.752941, 0.752941 0.752941 0.752941, 0.752941 0.752941 0.752941, 
            0.752941 0.752941 0.752941, 0.752941 0.752941 0.752941, 0.752941 0.752941 0.752941, 0.752941 0.752941 0.752941, 
            0.752941 0.752941 0.752941, 0.752941 0.752941 0.752941, 0.752941 0.752941 0.752941, 0.752941 0.752941 0.752941, 
            0.752941 0.752941 0.752941, 0.752941 0.752941 0.752941, 0.752941 0.752941 0.752941, 0.752941 0.752941 0.752941, 
            0.752941 0.752941 0.752941, 0.752941 0.752941 0.752941, 0.752941 0.752941 0.752941, 0.752941 0.752941 0.752941, 
            0.752941 0.752941 0.752941, 0.752941 0.752941 0.752941, 0.752941 0.752941 0.752941, 0.752941 0.752941 0.752941, 
            0.752941 0.752941 0.752941, 0.752941 0.752941 0.752941, 0.752941 0.752941 0.752941, 0.752941 0.752941 0.752941, 
            0.752941 0.752941 0.752941, 0.752941 0.752941 0.752941, 0.752941 0.752941 0.752941, 0.752941 0.752941 0.752941, 
            0.752941 0.752941 0.752941, 0.752941 0.752941 0.752941, 0.752941 0.752941 0.752941, 0.752941 0.752941 0.752941, 
            0.752941 0.752941 0.752941, 0.752941 0.752941 0.752941, 0.752941 0.752941 0.752941, 0.752941 0.752941 0.752941, 
            0.752941 0.752941 0.752941, 0.752941 0.752941 0.752941, 0.752941 0.752941 0.752941, 0.752941 0.752941 0.752941, 
            0.752941 0.752941 0.752941, 0.752941 0.752941 0.752941, 0.752941 0.752941 0.752941, 0.752941 0.752941 0.752941, 
            0.752941 0.752941 0.752941, 0.752941 0.752941 0.752941, 0.752941 0.752941 0.752941, 0.752941 0.752941 0.752941, 
            0.752941 0.752941 0.752941, 0.752941 0.752941 0.752941, 0.752941 0.752941 0.752941, 0.752941 0.752941 0.752941, 
            0.752941 0.752941 0.752941, 0.752941 0.752941 0.752941, 0.752941 0.752941 0.752941, 0.752941 0.752941 0.752941, 
            0.752941 0.752941 0.752941, 0.752941 0.752941 0.752941, 0.752941 0.752941 0.752941, 0.752941 0.752941 0.752941, 
            0.752941 0.752941 0.752941, 0.752941 0.752941 0.752941, 0.752941 0.752941 0.752941, 0.752941 0.752941 0.752941, 
            0.752941 0.752941 0.752941, 0.752941 0.752941 0.752941, 0.752941 0.752941 0.752941, 0.752941 0.752941 0.752941, 
            0.752941 0.752941 0.752941, 0.752941 0.752941 0.752941, 0.752941 0.752941 0.752941, 0.752941 0.752941 0.752941, 
            0.752941 0.752941 0.752941, 0.752941 0.752941 0.752941, 0.752941 0.752941 0.752941, 0.752941 0.752941 0.752941, 
            0.752941 0.752941 0.752941, 0.752941 0.752941 0.752941, 0.752941 0.752941 0.752941, 0.752941 0.752941 0.752941, 
            0.752941 0.752941 0.752941, 0.752941 0.752941 0.752941, 0.752941 0.752941 0.752941, 0.752941 0.752941 0.752941, 
            0.752941 0.752941 0.752941, 0.752941 0.752941 0.752941, 0.752941 0.752941 0.752941, 0.752941 0.752941 0.752941, 
            0.752941 0.752941 0.752941, 0.752941 0.752941 0.752941, 0.752941 0.752941 0.752941, 0.752941 0.752941 0.752941, 
            0.752941 0.752941 0.752941, 0.752941 0.752941 0.752941, 0.752941 0.752941 0.752941, 0.752941 0.752941 0.752941, 
            0.752941 0.752941 0.752941, 0.752941 0.752941 0.752941, 0.752941 0.752941 0.752941, 0.752941 0.752941 0.752941, 
            0.752941 0.752941 0.752941, 0.752941 0.752941 0.752941, 0.752941 0.752941 0.752941, 0.752941 0.752941 0.752941, 
            0.752941 0.752941 0.752941, 0.752941 0.752941 0.752941, 0.752941 0.752941 0.752941, 0.752941 0.752941 0.752941, 
            0.752941 0.752941 0.752941, 0.752941 0.752941 0.752941, 0.752941 0.752941 0.752941, 0.752941 0.752941 0.752941, 
            0.752941 0.752941 0.752941, 0.752941 0.752941 0.752941, 0.752941 0.752941 0.752941, 0.752941 0.752941 0.752941, 
            0.752941 0.752941 0.752941, 0.752941 0.752941 0.752941, 0.752941 0.752941 0.752941, 0.752941 0.752941 0.752941, 
            0.752941 0.752941 0.752941, 0.752941 0.752941 0.752941, 0.752941 0.752941 0.752941, 0.752941 0.752941 0.752941, 
            0.752941 0.752941 0.752941, 0.752941 0.752941 0.752941, 0.752941 0.752941 0.752941, 0.752941 0.752941 0.752941, 
            0.752941 0.752941 0.752941, 0.752941 0.752941 0.752941, 0.752941 0.752941 0.752941, 0.752941 0.752941 0.752941, 
            0.752941 0.752941 0.752941, 0.752941 0.752941 0.752941, 0.752941 0.752941 0.752941, 0.752941 0.752941 0.752941, 
            0.752941 0.752941 0.752941, 0.752941 0.752941 0.752941, 0.752941 0.752941 0.752941, 0.752941 0.752941 0.752941, 
            0.752941 0.752941 0.752941, 0.752941 0.752941 0.752941, 0.752941 0.752941 0.752941, 0.752941 0.752941 0.752941, 
            0.752941 0.752941 0.752941, 0.752941 0.752941 0.752941, 0.752941 0.752941 0.752941, 0.752941 0.752941 0.752941, 
            0.752941 0.752941 0.752941, 0.752941 0.752941 0.752941, 0.752941 0.752941 0.752941, 0.752941 0.752941 0.752941, 
            0.752941 0.752941 0.752941, 0.752941 0.752941 0.752941, 0.752941 0.752941 0.752941, 0.752941 0.752941 0.752941, 
            0.752941 0.752941 0.752941, 0.752941 0.752941 0.752941, 0.752941 0.752941 0.752941, 0.752941 0.752941 0.752941, 
            0.752941 0.752941 0.752941, 0.752941 0.752941 0.752941, 0.752941 0.752941 0.752941, 0.752941 0.752941 0.752941, 
            0.752941 0.752941 0.752941, 0.752941 0.752941 0.752941, 0.752941 0.752941 0.752941, 0.752941 0.752941 0.752941, 
            0.752941 0.752941 0.752941, 0.752941 0.752941 0.752941, 0.752941 0.752941 0.752941, 0.752941 0.752941 0.752941, 
            0.752941 0.752941 0.752941, 0.752941 0.752941 0.752941, 0.752941 0.752941 0.752941, 0.752941 0.752941 0.752941, 
            0.752941 0.752941 0.752941, 0.752941 0.752941 0.752941, 0.752941 0.752941 0.752941, 0.752941 0.752941 0.752941, 
            0.752941 0.752941 0.752941, 0.752941 0.752941 0.752941, 0.752941 0.752941 0.752941, 0.752941 0.752941 0.752941, 
            0.752941 0.752941 0.752941, 0.752941 0.752941 0.752941, 0.752941 0.752941 0.752941, 0.752941 0.752941 0.752941, 
            0.752941 0.752941 0.752941, 0.752941 0.752941 0.752941, 0.752941 0.752941 0.752941, 0.752941 0.752941 0.752941, 
            0.752941 0.752941 0.752941, 0.752941 0.752941 0.752941, 0.752941 0.752941 0.752941, 0.752941 0.752941 0.752941, 
            0.752941 0.752941 0.752941, 0.752941 0.752941 0.752941, 0.752941 0.752941 0.752941, 0.752941 0.752941 0.752941, 
            0.752941 0.752941 0.752941, 0.752941 0.752941 0.752941, 0.752941 0.752941 0.752941, 0.752941 0.752941 0.752941, 
            0.752941 0.752941 0.752941, 0.752941 0.752941 0.752941, 0.752941 0.752941 0.752941, 0.752941 0.752941 0.752941, 
            0.752941 0.752941 0.752941, 0.752941 0.752941 0.752941, 0.752941 0.752941 0.752941, 0.752941 0.752941 0.752941, 
            0.752941 0.752941 0.752941, 0.752941 0.752941 0.752941, 0.752941 0.752941 0.752941, 0.752941 0.752941 0.752941, 
            0.752941 0.752941 0.752941, 0.752941 0.752941 0.752941, 0.752941 0.752941 0.752941, 0.752941 0.752941 0.752941, 
            0.752941 0.752941 0.752941, 0.752941 0.752941 0.752941, 0.752941 0.752941 0.752941, 0.25098 0.25098 0.25098, 
            0.25098 0.25098 0.25098, 0.25098 0.25098 0.25098, 0.25098 0.25098 0.25098, 0.25098 0.25098 0.25098, 
            0.25098 0.25098 0.25098, 0.25098 0.25098 0.25098, 0.25098 0.25098 0.25098, 0.25098 0.25098 0.25098, 
            0.25098 0.25098 0.25098, 0.25098 0.25098 0.25098, 0.25098 0.25098 0.25098, 0.25098 0.25098 0.25098, 
            0.25098 0.25098 0.25098, 0.25098 0.25098 0.25098, 0.25098 0.25098 0.25098, 0.25098 0.25098 0.25098, 
            0.25098 0.25098 0.25098, 0.25098 0.25098 0.25098, 0.25098 0.25098 0.25098, 0.25098 0.25098 0.25098, 
            0.25098 0.25098 0.25098, 0.25098 0.25098 0.25098, 0.25098 0.25098 0.25098, 0.25098 0.25098 0.25098, 
            0.25098 0.25098 0.25098, 0.25098 0.25098 0.25098, 0.25098 0.25098 0.25098, 0.25098 0.25098 0.25098, 
            0.25098 0.25098 0.25098, 0.25098 0.25098 0.25098, 0.25098 0.25098 0.25098, 0.25098 0.25098 0.25098, 
            0.25098 0.25098 0.25098, 0.25098 0.25098 0.25098, 0.25098 0.25098 0.25098, 0.25098 0.25098 0.25098, 
            0.25098 0.25098 0.25098, 0.25098 0.25098 0.25098, 0.25098 0.25098 0.25098, 0.25098 0.25098 0.25098, 
            0.25098 0.25098 0.25098, 0.25098 0.25098 0.25098, 0.25098 0.25098 0.25098, 0.25098 0.25098 0.25098, 
            0.25098 0.25098 0.25098, 0.25098 0.25098 0.25098, 0.25098 0.25098 0.25098, 0.25098 0.25098 0.25098, 
            0.25098 0.25098 0.25098, 0.25098 0.25098 0.25098, 0.25098 0.25098 0.25098, 0.25098 0.25098 0.25098, 
            0.25098 0.25098 0.25098, 0.25098 0.25098 0.25098, 0.25098 0.25098 0.25098, 0.25098 0.25098 0.25098, 
            0.25098 0.25098 0.25098, 0.25098 0.25098 0.25098, 0.25098 0.25098 0.25098, 0.25098 0.25098 0.25098, 
            0.25098 0.25098 0.25098, 0.25098 0.25098 0.25098, 0.25098 0.25098 0.25098, 0.25098 0.25098 0.25098, 
            0.25098 0.25098 0.25098, 0.25098 0.25098 0.25098, 0.25098 0.25098 0.25098, 0.25098 0.25098 0.25098, 
            0.25098 0.25098 0.25098, 0.25098 0.25098 0.25098, 0.25098 0.25098 0.25098, 0.25098 0.25098 0.25098, 
            0.25098 0.25098 0.25098, 0.25098 0.25098 0.25098, 0.25098 0.25098 0.25098, 0.25098 0.25098 0.25098, 
            0.25098 0.25098 0.25098, 0.25098 0.25098 0.25098, 0.25098 0.25098 0.25098, 0.25098 0.25098 0.25098, 
            0.25098 0.25098 0.25098, 0.25098 0.25098 0.25098, 0.25098 0.25098 0.25098, 0.25098 0.25098 0.25098, 
            0.25098 0.25098 0.25098, 0.25098 0.25098 0.25098, 0.25098 0.25098 0.25098, 0.25098 0.25098 0.25098, 
            0.25098 0.25098 0.25098, 0.25098 0.25098 0.25098, 0.25098 0.25098 0.25098, 0.25098 0.25098 0.25098, 
            0.25098 0.25098 0.25098, 0.25098 0.25098 0.25098, 0.25098 0.25098 0.25098, 0.25098 0.25098 0.25098, 
            0.25098 0.25098 0.25098, 0.25098 0.25098 0.25098, 0.25098 0.25098 0.25098, 0.25098 0.25098 0.25098, 
            0.25098 0.25098 0.25098, 0.25098 0.25098 0.25098, 0.25098 0.25098 0.25098, 0.25098 0.25098 0.25098, 
            0.25098 0.25098 0.25098, 0.25098 0.25098 0.25098, 0.25098 0.25098 0.25098, 0.25098 0.25098 0.25098, 
            0.25098 0.25098 0.25098, 0.25098 0.25098 0.25098, 0.25098 0.25098 0.25098, 0.25098 0.25098 0.25098, 
            0.25098 0.25098 0.25098, 0.25098 0.25098 0.25098, 0.25098 0.25098 0.25098, 0.25098 0.25098 0.25098, 
            0.25098 0.25098 0.25098, 0.25098 0.25098 0.25098, 0.25098 0.25098 0.25098, 0.25098 0.25098 0.25098, 
            0.25098 0.25098 0.25098, 0.25098 0.25098 0.25098, 0.25098 0.25098 0.25098, 0.25098 0.25098 0.25098, 
            0.25098 0.25098 0.25098, 0.25098 0.25098 0.25098, 0.25098 0.25098 0.25098, 0.25098 0.25098 0.25098, 
            0.25098 0.25098 0.25098, 0.25098 0.25098 0.25098, 0.25098 0.25098 0.25098, 0.25098 0.25098 0.25098, 
            0.25098 0.25098 0.25098, 0.25098 0.25098 0.25098, 0.25098 0.25098 0.25098, 0.25098 0.25098 0.25098, 
            0.25098 0.25098 0.25098, 0.25098 0.25098 0.25098, 0.25098 0.25098 0.25098, 0.25098 0.25098 0.25098, 
            0.25098 0.25098 0.25098, 0.25098 0.25098 0.25098, 0.25098 0.25098 0.25098, 0.25098 0.25098 0.25098, 
            0.25098 0.25098 0.25098, 0.25098 0.25098 0.25098, 0.25098 0.25098 0.25098, 0.25098 0.25098 0.25098, 
            0.25098 0.25098 0.25098, 0.25098 0.25098 0.25098, 0.25098 0.25098 0.25098, 0.25098 0.25098 0.25098, 
            0.25098 0.25098 0.25098, 0.25098 0.25098 0.25098, 0.25098 0.25098 0.25098, 0.25098 0.25098 0.25098, 
            0.25098 0.25098 0.25098, 0.25098 0.25098 0.25098, 0.25098 0.25098 0.25098, 0.25098 0.25098 0.25098, 
            0.25098 0.25098 0.25098, 0.25098 0.25098 0.25098, 0.25098 0.25098 0.25098, 0.25098 0.25098 0.25098, 
            0.25098 0.25098 0.25098, 0.25098 0.25098 0.25098, 0.25098 0.25098 0.25098, 0.25098 0.25098 0.25098, 
            0.25098 0.25098 0.25098, 0.25098 0.25098 0.25098, 0.25098 0.25098 0.25098, 0.25098 0.25098 0.25098, 
            0.25098 0.25098 0.25098, 0.25098 0.25098 0.25098, 0.25098 0.25098 0.25098, 0.25098 0.25098 0.25098, 
            0.25098 0.25098 0.25098, 0.25098 0.25098 0.25098, 0.25098 0.25098 0.25098, 0.25098 0.25098 0.25098, 
            0.25098 0.25098 0.25098, 0.25098 0.25098 0.25098, 0.25098 0.25098 0.25098, 0.25098 0.25098 0.25098, 
            0.25098 0.25098 0.25098, 0.25098 0.25098 0.25098, 0.25098 0.25098 0.25098, 0.25098 0.25098 0.25098, 
            0.25098 0.25098 0.25098, 0.25098 0.25098 0.25098, 0.25098 0.25098 0.25098, 0.25098 0.25098 0.25098, 
            0.25098 0.25098 0.25098, 0.25098 0.25098 0.25098, 0.25098 0.25098 0.25098, 0.25098 0.25098 0.25098, 
            0.25098 0.25098 0.25098, 0.25098 0.25098 0.25098, 0.25098 0.25098 0.25098, 0.25098 0.25098 0.25098, 
            0.25098 0.25098 0.25098, 0.25098 0.25098 0.25098, 0.25098 0.25098 0.25098, 0.25098 0.25098 0.25098, 
            0.25098 0.25098 0.25098, 0.25098 0.25098 0.25098, 0.25098 0.25098 0.25098, 0.25098 0.25098 0.25098, 
            0.25098 0.25098 0.25098, 0.25098 0.25098 0.25098, 0.25098 0.25098 0.25098, 0.25098 0.25098 0.25098, 
            0.25098 0.25098 0.25098, 0.25098 0.25098 0.25098, 0.25098 0.25098 0.25098, 0.25098 0.25098 0.25098, 
            0.25098 0.25098 0.25098, 0.25098 0.25098 0.25098, 0.25098 0.25098 0.25098, 0.25098 0.25098 0.25098, 
            0.25098 0.25098 0.25098, 0.25098 0.25098 0.25098, 0.25098 0.25098 0.25098, 0.25098 0.25098 0.25098, 
            0.25098 0.25098 0.25098, 0.25098 0.25098 0.25098, 0.25098 0.25098 0.25098, 0.25098 0.25098 0.25098, 
            0.25098 0.25098 0.25098, 0.25098 0.25098 0.25098, 0.25098 0.25098 0.25098, 0.25098 0.25098 0.25098, 
            0.25098 0.25098 0.25098, 0.25098 0.25098 0.25098, 0.25098 0.25098 0.25098, 0.25098 0.25098 0.25098, 
            0.25098 0.25098 0.25098, 0.25098 0.25098 0.25098, 0.25098 0.25098 0.25098, 0.25098 0.25098 0.25098, 
            0.25098 0.25098 0.25098, 0.25098 0.25098 0.25098, 0.25098 0.25098 0.25098, 0.25098 0.25098 0.25098, 
            0.25098 0.25098 0.25098, 0.25098 0.25098 0.25098, 0.25098 0.25098 0.25098, 0.25098 0.25098 0.25098, 
            0.25098 0.25098 0.25098, 0.25098 0.25098 0.25098, 0.25098 0.25098 0.25098, 0.25098 0.25098 0.25098, 
            0.25098 0.25098 0.25098, 0.25098 0.25098 0.25098, 0.25098 0.25098 0.25098, 0.25098 0.25098 0.25098, 
            0.25098 0.25098 0.25098, 0.25098 0.25098 0.25098, 0.25098 0.25098 0.25098, 0.25098 0.25098 0.25098, 
            0.25098 0.25098 0.25098, 0.25098 0.25098 0.25098, 0.25098 0.25098 0.25098, 0.25098 0.25098 0.25098, 
            0.25098 0.25098 0.25098, 0.25098 0.25098 0.25098, 0.25098 0.25098 0.25098, 0.25098 0.25098 0.25098, 
            0.25098 0.25098 0.25098, 0.25098 0.25098 0.25098, 0.25098 0.25098 0.25098, 0.25098 0.25098 0.25098, 
            0.25098 0.25098 0.25098, 0.25098 0.25098 0.25098, 0.25098 0.25098 0.25098, 0.25098 0.25098 0.25098, 
            0.25098 0.25098 0.25098, 0.25098 0.25098 0.25098, 0.25098 0.25098 0.25098, 0.25098 0.25098 0.25098, 
            0.25098 0.25098 0.25098, 0.25098 0.25098 0.25098, 0.25098 0.25098 0.25098, 0.25098 0.25098 0.25098, 
            0.25098 0.25098 0.25098, 0.25098 0.25098 0.25098, 0.25098 0.25098 0.25098, 0.25098 0.25098 0.25098, 
            0.25098 0.25098 0.25098, 0.25098 0.25098 0.25098, 0.25098 0.25098 0.25098, 0.25098 0.25098 0.25098, 
            0.25098 0.25098 0.25098, 0.25098 0.25098 0.25098, 0.25098 0.25098 0.25098, 0.25098 0.25098 0.25098, 
            0.25098 0.25098 0.25098, 0.25098 0.25098 0.25098, 0.25098 0.25098 0.25098, 0.25098 0.25098 0.25098, 
            0.25098 0.25098 0.25098, 0.25098 0.25098 0.25098, 0.25098 0.25098 0.25098, 0.25098 0.25098 0.25098, 
            0.25098 0.25098 0.25098, 0.25098 0.25098 0.25098, 0.25098 0.25098 0.25098, 0.25098 0.25098 0.25098, 
            0.25098 0.25098 0.25098, 1 1 0.501961, 1 1 0.501961, 1 1 0.501961, 
            1 1 0.501961, 1 1 0.501961, 1 1 0.501961, 1 1 0.501961, 
            1 1 0.501961, 1 1 0.501961, 1 1 0.501961, 1 1 0.501961, 
            1 1 0.501961, 1 1 0.501961, 1 1 0.501961, 1 1 0.501961, 
            1 1 0.501961, 1 1 0.501961, 1 1 0.501961, 1 1 0.501961, 
            1 1 0.501961, 1 1 0.501961, 1 1 0.501961, 1 1 0.501961, 
            1 1 0.501961, 1 1 0.501961, 1 1 0.501961, 1 1 0.501961, 
            1 1 0.501961, 1 1 0.501961, 1 1 0.501961, 1 1 0.501961, 
            1 1 0.501961, 1 1 0.501961, 1 1 0.501961, 1 1 0.501961, 
            1 1 0.501961, 1 1 0.501961, 1 1 0.501961, 1 1 0.501961, 
            1 1 0.501961, 1 1 0.501961, 1 1 0.501961, 1 1 0.501961, 
            1 1 0.501961, 1 1 0.501961, 1 1 0.501961, 1 1 0.501961, 
            1 1 0.501961, 1 1 0.501961, 1 1 0.501961, 1 1 0.501961, 
            1 1 0.501961, 1 1 0.501961, 1 1 0.501961, 1 1 0.501961, 
            1 1 0.501961, 1 1 0.501961, 1 1 0.501961, 1 1 0.501961, 
            1 1 0.501961, 1 1 0.501961, 1 1 0.501961, 1 1 0.501961, 
            1 1 0.501961, 1 1 0.501961, 1 1 0.501961, 1 1 0.501961, 
            1 1 0.501961, 1 1 0.501961, 1 1 0.501961, 1 1 0.501961, 
            1 1 0.501961, 1 1 0.501961, 1 1 0.501961, 1 1 0.501961, 
            1 1 0.501961, 1 1 0.501961, 1 1 0.501961, 1 1 0.501961, 
            1 1 0.501961, 1 1 0.501961, 1 1 0.501961, 1 1 0.501961, 
            1 1 0.501961, 1 1 0.501961, 1 1 0.501961, 1 1 0.501961, 
            1 1 0.501961, 1 1 0.501961, 1 1 0.501961, 1 1 0.501961, 
            1 1 0.501961, 1 1 0.501961, 1 1 0.501961, 1 1 0.501961, 
            1 1 0.501961, 1 1 0.501961, 1 1 0.501961, 1 1 0.501961, 
            1 1 0.501961, 1 1 0.501961, 1 1 0.501961, 1 1 0.501961, 
            1 1 0.501961, 1 1 0.501961, 1 1 0.501961, 1 1 0.501961, 
            1 1 0.501961, 1 1 0.501961, 1 1 0.501961, 1 1 0.501961, 
            1 1 0.501961, 1 1 0.501961, 1 1 0.501961, 1 1 0.501961, 
            1 1 0.501961, 1 1 0.501961, 1 1 0.501961, 1 1 0.501961, 
            1 1 0.501961, 1 1 0.501961, 1 1 0.501961, 1 1 0.501961, 
            1 1 0.501961, 1 1 0.501961, 1 1 0.501961, 1 1 0.501961, 
            1 1 0.501961, 1 1 0.501961, 1 1 0.501961, 1 1 0.501961, 
            1 1 0.501961, 1 1 0.501961, 1 1 0.501961, 1 1 0.501961, 
            1 1 0.501961, 1 1 0.501961, 1 1 0.501961, 1 1 0.501961, 
            1 1 0.501961, 1 1 0.501961, 1 1 0.501961, 1 1 0.501961, 
            1 1 0.501961, 1 1 0.501961, 1 1 0.501961, 1 1 0.501961, 
            1 1 0.501961, 1 1 0.501961, 1 1 0.501961, 1 1 0.501961, 
            1 1 0.501961, 1 1 0.501961, 1 1 0.501961, 1 1 0.501961, 
            1 1 0.501961, 1 1 0.501961, 1 1 0.501961, 1 1 0.501961, 
            1 1 0.501961, 1 1 0.501961, 1 1 0.501961, 1 1 0.501961, 
            1 1 0.501961, 1 1 0.501961, 1 1 0.501961, 1 1 0.501961, 
            1 1 0.501961, 1 1 0.501961, 1 1 0.501961, 1 1 0.501961, 
            1 1 0.501961, 1 1 0.501961, 1 1 0.501961, 1 1 0.501961, 
            1 1 0.501961, 1 1 0.501961, 1 1 0.501961, 1 1 0.501961, 
            1 1 0.501961, 1 1 0.501961, 1 1 0.501961, 1 1 0.501961, 
            1 1 0.501961, 1 1 0.501961, 1 1 0.501961, 1 1 0.501961, 
            1 1 0.501961, 1 1 0.501961, 1 1 0.501961, 1 1 0.501961, 
            1 1 0.501961, 1 1 0.501961, 1 1 0.501961, 1 1 0.501961, 
            1 1 0.501961, 1 1 0.501961, 1 1 0.501961, 1 1 0.501961, 
            1 1 0.501961, 1 1 0.501961, 1 1 0.501961, 1 1 0.501961, 
            1 1 0.501961, 1 1 0.501961, 1 1 0.501961, 1 1 0.501961, 
            1 1 0.501961, 1 1 0.501961, 1 1 0.501961, 1 1 0.501961, 
            1 1 0.501961, 1 1 0.501961, 1 1 0.501961, 1 1 0.501961, 
            1 1 0.501961, 1 1 0.501961, 1 1 0.501961, 1 1 0.501961, 
            1 1 0.501961, 1 1 0.501961, 1 1 0.501961, 1 1 0.501961, 
            1 1 0.501961, 1 1 0.501961, 1 1 0.501961, 1 1 0.501961, 
            1 1 0.501961, 1 1 0.501961, 1 1 0.501961, 1 1 0.501961, 
            1 1 0.501961, 1 1 0.501961, 1 1 0.501961, 1 1 0.501961, 
            1 1 0.501961, 1 1 0.501961, 1 1 0.501961, 1 1 0.501961, 
            1 1 0.501961, 1 1 0.501961, 1 1 0.501961, 1 1 0.501961, 
            1 1 0.501961, 1 1 0.501961, 1 1 0.501961, 1 1 0.501961, 
            1 1 0.501961, 1 1 0.501961, 1 1 0.501961, 1 1 0.501961, 
            1 1 0.501961, 1 1 0.501961, 1 1 0.501961, 1 1 0.501961, 
            1 1 0.501961, 1 1 0.501961, 1 1 0.501961, 1 1 0.501961, 
            1 1 0.501961, 1 1 0.501961, 1 1 0.501961, 1 1 0.501961, 
            1 1 0.501961, 1 1 0.501961, 1 1 0.501961, 1 1 0.501961, 
            1 1 0.501961, 1 1 0.501961, 1 1 0.501961, 1 1 0.501961, 
            1 1 0.501961, 1 1 0.501961, 1 1 0.501961, 1 1 0.501961, 
            1 1 0.501961, 1 1 0.501961, 1 1 0.501961, 1 1 0.501961, 
            1 1 0.501961, 1 1 0.501961, 1 1 0.501961, 1 1 0.501961, 
            1 1 0.501961, 1 1 0.501961, 1 1 0.501961, 1 1 0.501961, 
            1 1 0.501961, 1 1 0.501961, 1 1 0.501961, 1 1 0.501961, 
            1 1 0.501961, 1 1 0.501961, 1 1 0.501961, 1 1 0.501961, 
            1 1 0.501961, 1 1 0.501961, 1 1 0.501961, 1 1 0.501961, 
            1 1 0.501961, 1 1 0.501961, 1 1 0.501961, 1 1 0.501961, 
            1 1 0.501961, 1 1 0.501961, 1 1 0.501961, 1 1 0.501961, 
            1 1 0.501961, 1 1 0.501961, 1 1 0.501961, 1 1 0.501961, 
            1 1 0.501961, 1 1 0.501961, 1 1 0.501961, 1 1 0.501961, 
            1 1 0.501961, 1 1 0.501961, 1 1 0.501961, 1 1 0.501961, 
            1 1 0.501961, 1 1 0.501961, 1 1 0.501961, 1 1 0.501961, 
            1 1 0.501961, 1 1 0.501961, 1 1 0.501961, 1 1 0.501961, 
            1 1 0.501961, 1 1 0.501961, 1 1 0.501961, 1 1 0.501961, 
            1 1 0.501961, 1 1 0.501961, 1 1 0.501961, 1 1 0.501961, 
            1 1 0.501961, 1 1 0.501961, 1 1 0.501961, 1 1 0.501961, 
            1 1 0.501961, 1 1 0.501961, 1 1 0.501961, 1 1 0.501961, 
            1 1 0.501961, 1 1 0.501961, 1 1 0.501961, 1 1 0.501961, 
            1 1 0.501961, 1 1 0.501961, 1 1 0.501961, 1 1 0.501961, 
            1 1 0.501961, 1 1 0.501961, 1 1 0.501961, 1 1 0.501961, 
            1 1 0.501961, 1 1 0.501961, 1 1 0.501961, 1 1 0.501961, 
            1 1 0.501961, 1 1 0.501961, 1 1 0.501961, 1 1 0.501961, 
            1 1 0.501961, 1 1 0.501961, 1 1 0.501961, 1 1 0.501961, 
            1 1 0.501961, 1 1 0.501961, 1 1 0.501961, 1 1 0.501961, 
            1 1 0.501961, 1 1 0.501961, 1 1 0.501961, 1 1 0.501961, 
            1 1 0.501961, 1 1 0.501961, 1 1 0.501961, 1 1 0.501961, 
            1 1 0.501961, 1 1 0.501961, 1 1 0.501961, 1 1 0.501961, 
            1 1 0.501961, 1 1 0.501961, 1 1 0.501961, 1 1 0.501961, 
            1 1 0.501961, 1 1 0.501961, 1 1 0.501961, 1 1 0.501961, 
            1 1 0.501961, 1 1 0.501961, 1 1 0.501961, 1 1 0.501961, 
            1 1 0.501961, 1 1 0.501961, 1 1 0.501961, 1 1 0.501961, 
            1 1 0.501961, 1 1 0.501961, 1 1 0.501961, 1 1 0.501961, 
            1 1 0.501961, 1 1 0.501961, 1 1 0.501961, 1 1 0.501961, 
            1 1 0.501961, 1 1 0.501961, 1 1 0.501961, 1 1 0.501961, 
            1 1 0.501961, 1 1 0.501961, 1 1 0.501961, 1 1 0.501961, 
            1 1 0.501961, 1 1 0.501961, 1 1 0.501961, 1 1 0.501961, 
            1 1 0.501961, 1 1 0.501961, 1 1 0.501961, 1 1 0.501961, 
            1 1 0.501961, 1 1 0.501961, 1 1 0.501961, 1 1 0.501961, 
            1 1 0.501961, 1 1 0.501961, 1 1 0.501961, 1 1 0.501961, 
            0.752941 0.752941 0.752941, 0.752941 0.752941 0.752941, 0.752941 0.752941 0.752941, 0.752941 0.752941 0.752941, 
            0.752941 0.752941 0.752941, 0.752941 0.752941 0.752941, 0.752941 0.752941 0.752941, 0.752941 0.752941 0.752941, 
            0.752941 0.752941 0.752941, 0.752941 0.752941 0.752941, 0.752941 0.752941 0.752941, 0.752941 0.752941 0.752941, 
            0.752941 0.752941 0.752941, 0.752941 0.752941 0.752941, 0.752941 0.752941 0.752941, 0.752941 0.752941 0.752941, 
            0.752941 0.752941 0.752941, 0.752941 0.752941 0.752941, 0.752941 0.752941 0.752941, 0.752941 0.752941 0.752941, 
            0.752941 0.752941 0.752941, 0.752941 0.752941 0.752941, 0.752941 0.752941 0.752941, 0.752941 0.752941 0.752941, 
            0.752941 0.752941 0.752941, 0.752941 0.752941 0.752941, 0.752941 0.752941 0.752941, 0.752941 0.752941 0.752941, 
            0.752941 0.752941 0.752941, 0.752941 0.752941 0.752941, 0.752941 0.752941 0.752941, 0.752941 0.752941 0.752941, 
            0.752941 0.752941 0.752941, 0.752941 0.752941 0.752941, 0.752941 0.752941 0.752941, 0.752941 0.752941 0.752941, 
            0.752941 0.752941 0.752941, 0.752941 0.752941 0.752941, 0.752941 0.752941 0.752941, 0.752941 0.752941 0.752941, 
            0.752941 0.752941 0.752941, 0.752941 0.752941 0.752941, 0.752941 0.752941 0.752941, 0.752941 0.752941 0.752941, 
            0.752941 0.752941 0.752941, 0.752941 0.752941 0.752941, 0.752941 0.752941 0.752941, 0.752941 0.752941 0.752941, 
            0.752941 0.752941 0.752941, 0.752941 0.752941 0.752941, 0.752941 0.752941 0.752941, 0.752941 0.752941 0.752941, 
            0.752941 0.752941 0.752941, 0.752941 0.752941 0.752941, 0.752941 0.752941 0.752941, 0.752941 0.752941 0.752941, 
            0.752941 0.752941 0.752941, 0.752941 0.752941 0.752941, 0.752941 0.752941 0.752941, 0.752941 0.752941 0.752941, 
            0.752941 0.752941 0.752941, 0.752941 0.752941 0.752941, 0.752941 0.752941 0.752941, 0.752941 0.752941 0.752941, 
            0.752941 0.752941 0.752941, 0.752941 0.752941 0.752941, 0.752941 0.752941 0.752941, 0.752941 0.752941 0.752941, 
            0.752941 0.752941 0.752941, 0.752941 0.752941 0.752941, 0.752941 0.752941 0.752941, 0.752941 0.752941 0.752941, 
            0.752941 0.752941 0.752941, 0.752941 0.752941 0.752941, 0.752941 0.752941 0.752941, 0.752941 0.752941 0.752941, 
            0.752941 0.752941 0.752941, 0.752941 0.752941 0.752941, 0.752941 0.752941 0.752941, 0.752941 0.752941 0.752941, 
            0.752941 0.752941 0.752941, 0.752941 0.752941 0.752941, 0.752941 0.752941 0.752941, 0.752941 0.752941 0.752941, 
            0.752941 0.752941 0.752941, 0.752941 0.752941 0.752941, 0.752941 0.752941 0.752941, 0.752941 0.752941 0.752941, 
            0.752941 0.752941 0.752941, 0.752941 0.752941 0.752941, 0.752941 0.752941 0.752941, 0.752941 0.752941 0.752941, 
            0.752941 0.752941 0.752941, 0.752941 0.752941 0.752941, 0.752941 0.752941 0.752941, 0.752941 0.752941 0.752941, 
            0.752941 0.752941 0.752941, 0.752941 0.752941 0.752941, 0.752941 0.752941 0.752941, 0.752941 0.752941 0.752941, 
            0.752941 0.752941 0.752941, 0.752941 0.752941 0.752941, 0.752941 0.752941 0.752941, 0.752941 0.752941 0.752941, 
            0.752941 0.752941 0.752941, 0.752941 0.752941 0.752941, 0.752941 0.752941 0.752941, 0.752941 0.752941 0.752941, 
            0.752941 0.752941 0.752941, 0.752941 0.752941 0.752941, 0.752941 0.752941 0.752941, 0.752941 0.752941 0.752941, 
            0.752941 0.752941 0.752941, 0.752941 0.752941 0.752941, 0.752941 0.752941 0.752941, 0.752941 0.752941 0.752941, 
            0.752941 0.752941 0.752941, 0.752941 0.752941 0.752941, 0.752941 0.752941 0.752941, 0.752941 0.752941 0.752941, 
            0.752941 0.752941 0.752941, 0.752941 0.752941 0.752941, 0.752941 0.752941 0.752941, 0.752941 0.752941 0.752941, 
            0.752941 0.752941 0.752941, 0.752941 0.752941 0.752941, 0.752941 0.752941 0.752941, 0.752941 0.752941 0.752941, 
            0.752941 0.752941 0.752941, 0.752941 0.752941 0.752941, 0.752941 0.752941 0.752941, 0.752941 0.752941 0.752941, 
            0.752941 0.752941 0.752941, 0.752941 0.752941 0.752941, 0.752941 0.752941 0.752941, 0.752941 0.752941 0.752941, 
            0.752941 0.752941 0.752941, 0.752941 0.752941 0.752941, 0.752941 0.752941 0.752941, 0.752941 0.752941 0.752941, 
            0.752941 0.752941 0.752941, 0.752941 0.752941 0.752941, 0.752941 0.752941 0.752941, 0.752941 0.752941 0.752941, 
            0.752941 0.752941 0.752941, 0.752941 0.752941 0.752941, 0.752941 0.752941 0.752941, 0.752941 0.752941 0.752941, 
            0.752941 0.752941 0.752941, 0.752941 0.752941 0.752941, 0.752941 0.752941 0.752941, 0.752941 0.752941 0.752941, 
            0.752941 0.752941 0.752941, 0.752941 0.752941 0.752941, 0.752941 0.752941 0.752941, 0.752941 0.752941 0.752941, 
            0.752941 0.752941 0.752941, 0.752941 0.752941 0.752941, 0.752941 0.752941 0.752941, 0.752941 0.752941 0.752941, 
            0.752941 0.752941 0.752941, 0.752941 0.752941 0.752941, 0.752941 0.752941 0.752941, 0.752941 0.752941 0.752941, 
            0.752941 0.752941 0.752941, 0.752941 0.752941 0.752941, 0.752941 0.752941 0.752941, 0.752941 0.752941 0.752941, 
            0.752941 0.752941 0.752941, 0.752941 0.752941 0.752941, 0.752941 0.752941 0.752941, 0.752941 0.752941 0.752941, 
            0.752941 0.752941 0.752941, 0.752941 0.752941 0.752941, 0.752941 0.752941 0.752941, 0.752941 0.752941 0.752941, 
            0.752941 0.752941 0.752941, 0.752941 0.752941 0.752941, 0.752941 0.752941 0.752941, 0.752941 0.752941 0.752941, 
            0.752941 0.752941 0.752941, 0.752941 0.752941 0.752941, 0.752941 0.752941 0.752941, 0.752941 0.752941 0.752941, 
            0.752941 0.752941 0.752941, 0.752941 0.752941 0.752941, 0.752941 0.752941 0.752941, 0.752941 0.752941 0.752941, 
            0.752941 0.752941 0.752941, 0.752941 0.752941 0.752941, 0.752941 0.752941 0.752941, 0.752941 0.752941 0.752941, 
            0.752941 0.752941 0.752941, 0.752941 0.752941 0.752941, 0.752941 0.752941 0.752941, 0.752941 0.752941 0.752941, 
            0.752941 0.752941 0.752941, 0.752941 0.752941 0.752941, 0.752941 0.752941 0.752941, 0.752941 0.752941 0.752941, 
            0.752941 0.752941 0.752941, 0.752941 0.752941 0.752941, 0.752941 0.752941 0.752941, 0.752941 0.752941 0.752941, 
            0.752941 0.752941 0.752941, 0.752941 0.752941 0.752941, 0.752941 0.752941 0.752941, 0.752941 0.752941 0.752941, 
            0.752941 0.752941 0.752941, 0.752941 0.752941 0.752941, 0.752941 0.752941 0.752941, 0.752941 0.752941 0.752941, 
            0.752941 0.752941 0.752941, 0.752941 0.752941 0.752941, 0.752941 0.752941 0.752941, 0.752941 0.752941 0.752941, 
            0.752941 0.752941 0.752941, 0.752941 0.752941 0.752941, 0.752941 0.752941 0.752941, 0.752941 0.752941 0.752941, 
            0.752941 0.752941 0.752941, 0.752941 0.752941 0.752941, 0.752941 0.752941 0.752941, 0.752941 0.752941 0.752941, 
            0.752941 0.752941 0.752941, 0.752941 0.752941 0.752941, 0.752941 0.752941 0.752941, 0.752941 0.752941 0.752941, 
            0.752941 0.752941 0.752941, 0.752941 0.752941 0.752941, 0.752941 0.752941 0.752941, 0.752941 0.752941 0.752941, 
            0.752941 0.752941 0.752941, 0.752941 0.752941 0.752941, 0.752941 0.752941 0.752941, 0.752941 0.752941 0.752941, 
            0.752941 0.752941 0.752941, 0.752941 0.752941 0.752941, 0.752941 0.752941 0.752941, 0.752941 0.752941 0.752941, 
            0.752941 0.752941 0.752941, 0.752941 0.752941 0.752941, 0.752941 0.752941 0.752941, 0.752941 0.752941 0.752941, 
            0.25098 0.25098 0.25098, 0.25098 0.25098 0.25098, 0.25098 0.25098 0.25098, 0.25098 0.25098 0.25098, 
            0.25098 0.25098 0.25098, 0.25098 0.25098 0.25098, 0.25098 0.25098 0.25098, 0.25098 0.25098 0.25098, 
            0.25098 0.25098 0.25098, 0.25098 0.25098 0.25098, 0.25098 0.25098 0.25098, 0.25098 0.25098 0.25098, 
            0.25098 0.25098 0.25098, 0.25098 0.25098 0.25098, 0.25098 0.25098 0.25098, 0.25098 0.25098 0.25098, 
            0.25098 0.25098 0.25098, 0.25098 0.25098 0.25098, 0.25098 0.25098 0.25098, 0.25098 0.25098 0.25098, 
            0.25098 0.25098 0.25098, 0.25098 0.25098 0.25098, 0.25098 0.25098 0.25098, 0.25098 0.25098 0.25098, 
            0.25098 0.25098 0.25098, 0.25098 0.25098 0.25098, 0.25098 0.25098 0.25098, 0.25098 0.25098 0.25098, 
            0.25098 0.25098 0.25098, 0.25098 0.25098 0.25098, 0.25098 0.25098 0.25098, 0.25098 0.25098 0.25098, 
            0.25098 0.25098 0.25098, 0.25098 0.25098 0.25098, 0.25098 0.25098 0.25098, 0.25098 0.25098 0.25098, 
            0.25098 0.25098 0.25098, 0.25098 0.25098 0.25098, 0.25098 0.25098 0.25098, 0.25098 0.25098 0.25098, 
            0.25098 0.25098 0.25098, 0.25098 0.25098 0.25098, 0.25098 0.25098 0.25098, 0.25098 0.25098 0.25098, 
            0.25098 0.25098 0.25098, 0.25098 0.25098 0.25098, 0.25098 0.25098 0.25098, 0.25098 0.25098 0.25098, 
            0.25098 0.25098 0.25098, 0.25098 0.25098 0.25098, 0.25098 0.25098 0.25098, 0.25098 0.25098 0.25098, 
            0.25098 0.25098 0.25098, 0.25098 0.25098 0.25098, 0.25098 0.25098 0.25098, 0.25098 0.25098 0.25098, 
            0.25098 0.25098 0.25098, 0.25098 0.25098 0.25098, 0.25098 0.25098 0.25098, 0.25098 0.25098 0.25098, 
            0.25098 0.25098 0.25098, 0.25098 0.25098 0.25098, 0.25098 0.25098 0.25098, 0.25098 0.25098 0.25098, 
            0.25098 0.25098 0.25098, 0.25098 0.25098 0.25098, 0.25098 0.25098 0.25098, 0.25098 0.25098 0.25098, 
            0.25098 0.25098 0.25098, 0.25098 0.25098 0.25098, 0.25098 0.25098 0.25098, 0.25098 0.25098 0.25098, 
            0.25098 0.25098 0.25098, 0.25098 0.25098 0.25098, 0.25098 0.25098 0.25098, 0.25098 0.25098 0.25098, 
            0.25098 0.25098 0.25098, 0.25098 0.25098 0.25098, 0.25098 0.25098 0.25098, 0.25098 0.25098 0.25098, 
            0.25098 0.25098 0.25098, 0.25098 0.25098 0.25098, 0.25098 0.25098 0.25098, 0.25098 0.25098 0.25098, 
            0.25098 0.25098 0.25098, 0.25098 0.25098 0.25098, 0.25098 0.25098 0.25098, 0.25098 0.25098 0.25098, 
            0.25098 0.25098 0.25098, 0.25098 0.25098 0.25098, 0.25098 0.25098 0.25098, 0.25098 0.25098 0.25098, 
            0.25098 0.25098 0.25098, 0.25098 0.25098 0.25098, 0.25098 0.25098 0.25098, 0.25098 0.25098 0.25098, 
            0.25098 0.25098 0.25098, 0.25098 0.25098 0.25098, 0.25098 0.25098 0.25098, 0.25098 0.25098 0.25098, 
            0.25098 0.25098 0.25098, 0.25098 0.25098 0.25098, 0.25098 0.25098 0.25098, 0.25098 0.25098 0.25098, 
            0.25098 0.25098 0.25098, 0.25098 0.25098 0.25098, 0.25098 0.25098 0.25098, 0.25098 0.25098 0.25098, 
            0.25098 0.25098 0.25098, 0.25098 0.25098 0.25098, 0.25098 0.25098 0.25098, 0.25098 0.25098 0.25098, 
            0.25098 0.25098 0.25098, 0.25098 0.25098 0.25098, 0.25098 0.25098 0.25098, 0.25098 0.25098 0.25098, 
            0.25098 0.25098 0.25098, 0.25098 0.25098 0.25098, 0.25098 0.25098 0.25098, 0.25098 0.25098 0.25098, 
            0.25098 0.25098 0.25098, 0.25098 0.25098 0.25098, 0.25098 0.25098 0.25098, 0.25098 0.25098 0.25098, 
            0.25098 0.25098 0.25098, 0.25098 0.25098 0.25098, 0.25098 0.25098 0.25098, 0.25098 0.25098 0.25098, 
            0.25098 0.25098 0.25098, 0.25098 0.25098 0.25098, 0.25098 0.25098 0.25098, 0.25098 0.25098 0.25098, 
            0.25098 0.25098 0.25098, 0.25098 0.25098 0.25098, 0.25098 0.25098 0.25098, 0.25098 0.25098 0.25098, 
            0.25098 0.25098 0.25098, 0.25098 0.25098 0.25098, 0.25098 0.25098 0.25098, 0.25098 0.25098 0.25098, 
            0.25098 0.25098 0.25098, 0.25098 0.25098 0.25098, 0.25098 0.25098 0.25098, 0.25098 0.25098 0.25098, 
            0.25098 0.25098 0.25098, 0.25098 0.25098 0.25098, 0.25098 0.25098 0.25098, 0.25098 0.25098 0.25098, 
            0.25098 0.25098 0.25098, 0.25098 0.25098 0.25098, 0.25098 0.25098 0.25098, 0.25098 0.25098 0.25098, 
            0.25098 0.25098 0.25098, 0.25098 0.25098 0.25098, 0.25098 0.25098 0.25098, 0.25098 0.25098 0.25098, 
            0.25098 0.25098 0.25098, 0.25098 0.25098 0.25098, 0.25098 0.25098 0.25098, 0.25098 0.25098 0.25098, 
            0.25098 0.25098 0.25098, 0.25098 0.25098 0.25098, 0.25098 0.25098 0.25098, 0.25098 0.25098 0.25098, 
            0.25098 0.25098 0.25098, 0.25098 0.25098 0.25098, 0.25098 0.25098 0.25098, 0.25098 0.25098 0.25098, 
            0.25098 0.25098 0.25098, 0.25098 0.25098 0.25098, 0.25098 0.25098 0.25098, 0.25098 0.25098 0.25098, 
            0.25098 0.25098 0.25098, 0.25098 0.25098 0.25098, 0.25098 0.25098 0.25098, 0.25098 0.25098 0.25098, 
            0.25098 0.25098 0.25098, 0.25098 0.25098 0.25098, 0.25098 0.25098 0.25098, 0.25098 0.25098 0.25098, 
            0.25098 0.25098 0.25098, 0.25098 0.25098 0.25098, 0.25098 0.25098 0.25098, 0.25098 0.25098 0.25098, 
            0.25098 0.25098 0.25098, 0.25098 0.25098 0.25098, 0.25098 0.25098 0.25098, 0.25098 0.25098 0.25098, 
            0.25098 0.25098 0.25098, 0.25098 0.25098 0.25098, 0.25098 0.25098 0.25098, 0.25098 0.25098 0.25098, 
            0.25098 0.25098 0.25098, 0.25098 0.25098 0.25098, 0.25098 0.25098 0.25098, 0.25098 0.25098 0.25098, 
            0.25098 0.25098 0.25098, 0.25098 0.25098 0.25098, 0.25098 0.25098 0.25098, 0.25098 0.25098 0.25098, 
            0.25098 0.25098 0.25098, 0.25098 0.25098 0.25098, 0.25098 0.25098 0.25098, 0.25098 0.25098 0.25098, 
            0.25098 0.25098 0.25098, 0.25098 0.25098 0.25098, 0.25098 0.25098 0.25098, 0.25098 0.25098 0.25098, 
            0.25098 0.25098 0.25098, 0.25098 0.25098 0.25098, 0.25098 0.25098 0.25098, 0.25098 0.25098 0.25098, 
            0.25098 0.25098 0.25098, 0.25098 0.25098 0.25098, 0.25098 0.25098 0.25098, 0.25098 0.25098 0.25098, 
            0.25098 0.25098 0.25098, 0.25098 0.25098 0.25098, 0.25098 0.25098 0.25098, 0.25098 0.25098 0.25098, 
            0.25098 0.25098 0.25098, 0.25098 0.25098 0.25098, 0.25098 0.25098 0.25098, 0.25098 0.25098 0.25098, 
            0.25098 0.25098 0.25098, 0.25098 0.25098 0.25098, 0.25098 0.25098 0.25098, 0.25098 0.25098 0.25098, 
            0.25098 0.25098 0.25098, 0.25098 0.25098 0.25098, 0.25098 0.25098 0.25098, 0.25098 0.25098 0.25098, 
            0.25098 0.25098 0.25098, 0.25098 0.25098 0.25098, 0.25098 0.25098 0.25098, 0.25098 0.25098 0.25098, 
            0.25098 0.25098 0.25098, 0.25098 0.25098 0.25098, 0.752941 0.752941 0.752941, 0.752941 0.752941 0.752941, 
            0.752941 0.752941 0.752941, 0.752941 0.752941 0.752941, 0.752941 0.752941 0.752941, 0.752941 0.752941 0.752941, 
            0.752941 0.752941 0.752941, 0.752941 0.752941 0.752941, 0.752941 0.752941 0.752941, 0.752941 0.752941 0.752941, 
            0.752941 0.752941 0.752941, 0.752941 0.752941 0.752941, 0.752941 0.752941 0.752941, 0.752941 0.752941 0.752941, 
            0.752941 0.752941 0.752941, 0.752941 0.752941 0.752941, 0.752941 0.752941 0.752941, 0.752941 0.752941 0.752941, 
            0.752941 0.752941 0.752941, 0.752941 0.752941 0.752941, 0.752941 0.752941 0.752941, 0.752941 0.752941 0.752941, 
            0.752941 0.752941 0.752941, 0.752941 0.752941 0.752941, 0.752941 0.752941 0.752941, 0.752941 0.752941 0.752941, 
            0.752941 0.752941 0.752941, 0.752941 0.752941 0.752941, 0.752941 0.752941 0.752941, 0.752941 0.752941 0.752941, 
            0.752941 0.752941 0.752941, 0.752941 0.752941 0.752941, 0.752941 0.752941 0.752941, 0.752941 0.752941 0.752941, 
            0.752941 0.752941 0.752941, 0.752941 0.752941 0.752941, 0.752941 0.752941 0.752941, 0.752941 0.752941 0.752941, 
            0.752941 0.752941 0.752941, 0.752941 0.752941 0.752941, 0.752941 0.752941 0.752941, 0.752941 0.752941 0.752941, 
            0.752941 0.752941 0.752941, 0.752941 0.752941 0.752941, 0.752941 0.752941 0.752941, 0.752941 0.752941 0.752941, 
            0.752941 0.752941 0.752941, 0.752941 0.752941 0.752941, 0.752941 0.752941 0.752941, 0.752941 0.752941 0.752941, 
            0.752941 0.752941 0.752941, 0.752941 0.752941 0.752941, 0.752941 0.752941 0.752941, 0.752941 0.752941 0.752941, 
            0.752941 0.752941 0.752941, 0.752941 0.752941 0.752941, 0.752941 0.752941 0.752941, 0.752941 0.752941 0.752941, 
            0.752941 0.752941 0.752941, 0.752941 0.752941 0.752941, 0.752941 0.752941 0.752941, 0.752941 0.752941 0.752941, 
            0.752941 0.752941 0.752941, 0.752941 0.752941 0.752941, 0.752941 0.752941 0.752941, 0.752941 0.752941 0.752941, 
            0.752941 0.752941 0.752941, 0.752941 0.752941 0.752941, 0.752941 0.752941 0.752941, 0.752941 0.752941 0.752941, 
            0.752941 0.752941 0.752941, 0.752941 0.752941 0.752941, 0.752941 0.752941 0.752941, 0.752941 0.752941 0.752941, 
            0.752941 0.752941 0.752941, 0.752941 0.752941 0.752941, 0.752941 0.752941 0.752941, 0.752941 0.752941 0.752941, 
            0.752941 0.752941 0.752941, 0.752941 0.752941 0.752941, 0.752941 0.752941 0.752941, 0.752941 0.752941 0.752941, 
            0.752941 0.752941 0.752941, 0.752941 0.752941 0.752941, 0.752941 0.752941 0.752941, 0.752941 0.752941 0.752941, 
            0.752941 0.752941 0.752941, 0.752941 0.752941 0.752941, 0.752941 0.752941 0.752941, 0.752941 0.752941 0.752941, 
            0.752941 0.752941 0.752941, 0.752941 0.752941 0.752941, 0.752941 0.752941 0.752941, 0.752941 0.752941 0.752941, 
            0.752941 0.752941 0.752941, 0.752941 0.752941 0.752941, 0.752941 0.752941 0.752941, 0.752941 0.752941 0.752941, 
            0.752941 0.752941 0.752941, 0.752941 0.752941 0.752941, 0.752941 0.752941 0.752941, 0.752941 0.752941 0.752941, 
            0.752941 0.752941 0.752941, 0.752941 0.752941 0.752941, 0.752941 0.752941 0.752941, 0.752941 0.752941 0.752941, 
            0.752941 0.752941 0.752941, 0.752941 0.752941 0.752941, 0.752941 0.752941 0.752941, 0.752941 0.752941 0.752941, 
            0.752941 0.752941 0.752941, 0.752941 0.752941 0.752941, 0.752941 0.752941 0.752941, 0.752941 0.752941 0.752941, 
            0.752941 0.752941 0.752941, 0.752941 0.752941 0.752941, 0.752941 0.752941 0.752941, 0.752941 0.752941 0.752941, 
            0.752941 0.752941 0.752941, 0.752941 0.752941 0.752941, 0.752941 0.752941 0.752941, 0.752941 0.752941 0.752941, 
            0.752941 0.752941 0.752941, 0.752941 0.752941 0.752941, 0.752941 0.752941 0.752941, 0.752941 0.752941 0.752941, 
            0.752941 0.752941 0.752941, 0.752941 0.752941 0.752941, 0.752941 0.752941 0.752941, 0.752941 0.752941 0.752941, 
            0.752941 0.752941 0.752941, 0.752941 0.752941 0.752941, 0.752941 0.752941 0.752941, 0.752941 0.752941 0.752941, 
            0.752941 0.752941 0.752941, 0.752941 0.752941 0.752941, 0.752941 0.752941 0.752941, 0.752941 0.752941 0.752941, 
            0.752941 0.752941 0.752941, 0.752941 0.752941 0.752941, 0.752941 0.752941 0.752941, 0.752941 0.752941 0.752941, 
            0.752941 0.752941 0.752941, 0.752941 0.752941 0.752941, 0.752941 0.752941 0.752941, 0.752941 0.752941 0.752941, 
            0.752941 0.752941 0.752941, 0.752941 0.752941 0.752941, 0.752941 0.752941 0.752941, 0.752941 0.752941 0.752941, 
            0.752941 0.752941 0.752941, 0.752941 0.752941 0.752941, 0.752941 0.752941 0.752941, 0.752941 0.752941 0.752941, 
            0.752941 0.752941 0.752941, 0.752941 0.752941 0.752941, 0.752941 0.752941 0.752941, 0.752941 0.752941 0.752941, 
            0.752941 0.752941 0.752941, 0.752941 0.752941 0.752941, 0.752941 0.752941 0.752941, 0.752941 0.752941 0.752941, 
            0.752941 0.752941 0.752941, 0.752941 0.752941 0.752941, 0.752941 0.752941 0.752941, 0.752941 0.752941 0.752941, 
            0.752941 0.752941 0.752941, 0.752941 0.752941 0.752941, 0.752941 0.752941 0.752941, 0.752941 0.752941 0.752941, 
            0.752941 0.752941 0.752941, 0.752941 0.752941 0.752941, 0.752941 0.752941 0.752941, 0.752941 0.752941 0.752941, 
            0.752941 0.752941 0.752941, 0.752941 0.752941 0.752941, 0.752941 0.752941 0.752941, 0.752941 0.752941 0.752941, 
            0.752941 0.752941 0.752941, 0.752941 0.752941 0.752941, 0.752941 0.752941 0.752941, 0.752941 0.752941 0.752941, 
            0.752941 0.752941 0.752941, 0.752941 0.752941 0.752941, 0.752941 0.752941 0.752941, 0.752941 0.752941 0.752941, 
            0.752941 0.752941 0.752941, 0.752941 0.752941 0.752941, 0.752941 0.752941 0.752941, 0.752941 0.752941 0.752941, 
            0.752941 0.752941 0.752941, 0.752941 0.752941 0.752941, 0.752941 0.752941 0.752941, 0.752941 0.752941 0.752941, 
            0.752941 0.752941 0.752941, 0.752941 0.752941 0.752941, 0.752941 0.752941 0.752941, 0.752941 0.752941 0.752941, 
            0.752941 0.752941 0.752941, 0.752941 0.752941 0.752941, 0.752941 0.752941 0.752941, 0.752941 0.752941 0.752941, 
            0.752941 0.752941 0.752941, 0.752941 0.752941 0.752941, 0.752941 0.752941 0.752941, 0.752941 0.752941 0.752941, 
            0.752941 0.752941 0.752941, 0.752941 0.752941 0.752941, 0.752941 0.752941 0.752941, 0.752941 0.752941 0.752941, 
            0.752941 0.752941 0.752941, 0.752941 0.752941 0.752941, 0.752941 0.752941 0.752941, 0.752941 0.752941 0.752941, 
            0.752941 0.752941 0.752941, 0.752941 0.752941 0.752941, 0.752941 0.752941 0.752941, 0.752941 0.752941 0.752941, 
            0.752941 0.752941 0.752941, 0.752941 0.752941 0.752941, 0.752941 0.752941 0.752941, 0.752941 0.752941 0.752941, 
            0.752941 0.752941 0.752941, 0.752941 0.752941 0.752941, 0.752941 0.752941 0.752941, 0.752941 0.752941 0.752941, 
            0.752941 0.752941 0.752941, 0.752941 0.752941 0.752941, 0.752941 0.752941 0.752941, 0.752941 0.752941 0.752941, 
            0.752941 0.752941 0.752941, 0.752941 0.752941 0.752941, 1 1 0.501961, 1 1 0.501961, 
            1 1 0.501961, 1 1 0.501961, 1 1 0.501961, 1 1 0.501961, 
            1 1 0.501961, 1 1 0.501961, 1 1 0.501961, 1 1 0.501961, 
            1 1 0.501961, 1 1 0.501961, 1 1 0.501961, 1 1 0.501961, 
            1 1 0.501961, 1 1 0.501961, 1 1 0.501961, 1 1 0.501961, 
            1 1 0.501961, 1 1 0.501961, 1 1 0.501961, 1 1 0.501961, 
            1 1 0.501961, 1 1 0.501961, 1 1 0.501961, 1 1 0.501961, 
            1 1 0.501961, 1 1 0.501961, 1 1 0.501961, 1 1 0.501961, 
            1 1 0.501961, 1 1 0.501961, 1 1 0.501961, 1 1 0.501961, 
            1 1 0.501961, 1 1 0.501961, 1 1 0.501961, 1 1 0.501961, 
            1 1 0.501961, 1 1 0.501961, 1 1 0.501961, 1 1 0.501961, 
            1 1 0.501961, 1 1 0.501961, 1 1 0.501961, 1 1 0.501961, 
            1 1 0.501961, 1 1 0.501961, 1 1 0.501961, 1 1 0.501961, 
            1 1 0.501961, 1 1 0.501961, 1 1 0.501961, 1 1 0.501961, 
            1 1 0.501961, 1 1 0.501961, 1 1 0.501961, 1 1 0.501961, 
            1 1 0.501961, 1 1 0.501961, 1 1 0.501961, 1 1 0.501961, 
            1 1 0.501961, 1 1 0.501961, 1 1 0.501961, 1 1 0.501961, 
            1 1 0.501961, 1 1 0.501961, 1 1 0.501961, 1 1 0.501961, 
            1 1 0.501961, 1 1 0.501961, 1 1 0.501961, 1 1 0.501961, 
            1 1 0.501961, 1 1 0.501961, 1 1 0.501961, 1 1 0.501961, 
            1 1 0.501961, 1 1 0.501961, 1 1 0.501961, 1 1 0.501961, 
            1 1 0.501961, 1 1 0.501961, 1 1 0.501961, 1 1 0.501961, 
            1 1 0.501961, 1 1 0.501961, 1 1 0.501961, 1 1 0.501961, 
            1 1 0.501961, 1 1 0.501961, 1 1 0.501961, 1 1 0.501961, 
            1 1 0.501961, 1 1 0.501961, 1 1 0.501961, 1 1 0.501961, 
            1 1 0.501961, 1 1 0.501961, 1 1 0.501961, 1 1 0.501961, 
            1 1 0.501961, 1 1 0.501961, 1 1 0.501961, 1 1 0.501961, 
            1 1 0.501961, 1 1 0.501961, 1 1 0.501961, 1 1 0.501961, 
            1 1 0.501961, 1 1 0.501961, 1 1 0.501961, 1 1 0.501961, 
            1 1 0.501961, 1 1 0.501961, 1 1 0.501961, 1 1 0.501961, 
            1 1 0.501961, 1 1 0.501961, 1 1 0.501961, 1 1 0.501961, 
            1 1 0.501961, 1 1 0.501961, 1 1 0.501961, 1 1 0.501961, 
            1 1 0.501961, 1 1 0.501961, 1 1 0.501961, 1 1 0.501961, 
            1 1 0.501961, 1 1 0.501961, 1 1 0.501961, 1 1 0.501961, 
            1 1 0.501961, 1 1 0.501961, 1 1 0.501961, 1 1 0.501961, 
            1 1 0.501961, 1 1 0.501961, 1 1 0.501961, 1 1 0.501961, 
            1 1 0.501961, 1 1 0.501961, 1 1 0.501961, 1 1 0.501961, 
            1 1 0.501961, 1 1 0.501961, 1 1 0.501961, 1 1 0.501961, 
            1 1 0.501961, 1 1 0.501961, 1 1 0.501961, 1 1 0.501961, 
            1 1 0.501961, 1 1 0.501961, 1 1 0.501961, 1 1 0.501961, 
            1 1 0.501961, 1 1 0.501961, 1 1 0.501961, 1 1 0.501961, 
            1 1 0.501961, 1 1 0.501961, 1 1 0.501961, 1 1 0.501961, 
            1 1 0.501961, 1 1 0.501961, 1 1 0.501961, 1 1 0.501961, 
            1 1 0.501961, 1 1 0.501961, 1 1 0.501961, 1 1 0.501961, 
            1 1 0.501961, 1 1 0.501961, 1 1 0.501961, 1 1 0.501961, 
            1 1 0.501961, 1 1 0.501961, 1 1 0.501961, 1 1 0.501961, 
            1 1 0.501961, 1 1 0.501961, 1 1 0.501961, 1 1 0.501961, 
            1 1 0.501961, 1 1 0.501961, 1 1 0.501961, 1 1 0.501961, 
            1 1 0.501961, 1 1 0.501961, 1 1 0.501961, 1 1 0.501961, 
            1 1 0.501961, 1 1 0.501961, 1 1 0.501961, 1 1 0.501961, 
            1 1 0.501961, 1 1 0.501961, 1 1 0.501961, 1 1 0.501961, 
            1 1 0.501961, 1 1 0.501961, 1 1 0.501961, 1 1 0.501961, 
            1 1 0.501961, 1 1 0.501961, 1 1 0.501961, 1 1 0.501961, 
            1 1 0.501961, 1 1 0.501961, 1 1 0.501961, 1 1 0.501961, 
            1 1 0.501961, 1 1 0.501961, 1 1 0.501961, 1 1 0.501961, 
            1 1 0.501961, 1 1 0.501961, 1 1 0.501961, 1 1 0.501961, 
            1 1 0.501961, 1 1 0.501961, 1 1 0.501961, 1 1 0.501961, 
            1 1 0.501961, 1 1 0.501961, 1 1 0.501961, 1 1 0.501961, 
            1 1 0.501961, 1 1 0.501961, 1 1 0.501961, 1 1 0.501961, 
            1 1 0.501961, 1 1 0.501961, 1 1 0.501961, 1 1 0.501961, 
            1 1 0.501961, 1 1 0.501961, 1 1 0.501961, 1 1 0.501961, 
            1 1 0.501961, 1 1 0.501961, 1 1 0.501961, 1 1 0.501961, 
            1 1 0.501961, 1 1 0.501961, 1 1 0.501961, 1 1 0.501961, 
            1 1 0.501961, 1 1 0.501961, 1 1 0.501961, 1 1 0.501961, 
            1 1 0.501961, 1 1 0.501961, 1 1 0.501961, 1 1 0.501961, 
            1 1 0.501961, 1 1 0.501961, 1 1 0.501961, 1 1 0.501961, 
            1 1 0.501961, 1 1 0.501961, 1 1 0.501961, 1 1 0.501961, 
            1 1 0.501961, 1 1 0.501961, 1 1 0.501961, 1 1 0.501961, 
            1 1 0.501961, 1 1 0.501961, 1 1 0.501961, 1 1 0.501961, 
            1 1 0.501961, 1 1 0.501961, 1 1 0.501961, 1 1 0.501961, 
            1 1 0.501961, 1 1 0.501961, 1 1 0.501961, 1 1 0.501961, 
            1 1 0.501961, 1 1 0.501961, 1 1 0.501961, 1 1 0.501961, 
            1 1 0.501961, 1 1 0.501961, 1 1 0.501961, 1 1 0.501961, 
            1 1 0.501961, 1 1 0.501961, 1 1 0.501961, 1 1 0.501961, 
            1 1 0.501961, 1 1 0.501961, 1 1 0.501961, 1 1 0.501961, 
            1 1 0.501961, 1 1 0.501961, 1 1 0.501961, 1 1 0.501961, 
            1 1 0.501961, 1 1 0.501961, 1 1 0.501961, 1 1 0.501961, 
            1 1 0.501961, 1 1 0.501961, 1 1 0.501961, 1 1 0.501961, 
            1 1 0.501961, 1 1 0.501961, 1 1 0.501961, 1 1 0.501961, 
            1 1 0.501961, 1 1 0.501961, 1 1 0.501961, 1 1 0.501961, 
            1 1 0.501961, 1 1 0.501961, 1 1 0.501961, 1 1 0.501961, 
            1 1 0.501961, 1 1 0.501961, 1 1 0.501961, 1 1 0.501961, 
            1 1 0.501961, 1 1 0.501961, 1 1 0.501961, 1 1 0.501961, 
            1 1 0.501961, 1 1 0.501961, 1 1 0.501961, 1 1 0.501961, 
            1 1 0.501961, 1 1 0.501961, 1 1 0.501961, 1 1 0.501961, 
            1 1 0.501961, 1 1 0.501961, 1 1 0.501961, 1 1 0.501961, 
            1 1 0.501961, 1 1 0.501961, 1 1 0.501961, 1 1 0.501961, 
            1 1 0.501961, 1 1 0.501961, 1 1 0.501961, 1 1 0.501961, 
            1 1 0.501961, 1 1 0.501961, 1 1 0.501961, 1 1 0.501961, 
            1 1 0.501961, 1 1 0.501961, 1 1 0.501961, 1 1 0.501961, 
            1 1 0.501961, 1 1 0.501961, 1 1 0.501961, 1 1 0.501961, 
            1 1 0.501961, 1 1 0.501961, 1 1 0.501961, 1 1 0.501961, 
            1 1 0.501961, 1 1 0.501961, 1 1 0.501961, 1 1 0.501961, 
            1 1 0.501961, 1 1 0.501961, 1 1 0.501961, 1 1 0.501961, 
            1 1 0.501961, 1 1 0.501961, 1 1 0.501961, 1 1 0.501961, 
            1 1 0.501961, 1 1 0.501961, 1 1 0.501961, 1 1 0.501961, 
            1 1 0.501961, 1 1 0.501961, 1 1 0.501961, 1 1 0.501961, 
            1 1 0.501961, 1 1 0.501961, 1 1 0.501961, 1 1 0.501961, 
            1 1 0.501961, 1 1 0.501961, 1 1 0.501961, 1 1 0.501961, 
            1 1 0.501961, 1 1 0.501961, 1 1 0.501961, 1 1 0.501961, 
            1 1 0.501961, 1 1 0.501961, 1 1 0.501961, 1 1 0.501961, 
            1 1 0.501961, 1 1 0.501961, 1 1 0.501961, 1 1 0.501961, 
            1 1 0.501961, 1 1 0.501961, 1 1 0.501961, 1 1 0.501961, 
            1 1 0.501961, 1 1 0.501961, 1 1 0.501961, 1 1 0.501961, 
            1 1 0.501961, 1 1 0.501961, 1 1 0.501961, 1 1 0.501961, 
            1 1 0.501961, 1 1 0.501961, 1 1 0.501961, 1 1 0.501961, 
            1 1 0.501961, 1 1 0.501961, 1 1 0.501961, 1 1 0.501961, 
            1 1 0.501961, 1 1 0.501961, 1 1 0.501961, 1 1 0.501961, 
            1 1 0.501961, 1 1 0.501961, 1 1 0.501961, 1 1 0.501961, 
            1 1 0.501961, 1 1 0.501961, 1 1 0.501961, 0.25098 0.25098 0.25098, 
            0.25098 0.25098 0.25098, 0.25098 0.25098 0.25098, 0.25098 0.25098 0.25098, 0.25098 0.25098 0.25098, 
            0.25098 0.25098 0.25098, 0.25098 0.25098 0.25098, 0.25098 0.25098 0.25098, 0.25098 0.25098 0.25098, 
            0.25098 0.25098 0.25098, 0.25098 0.25098 0.25098, 0.25098 0.25098 0.25098, 0.25098 0.25098 0.25098, 
            0.25098 0.25098 0.25098, 0.25098 0.25098 0.25098, 0.25098 0.25098 0.25098, 0.25098 0.25098 0.25098, 
            0.25098 0.25098 0.25098, 0.25098 0.25098 0.25098, 0.25098 0.25098 0.25098, 0.25098 0.25098 0.25098, 
            0.25098 0.25098 0.25098, 0.25098 0.25098 0.25098, 0.25098 0.25098 0.25098, 0.25098 0.25098 0.25098, 
            0.25098 0.25098 0.25098, 0.25098 0.25098 0.25098, 0.25098 0.25098 0.25098, 0.25098 0.25098 0.25098, 
            0.25098 0.25098 0.25098, 0.25098 0.25098 0.25098, 0.25098 0.25098 0.25098, 0.25098 0.25098 0.25098, 
            0.25098 0.25098 0.25098, 0.25098 0.25098 0.25098, 0.25098 0.25098 0.25098, 0.25098 0.25098 0.25098, 
            0.25098 0.25098 0.25098, 0.25098 0.25098 0.25098, 0.25098 0.25098 0.25098, 0.25098 0.25098 0.25098, 
            0.25098 0.25098 0.25098, 0.25098 0.25098 0.25098, 0.25098 0.25098 0.25098, 0.25098 0.25098 0.25098, 
            0.25098 0.25098 0.25098, 0.25098 0.25098 0.25098, 0.25098 0.25098 0.25098, 0.25098 0.25098 0.25098, 
            0.25098 0.25098 0.25098, 0.25098 0.25098 0.25098, 0.25098 0.25098 0.25098, 0.25098 0.25098 0.25098, 
            0.25098 0.25098 0.25098, 0.25098 0.25098 0.25098, 0.25098 0.25098 0.25098, 0.25098 0.25098 0.25098, 
            0.25098 0.25098 0.25098, 0.25098 0.25098 0.25098, 0.25098 0.25098 0.25098, 0.25098 0.25098 0.25098, 
            0.25098 0.25098 0.25098, 0.25098 0.25098 0.25098, 0.25098 0.25098 0.25098, 0.25098 0.25098 0.25098, 
            0.25098 0.25098 0.25098, 0.25098 0.25098 0.25098, 0.25098 0.25098 0.25098, 0.25098 0.25098 0.25098, 
            0.25098 0.25098 0.25098, 0.25098 0.25098 0.25098, 0.25098 0.25098 0.25098, 0.25098 0.25098 0.25098, 
            0.25098 0.25098 0.25098, 0.25098 0.25098 0.25098, 0.25098 0.25098 0.25098, 0.25098 0.25098 0.25098, 
            0.25098 0.25098 0.25098, 0.25098 0.25098 0.25098, 0.25098 0.25098 0.25098, 0.25098 0.25098 0.25098, 
            0.25098 0.25098 0.25098, 0.25098 0.25098 0.25098, 0.25098 0.25098 0.25098, 0.25098 0.25098 0.25098, 
            0.25098 0.25098 0.25098, 0.25098 0.25098 0.25098, 0.25098 0.25098 0.25098, 0.25098 0.25098 0.25098, 
            0.25098 0.25098 0.25098, 0.25098 0.25098 0.25098, 0.25098 0.25098 0.25098, 0.25098 0.25098 0.25098, 
            0.25098 0.25098 0.25098, 0.25098 0.25098 0.25098, 0.25098 0.25098 0.25098, 0.25098 0.25098 0.25098, 
            0.25098 0.25098 0.25098, 0.25098 0.25098 0.25098, 0.25098 0.25098 0.25098, 0.25098 0.25098 0.25098, 
            0.25098 0.25098 0.25098, 0.25098 0.25098 0.25098, 0.25098 0.25098 0.25098, 0.25098 0.25098 0.25098, 
            0.25098 0.25098 0.25098, 0.25098 0.25098 0.25098, 0.25098 0.25098 0.25098, 0.25098 0.25098 0.25098, 
            0.25098 0.25098 0.25098, 0.25098 0.25098 0.25098, 0.25098 0.25098 0.25098, 0.25098 0.25098 0.25098, 
            0.25098 0.25098 0.25098, 0.25098 0.25098 0.25098, 0.25098 0.25098 0.25098, 0.25098 0.25098 0.25098, 
            0.25098 0.25098 0.25098, 0.25098 0.25098 0.25098, 0.25098 0.25098 0.25098, 0.25098 0.25098 0.25098, 
            0.25098 0.25098 0.25098, 0.25098 0.25098 0.25098, 0.25098 0.25098 0.25098, 0.25098 0.25098 0.25098, 
            0.25098 0.25098 0.25098, 0.25098 0.25098 0.25098, 0.25098 0.25098 0.25098, 0.25098 0.25098 0.25098, 
            0.25098 0.25098 0.25098, 0.25098 0.25098 0.25098, 0.25098 0.25098 0.25098, 0.25098 0.25098 0.25098, 
            0.25098 0.25098 0.25098, 0.25098 0.25098 0.25098, 0.25098 0.25098 0.25098, 0.25098 0.25098 0.25098, 
            0.25098 0.25098 0.25098, 0.25098 0.25098 0.25098, 0.25098 0.25098 0.25098, 0.25098 0.25098 0.25098, 
            0.25098 0.25098 0.25098, 0.25098 0.25098 0.25098, 0.25098 0.25098 0.25098, 0.25098 0.25098 0.25098, 
            0.25098 0.25098 0.25098, 0.25098 0.25098 0.25098, 0.25098 0.25098 0.25098, 0.25098 0.25098 0.25098, 
            0.25098 0.25098 0.25098, 0.25098 0.25098 0.25098, 0.25098 0.25098 0.25098, 0.25098 0.25098 0.25098, 
            0.25098 0.25098 0.25098, 0.25098 0.25098 0.25098, 0.25098 0.25098 0.25098, 0.25098 0.25098 0.25098, 
            0.25098 0.25098 0.25098, 0.25098 0.25098 0.25098, 0.25098 0.25098 0.25098, 0.25098 0.25098 0.25098, 
            0.25098 0.25098 0.25098, 0.25098 0.25098 0.25098, 0.25098 0.25098 0.25098, 0.25098 0.25098 0.25098, 
            0.25098 0.25098 0.25098, 0.25098 0.25098 0.25098, 0.25098 0.25098 0.25098, 0.25098 0.25098 0.25098, 
            0.25098 0.25098 0.25098, 0.25098 0.25098 0.25098, 0.25098 0.25098 0.25098, 0.25098 0.25098 0.25098, 
            0.25098 0.25098 0.25098, 0.25098 0.25098 0.25098, 0.25098 0.25098 0.25098, 0.25098 0.25098 0.25098, 
            0.25098 0.25098 0.25098, 0.25098 0.25098 0.25098, 0.25098 0.25098 0.25098, 0.25098 0.25098 0.25098, 
            0.25098 0.25098 0.25098, 0.25098 0.25098 0.25098, 0.25098 0.25098 0.25098, 0.25098 0.25098 0.25098, 
            0.25098 0.25098 0.25098, 0.25098 0.25098 0.25098, 0.25098 0.25098 0.25098, 0.25098 0.25098 0.25098, 
            0.25098 0.25098 0.25098, 0.25098 0.25098 0.25098, 0.25098 0.25098 0.25098, 0.25098 0.25098 0.25098, 
            0.25098 0.25098 0.25098, 0.25098 0.25098 0.25098, 0.25098 0.25098 0.25098, 0.25098 0.25098 0.25098, 
            0.25098 0.25098 0.25098, 0.25098 0.25098 0.25098, 0.25098 0.25098 0.25098, 0.25098 0.25098 0.25098, 
            0.25098 0.25098 0.25098, 0.25098 0.25098 0.25098, 0.25098 0.25098 0.25098, 0.25098 0.25098 0.25098, 
            0.25098 0.25098 0.25098, 0.25098 0.25098 0.25098, 0.25098 0.25098 0.25098, 0.25098 0.25098 0.25098, 
            0.25098 0.25098 0.25098, 0.25098 0.25098 0.25098, 0.25098 0.25098 0.25098, 0.25098 0.25098 0.25098, 
            0.25098 0.25098 0.25098, 0.25098 0.25098 0.25098, 0.25098 0.25098 0.25098, 0.25098 0.25098 0.25098, 
            0.25098 0.25098 0.25098, 0.25098 0.25098 0.25098, 0.25098 0.25098 0.25098, 0.25098 0.25098 0.25098, 
            0.25098 0.25098 0.25098, 0.25098 0.25098 0.25098, 0.25098 0.25098 0.25098, 0.25098 0.25098 0.25098, 
            0.25098 0.25098 0.25098, 0.25098 0.25098 0.25098, 0.25098 0.25098 0.25098, 0.25098 0.25098 0.25098, 
            0.25098 0.25098 0.25098, 0.25098 0.25098 0.25098, 0.25098 0.25098 0.25098, 0.25098 0.25098 0.25098, 
            0.25098 0.25098 0.25098, 0.25098 0.25098 0.25098, 0.25098 0.25098 0.25098, 0.25098 0.25098 0.25098, 
            0.25098 0.25098 0.25098, 0.25098 0.25098 0.25098, 0 0.501961 0, 0 0.501961 0, 
            0 0.501961 0, 0 0.501961 0, 0 0.501961 0, 0 0.501961 0, 
            0 0.501961 0, 0 0.501961 0, 0 0.501961 0, 0 0.501961 0, 
            0 0.501961 0, 0 0.501961 0, 0 0.501961 0, 0 0.501961 0, 
            0 0.501961 0, 0 0.501961 0, 0 0.501961 0, 0 0.501961 0, 
            0 0.501961 0, 0 0.501961 0, 0 0.501961 0, 0 0.501961 0, 
            0 0.501961 0, 0 0.501961 0, 0 0.501961 0, 0 0.501961 0, 
            0 0.501961 0, 0 0.501961 0, 0 0.501961 0, 0 0.501961 0, 
            0 0.501961 0, 0 0.501961 0, 0 0.501961 0, 0 0.501961 0, 
            0 0.501961 0, 0 0.501961 0, 0 0.501961 0, 0 0.501961 0, 
            0 0.501961 0, 0 0.501961 0, 0 0.501961 0, 0 0.501961 0, 
            0 0.501961 0, 0 0.501961 0, 0 0.501961 0, 0 0.501961 0, 
            0 0.501961 0, 0 0.501961 0, 0 0.501961 0, 0 0.501961 0, 
            0 0.501961 0, 0 0.501961 0, 0 0.501961 0, 0 0.501961 0, 
            0 0.501961 0, 0 0.501961 0, 0 0.501961 0, 0 0.501961 0, 
            0 0.501961 0, 0 0.501961 0, 0 0.501961 0, 0 0.501961 0, 
            0 0.501961 0, 0 0.501961 0, 0 0.501961 0, 0 0.501961 0, 
            0 0.501961 0, 0 0.501961 0, 0 0.501961 0, 0 0.501961 0, 
            0 0.501961 0, 0 0.501961 0, 0 0.501961 0, 0 0.501961 0, 
            0 0.501961 0, 0 0.501961 0, 0 0.501961 0, 0 0.501961 0, 
            0 0.501961 0, 0 0.501961 0, 0 0.501961 0, 0 0.501961 0, 
            0 0.501961 0, 0 0.501961 0, 0 0.501961 0, 0 0.501961 0, 
            0 0.501961 0, 0 0.501961 0, 0 0.501961 0, 0 0.501961 0, 
            0 0.501961 0, 0 0.501961 0, 0 0.501961 0, 0 0.501961 0, 
            0 0.501961 0, 0 0.501961 0, 0 0.501961 0, 0 0.501961 0, 
            0 0.501961 0, 0 0.501961 0, 0 0.501961 0, 0 0.501961 0, 
            0 0.501961 0, 0 0.501961 0, 0 0.501961 0, 0 0.501961 0, 
            0 0.501961 0, 0 0.501961 0, 0 0.501961 0, 0 0.501961 0, 
            0 0.501961 0, 0 0.501961 0, 0 0.501961 0, 0 0.501961 0, 
            0 0.501961 0, 0 0.501961 0, 0 0.501961 0, 0 0.501961 0, 
            0 0.501961 0, 0 0.501961 0, 0 0.501961 0, 0 0.501961 0, 
            0 0.501961 0, 0 0.501961 0, 0 0.501961 0, 0 0.501961 0, 
            0 0.501961 0, 0 0.501961 0, 0 0.501961 0, 0 0.501961 0, 
            0 0.501961 0, 0 0.501961 0, 0 0.501961 0, 0 0.501961 0, 
            0 0.501961 0, 0 0.501961 0, 0 0.501961 0, 0 0.501961 0, 
            0 0.501961 0, 0 0.501961 0, 0 0.501961 0, 0 0.501961 0, 
            0 0.501961 0, 0 0.501961 0, 0 0.501961 0, 0 0.501961 0, 
            0 0.501961 0, 0 0.501961 0, 0 0.501961 0, 0 0.501961 0, 
            0 0.501961 0, 0 0.501961 0, 0 0.501961 0, 0 0.501961 0, 
            0 0.501961 0, 0 0.501961 0, 0 0.501961 0, 0 0.501961 0, 
            0 0.501961 0, 0 0.501961 0, 0 0.501961 0, 0 0.501961 0, 
            0 0.501961 0, 0 0.501961 0, 0 0.501961 0, 0 0.501961 0, 
            0 0.501961 0, 0 0.501961 0, 0 0.501961 0, 0 0.501961 0, 
            0 0.501961 0, 0 0.501961 0, 0 0.501961 0, 0 0.501961 0, 
            0 0.501961 0, 0 0.501961 0, 0 0.501961 0, 0 0.501961 0, 
            0 0.501961 0, 0 0.501961 0, 0 0.501961 0, 0 0.501961 0, 
            0 0.501961 0, 0 0.501961 0, 0 0.501961 0, 0 0.501961 0, 
            0 0.501961 0, 0 0.501961 0, 0 0.501961 0, 0 0.501961 0, 
            0 0.501961 0, 0 0.501961 0, 0 0.501961 0, 0 0.501961 0, 
            0 0.501961 0, 0 0.501961 0, 0 0.501961 0, 0 0.501961 0, 
            0 0.501961 0, 0 0.501961 0, 0 0.501961 0, 0 0.501961 0, 
            0 0.501961 0, 0 0.501961 0, 0 0.501961 0, 0 0.501961 0, 
            0 0.501961 0, 0 0.501961 0, 0 0.501961 0, 0 0.501961 0, 
            0 0.501961 0, 0 0.501961 0, 0 0.501961 0, 0 0.501961 0, 
            0 0.501961 0, 0 0.501961 0, 0 0.501961 0, 0 0.501961 0, 
            0 0.501961 0, 0 0.501961 0, 0 0.501961 0, 0 0.501961 0, 
            0 0.501961 0, 0 0.501961 0, 0 0.501961 0, 0 0.501961 0, 
            0 0.501961 0, 0 0.501961 0, 0 0.501961 0, 0 0.501961 0, 
            0 0.501961 0, 0 0.501961 0, 0 0.501961 0, 0 0.501961 0, 
            0 0.501961 0, 0 0.501961 0, 0 0.501961 0, 0 0.501961 0, 
            0 0.501961 0, 0 0.501961 0, 0 0.501961 0, 0 0.501961 0, 
            0 0.501961 0, 0 0.501961 0, 0 0.501961 0, 0 0.501961 0, 
            0 0.501961 0, 0 0.501961 0, 0 0.501961 0, 0 0.501961 0, 
            0 0.501961 0, 0 0.501961 0, 0 0.501961 0, 0 0.501961 0, 
            0 0.501961 0, 0 0.501961 0, 0 0.501961 0, 0 0.501961 0, 
            0 0.501961 0, 0 0.501961 0, 0 0.501961 0, 0 0.501961 0, 
            0 0.501961 0, 0 0.501961 0, 0 0.501961 0, 0 0.501961 0, 
            0 0.501961 0, 0 0.501961 0, 0 0.501961 0, 0 0.501961 0, 
            0 0.501961 0, 0 0.501961 0, 0 0.501961 0, 0 0.501961 0, 
            0 0.501961 0, 0 0.501961 0, 0 0.501961 0, 0 0.501961 0, 
            0 0.501961 0, 0 0.501961 0, 0 0.501961 0, 0 0.501961 0, 
            0 0.501961 0, 0 0.501961 0, 0 0.501961 0, 0 0.501961 0, 
            0 0.501961 0, 0 0.501961 0, 0 0.501961 0, 0 0.501961 0, 
            0 0.501961 0, 0 0.501961 0, 0 0.501961 0, 0 0.501961 0, 
            0 0.501961 0, 0 0.501961 0, 0 0.501961 0, 0 0.501961 0, 
            0 0.501961 0, 0 0.501961 0, 0 0.501961 0, 0 0.501961 0, 
            0 0.501961 0, 0 0.501961 0, 0 0.501961 0, 0 0.501961 0, 
            0 0.501961 0, 0 0.501961 0, 0 0.501961 0, 0 0.501961 0, 
            0 0.501961 0, 0 0.501961 0, 0 0.501961 0, 0 0.501961 0, 
            0 0.501961 0, 0 0.501961 0, 0 0.501961 0, 0 0.501961 0, 
            0 0.501961 0, 0 0.501961 0, 0 0.501961 0, 0 0.501961 0, 
            0 0.501961 0, 0 0.501961 0, 0 0.501961 0, 0 0.501961 0, 
            0 0.501961 0, 0 0.501961 0, 0 0.501961 0, 0 0.501961 0, 
            0 0.501961 0, 0 0.501961 0, 0 0.501961 0, 0 0.501961 0, 
            0 0.501961 0, 0 0.501961 0, 0 0.501961 0, 0 0.501961 0, 
            0 0.501961 0, 0 0.501961 0, 0 0.501961 0, 0 0.501961 0, 
            0 0.501961 0, 0 0.501961 0, 0 0.501961 0, 0 0.501961 0, 
            0 0.501961 0, 0 0.501961 0, 0 0.501961 0, 0 0.501961 0, 
            0 0.501961 0, 0 0.501961 0, 0 0.501961 0, 0 0.501961 0, 
            0 0.501961 0, 0 0.501961 0, 0 0.501961 0, 0 0.501961 0, 
            0 0.501961 0, 0 0.501961 0, 0 0.501961 0, 0 0.501961 0, 
            0 0.501961 0, 0 0.501961 0, 0 0.501961 0, 0 0.501961 0, 
            0 0.501961 0, 0 0.501961 0, 0 0.501961 0, 0 0.501961 0, 
            0 0.501961 0, 0 0.501961 0, 0 0.501961 0, 0 0.501961 0, 
            0 0.501961 0, 0 0.501961 0, 0 0.501961 0, 0 0.501961 0, 
            0 0.501961 0, 0 0.501961 0, 0 0.501961 0, 0 0.501961 0, 
            0 0.501961 0, 0 0.501961 0, 0 0.501961 0, 0 0.501961 0, 
            0 0.501961 0, 0 0.501961 0, 0 0.501961 0, 0 0.501961 0, 
            0 0.501961 0, 0 0.501961 0, 0 0.501961 0, 0 0.501961 0, 
            0 0.501961 0, 0 0.501961 0, 0 0.501961 0, 0 0.501961 0, 
            0 0.501961 0, 0 0.501961 0, 0 0.501961 0, 0 0.501961 0, 
            0 0.501961 0, 0 0.501961 0, 0 0.501961 0, 0 0.501961 0, 
            0 0.501961 0, 0 0.501961 0, 0 0.501961 0, 0 0.501961 0, 
            0 0.501961 0, 0 0.501961 0, 0 0.501961 0, 0 0.501961 0, 
            0 0.501961 0, 0 0.501961 0, 0 0.501961 0, 0 0.501961 0, 
            0 0.501961 0, 0 0.501961 0, 0 0.501961 0, 0 0.501961 0, 
            0 0.501961 0, 0 0.501961 0, 0 0.501961 0, 0 0.501961 0, 
            0 0.501961 0, 0 0.501961 0, 0 0.501961 0, 0 0.501961 0, 
            0 0.501961 0, 0 0.501961 0, 0 0.501961 0, 0 0.501961 0, 
            0 0.501961 0, 0 0.501961 0, 0 0.501961 0, 0 0.501961 0, 
            0 0.501961 0, 0 0.501961 0, 0 0.501961 0, 0 0.501961 0, 
            0 0.501961 0, 0 0.501961 0, 0 0.501961 0, 0 0.501961 0, 
            0 0.501961 0, 0 0.501961 0, 0 0.501961 0, 0 0.501961 0, 
            0 0.501961 0, 0 0.501961 0, 0 0.501961 0, 0 0.501961 0, 
            0 0.501961 0, 0 0.501961 0, 0 0.501961 0, 0 0.501961 0, 
            0 0.501961 0, 0 0.501961 0, 0 0.501961 0, 0 0.501961 0, 
            0 0.501961 0, 0 0.501961 0, 0 0.501961 0, 0 0.501961 0, 
            0 0.501961 0, 0 0.501961 0, 0 0.501961 0, 0 0.501961 0, 
            0 0.501961 0, 0 0.501961 0, 0 0.501961 0, 0 0.501961 0, 
            0 0.501961 0, 0 0.501961 0, 0 0.501961 0, 0 0.501961 0, 
            0 0.501961 0, 0 0.501961 0, 0 0.501961 0, 0 0.501961 0, 
            0 0.501961 0, 0 0.501961 0, 0 0.501961 0, 0 0.501961 0, 
            0 0.501961 0, 0 0.501961 0, 0 0.501961 0, 0 0.501961 0, 
            0 0.501961 0, 0 0.501961 0, 0 0.501961 0, 0 0.501961 0, 
            0 0.501961 0, 0 0.501961 0, 0 0.501961 0, 0 0.501961 0, 
            0 0.501961 0, 0 0.501961 0, 0 0.501961 0, 0 0.501961 0, 
            0 0.501961 0, 0 0.501961 0, 0 0.501961 0, 0 0.501961 0, 
            0 0.501961 0, 0 0.501961 0, 0 0.501961 0, 0 0.501961 0, 
            0 0.501961 0, 0 0.501961 0, 0 0.501961 0, 0 0.501961 0, 
            0 0.501961 0, 0 0.501961 0, 0 0.501961 0, 0 0.501961 0, 
            0 0.501961 0, 0 0.501961 0, 0 0.501961 0, 0 0.501961 0, 
            0 0.501961 0, 0 0.501961 0, 0 0.501961 0, 0 0.501961 0, 
            0 0.501961 0, 0 0.501961 0, 0 0.501961 0, 0 0.501961 0, 
            0 0.501961 0, 0 0.501961 0, 0 0.501961 0, 0 0.501961 0, 
            0 0.501961 0, 0 0.501961 0, 0 0.501961 0, 0 0.501961 0, 
            0 0.501961 0, 0 0.501961 0, 0 0.501961 0, 0 0.501961 0, 
            0 0.501961 0, 0 0.501961 0, 0 0.501961 0, 0 0.501961 0, 
            0 0.501961 0, 0 0.501961 0, 0 0.501961 0, 0 0.501961 0, 
            0 0.501961 0, 0 0.501961 0, 0 0.501961 0, 0 0.501961 0, 
            0 0.501961 0, 0 0.501961 0, 0 0.501961 0, 0 0.501961 0, 
            0 0.501961 0, 0 0.501961 0, 0 0.501961 0, 0 0.501961 0, 
            0 0.501961 0, 0 0.501961 0, 0 0.501961 0, 0 0.501961 0, 
            0 0.501961 0, 0 0.501961 0, 0 0.501961 0, 0 0.501961 0, 
            0 0.501961 0, 0 0.501961 0, 0 0.501961 0, 0 0.501961 0, 
            0 0.501961 0, 0 0.501961 0, 0 0.501961 0, 0 0.501961 0, 
            0 0.501961 0, 0 0.501961 0, 0 0.501961 0, 0 0.501961 0, 
            0 0.501961 0, 0 0.501961 0, 0 0.501961 0, 0 0.501961 0, 
            0 0.501961 0, 0 0.501961 0, 0 0.501961 0, 0 0.501961 0, 
            0 0.501961 0, 0 0.501961 0, 0 0.501961 0, 0 0.501961 0, 
            0 0.501961 0, 0 0.501961 0, 0 0.501961 0, 0 0.501961 0, 
            0 0.501961 0, 0 0.501961 0, 0 0.501961 0, 0 0.501961 0, 
            0 0.501961 0, 0 0.501961 0, 0 0.501961 0, 0 0.501961 0, 
            0 0.501961 0, 0 0.501961 0, 0 0.501961 0, 0 0.501961 0, 
            0 0.501961 0, 0 0.501961 0, 0 0.501961 0, 0 0.501961 0, 
            0 0.501961 0, 0 0.501961 0, 0 0.501961 0, 0 0.501961 0, 
            0 0.501961 0, 0 0.501961 0, 0 0.501961 0, 0 0.501961 0, 
            0 0.501961 0, 0 0.501961 0, 0 0.501961 0, 0 0.501961 0, 
            0 0.501961 0, 0 0.501961 0, 0 0.501961 0, 0 0.501961 0, 
            0 0.501961 0, 0 0.501961 0, 0 0.501961 0, 0 0.501961 0, 
            0 0.501961 0, 0 0.501961 0, 0 0.501961 0, 0 0.501961 0, 
            0 0.501961 0, 0 0.501961 0, 0 0.501961 0, 0 0.501961 0, 
            0 0.501961 0, 0 0.501961 0, 0 0.501961 0, 0 0.501961 0, 
            0 0.501961 0, 0 0.501961 0, 0 0.501961 0, 0 0.501961 0, 
            0 0.501961 0, 0 0.501961 0, 0 0.501961 0, 0 0.501961 0, 
            0 0.501961 0, 0 0.501961 0, 0 0.501961 0, 0 0.501961 0, 
            0 0.501961 0, 0 0.501961 0, 0 0.501961 0, 0 0.501961 0, 
            0 0.501961 0, 0 0.501961 0, 0 0.501961 0, 0 0.501961 0, 
            0 0.501961 0, 0 0.501961 0, 0 0.501961 0, 0 0.501961 0, 
            0 0.501961 0, 0 0.501961 0, 0 0.501961 0, 0 0.501961 0, 
            0 0.501961 0, 0 0.501961 0, 0 0.501961 0, 0 0.501961 0, 
            0 0.501961 0, 0 0.501961 0, 0 0.501961 0, 0 0.501961 0, 
            0 0.501961 0, 0 0.501961 0, 0 0.501961 0, 0 0.501961 0, 
            0 0.501961 0, 0 0.501961 0, 0 0.501961 0, 0 0.501961 0, 
            0 0.501961 0, 0 0.501961 0, 0 0.501961 0, 0 0.501961 0, 
            0 0.501961 0, 0 0.501961 0, 0 0.501961 0, 0 0.501961 0, 
            0 0.501961 0, 0 0.501961 0, 0 0.501961 0, 0 0.501961 0, 
            0 0.501961 0, 0 0.501961 0, 0 0.501961 0, 0 0.501961 0, 
            0 0.501961 0, 0 0.501961 0, 0 0.501961 0, 0 0.501961 0, 
            0 0.501961 0, 0 0.501961 0, 0 0.501961 0, 0 0.501961 0, 
            0 0.501961 0, 0 0.501961 0, 0 0.501961 0, 0 0.501961 0, 
            0 0.501961 0, 0 0.501961 0, 0 0.501961 0, 0 0.501961 0, 
            0 0.501961 0, 0 0.501961 0, 0 0.501961 0, 0 0.501961 0, 
            0 0.501961 0, 0 0.501961 0, 0 0.501961 0, 0 0.501961 0, 
            0 0.501961 0, 0 0.501961 0, 0 0.501961 0, 0 0.501961 0, 
            0 0.501961 0, 0 0.501961 0, 0 0.501961 0, 0 0.501961 0, 
            0 0.501961 0, 0 0.501961 0, 0 0.501961 0, 0 0.501961 0, 
            0 0.501961 0, 0 0.501961 0, 0 0.501961 0, 0 0.501961 0, 
            0 0.501961 0, 0 0.501961 0, 0 0.501961 0, 0 0.501961 0, 
            0 0.501961 0, 0 0.501961 0, 0 0.501961 0, 0 0.501961 0, 
            0 0.501961 0, 0 0.501961 0, 0 0.501961 0, 0 0.501961 0, 
            0 0.501961 0, 0 0.501961 0, 0 0.501961 0, 0 0.501961 0, 
            0 0.501961 0, 0 0.501961 0, 0 0.501961 0, 0 0.501961 0, 
            0 0.501961 0, 0 0.501961 0, 0 0.501961 0, 0 0.501961 0, 
            0 0.501961 0, 0 0.501961 0, 0 0.501961 0, 0 0.501961 0, 
            0 0.501961 0, 0 0.501961 0, 0 0.501961 0, 0 0.501961 0, 
            0 0.501961 0, 0 0.501961 0, 0 0.501961 0, 0 0.501961 0, 
            0 0.501961 0, 0 0.501961 0, 0 0.501961 0, 0 0.501961 0, 
            0 0.501961 0, 0 0.501961 0, 0 0.501961 0, 0 0.501961 0, 
            0 0.501961 0, 0 0.501961 0, 0 0.501961 0, 0 0.501961 0, 
            0 0.501961 0, 0 0.501961 0, 0 0.501961 0, 0 0.501961 0, 
            0 0.501961 0, 0 0.501961 0, 0 0.501961 0, 0 0.501961 0, 
            0 0.501961 0, 0 0.501961 0, 0 0.501961 0, 0 0.501961 0, 
            0 0.501961 0, 0 0.501961 0, 0 0.501961 0, 0 0.501961 0, 
            0 0.501961 0, 0 0.501961 0, 0 0.501961 0, 0 0.501961 0, 
            0 0.501961 0, 0 0.501961 0, 0 0.501961 0, 0 0.501961 0, 
            0 0.501961 0, 0 0.501961 0, 0 0.501961 0, 0 0.501961 0, 
            0 0.501961 0, 0 0.501961 0, 0 0.501961 0, 0 0.501961 0, 
            0 0.501961 0, 0 0.501961 0, 0 0.501961 0, 0 0.501961 0, 
            0 0.501961 0, 0 0.501961 0, 0 0.501961 0, 0 0.501961 0, 
            0 0.501961 0, 0 0.501961 0, 0 0.501961 0, 0 0.501961 0, 
            0 0.501961 0, 0 0.501961 0, 0 0.501961 0, 0 0.501961 0, 
            0 0.501961 0, 0 0.501961 0, 0 0.501961 0, 0 0.501961 0, 
            0 0.501961 0, 0 0.501961 0, 0 0.501961 0, 0 0.501961 0, 
            0 0.501961 0, 0 0.501961 0, 0 0.501961 0, 0 0.501961 0, 
            0 0.501961 0, 0 0.501961 0, 0 0.501961 0, 0 0.501961 0, 
            0 0.501961 0, 0 0.501961 0, 0 0.501961 0, 0 0.501961 0, 
            0 0.501961 0, 0 0.501961 0, 0 0.501961 0, 0 0.501961 0, 
            0 0.501961 0, 0 0.501961 0, 0 0.501961 0, 0 0.501961 0, 
            0 0.501961 0, 0 0.501961 0, 0 0.501961 0, 0 0.501961 0, 
            0 0.501961 0, 0 0.501961 0, 0 0.501961 0, 0 0.501961 0, 
            0 0.501961 0, 0 0.501961 0, 0 0.501961 0, 0 0.501961 0, 
            0 0.501961 0, 0 0.501961 0, 0 0.501961 0, 0 0.501961 0, 
            0 0.501961 0, 0 0.501961 0, 0 0.501961 0, 0 0.501961 0, 
            0 0.501961 0, 0 0.501961 0, 0 0.501961 0, 0 0.501961 0, 
            0 0.501961 0, 0 0.501961 0, 0 0.501961 0, 0 0.501961 0, 
            0 0.501961 0, 0 0.501961 0, 0 0.501961 0, 0 0.501961 0, 
            0 0.501961 0, 0 0.501961 0, 0 0.501961 0, 0 0.501961 0, 
            0 0.501961 0, 0 0.501961 0, 0 0.501961 0, 0 0.501961 0, 
            0 0.501961 0, 0 0.501961 0, 0 0.501961 0, 0 0.501961 0, 
            0 0.501961 0, 0 0.501961 0, 0 0.501961 0, 0 0.501961 0, 
            0 0.501961 0, 0 0.501961 0, 0 0.501961 0, 0 0.501961 0, 
            0 0.501961 0, 0 0.501961 0, 0 0.501961 0, 0 0.501961 0, 
            0 0.501961 0, 0 0.501961 0, 0 0.501961 0, 0 0.501961 0, 
            0 0.501961 0, 0 0.501961 0, 0 0.501961 0, 0 0.501961 0, 
            0 0.501961 0, 0 0.501961 0, 0 0.501961 0, 0 0.501961 0, 
            0 0.501961 0, 0 0.501961 0, 0 0.501961 0, 0 0.501961 0, 
            0 0.501961 0, 0 0.501961 0, 0 0.501961 0, 0 0.501961 0, 
            0 0.501961 0, 0 0.501961 0, 0 0.501961 0, 0 0.501961 0, 
            0 0.501961 0, 0 0.501961 0, 0 0.501961 0, 0 0.501961 0, 
            0 0.501961 0, 0 0.501961 0, 0 0.501961 0, 0 0.501961 0, 
            0 0.501961 0, 0 0.501961 0, 0 0.501961 0, 0 0.501961 0, 
            0 0.501961 0, 0 0.501961 0, 0 0.501961 0, 0 0.501961 0, 
            0 0.501961 0, 0 0.501961 0, 0 0.501961 0, 0 0.501961 0, 
            0 0.501961 0, 0 0.501961 0, 0 0.501961 0, 0 0.501961 0, 
            0 0.501961 0, 0 0.501961 0, 0 0.501961 0, 0 0.501961 0, 
            0 0.501961 0, 0 0.501961 0, 0 0.501961 0, 0 0.501961 0, 
            0 0.501961 0, 0 0.501961 0, 0 0.501961 0, 0 0.501961 0, 
            0 0.501961 0, 0 0.501961 0, 0 0.501961 0, 0 0.501961 0, 
            0 0.501961 0, 0 0.501961 0, 0 0.501961 0, 0 0.501961 0, 
            0 0.501961 0, 0 0.501961 0, 0 0.501961 0, 0 0.501961 0, 
            0 0.501961 0, 0 0.501961 0, 0 0.501961 0, 0 0.501961 0, 
            0 0.501961 0, 0 0.501961 0, 0 0.501961 0, 0 0.501961 0, 
            0 0.501961 0, 0 0.501961 0, 0 0.501961 0, 0 0.501961 0, 
            0 0.501961 0, 0 0.501961 0, 0 0.501961 0, 0 0.501961 0, 
            0 0.501961 0, 0 0.501961 0, 0 0.501961 0, 0 0.501961 0, 
            0 0.501961 0, 0 0.501961 0, 0 0.501961 0, 0 0.501961 0, 
            0 0.501961 0, 0 0.501961 0, 0 0.501961 0, 0 0.501961 0, 
            0 0.501961 0, 0 0.501961 0, 0 0.501961 0, 0 0.501961 0, 
            0 0.501961 0, 0 0.501961 0, 0 0.501961 0, 0 0.501961 0, 
            0 0.501961 0, 0 0.501961 0, 0 0.501961 0, 0 0.501961 0, 
            0 0.501961 0, 0 0.501961 0, 0 0.501961 0, 0 0.501961 0, 
            0 0.501961 0, 0 0.501961 0, 0 0.501961 0, 0 0.501961 0, 
            0 0.501961 0, 0 0.501961 0, 0 0.501961 0, 0 0.501961 0, 
            0 0.501961 0, 0 0.501961 0, 0 0.501961 0, 0 0.501961 0, 
            0 0.501961 0, 0 0.501961 0, 0 0.501961 0, 0 0.501961 0, 
            0 0.501961 0, 0 0.501961 0, 0 0.501961 0, 0 0.501961 0, 
            0 0.501961 0, 0 0.501961 0, 0 0.501961 0, 0 0.501961 0, 
            0 0.501961 0, 0 0.501961 0, 0 0.501961 0, 0 0.501961 0, 
            0 0.501961 0, 0 0.501961 0, 0 0.501961 0, 0 0.501961 0, 
            0 0.501961 0, 0 0.501961 0, 0 0.501961 0, 0 0.501961 0, 
            0 0.501961 0, 0 0.501961 0, 0 0.501961 0, 0 0.501961 0, 
            0 0.501961 0, 0 0.501961 0, 0 0.501961 0, 0 0.501961 0, 
            0 0.501961 0, 0 0.501961 0, 0 0.501961 0, 0 0.501961 0, 
            0 0.501961 0, 0 0.501961 0, 0 0.501961 0, 0 0.501961 0, 
            0 0.501961 0, 0 0.501961 0, 0 0.501961 0, 0 0.501961 0, 
            0 0.501961 0, 0 0.501961 0, 0 0.501961 0, 0 0.501961 0, 
            0 0.501961 0, 0 0.501961 0, 0 0.501961 0, 0 0.501961 0, 
            0 0.501961 0, 0 0.501961 0, 0 0.501961 0, 0 0.501961 0, 
            0 0.501961 0, 0 0.501961 0, 0 0.501961 0, 0 0.501961 0, 
            0 0.501961 0, 0 0.501961 0, 0 0.501961 0, 0 0.501961 0, 
            0 0.501961 0, 0 0.501961 0, 0 0.501961 0, 0 0.501961 0, 
            0 0.501961 0, 0 0.501961 0, 0 0.501961 0, 0 0.501961 0, 
            0 0.501961 0, 0 0.501961 0, 0 0.501961 0, 0 0.501961 0, 
            0 0.501961 0, 0 0.501961 0, 0 0.501961 0, 0 0.501961 0, 
            0 0.501961 0, 0 0.501961 0, 0 0.501961 0, 0 0.501961 0, 
            0 0.501961 0, 0 0.501961 0, 0 0.501961 0, 0 0.501961 0, 
            0 0.501961 0, 0 0.501961 0, 0 0.501961 0, 0 0.501961 0, 
            0 0.501961 0, 0 0.501961 0, 0 0.501961 0, 0 0.501961 0, 
            0 0.501961 0, 0 0.501961 0, 0 0.501961 0, 0 0.501961 0, 
            0 0.501961 0, 0 0.501961 0, 0 0.501961 0, 0 0.501961 0, 
            0 0.501961 0, 0 0.501961 0, 0 0.501961 0, 0 0.501961 0, 
            0 0.501961 0, 0 0.501961 0, 0 0.501961 0, 0 0.501961 0, 
            0 0.501961 0, 0 0.501961 0, 0 0.501961 0, 0 0.501961 0, 
            0 0.501961 0, 0 0.501961 0, 0 0.501961 0, 0 0.501961 0, 
            0 0.501961 0, 0 0.501961 0, 0 0.501961 0, 0 0.501961 0, 
            0 0.501961 0, 0 0.501961 0, 0 0.501961 0, 0 0.501961 0, 
            0 0.501961 0, 0 0.501961 0, 0 0.501961 0, 0 0.501961 0, 
            0 0.501961 0, 0 0.501961 0, 0 0.501961 0, 0 0.501961 0, 
            0 0.501961 0, 0 0.501961 0, 0 0.501961 0, 0 0.501961 0, 
            0 0.501961 0, 0 0.501961 0, 0 0.501961 0, 0 0.501961 0, 
            0 0.501961 0, 0 0.501961 0, 0 0.501961 0, 0 0.501961 0, 
            0 0.501961 0, 0 0.501961 0, 0 0.501961 0, 0 0.501961 0, 
            0 0.501961 0, 0 0.501961 0, 0 0.501961 0, 0 0.501961 0, 
            0 0.501961 0, 0 0.501961 0, 0 0.501961 0, 0 0.501961 0, 
            0 0.501961 0, 0 0.501961 0, 0 0.501961 0, 0 0.501961 0, 
            0 0.501961 0, 0 0.501961 0, 0 0.501961 0, 0 0.501961 0, 
            0 0.501961 0, 0 0.501961 0, 0 0.501961 0, 0 0.501961 0, 
            0 0.501961 0, 0 0.501961 0, 0 0.501961 0, 0 0.501961 0, 
            0 0.501961 0, 0 0.501961 0, 0 0.501961 0, 0 0.501961 0, 
            0 0.501961 0, 0 0.501961 0, 0 0.501961 0, 0 0.501961 0, 
            0 0.501961 0, 0 0.501961 0, 0 0.501961 0, 0 0.501961 0, 
            0 0.501961 0, 0 0.501961 0, 0 0.501961 0, 0 0.501961 0, 
            0 0.501961 0, 0 0.501961 0, 0 0.501961 0, 0 0.501961 0, 
            0 0.501961 0, 0 0.501961 0, 0 0.501961 0, 0 0.501961 0, 
            0 0.501961 0, 0 0.501961 0, 0 0.501961 0, 0 0.501961 0, 
            0 0.501961 0, 0 0.501961 0, 0 0.501961 0, 0 0.501961 0, 
            0 0.501961 0, 0 0.501961 0, 0 0.501961 0, 0 0.501961 0, 
            0 0.501961 0, 0 0.501961 0, 0 0.501961 0, 0 0.501961 0, 
            0 0.501961 0, 0 0.501961 0, 0 0.501961 0, 0 0.501961 0, 
            0 0.501961 0, 0 0.501961 0, 0 0.501961 0, 0 0.501961 0, 
            0 0.501961 0, 0 0.501961 0, 0 0.501961 0, 0 0.501961 0, 
            0 0.501961 0, 0 0.501961 0, 0 0.501961 0, 0 0.501961 0, 
            0 0.501961 0, 0 0.501961 0, 0 0.501961 0, 0 0.501961 0, 
            0 0.501961 0, 0 0.501961 0, 0 0.501961 0, 0 0.501961 0, 
            0 0.501961 0, 0 0.501961 0, 0 0.501961 0, 0 0.501961 0, 
            0 0.501961 0, 0 0.501961 0, 0 0.501961 0, 0 0.501961 0, 
            0 0.501961 0, 0 0.501961 0, 0 0.501961 0, 0 0.501961 0, 
            0 0.501961 0, 0 0.501961 0, 0 0.501961 0, 0 0.501961 0, 
            0 0.501961 0, 0 0.501961 0, 0 0.501961 0, 0 0.501961 0, 
            0 0.501961 0, 0 0.501961 0, 0 0.501961 0, 0 0.501961 0, 
            0 0.501961 0, 0 0.501961 0, 0 0.501961 0, 0 0.501961 0, 
            0 0.501961 0, 0 0.501961 0, 0 0.501961 0, 0 0.501961 0, 
            0 0.501961 0, 1 1 0.501961, 1 1 0.501961, 1 1 0.501961, 
            1 1 0.501961, 1 1 0.501961, 1 1 0.501961, 1 1 0.501961, 
            1 1 0.501961, 1 1 0.501961, 1 1 0.501961, 1 1 0.501961, 
            1 1 0.501961, 1 1 0.501961, 1 1 0.501961, 1 1 0.501961, 
            1 1 0.501961, 1 1 0.501961, 1 1 0.501961, 1 1 0.501961, 
            1 1 0.501961, 1 1 0.501961, 1 1 0.501961, 1 1 0.501961, 
            1 1 0.501961, 1 1 0.501961, 1 1 0.501961, 1 1 0.501961, 
            1 1 0.501961, 1 1 0.501961, 1 1 0.501961, 1 1 0.501961, 
            1 1 0.501961, 1 1 0.501961, 1 1 0.501961, 1 1 0.501961, 
            1 1 0.501961, 1 1 0.501961, 1 1 0.501961, 1 1 0.501961, 
            1 1 0.501961, 1 1 0.501961, 1 1 0.501961, 1 1 0.501961, 
            1 1 0.501961, 1 1 0.501961, 1 1 0.501961, 1 1 0.501961, 
            1 1 0.501961, 1 1 0.501961, 1 1 0.501961, 1 1 0.501961, 
            1 1 0.501961, 1 1 0.501961, 1 1 0.501961, 1 1 0.501961, 
            1 1 0.501961, 1 1 0.501961, 1 1 0.501961, 1 1 0.501961, 
            1 1 0.501961, 1 1 0.501961, 1 1 0.501961, 1 1 0.501961, 
            1 1 0.501961, 1 1 0.501961, 1 1 0.501961, 1 1 0.501961, 
            1 1 0.501961, 1 1 0.501961, 1 1 0.501961, 1 1 0.501961, 
            1 1 0.501961, 1 1 0.501961, 1 1 0.501961, 1 1 0.501961, 
            1 1 0.501961, 1 1 0.501961, 1 1 0.501961, 1 1 0.501961, 
            1 1 0.501961, 1 1 0.501961, 1 1 0.501961, 1 1 0.501961, 
            1 1 0.501961, 1 1 0.501961, 1 1 0.501961, 1 1 0.501961, 
            1 1 0.501961, 1 1 0.501961, 1 1 0.501961, 1 1 0.501961, 
            1 1 0.501961, 1 1 0.501961, 1 1 0.501961, 1 1 0.501961, 
            1 1 0.501961, 1 1 0.501961, 1 1 0.501961, 1 1 0.501961, 
            1 1 0.501961, 1 1 0.501961, 1 1 0.501961, 1 1 0.501961, 
            1 1 0.501961, 1 1 0.501961, 1 1 0.501961, 1 1 0.501961, 
            1 1 0.501961, 1 1 0.501961, 1 1 0.501961, 1 1 0.501961, 
            1 1 0.501961, 1 1 0.501961, 1 1 0.501961, 1 1 0.501961, 
            1 1 0.501961, 1 1 0.501961, 1 1 0.501961, 1 1 0.501961, 
            1 1 0.501961, 1 1 0.501961, 1 1 0.501961, 1 1 0.501961, 
            1 1 0.501961, 1 1 0.501961, 1 1 0.501961, 1 1 0.501961, 
            1 1 0.501961, 1 1 0.501961, 1 1 0.501961, 1 1 0.501961, 
            1 1 0.501961, 1 1 0.501961, 1 1 0.501961, 1 1 0.501961, 
            1 1 0.501961, 1 1 0.501961, 1 1 0.501961, 1 1 0.501961, 
            1 1 0.501961, 1 1 0.501961, 1 1 0.501961, 1 1 0.501961, 
            1 1 0.501961, 1 1 0.501961, 1 1 0.501961, 1 1 0.501961, 
            1 1 0.501961, 1 1 0.501961, 1 1 0.501961, 1 1 0.501961, 
            1 1 0.501961, 1 1 0.501961, 1 1 0.501961, 1 1 0.501961, 
            1 1 0.501961, 1 1 0.501961, 1 1 0.501961, 1 1 0.501961, 
            1 1 0.501961, 1 1 0.501961, 1 1 0.501961, 1 1 0.501961, 
            1 1 0.501961, 1 1 0.501961, 1 1 0.501961, 1 1 0.501961, 
            1 1 0.501961, 1 1 0.501961, 1 1 0.501961, 1 1 0.501961, 
            1 1 0.501961, 1 1 0.501961, 1 1 0.501961, 1 1 0.501961, 
            1 1 0.501961, 1 1 0.501961, 1 1 0.501961, 1 1 0.501961, 
            1 1 0.501961, 1 1 0.501961, 1 1 0.501961, 1 1 0.501961, 
            1 1 0.501961, 1 1 0.501961, 1 1 0.501961, 1 1 0.501961, 
            1 1 0.501961, 1 1 0.501961, 1 1 0.501961, 1 1 0.501961, 
            1 1 0.501961, 1 1 0.501961, 1 1 0.501961, 1 1 0.501961, 
            1 1 0.501961, 1 1 0.501961, 1 1 0.501961, 1 1 0.501961, 
            1 1 0.501961, 1 1 0.501961, 1 1 0.501961, 1 1 0.501961, 
            1 1 0.501961, 1 1 0.501961, 1 1 0.501961, 1 1 0.501961, 
            1 1 0.501961, 1 1 0.501961, 1 1 0.501961, 1 1 0.501961, 
            1 1 0.501961, 1 1 0.501961, 1 1 0.501961, 1 1 0.501961, 
            1 1 0.501961, 1 1 0.501961, 1 1 0.501961, 1 1 0.501961, 
            1 1 0.501961, 1 1 0.501961, 1 1 0.501961, 1 1 0.501961, 
            1 1 0.501961, 1 1 0.501961, 1 1 0.501961, 1 1 0.501961, 
            1 1 0.501961, 1 1 0.501961, 1 1 0.501961, 1 1 0.501961, 
            1 1 0.501961, 1 1 0.501961, 1 1 0.501961, 1 1 0.501961, 
            1 1 0.501961, 1 1 0.501961, 1 1 0.501961, 1 1 0.501961, 
            1 1 0.501961, 1 1 0.501961, 1 1 0.501961, 1 1 0.501961, 
            1 1 0.501961, 1 1 0.501961, 1 1 0.501961, 1 1 0.501961, 
            1 1 0.501961, 1 1 0.501961, 1 1 0.501961, 1 1 0.501961, 
            1 1 0.501961, 1 1 0.501961, 1 1 0.501961, 1 1 0.501961, 
            1 1 0.501961, 1 1 0.501961, 1 1 0.501961, 1 1 0.501961, 
            1 1 0.501961, 1 1 0.501961, 1 1 0.501961, 1 1 0.501961, 
            1 1 0.501961, 1 1 0.501961, 1 1 0.501961, 1 1 0.501961, 
            1 1 0.501961, 1 1 0.501961, 1 1 0.501961, 1 1 0.501961, 
            1 1 0.501961, 1 1 0.501961, 1 1 0.501961, 1 1 0.501961, 
            1 1 0.501961, 1 1 0.501961, 1 1 0.501961, 1 1 0.501961, 
            1 1 0.501961, 1 1 0.501961, 1 1 0.501961, 1 1 0.501961, 
            1 1 0.501961, 1 1 0.501961, 1 1 0.501961, 1 1 0.501961, 
            1 1 0.501961, 1 1 0.501961, 1 1 0.501961, 1 1 0.501961, 
            1 1 0.501961, 1 1 0.501961, 1 1 0.501961, 1 1 0.501961, 
            1 1 0.501961, 1 1 0.501961, 1 1 0.501961, 1 1 0.501961, 
            1 1 0.501961, 1 1 0.501961, 1 1 0.501961, 1 1 0.501961, 
            1 1 0.501961, 1 1 0.501961, 1 1 0.501961, 1 1 0.501961, 
            1 1 0.501961, 1 1 0.501961, 1 1 0.501961, 1 1 0.501961, 
            1 1 0.501961, 1 1 0.501961, 1 1 0.501961, 1 1 0.501961, 
            1 1 0.501961, 1 1 0.501961, 1 1 0.501961, 1 1 0.501961, 
            1 1 0.501961, 1 1 0.501961, 1 1 0.501961, 1 1 0.501961, 
            1 1 0.501961, 1 1 0.501961, 1 1 0.501961, 1 1 0.501961, 
            1 1 0.501961, 1 1 0.501961, 1 1 0.501961, 1 1 0.501961, 
            1 1 0.501961, 1 1 0.501961, 1 1 0.501961, 1 1 0.501961, 
            1 1 0.501961, 1 1 0.501961, 1 1 0.501961, 1 1 0.501961, 
            1 1 0.501961, 1 1 0.501961, 1 1 0.501961, 1 1 0.501961, 
            1 1 0.501961, 1 1 0.501961, 1 1 0.501961, 1 1 0.501961, 
            1 1 0.501961, 1 1 0.501961, 1 1 0.501961, 1 1 0.501961, 
            1 1 0.501961, 1 1 0.501961, 1 1 0.501961, 1 1 0.501961, 
            1 1 0.501961, 1 1 0.501961, 1 1 0.501961, 1 1 0.501961, 
            1 1 0.501961, 1 1 0.501961, 1 1 0.501961, 1 1 0.501961, 
            1 1 0.501961, 1 1 0.501961, 1 1 0.501961, 1 1 0.501961, 
            1 1 0.501961, 1 1 0.501961, 1 1 0.501961, 1 1 0.501961, 
            1 1 0.501961, 1 1 0.501961, 1 1 0.501961, 1 1 0.501961, 
            1 1 0.501961, 1 1 0.501961, 1 1 0.501961, 1 1 0.501961, 
            1 1 0.501961, 1 1 0.501961, 1 1 0.501961, 1 1 0.501961, 
            1 1 0.501961, 1 1 0.501961, 1 1 0.501961, 1 1 0.501961, 
            1 1 0.501961, 1 1 0.501961, 1 1 0.501961, 1 1 0.501961, 
            1 1 0.501961, 1 1 0.501961, 1 1 0.501961, 1 1 0.501961, 
            1 1 0.501961, 1 1 0.501961, 1 1 0.501961, 1 1 0.501961, 
            1 1 0.501961, 1 1 0.501961, 1 1 0.501961, 1 1 0.501961, 
            1 1 0.501961, 1 1 0.501961, 1 1 0.501961, 1 1 0.501961, 
            1 1 0.501961, 1 1 0.501961, 1 1 0.501961, 1 1 0.501961, 
            1 1 0.501961, 1 1 0.501961, 1 1 0.501961, 1 1 0.501961, 
            1 1 0.501961, 1 1 0.501961, 1 1 0.501961, 1 1 0.501961, 
            1 1 0.501961, 1 1 0.501961, 1 1 0.501961, 1 1 0.501961, 
            1 1 0.501961, 1 1 0.501961, 1 1 0.501961, 1 1 0.501961, 
            1 1 0.501961, 1 1 0.501961, 1 1 0.501961, 1 1 0.501961, 
            1 1 0.501961, 1 1 0.501961, 1 1 0.501961, 1 1 0.501961, 
            1 1 0.501961, 1 1 0.501961, 1 1 0.501961, 1 1 0.501961, 
            1 1 0.501961, 1 1 0.501961, 1 1 0.501961, 1 1 0.501961, 
            1 1 0.501961, 1 1 0.501961, 1 1 0.501961, 1 1 0.501961, 
            1 1 0.501961, 1 1 0.501961, 1 1 0.501961, 1 1 0.501961, 
            1 1 0.501961, 1 1 0.501961, 1 1 0.501961, 1 1 0.501961, 
            1 1 0.501961, 1 1 0.501961, 1 1 0.501961, 1 1 0.501961, 
            1 1 0.501961, 1 1 0.501961, 1 1 0.501961, 1 1 0.501961, 
            1 1 0.501961, 1 1 0.501961, 1 1 0.501961, 1 1 0.501961, 
            1 1 0.501961, 1 1 0.501961, 1 1 0.501961, 1 1 0.501961, 
            1 1 0.501961, 1 1 0.501961, 1 1 0.501961, 1 1 0.501961, 
            1 1 0.501961, 1 1 0.501961, 1 1 0.501961, 1 1 0.501961, 
            1 1 0.501961, 1 1 0.501961, 1 1 0.501961, 1 1 0.501961, 
            1 1 0.501961, 1 1 0.501961, 1 1 0.501961, 1 1 0.501961, 
            1 1 0.501961, 1 1 0.501961, 1 1 0.501961, 1 1 0.501961, 
            1 1 0.501961, 1 1 0.501961, 1 1 0.501961, 1 1 0.501961, 
            1 1 0.501961, 1 1 0.501961, 1 1 0.501961, 1 1 0.501961, 
            1 1 0.501961, 1 1 0.501961, 1 1 0.501961, 1 1 0.501961, 
            1 1 0.501961, 1 1 0.501961, 1 1 0.501961, 1 1 0.501961, 
            1 1 0.501961, 1 1 0.501961, 1 1 0.501961, 1 1 0.501961, 
            1 1 0.501961, 1 1 0.501961, 1 1 0.501961, 1 1 0.501961, 
            1 1 0.501961, 1 1 0.501961, 1 1 0.501961, 1 1 0.501961, 
            1 1 0.501961, 1 1 0.501961, 1 1 0.501961, 1 1 0.501961, 
            1 1 0.501961, 1 1 0.501961, 1 1 0.501961, 1 1 0.501961, 
            1 1 0.501961, 1 1 0.501961, 1 1 0.501961, 1 1 0.501961, 
            1 1 0.501961, 1 1 0.501961, 1 1 0.501961, 1 1 0.501961, 
            1 1 0.501961, 1 1 0.501961, 1 1 0.501961, 1 1 0.501961, 
            1 1 0.501961, 1 1 0.501961, 1 1 0.501961, 1 1 0.501961, 
            1 1 0.501961, 1 1 0.501961, 1 1 0.501961, 1 1 0.501961, 
            1 1 0.501961, 1 1 0.501961, 1 1 0.501961, 1 1 0.501961, 
            1 1 0.501961, 1 1 0.501961, 1 1 0.501961, 1 1 0.501961, 
            1 1 0.501961, 1 1 0.501961, 1 1 0.501961, 1 1 0.501961, 
            1 1 0.501961, 1 1 0.501961, 1 1 0.501961, 1 1 0.501961, 
            1 1 0.501961, 1 1 0.501961, 1 1 0.501961, 1 1 0.501961, 
            1 1 0.501961, 1 1 0.501961, 1 1 0.501961, 1 1 0.501961, 
            1 1 0.501961, 1 1 0.501961, 1 1 0.501961, 1 1 0.501961, 
            1 1 0.501961, 1 1 0.501961, 1 1 0.501961, 1 1 0.501961, 
            1 1 0.501961, 1 1 0.501961, 1 1 0.501961, 1 1 0.501961, 
            1 1 0.501961, 1 1 0.501961, 1 1 0.501961, 1 1 0.501961, 
            1 1 0.501961, 1 1 0.501961, 1 1 0.501961, 1 1 0.501961, 
            1 1 0.501961, 1 1 0.501961, 1 1 0.501961, 1 1 0.501961, 
            1 1 0.501961, 1 1 0.501961, 1 1 0.501961, 1 1 0.501961, 
            1 1 0.501961, 1 1 0.501961, 1 1 0.501961, 1 1 0.501961, 
            1 1 0.501961, 1 1 0.501961, 1 1 0.501961, 1 1 0.501961, 
            1 1 0.501961, 1 1 0.501961, 1 1 0.501961, 1 1 0.501961, 
            1 1 0.501961, 1 1 0.501961, 1 1 0.501961, 1 1 0.501961, 
            1 1 0.501961, 1 1 0.501961, 1 1 0.501961, 1 1 0.501961, 
            1 1 0.501961, 1 1 0.501961, 1 1 0.501961, 1 1 0.501961, 
            1 1 0.501961, 1 1 0.501961, 1 1 0.501961, 1 1 0.501961, 
            1 1 0.501961, 1 1 0.501961, 1 1 0.501961, 1 1 0.501961, 
            1 1 0.501961, 1 1 0.501961, 1 1 0.501961, 1 1 0.501961, 
            1 1 0.501961, 1 1 0.501961, 1 1 0.501961, 1 1 0.501961, 
            1 1 0.501961, 1 1 0.501961, 1 1 0.501961, 1 1 0.501961, 
            1 1 0.501961, 1 1 0.501961, 1 1 0.501961, 1 1 0.501961, 
            1 1 0.501961, 1 1 0.501961, 1 1 0.501961, 1 1 0.501961, 
            1 1 0.501961, 1 1 0.501961, 1 1 0.501961, 1 1 0.501961, 
            1 1 0.501961, 1 1 0.501961, 1 1 0.501961, 1 1 0.501961, 
            1 1 0.501961, 1 1 0.501961, 1 1 0.501961, 1 1 0.501961, 
            1 1 0.501961, 1 1 0.501961, 1 1 0.501961, 1 1 0.501961, 
            1 1 0.501961, 1 1 0.501961, 1 1 0.501961, 1 1 0.501961, 
            1 1 0.501961, 1 1 0.501961, 1 1 0.501961, 1 1 0.501961, 
            1 1 0.501961, 1 1 0.501961, 1 1 0.501961, 1 1 0.501961, 
            1 1 0.501961, 1 1 0.501961, 1 1 0.501961, 1 1 0.501961, 
            1 1 0.501961, 1 1 0.501961, 1 1 0.501961, 1 1 0.501961, 
            1 1 0.501961, 1 1 0.501961, 1 1 0.501961, 1 1 0.501961, 
            1 1 0.501961, 1 1 0.501961, 1 1 0.501961, 1 1 0.501961, 
            1 1 0.501961, 1 1 0.501961, 1 1 0.501961, 1 1 0.501961, 
            1 1 0.501961, 1 1 0.501961, 1 1 0.501961, 1 1 0.501961, 
            1 1 0.501961, 1 1 0.501961, 1 1 0.501961, 1 1 0.501961, 
            1 1 0.501961, 1 1 0.501961, 1 1 0.501961, 1 1 0.501961, 
            1 1 0.501961, 1 1 0.501961, 1 1 0.501961, 1 1 0.501961, 
            1 1 0.501961, 1 1 0.501961, 1 1 0.501961, 1 1 0.501961, 
            1 1 0.501961, 1 1 0.501961, 1 1 0.501961, 1 1 0.501961, 
            1 1 0.501961, 1 1 0.501961, 1 1 0.501961, 1 1 0.501961, 
            1 1 0.501961, 1 1 0.501961, 1 1 0.501961, 1 1 0.501961, 
            1 1 0.501961, 1 1 0.501961, 1 1 0.501961, 1 1 0.501961, 
            1 1 0.501961, 1 1 0.501961, 1 1 0.501961, 1 1 0.501961, 
            1 1 0.501961, 1 1 0.501961, 1 1 0.501961, 1 1 0.501961, 
            1 1 0.501961, 1 1 0.501961, 1 1 0.501961, 1 1 0.501961, 
            1 1 0.501961, 1 1 0.501961, 1 1 0.501961, 1 1 0.501961, 
            1 1 0.501961, 1 1 0.501961, 1 1 0.501961, 1 1 0.501961, 
            1 1 0.501961, 1 1 0.501961, 1 1 0.501961, 1 1 0.501961, 
            1 1 0.501961, 1 1 0.501961, 1 1 0.501961, 1 1 0.501961, 
            1 1 0.501961, 1 1 0.501961, 1 1 0.501961, 1 1 0.501961, 
            1 1 0.501961, 1 1 0.501961, 1 1 0.501961, 1 1 0.501961, 
            1 1 0.501961, 1 1 0.501961, 1 1 0.501961, 1 1 0.501961, 
            1 1 0.501961, 1 1 0.501961, 1 1 0.501961, 1 1 0.501961, 
            1 1 0.501961, 1 1 0.501961, 1 1 0.501961, 1 1 0.501961, 
            1 1 0.501961, 1 1 0.501961, 1 1 0.501961, 1 1 0.501961, 
            1 1 0.501961, 1 1 0.501961, 1 1 0.501961, 1 1 0.501961, 
            1 1 0.501961, 1 1 0.501961, 1 1 0.501961, 1 1 0.501961, 
            1 1 0.501961, 1 1 0.501961, 1 1 0.501961, 1 1 0.501961, 
            1 1 0.501961, 1 1 0.501961, 1 1 0.501961, 1 1 0.501961, 
            1 1 0.501961, 1 1 0.501961, 1 1 0.501961, 1 1 0.501961, 
            1 1 0.501961, 1 1 0.501961, 1 1 0.501961, 1 1 0.501961, 
            1 1 0.501961, 1 1 0.501961, 1 1 0.501961, 1 1 0.501961, 
            1 1 0.501961, 1 1 0.501961, 1 1 0.501961, 1 1 0.501961, 
            1 1 0.501961, 1 1 0.501961, 1 1 0.501961, 1 1 0.501961, 
            1 1 0.501961, 1 1 0.501961, 1 1 0.501961, 1 1 0.501961, 
            1 1 0.501961, 1 1 0.501961, 1 1 0.501961, 1 1 0.501961, 
            1 1 0.501961, 1 1 0.501961, 1 1 0.501961, 1 1 0.501961, 
            1 1 0.501961, 1 1 0.501961, 1 1 0.501961, 1 1 0.501961, 
            1 1 0.501961, 1 1 0.501961, 1 1 0.501961, 1 1 0.501961, 
            1 1 0.501961, 1 1 0.501961, 1 1 0.501961, 1 1 0.501961, 
            1 1 0.501961, 1 1 0.501961, 1 1 0.501961, 1 1 0.501961, 
            1 1 0.501961, 1 1 0.501961, 1 1 0.501961, 1 1 0.501961, 
            1 1 0.501961, 1 1 0.501961, 1 1 0.501961, 1 1 0.501961, 
            1 1 0.501961, 1 1 0.501961, 1 1 0.501961, 1 1 0.501961, 
            1 1 0.501961, 1 1 0.501961, 1 1 0.501961, 1 1 0.501961, 
            1 1 0.501961, 1 1 0.501961, 1 1 0.501961, 1 1 0.501961, 
            1 1 0.501961, 1 1 0.501961, 1 1 0.501961, 1 1 0.501961, 
            1 1 0.501961, 1 1 0.501961, 1 1 0.501961, 1 1 0.501961, 
            1 1 0.501961, 1 1 0.501961, 1 1 0.501961, 1 1 0.501961, 
            1 1 0.501961, 1 1 0.501961, 1 1 0.501961, 1 1 0.501961, 
            1 1 0.501961, 1 1 0.501961, 1 1 0.501961, 1 1 0.501961, 
            1 1 0.501961, 1 1 0.501961, 1 1 0.501961, 1 1 0.501961, 
            1 1 0.501961, 1 1 0.501961, 1 1 0.501961, 1 1 0.501961, 
            1 1 0.501961, 1 1 0.501961, 1 1 0.501961, 1 1 0.501961, 
            1 1 0.501961, 1 1 0.501961, 1 1 0.501961, 1 1 0.501961, 
            1 1 0.501961, 1 1 0.501961, 1 1 0.501961, 1 1 0.501961, 
            1 1 0.501961, 1 1 0.501961, 1 1 0.501961, 1 1 0.501961, 
            1 1 0.501961, 1 1 0.501961, 1 1 0.501961, 1 1 0.501961, 
            1 1 0.501961, 1 1 0.501961, 1 1 0.501961, 1 1 0.501961, 
            1 1 0.501961, 1 1 0.501961, 1 1 0.501961, 1 1 0.501961, 
            1 1 0.501961, 1 1 0.501961, 1 1 0.501961, 1 1 0.501961, 
            1 1 0.501961, 1 1 0.501961, 1 1 0.501961, 1 1 0.501961, 
            1 1 0.501961, 1 1 0.501961, 1 1 0.501961, 1 1 0.501961, 
            1 1 0.501961, 1 1 0.501961, 1 1 0.501961, 1 1 0.501961, 
            1 1 0.501961, 1 1 0.501961, 1 1 0.501961, 1 1 0.501961, 
            1 1 0.501961, 1 1 0.501961, 1 1 0.501961, 1 1 0.501961, 
            1 1 0.501961, 1 1 0.501961, 1 1 0.501961, 1 1 0.501961, 
            1 1 0.501961, 1 1 0.501961, 1 1 0.501961, 1 1 0.501961, 
            1 1 0.501961, 1 1 0.501961, 1 1 0.501961, 1 1 0.501961, 
            1 1 0.501961, 1 1 0.501961, 1 1 0.501961, 1 1 0.501961, 
            1 1 0.501961, 1 1 0.501961, 1 1 0.501961, 1 1 0.501961, 
            1 1 0.501961, 1 1 0.501961, 1 1 0.501961, 1 1 0.501961, 
            1 1 0.501961, 1 1 0.501961, 1 1 0.501961, 1 1 0.501961, 
            1 1 0.501961, 1 1 0.501961, 1 1 0.501961, 1 1 0.501961, 
            0.752941 0.752941 0.752941, 0.752941 0.752941 0.752941, 0.752941 0.752941 0.752941, 0.752941 0.752941 0.752941, 
            0.752941 0.752941 0.752941, 0.752941 0.752941 0.752941, 0.752941 0.752941 0.752941, 0.752941 0.752941 0.752941, 
            0.752941 0.752941 0.752941, 0.752941 0.752941 0.752941, 0.752941 0.752941 0.752941, 0.752941 0.752941 0.752941, 
            0.752941 0.752941 0.752941, 0.752941 0.752941 0.752941, 0.752941 0.752941 0.752941, 0.752941 0.752941 0.752941, 
            0.752941 0.752941 0.752941, 0.752941 0.752941 0.752941, 0.752941 0.752941 0.752941, 0.752941 0.752941 0.752941, 
            0.752941 0.752941 0.752941, 0.752941 0.752941 0.752941, 0.752941 0.752941 0.752941, 0.752941 0.752941 0.752941, 
            0.752941 0.752941 0.752941, 0.752941 0.752941 0.752941, 0.752941 0.752941 0.752941, 0.752941 0.752941 0.752941, 
            0.752941 0.752941 0.752941, 0.752941 0.752941 0.752941, 0.752941 0.752941 0.752941, 0.752941 0.752941 0.752941, 
            0.752941 0.752941 0.752941, 0.752941 0.752941 0.752941, 0.752941 0.752941 0.752941, 0.752941 0.752941 0.752941, 
            0.752941 0.752941 0.752941, 0.752941 0.752941 0.752941, 0.752941 0.752941 0.752941, 0.752941 0.752941 0.752941, 
            0.752941 0.752941 0.752941, 0.752941 0.752941 0.752941, 0.752941 0.752941 0.752941, 0.752941 0.752941 0.752941, 
            0.752941 0.752941 0.752941, 0.752941 0.752941 0.752941, 0.752941 0.752941 0.752941, 0.752941 0.752941 0.752941, 
            0.752941 0.752941 0.752941, 0.752941 0.752941 0.752941, 0.752941 0.752941 0.752941, 0.752941 0.752941 0.752941, 
            0.752941 0.752941 0.752941, 0.752941 0.752941 0.752941, 0.752941 0.752941 0.752941, 0.752941 0.752941 0.752941, 
            0.752941 0.752941 0.752941, 0.752941 0.752941 0.752941, 0.752941 0.752941 0.752941, 0.752941 0.752941 0.752941, 
            0.752941 0.752941 0.752941, 0.752941 0.752941 0.752941, 0.752941 0.752941 0.752941, 0.752941 0.752941 0.752941, 
            0.752941 0.752941 0.752941, 0.752941 0.752941 0.752941, 0.752941 0.752941 0.752941, 0.752941 0.752941 0.752941, 
            0.752941 0.752941 0.752941, 0.752941 0.752941 0.752941, 0.752941 0.752941 0.752941, 0.752941 0.752941 0.752941, 
            0.752941 0.752941 0.752941, 0.752941 0.752941 0.752941, 0.752941 0.752941 0.752941, 0.752941 0.752941 0.752941, 
            0.752941 0.752941 0.752941, 0.752941 0.752941 0.752941, 0.752941 0.752941 0.752941, 0.752941 0.752941 0.752941, 
            0.752941 0.752941 0.752941, 0.752941 0.752941 0.752941, 0.752941 0.752941 0.752941, 0.752941 0.752941 0.752941, 
            0.752941 0.752941 0.752941, 0.752941 0.752941 0.752941, 0.752941 0.752941 0.752941, 0.752941 0.752941 0.752941, 
            0.752941 0.752941 0.752941, 0.752941 0.752941 0.752941, 0.752941 0.752941 0.752941, 0.752941 0.752941 0.752941, 
            0.752941 0.752941 0.752941, 0.752941 0.752941 0.752941, 0.752941 0.752941 0.752941, 0.752941 0.752941 0.752941, 
            0.752941 0.752941 0.752941, 0.752941 0.752941 0.752941, 0.752941 0.752941 0.752941, 0.752941 0.752941 0.752941, 
            0.752941 0.752941 0.752941, 0.752941 0.752941 0.752941, 0.752941 0.752941 0.752941, 0.752941 0.752941 0.752941, 
            0.752941 0.752941 0.752941, 0.752941 0.752941 0.752941, 0.752941 0.752941 0.752941, 0.752941 0.752941 0.752941, 
            0.752941 0.752941 0.752941, 0.752941 0.752941 0.752941, 0.752941 0.752941 0.752941, 0.752941 0.752941 0.752941, 
            0.752941 0.752941 0.752941, 0.752941 0.752941 0.752941, 0.752941 0.752941 0.752941, 0.752941 0.752941 0.752941, 
            0.752941 0.752941 0.752941, 0.752941 0.752941 0.752941, 0.752941 0.752941 0.752941, 0.752941 0.752941 0.752941, 
            0.752941 0.752941 0.752941, 0.752941 0.752941 0.752941, 0.752941 0.752941 0.752941, 0.752941 0.752941 0.752941, 
            0.752941 0.752941 0.752941, 0.752941 0.752941 0.752941, 0.752941 0.752941 0.752941, 0.752941 0.752941 0.752941, 
            0.752941 0.752941 0.752941, 0.752941 0.752941 0.752941, 0.752941 0.752941 0.752941, 0.752941 0.752941 0.752941, 
            0.752941 0.752941 0.752941, 0.752941 0.752941 0.752941, 0.752941 0.752941 0.752941, 0.752941 0.752941 0.752941, 
            0.752941 0.752941 0.752941, 0.752941 0.752941 0.752941, 0.752941 0.752941 0.752941, 0.752941 0.752941 0.752941, 
            0.752941 0.752941 0.752941, 0.752941 0.752941 0.752941, 0.752941 0.752941 0.752941, 0.752941 0.752941 0.752941, 
            0.752941 0.752941 0.752941, 0.752941 0.752941 0.752941, 0.752941 0.752941 0.752941, 0.752941 0.752941 0.752941, 
            0.752941 0.752941 0.752941, 0.752941 0.752941 0.752941, 0.752941 0.752941 0.752941, 0.752941 0.752941 0.752941, 
            0.752941 0.752941 0.752941, 0.752941 0.752941 0.752941, 0.752941 0.752941 0.752941, 0.752941 0.752941 0.752941, 
            0.752941 0.752941 0.752941, 0.752941 0.752941 0.752941, 0.752941 0.752941 0.752941, 0.752941 0.752941 0.752941, 
            0.752941 0.752941 0.752941, 0.752941 0.752941 0.752941, 0.752941 0.752941 0.752941, 0.752941 0.752941 0.752941, 
            0.752941 0.752941 0.752941, 0.752941 0.752941 0.752941, 0.752941 0.752941 0.752941, 0.752941 0.752941 0.752941, 
            0.752941 0.752941 0.752941, 0.752941 0.752941 0.752941, 0.752941 0.752941 0.752941, 0.752941 0.752941 0.752941, 
            0.752941 0.752941 0.752941, 0.752941 0.752941 0.752941, 0.752941 0.752941 0.752941, 0.752941 0.752941 0.752941, 
            0.752941 0.752941 0.752941, 0.752941 0.752941 0.752941, 0.752941 0.752941 0.752941, 0.752941 0.752941 0.752941, 
            0.752941 0.752941 0.752941, 0.752941 0.752941 0.752941, 0.752941 0.752941 0.752941, 0.752941 0.752941 0.752941, 
            0.752941 0.752941 0.752941, 0.752941 0.752941 0.752941, 0.752941 0.752941 0.752941, 0.752941 0.752941 0.752941, 
            0.752941 0.752941 0.752941, 0.752941 0.752941 0.752941, 0.752941 0.752941 0.752941, 0.752941 0.752941 0.752941, 
            0.752941 0.752941 0.752941, 0.752941 0.752941 0.752941, 0.752941 0.752941 0.752941, 0.752941 0.752941 0.752941, 
            0.752941 0.752941 0.752941, 0.752941 0.752941 0.752941, 0.752941 0.752941 0.752941, 0.752941 0.752941 0.752941, 
            0.752941 0.752941 0.752941, 0.752941 0.752941 0.752941, 0.752941 0.752941 0.752941, 0.752941 0.752941 0.752941, 
            0.752941 0.752941 0.752941, 0.752941 0.752941 0.752941, 0.752941 0.752941 0.752941, 0.752941 0.752941 0.752941, 
            0.752941 0.752941 0.752941, 0.752941 0.752941 0.752941, 0.752941 0.752941 0.752941, 0.752941 0.752941 0.752941, 
            0.752941 0.752941 0.752941, 0.752941 0.752941 0.752941, 0.752941 0.752941 0.752941, 0.752941 0.752941 0.752941, 
            0.752941 0.752941 0.752941, 0.752941 0.752941 0.752941, 0.752941 0.752941 0.752941, 0.752941 0.752941 0.752941, 
            0.752941 0.752941 0.752941, 0.752941 0.752941 0.752941, 0.752941 0.752941 0.752941, 0.752941 0.752941 0.752941, 
            0.752941 0.752941 0.752941, 0.752941 0.752941 0.752941, 0.752941 0.752941 0.752941, 0.752941 0.752941 0.752941, 
            0.752941 0.752941 0.752941, 0.752941 0.752941 0.752941, 0.752941 0.752941 0.752941, 0.752941 0.752941 0.752941, 
            0.752941 0.752941 0.752941, 0.752941 0.752941 0.752941, 0.752941 0.752941 0.752941, 0.752941 0.752941 0.752941, 
            0.752941 0.752941 0.752941, 0.752941 0.752941 0.752941, 1 1 0.501961, 1 1 0.501961, 
            1 1 0.501961, 1 1 0.501961, 1 1 0.501961, 1 1 0.501961, 
            1 1 0.501961, 1 1 0.501961, 1 1 0.501961, 1 1 0.501961, 
            1 1 0.501961, 1 1 0.501961, 1 1 0.501961, 1 1 0.501961, 
            1 1 0.501961, 1 1 0.501961, 1 1 0.501961, 1 1 0.501961, 
            1 1 0.501961, 1 1 0.501961, 1 1 0.501961, 1 1 0.501961, 
            1 1 0.501961, 1 1 0.501961, 1 1 0.501961, 1 1 0.501961, 
            1 1 0.501961, 1 1 0.501961, 1 1 0.501961, 1 1 0.501961, 
            1 1 0.501961, 1 1 0.501961, 1 1 0.501961, 1 1 0.501961, 
            1 1 0.501961, 1 1 0.501961, 1 1 0.501961, 1 1 0.501961, 
            1 1 0.501961, 1 1 0.501961, 1 1 0.501961, 1 1 0.501961, 
            1 1 0.501961, 1 1 0.501961, 1 1 0.501961, 1 1 0.501961, 
            1 1 0.501961, 1 1 0.501961, 1 1 0.501961, 1 1 0.501961, 
            1 1 0.501961, 1 1 0.501961, 1 1 0.501961, 1 1 0.501961, 
            1 1 0.501961, 1 1 0.501961, 1 1 0.501961, 1 1 0.501961, 
            1 1 0.501961, 1 1 0.501961, 1 1 0.501961, 1 1 0.501961, 
            1 1 0.501961, 1 1 0.501961, 1 1 0.501961, 1 1 0.501961, 
            1 1 0.501961, 1 1 0.501961, 1 1 0.501961, 1 1 0.501961, 
            1 1 0.501961, 1 1 0.501961, 1 1 0.501961, 1 1 0.501961, 
            1 1 0.501961, 1 1 0.501961, 1 1 0.501961, 1 1 0.501961, 
            1 1 0.501961, 1 1 0.501961, 1 1 0.501961, 1 1 0.501961, 
            1 1 0.501961, 1 1 0.501961, 1 1 0.501961, 1 1 0.501961, 
            1 1 0.501961, 1 1 0.501961, 1 1 0.501961, 1 1 0.501961, 
            1 1 0.501961, 1 1 0.501961, 1 1 0.501961, 1 1 0.501961, 
            1 1 0.501961, 1 1 0.501961, 1 1 0.501961, 1 1 0.501961, 
            1 1 0.501961, 1 1 0.501961, 1 1 0.501961, 1 1 0.501961, 
            1 1 0.501961, 1 1 0.501961, 1 1 0.501961, 1 1 0.501961, 
            1 1 0.501961, 1 1 0.501961, 1 1 0.501961, 1 1 0.501961, 
            1 1 0.501961, 1 1 0.501961, 1 1 0.501961, 1 1 0.501961, 
            1 1 0.501961, 1 1 0.501961, 1 1 0.501961, 1 1 0.501961, 
            1 1 0.501961, 1 1 0.501961, 1 1 0.501961, 1 1 0.501961, 
            1 1 0.501961, 1 1 0.501961, 1 1 0.501961, 1 1 0.501961, 
            1 1 0.501961, 1 1 0.501961, 1 1 0.501961, 1 1 0.501961, 
            1 1 0.501961, 1 1 0.501961, 1 1 0.501961, 1 1 0.501961, 
            1 1 0.501961, 1 1 0.501961, 1 1 0.501961, 1 1 0.501961, 
            1 1 0.501961, 1 1 0.501961, 1 1 0.501961, 1 1 0.501961, 
            1 1 0.501961, 1 1 0.501961, 1 1 0.501961, 1 1 0.501961, 
            1 1 0.501961, 1 1 0.501961, 1 1 0.501961, 1 1 0.501961, 
            1 1 0.501961, 1 1 0.501961, 1 1 0.501961, 1 1 0.501961, 
            1 1 0.501961, 1 1 0.501961, 1 1 0.501961, 1 1 0.501961, 
            1 1 0.501961, 1 1 0.501961, 1 1 0.501961, 1 1 0.501961, 
            1 1 0.501961, 1 1 0.501961, 1 1 0.501961, 1 1 0.501961, 
            1 1 0.501961, 1 1 0.501961, 1 1 0.501961, 1 1 0.501961, 
            1 1 0.501961, 1 1 0.501961, 1 1 0.501961, 1 1 0.501961, 
            1 1 0.501961, 1 1 0.501961, 1 1 0.501961, 1 1 0.501961, 
            1 1 0.501961, 1 1 0.501961, 1 1 0.501961, 1 1 0.501961, 
            1 1 0.501961, 1 1 0.501961, 1 1 0.501961, 1 1 0.501961, 
            1 1 0.501961, 1 1 0.501961, 1 1 0.501961, 1 1 0.501961, 
            1 1 0.501961, 1 1 0.501961, 1 1 0.501961, 1 1 0.501961, 
            1 1 0.501961, 1 1 0.501961, 1 1 0.501961, 1 1 0.501961, 
            1 1 0.501961, 1 1 0.501961, 1 1 0.501961, 1 1 0.501961, 
            1 1 0.501961, 1 1 0.501961, 1 1 0.501961, 1 1 0.501961, 
            1 1 0.501961, 1 1 0.501961, 1 1 0.501961, 1 1 0.501961, 
            1 1 0.501961, 1 1 0.501961, 1 1 0.501961, 1 1 0.501961, 
            1 1 0.501961, 1 1 0.501961, 1 1 0.501961, 1 1 0.501961, 
            1 1 0.501961, 1 1 0.501961, 1 1 0.501961, 1 1 0.501961, 
            1 1 0.501961, 1 1 0.501961, 1 1 0.501961, 1 1 0.501961, 
            1 1 0.501961, 1 1 0.501961, 1 1 0.501961, 1 1 0.501961, 
            1 1 0.501961, 1 1 0.501961, 1 1 0.501961, 1 1 0.501961, 
            1 1 0.501961, 1 1 0.501961, 1 1 0.501961, 1 1 0.501961, 
            1 1 0.501961, 1 1 0.501961, 1 1 0.501961, 1 1 0.501961, 
            1 1 0.501961, 1 1 0.501961, 1 1 0.501961, 1 1 0.501961, 
            1 1 0.501961, 1 1 0.501961, 1 1 0.501961, 1 1 0.501961, 
            1 1 0.501961, 1 1 0.501961, 1 1 0.501961, 1 1 0.501961, 
            1 1 0.501961, 1 1 0.501961, 1 1 0.501961, 1 1 0.501961, 
            1 1 0.501961, 1 1 0.501961, 1 1 0.501961, 1 1 0.501961, 
            1 1 0.501961, 1 1 0.501961, 1 1 0.501961, 1 1 0.501961, 
            1 1 0.501961, 1 1 0.501961, 1 1 0.501961, 1 1 0.501961, 
            1 1 0.501961, 1 1 0.501961, 1 1 0.501961, 1 1 0.501961, 
            1 1 0.501961, 1 1 0.501961, 1 1 0.501961, 1 1 0.501961, 
            1 1 0.501961, 1 1 0.501961, 1 1 0.501961, 1 1 0.501961, 
            1 1 0.501961, 1 1 0.501961, 1 1 0.501961, 1 1 0.501961, 
            1 1 0.501961, 1 1 0.501961, 1 1 0.501961, 1 1 0.501961, 
            1 1 0.501961, 1 1 0.501961, 1 1 0.501961, 1 1 0.501961, 
            1 1 0.501961, 1 1 0.501961, 1 1 0.501961, 1 1 0.501961, 
            1 1 0.501961, 1 1 0.501961, 1 1 0.501961, 1 1 0.501961, 
            1 1 0.501961, 1 1 0.501961, 1 1 0.501961, 1 1 0.501961, 
            1 1 0.501961, 1 1 0.501961, 1 1 0.501961, 1 1 0.501961, 
            1 1 0.501961, 1 1 0.501961, 1 1 0.501961, 1 1 0.501961, 
            1 1 0.501961, 1 1 0.501961, 1 1 0.501961, 1 1 0.501961, 
            1 1 0.501961, 1 1 0.501961, 1 1 0.501961, 1 1 0.501961, 
            1 1 0.501961, 1 1 0.501961, 1 1 0.501961, 1 1 0.501961, 
            1 1 0.501961, 1 1 0.501961, 1 1 0.501961, 1 1 0.501961, 
            1 1 0.501961, 1 1 0.501961, 1 1 0.501961, 1 1 0.501961, 
            1 1 0.501961, 1 1 0.501961, 1 1 0.501961, 1 1 0.501961, 
            1 1 0.501961, 1 1 0.501961, 1 1 0.501961, 1 1 0.501961, 
            1 1 0.501961, 1 1 0.501961, 1 1 0.501961, 1 1 0.501961, 
            1 1 0.501961, 1 1 0.501961, 1 1 0.501961, 1 1 0.501961, 
            1 1 0.501961, 1 1 0.501961, 1 1 0.501961, 1 1 0.501961, 
            1 1 0.501961, 1 1 0.501961, 1 1 0.501961, 1 1 0.501961, 
            1 1 0.501961, 1 1 0.501961, 1 1 0.501961, 1 1 0.501961, 
            1 1 0.501961, 1 1 0.501961, 1 1 0.501961, 1 1 0.501961, 
            1 1 0.501961, 1 1 0.501961, 1 1 0.501961, 1 1 0.501961, 
            1 1 0.501961, 1 1 0.501961, 1 1 0.501961, 1 1 0.501961, 
            1 1 0.501961, 1 1 0.501961, 1 1 0.501961, 1 1 0.501961, 
            1 1 0.501961, 1 1 0.501961, 1 1 0.501961, 1 1 0.501961, 
            1 1 0.501961, 1 1 0.501961, 1 1 0.501961, 1 1 0.501961, 
            1 1 0.501961, 1 1 0.501961, 1 1 0.501961, 1 1 0.501961, 
            1 1 0.501961, 1 1 0.501961, 1 1 0.501961, 1 1 0.501961, 
            1 1 0.501961, 1 1 0.501961, 1 1 0.501961, 1 1 0.501961, 
            1 1 0.501961, 1 1 0.501961, 1 1 0.501961, 1 1 0.501961, 
            1 1 0.501961, 1 1 0.501961, 1 1 0.501961, 1 1 0.501961, 
            1 1 0.501961, 1 1 0.501961, 1 1 0.501961, 1 1 0.501961, 
            1 1 0.501961, 1 1 0.501961, 1 1 0.501961, 1 1 0.501961, 
            1 1 0.501961, 1 1 0.501961, 1 1 0.501961, 1 1 0.501961, 
            1 1 0.501961, 1 1 0.501961, 1 1 0.501961, 1 1 0.501961, 
            1 1 0.501961, 1 1 0.501961, 1 1 0.501961, 1 1 0.501961, 
            1 1 0.501961, 1 1 0.501961, 1 1 0.501961, 1 1 0.501961, 
            0.752941 0.752941 0.752941, 0.752941 0.752941 0.752941, 0.752941 0.752941 0.752941, 0.752941 0.752941 0.752941, 
            0.752941 0.752941 0.752941, 0.752941 0.752941 0.752941, 0.752941 0.752941 0.752941, 0.752941 0.752941 0.752941, 
            0.752941 0.752941 0.752941, 0.752941 0.752941 0.752941, 0.752941 0.752941 0.752941, 0.752941 0.752941 0.752941, 
            0.752941 0.752941 0.752941, 0.752941 0.752941 0.752941, 0.752941 0.752941 0.752941, 0.752941 0.752941 0.752941, 
            0.752941 0.752941 0.752941, 0.752941 0.752941 0.752941, 0.752941 0.752941 0.752941, 0.752941 0.752941 0.752941, 
            0.752941 0.752941 0.752941, 0.752941 0.752941 0.752941, 0.752941 0.752941 0.752941, 0.752941 0.752941 0.752941, 
            0.752941 0.752941 0.752941, 0.752941 0.752941 0.752941, 0.752941 0.752941 0.752941, 0.752941 0.752941 0.752941, 
            0.752941 0.752941 0.752941, 0.752941 0.752941 0.752941, 0.752941 0.752941 0.752941, 0.752941 0.752941 0.752941, 
            0.752941 0.752941 0.752941, 0.752941 0.752941 0.752941, 0.752941 0.752941 0.752941, 0.752941 0.752941 0.752941, 
            0.752941 0.752941 0.752941, 0.752941 0.752941 0.752941, 0.752941 0.752941 0.752941, 0.752941 0.752941 0.752941, 
            0.752941 0.752941 0.752941, 0.752941 0.752941 0.752941, 0.752941 0.752941 0.752941, 0.752941 0.752941 0.752941, 
            0.752941 0.752941 0.752941, 0.752941 0.752941 0.752941, 0.752941 0.752941 0.752941, 0.752941 0.752941 0.752941, 
            0.752941 0.752941 0.752941, 0.752941 0.752941 0.752941, 0.752941 0.752941 0.752941, 0.752941 0.752941 0.752941, 
            0.752941 0.752941 0.752941, 0.752941 0.752941 0.752941, 0.752941 0.752941 0.752941, 0.752941 0.752941 0.752941, 
            0.752941 0.752941 0.752941, 0.752941 0.752941 0.752941, 0.752941 0.752941 0.752941, 0.752941 0.752941 0.752941, 
            0.752941 0.752941 0.752941, 0.752941 0.752941 0.752941, 0.752941 0.752941 0.752941, 0.752941 0.752941 0.752941, 
            0.752941 0.752941 0.752941, 0.752941 0.752941 0.752941, 0.752941 0.752941 0.752941, 0.752941 0.752941 0.752941, 
            0.752941 0.752941 0.752941, 0.752941 0.752941 0.752941, 0.752941 0.752941 0.752941, 0.752941 0.752941 0.752941, 
            0.752941 0.752941 0.752941, 0.752941 0.752941 0.752941, 0.752941 0.752941 0.752941, 0.752941 0.752941 0.752941, 
            0.752941 0.752941 0.752941, 0.752941 0.752941 0.752941, 0.752941 0.752941 0.752941, 0.752941 0.752941 0.752941, 
            0.752941 0.752941 0.752941, 0.752941 0.752941 0.752941, 0.752941 0.752941 0.752941, 0.752941 0.752941 0.752941, 
            0.752941 0.752941 0.752941, 0.752941 0.752941 0.752941, 0.752941 0.752941 0.752941, 0.752941 0.752941 0.752941, 
            0.752941 0.752941 0.752941, 0.752941 0.752941 0.752941, 0.752941 0.752941 0.752941, 0.752941 0.752941 0.752941, 
            0.752941 0.752941 0.752941, 0.752941 0.752941 0.752941, 0.752941 0.752941 0.752941, 0.752941 0.752941 0.752941, 
            0.752941 0.752941 0.752941, 0.752941 0.752941 0.752941, 0.752941 0.752941 0.752941, 0.752941 0.752941 0.752941, 
            0.752941 0.752941 0.752941, 0.752941 0.752941 0.752941, 0.752941 0.752941 0.752941, 0.752941 0.752941 0.752941, 
            0.752941 0.752941 0.752941, 0.752941 0.752941 0.752941, 0.752941 0.752941 0.752941, 0.752941 0.752941 0.752941, 
            0.752941 0.752941 0.752941, 0.752941 0.752941 0.752941, 0.752941 0.752941 0.752941, 0.752941 0.752941 0.752941, 
            0.752941 0.752941 0.752941, 0.752941 0.752941 0.752941, 0.752941 0.752941 0.752941, 0.752941 0.752941 0.752941, 
            0.752941 0.752941 0.752941, 0.752941 0.752941 0.752941, 0.752941 0.752941 0.752941, 0.752941 0.752941 0.752941, 
            0.752941 0.752941 0.752941, 0.752941 0.752941 0.752941, 0.752941 0.752941 0.752941, 0.752941 0.752941 0.752941, 
            0.752941 0.752941 0.752941, 0.752941 0.752941 0.752941, 0.752941 0.752941 0.752941, 0.752941 0.752941 0.752941, 
            0.752941 0.752941 0.752941, 0.752941 0.752941 0.752941, 0.752941 0.752941 0.752941, 0.752941 0.752941 0.752941, 
            0.752941 0.752941 0.752941, 0.752941 0.752941 0.752941, 0.752941 0.752941 0.752941, 0.752941 0.752941 0.752941, 
            0.752941 0.752941 0.752941, 0.752941 0.752941 0.752941, 0.752941 0.752941 0.752941, 0.752941 0.752941 0.752941, 
            0.752941 0.752941 0.752941, 0.752941 0.752941 0.752941, 0.752941 0.752941 0.752941, 0.752941 0.752941 0.752941, 
            0.752941 0.752941 0.752941, 0.752941 0.752941 0.752941, 0.752941 0.752941 0.752941, 0.752941 0.752941 0.752941, 
            0.752941 0.752941 0.752941, 0.752941 0.752941 0.752941, 0.752941 0.752941 0.752941, 0.752941 0.752941 0.752941, 
            0.752941 0.752941 0.752941, 0.752941 0.752941 0.752941, 0.752941 0.752941 0.752941, 0.752941 0.752941 0.752941, 
            0.752941 0.752941 0.752941, 0.752941 0.752941 0.752941, 0.752941 0.752941 0.752941, 0.752941 0.752941 0.752941, 
            0.752941 0.752941 0.752941, 0.752941 0.752941 0.752941, 0.752941 0.752941 0.752941, 0.752941 0.752941 0.752941, 
            0.752941 0.752941 0.752941, 0.752941 0.752941 0.752941, 0.752941 0.752941 0.752941, 0.752941 0.752941 0.752941, 
            0.752941 0.752941 0.752941, 0.752941 0.752941 0.752941, 0.752941 0.752941 0.752941, 0.752941 0.752941 0.752941, 
            0.752941 0.752941 0.752941, 0.752941 0.752941 0.752941, 0.752941 0.752941 0.752941, 0.752941 0.752941 0.752941, 
            0.752941 0.752941 0.752941, 0.752941 0.752941 0.752941, 0.752941 0.752941 0.752941, 0.752941 0.752941 0.752941, 
            0.752941 0.752941 0.752941, 0.752941 0.752941 0.752941, 0.752941 0.752941 0.752941, 0.752941 0.752941 0.752941, 
            0.752941 0.752941 0.752941, 0.752941 0.752941 0.752941, 0.752941 0.752941 0.752941, 0.752941 0.752941 0.752941, 
            0.752941 0.752941 0.752941, 0.752941 0.752941 0.752941, 0.752941 0.752941 0.752941, 0.752941 0.752941 0.752941, 
            0.752941 0.752941 0.752941, 0.752941 0.752941 0.752941, 0.752941 0.752941 0.752941, 0.752941 0.752941 0.752941, 
            0.752941 0.752941 0.752941, 0.752941 0.752941 0.752941, 0.752941 0.752941 0.752941, 0.752941 0.752941 0.752941, 
            0.752941 0.752941 0.752941, 0.752941 0.752941 0.752941, 0.752941 0.752941 0.752941, 0.752941 0.752941 0.752941, 
            0.752941 0.752941 0.752941, 0.752941 0.752941 0.752941, 0.752941 0.752941 0.752941, 0.752941 0.752941 0.752941, 
            0.752941 0.752941 0.752941, 0.752941 0.752941 0.752941, 0.752941 0.752941 0.752941, 0.752941 0.752941 0.752941, 
            0.752941 0.752941 0.752941, 0.752941 0.752941 0.752941, 0.752941 0.752941 0.752941, 0.752941 0.752941 0.752941, 
            0.752941 0.752941 0.752941, 0.752941 0.752941 0.752941, 0.752941 0.752941 0.752941, 0.752941 0.752941 0.752941, 
            0.752941 0.752941 0.752941, 0.752941 0.752941 0.752941, 0.752941 0.752941 0.752941, 0.752941 0.752941 0.752941, 
            0.752941 0.752941 0.752941, 0.752941 0.752941 0.752941, 0.752941 0.752941 0.752941, 0.752941 0.752941 0.752941, 
            0.752941 0.752941 0.752941, 0.752941 0.752941 0.752941, 0.752941 0.752941 0.752941, 0.752941 0.752941 0.752941, 
            0.752941 0.752941 0.752941, 0.752941 0.752941 0.752941, 1 1 0.501961, 1 1 0.501961, 
            1 1 0.501961, 1 1 0.501961, 1 1 0.501961, 1 1 0.501961, 
            1 1 0.501961, 1 1 0.501961, 1 1 0.501961, 1 1 0.501961, 
            1 1 0.501961, 1 1 0.501961, 1 1 0.501961, 1 1 0.501961, 
            1 1 0.501961, 1 1 0.501961, 1 1 0.501961, 1 1 0.501961, 
            1 1 0.501961, 1 1 0.501961, 1 1 0.501961, 1 1 0.501961, 
            1 1 0.501961, 1 1 0.501961, 1 1 0.501961, 1 1 0.501961, 
            1 1 0.501961, 1 1 0.501961, 1 1 0.501961, 1 1 0.501961, 
            1 1 0.501961, 1 1 0.501961, 1 1 0.501961, 1 1 0.501961, 
            1 1 0.501961, 1 1 0.501961, 1 1 0.501961, 1 1 0.501961, 
            1 1 0.501961, 1 1 0.501961, 1 1 0.501961, 1 1 0.501961, 
            1 1 0.501961, 1 1 0.501961, 1 1 0.501961, 1 1 0.501961, 
            1 1 0.501961, 1 1 0.501961, 1 1 0.501961, 1 1 0.501961, 
            1 1 0.501961, 1 1 0.501961, 1 1 0.501961, 1 1 0.501961, 
            1 1 0.501961, 1 1 0.501961, 1 1 0.501961, 1 1 0.501961, 
            1 1 0.501961, 1 1 0.501961, 1 1 0.501961, 1 1 0.501961, 
            1 1 0.501961, 1 1 0.501961, 1 1 0.501961, 1 1 0.501961, 
            1 1 0.501961, 1 1 0.501961, 1 1 0.501961, 1 1 0.501961, 
            1 1 0.501961, 1 1 0.501961, 1 1 0.501961, 1 1 0.501961, 
            1 1 0.501961, 1 1 0.501961, 1 1 0.501961, 1 1 0.501961, 
            1 1 0.501961, 1 1 0.501961, 1 1 0.501961, 1 1 0.501961, 
            1 1 0.501961, 1 1 0.501961, 1 1 0.501961, 1 1 0.501961, 
            1 1 0.501961, 1 1 0.501961, 1 1 0.501961, 1 1 0.501961, 
            1 1 0.501961, 1 1 0.501961, 1 1 0.501961, 1 1 0.501961, 
            1 1 0.501961, 1 1 0.501961, 1 1 0.501961, 1 1 0.501961, 
            1 1 0.501961, 1 1 0.501961, 1 1 0.501961, 1 1 0.501961, 
            1 1 0.501961, 1 1 0.501961, 1 1 0.501961, 1 1 0.501961, 
            1 1 0.501961, 1 1 0.501961, 1 1 0.501961, 1 1 0.501961, 
            1 1 0.501961, 1 1 0.501961, 1 1 0.501961, 1 1 0.501961, 
            1 1 0.501961, 1 1 0.501961, 1 1 0.501961, 1 1 0.501961, 
            1 1 0.501961, 1 1 0.501961, 1 1 0.501961, 1 1 0.501961, 
            1 1 0.501961, 1 1 0.501961, 1 1 0.501961, 1 1 0.501961, 
            1 1 0.501961, 1 1 0.501961, 1 1 0.501961, 1 1 0.501961, 
            1 1 0.501961, 1 1 0.501961, 1 1 0.501961, 1 1 0.501961, 
            1 1 0.501961, 1 1 0.501961, 1 1 0.501961, 1 1 0.501961, 
            1 1 0.501961, 1 1 0.501961, 1 1 0.501961, 1 1 0.501961, 
            1 1 0.501961, 1 1 0.501961, 1 1 0.501961, 1 1 0.501961, 
            1 1 0.501961, 1 1 0.501961, 1 1 0.501961, 1 1 0.501961, 
            1 1 0.501961, 1 1 0.501961, 1 1 0.501961, 1 1 0.501961, 
            1 1 0.501961, 1 1 0.501961, 1 1 0.501961, 1 1 0.501961, 
            1 1 0.501961, 1 1 0.501961, 1 1 0.501961, 1 1 0.501961, 
            1 1 0.501961, 1 1 0.501961, 1 1 0.501961, 1 1 0.501961, 
            1 1 0.501961, 1 1 0.501961, 1 1 0.501961, 1 1 0.501961, 
            1 1 0.501961, 1 1 0.501961, 1 1 0.501961, 1 1 0.501961, 
            1 1 0.501961, 1 1 0.501961, 1 1 0.501961, 1 1 0.501961, 
            1 1 0.501961, 1 1 0.501961, 1 1 0.501961, 1 1 0.501961, 
            1 1 0.501961, 1 1 0.501961, 1 1 0.501961, 1 1 0.501961, 
            1 1 0.501961, 1 1 0.501961, 1 1 0.501961, 1 1 0.501961, 
            1 1 0.501961, 1 1 0.501961, 1 1 0.501961, 1 1 0.501961, 
            1 1 0.501961, 1 1 0.501961, 1 1 0.501961, 1 1 0.501961, 
            1 1 0.501961, 1 1 0.501961, 1 1 0.501961, 1 1 0.501961, 
            1 1 0.501961, 1 1 0.501961, 1 1 0.501961, 1 1 0.501961, 
            1 1 0.501961, 1 1 0.501961, 1 1 0.501961, 1 1 0.501961, 
            1 1 0.501961, 1 1 0.501961, 1 1 0.501961, 1 1 0.501961, 
            1 1 0.501961, 1 1 0.501961, 1 1 0.501961, 1 1 0.501961, 
            1 1 0.501961, 1 1 0.501961, 1 1 0.501961, 1 1 0.501961, 
            1 1 0.501961, 1 1 0.501961, 1 1 0.501961, 1 1 0.501961, 
            1 1 0.501961, 1 1 0.501961, 1 1 0.501961, 1 1 0.501961, 
            1 1 0.501961, 1 1 0.501961, 1 1 0.501961, 1 1 0.501961, 
            1 1 0.501961, 1 1 0.501961, 1 1 0.501961, 1 1 0.501961, 
            1 1 0.501961, 1 1 0.501961, 1 1 0.501961, 1 1 0.501961, 
            1 1 0.501961, 1 1 0.501961, 1 1 0.501961, 1 1 0.501961, 
            1 1 0.501961, 1 1 0.501961, 1 1 0.501961, 1 1 0.501961, 
            1 1 0.501961, 1 1 0.501961, 1 1 0.501961, 1 1 0.501961, 
            1 1 0.501961, 1 1 0.501961, 1 1 0.501961, 1 1 0.501961, 
            1 1 0.501961, 1 1 0.501961, 1 1 0.501961, 1 1 0.501961, 
            1 1 0.501961, 1 1 0.501961, 1 1 0.501961, 1 1 0.501961, 
            1 1 0.501961, 1 1 0.501961, 1 1 0.501961, 1 1 0.501961, 
            1 1 0.501961, 1 1 0.501961, 1 1 0.501961, 1 1 0.501961, 
            1 1 0.501961, 1 1 0.501961, 1 1 0.501961, 1 1 0.501961, 
            1 1 0.501961, 1 1 0.501961, 1 1 0.501961, 1 1 0.501961, 
            1 1 0.501961, 1 1 0.501961, 1 1 0.501961, 1 1 0.501961, 
            1 1 0.501961, 1 1 0.501961, 1 1 0.501961, 1 1 0.501961, 
            1 1 0.501961, 1 1 0.501961, 1 1 0.501961, 1 1 0.501961, 
            1 1 0.501961, 1 1 0.501961, 1 1 0.501961, 1 1 0.501961, 
            1 1 0.501961, 1 1 0.501961, 1 1 0.501961, 1 1 0.501961, 
            1 1 0.501961, 1 1 0.501961, 1 1 0.501961, 1 1 0.501961, 
            1 1 0.501961, 1 1 0.501961, 1 1 0.501961, 1 1 0.501961, 
            1 1 0.501961, 1 1 0.501961, 1 1 0.501961, 1 1 0.501961, 
            1 1 0.501961, 1 1 0.501961, 1 1 0.501961, 1 1 0.501961, 
            1 1 0.501961, 1 1 0.501961, 1 1 0.501961, 1 1 0.501961, 
            1 1 0.501961, 1 1 0.501961, 1 1 0.501961, 1 1 0.501961, 
            1 1 0.501961, 1 1 0.501961, 1 1 0.501961, 1 1 0.501961, 
            1 1 0.501961, 1 1 0.501961, 1 1 0.501961, 1 1 0.501961, 
            1 1 0.501961, 1 1 0.501961, 1 1 0.501961, 1 1 0.501961, 
            1 1 0.501961, 1 1 0.501961, 1 1 0.501961, 1 1 0.501961, 
            1 1 0.501961, 1 1 0.501961, 1 1 0.501961, 1 1 0.501961, 
            1 1 0.501961, 1 1 0.501961, 1 1 0.501961, 1 1 0.501961, 
            1 1 0.501961, 1 1 0.501961, 1 1 0.501961, 1 1 0.501961, 
            1 1 0.501961, 1 1 0.501961, 1 1 0.501961, 1 1 0.501961, 
            1 1 0.501961, 1 1 0.501961, 1 1 0.501961, 1 1 0.501961, 
            1 1 0.501961, 1 1 0.501961, 1 1 0.501961, 1 1 0.501961, 
            1 1 0.501961, 1 1 0.501961, 1 1 0.501961, 1 1 0.501961, 
            1 1 0.501961, 1 1 0.501961, 1 1 0.501961, 1 1 0.501961, 
            1 1 0.501961, 1 1 0.501961, 1 1 0.501961, 1 1 0.501961, 
            1 1 0.501961, 1 1 0.501961, 1 1 0.501961, 1 1 0.501961, 
            1 1 0.501961, 1 1 0.501961, 1 1 0.501961, 1 1 0.501961, 
            1 1 0.501961, 1 1 0.501961, 1 1 0.501961, 1 1 0.501961, 
            1 1 0.501961, 1 1 0.501961, 1 1 0.501961, 1 1 0.501961, 
            1 1 0.501961, 1 1 0.501961, 1 1 0.501961, 1 1 0.501961, 
            1 1 0.501961, 1 1 0.501961, 1 1 0.501961, 1 1 0.501961, 
            1 1 0.501961, 1 1 0.501961, 1 1 0.501961, 1 1 0.501961, 
            1 1 0.501961, 1 1 0.501961, 1 1 0.501961, 1 1 0.501961, 
            1 1 0.501961, 1 1 0.501961, 1 1 0.501961, 1 1 0.501961, 
            1 1 0.501961, 1 1 0.501961, 1 1 0.501961, 1 1 0.501961, 
            1 1 0.501961, 1 1 0.501961, 1 1 0.501961, 1 1 0.501961, 
            1 1 0.501961, 1 1 0.501961, 1 1 0.501961, 1 1 0.501961, 
            1 1 0.501961, 1 1 0.501961, 1 1 0.501961, 1 1 0.501961, 
            1 1 0.501961, 1 1 0.501961, 1 1 0.501961, 1 1 0.501961, 
            1 1 0.501961, 1 1 0.501961, 1 1 0.501961, 1 1 0.501961, 
            1 1 0.501961, 1 1 0.501961, 1 1 0.501961, 1 1 0.501961, 
            1 1 0.501961, 1 1 0.501961, 1 1 0.501961, 1 1 0.501961, 
            1 1 0.501961, 1 1 0.501961, 1 1 0.501961, 1 1 0.501961, 
            1 1 0.501961, 1 1 0.501961, 1 1 0.501961, 1 1 0.501961, 
            1 1 0.501961, 1 1 0.501961, 1 1 0.501961, 1 1 0.501961, 
            1 1 0.501961, 1 1 0.501961, 1 1 0.501961, 1 1 0.501961, 
            1 1 0.501961, 1 1 0.501961, 1 1 0.501961, 1 1 0.501961, 
            1 1 0.501961, 1 1 0.501961, 1 1 0.501961, 1 1 0.501961, 
            1 1 0.501961, 1 1 0.501961, 1 1 0.501961, 1 1 0.501961, 
            1 1 0.501961, 1 1 0.501961, 1 1 0.501961, 1 1 0.501961, 
            1 1 0.501961, 1 1 0.501961, 1 1 0.501961, 1 1 0.501961, 
            1 1 0.501961, 1 1 0.501961, 1 1 0.501961, 1 1 0.501961, 
            1 1 0.501961, 1 1 0.501961, 1 1 0.501961, 1 1 0.501961, 
            1 1 0.501961, 1 1 0.501961, 1 1 0.501961, 1 1 0.501961, 
            1 1 0.501961, 1 1 0.501961, 1 1 0.501961, 1 1 0.501961, 
            1 1 0.501961, 1 1 0.501961, 1 1 0.501961, 1 1 0.501961, 
            1 1 0.501961, 1 1 0.501961, 1 1 0.501961, 1 1 0.501961, 
            1 1 0.501961, 1 1 0.501961, 1 1 0.501961, 1 1 0.501961, 
            1 1 0.501961, 1 1 0.501961, 1 1 0.501961, 1 1 0.501961, 
            1 1 0.501961, 1 1 0.501961, 1 1 0.501961, 1 1 0.501961, 
            1 1 0.501961, 1 1 0.501961, 1 1 0.501961, 1 1 0.501961, 
            1 1 0.501961, 1 1 0.501961, 1 1 0.501961, 1 1 0.501961, 
            1 1 0.501961, 1 1 0.501961, 1 1 0.501961, 1 1 0.501961, 
            1 1 0.501961, 1 1 0.501961, 1 1 0.501961, 1 1 0.501961, 
            1 1 0.501961, 1 1 0.501961, 0.25098 0.25098 0.25098, 0.25098 0.25098 0.25098, 
            0.25098 0.25098 0.25098, 0.25098 0.25098 0.25098, 0.25098 0.25098 0.25098, 0.25098 0.25098 0.25098, 
            0.25098 0.25098 0.25098, 0.25098 0.25098 0.25098, 0.25098 0.25098 0.25098, 0.25098 0.25098 0.25098, 
            0.25098 0.25098 0.25098, 0.25098 0.25098 0.25098, 0.25098 0.25098 0.25098, 0.25098 0.25098 0.25098, 
            0.25098 0.25098 0.25098, 0.25098 0.25098 0.25098, 0.25098 0.25098 0.25098, 0.25098 0.25098 0.25098, 
            0.25098 0.25098 0.25098, 0.25098 0.25098 0.25098, 0.25098 0.25098 0.25098, 0.25098 0.25098 0.25098, 
            0.25098 0.25098 0.25098, 0.25098 0.25098 0.25098, 0.25098 0.25098 0.25098, 0.25098 0.25098 0.25098, 
            0.25098 0.25098 0.25098, 0.25098 0.25098 0.25098, 0.25098 0.25098 0.25098, 0.25098 0.25098 0.25098, 
            0.752941 0.752941 0.752941, 0.752941 0.752941 0.752941, 0.752941 0.752941 0.752941, 0.752941 0.752941 0.752941, 
            0.752941 0.752941 0.752941, 0.752941 0.752941 0.752941, 0.752941 0.752941 0.752941, 0.752941 0.752941 0.752941, 
            0.752941 0.752941 0.752941, 0.752941 0.752941 0.752941, 0.752941 0.752941 0.752941, 0.752941 0.752941 0.752941, 
            0.752941 0.752941 0.752941, 0.752941 0.752941 0.752941, 0.752941 0.752941 0.752941, 0.752941 0.752941 0.752941, 
            0.752941 0.752941 0.752941, 0.752941 0.752941 0.752941, 0.752941 0.752941 0.752941, 0.752941 0.752941 0.752941, 
            0.752941 0.752941 0.752941, 0.752941 0.752941 0.752941, 0.752941 0.752941 0.752941, 0.752941 0.752941 0.752941, 
            0.752941 0.752941 0.752941, 0.752941 0.752941 0.752941, 0.752941 0.752941 0.752941, 0.752941 0.752941 0.752941, 
            0.752941 0.752941 0.752941, 0.752941 0.752941 0.752941, 0.752941 0.752941 0.752941, 0.752941 0.752941 0.752941, 
            0.752941 0.752941 0.752941, 0.752941 0.752941 0.752941, 0.752941 0.752941 0.752941, 0.752941 0.752941 0.752941, 
            0.752941 0.752941 0.752941, 0.752941 0.752941 0.752941, 0.752941 0.752941 0.752941, 0.752941 0.752941 0.752941, 
            0.752941 0.752941 0.752941, 0.752941 0.752941 0.752941, 0.752941 0.752941 0.752941, 0.752941 0.752941 0.752941, 
            0.752941 0.752941 0.752941, 0.752941 0.752941 0.752941, 0.752941 0.752941 0.752941, 0.752941 0.752941 0.752941, 
            0.752941 0.752941 0.752941, 0.752941 0.752941 0.752941, 0.752941 0.752941 0.752941, 0.752941 0.752941 0.752941, 
            0.752941 0.752941 0.752941, 0.752941 0.752941 0.752941, 0.752941 0.752941 0.752941, 0.752941 0.752941 0.752941, 
            0.752941 0.752941 0.752941, 0.752941 0.752941 0.752941, 0.752941 0.752941 0.752941, 0.752941 0.752941 0.752941, 
            0.752941 0.752941 0.752941, 0.752941 0.752941 0.752941, 0.752941 0.752941 0.752941, 0.752941 0.752941 0.752941, 
            0.752941 0.752941 0.752941, 0.752941 0.752941 0.752941, 0.752941 0.752941 0.752941, 0.752941 0.752941 0.752941, 
            0.752941 0.752941 0.752941, 0.752941 0.752941 0.752941, 0.752941 0.752941 0.752941, 0.752941 0.752941 0.752941, 
            0.752941 0.752941 0.752941, 0.752941 0.752941 0.752941, 0.752941 0.752941 0.752941, 0.752941 0.752941 0.752941, 
            0.752941 0.752941 0.752941, 0.752941 0.752941 0.752941, 0.752941 0.752941 0.752941, 0.752941 0.752941 0.752941, 
            0.752941 0.752941 0.752941, 0.752941 0.752941 0.752941, 0.752941 0.752941 0.752941, 0.752941 0.752941 0.752941, 
            0.752941 0.752941 0.752941, 0.752941 0.752941 0.752941, 0.752941 0.752941 0.752941, 0.752941 0.752941 0.752941, 
            0.752941 0.752941 0.752941, 0.752941 0.752941 0.752941, 0.752941 0.752941 0.752941, 0.752941 0.752941 0.752941, 
            0.752941 0.752941 0.752941, 0.752941 0.752941 0.752941, 0.752941 0.752941 0.752941, 0.752941 0.752941 0.752941, 
            0.752941 0.752941 0.752941, 0.752941 0.752941 0.752941, 0.752941 0.752941 0.752941, 0.752941 0.752941 0.752941, 
            0.752941 0.752941 0.752941, 0.752941 0.752941 0.752941, 0.752941 0.752941 0.752941, 0.752941 0.752941 0.752941, 
            0.752941 0.752941 0.752941, 0.752941 0.752941 0.752941, 0.752941 0.752941 0.752941, 0.752941 0.752941 0.752941, 
            0.752941 0.752941 0.752941, 0.752941 0.752941 0.752941, 0.752941 0.752941 0.752941, 0.752941 0.752941 0.752941, 
            0.752941 0.752941 0.752941, 0.752941 0.752941 0.752941, 0.752941 0.752941 0.752941, 0.752941 0.752941 0.752941, 
            0.752941 0.752941 0.752941, 0.752941 0.752941 0.752941, 0.752941 0.752941 0.752941, 0.752941 0.752941 0.752941, 
            0.752941 0.752941 0.752941, 0.752941 0.752941 0.752941, 0.752941 0.752941 0.752941, 0.752941 0.752941 0.752941, 
            0.752941 0.752941 0.752941, 0.752941 0.752941 0.752941, 0.752941 0.752941 0.752941, 0.752941 0.752941 0.752941, 
            0.752941 0.752941 0.752941, 0.752941 0.752941 0.752941, 0.752941 0.752941 0.752941, 0.752941 0.752941 0.752941, 
            0.752941 0.752941 0.752941, 0.752941 0.752941 0.752941, 0.752941 0.752941 0.752941, 0.752941 0.752941 0.752941, 
            0.752941 0.752941 0.752941, 0.752941 0.752941 0.752941, 0.752941 0.752941 0.752941, 0.752941 0.752941 0.752941, 
            0.752941 0.752941 0.752941, 0.752941 0.752941 0.752941, 0.752941 0.752941 0.752941, 0.752941 0.752941 0.752941, 
            0.752941 0.752941 0.752941, 0.752941 0.752941 0.752941, 0.752941 0.752941 0.752941, 0.752941 0.752941 0.752941, 
            0.752941 0.752941 0.752941, 0.752941 0.752941 0.752941, 0.752941 0.752941 0.752941, 0.752941 0.752941 0.752941, 
            0.752941 0.752941 0.752941, 0.752941 0.752941 0.752941, 0.752941 0.752941 0.752941, 0.752941 0.752941 0.752941, 
            0.752941 0.752941 0.752941, 0.752941 0.752941 0.752941, 0.752941 0.752941 0.752941, 0.752941 0.752941 0.752941, 
            0.752941 0.752941 0.752941, 0.752941 0.752941 0.752941, 0.752941 0.752941 0.752941, 0.752941 0.752941 0.752941, 
            0.752941 0.752941 0.752941, 0.752941 0.752941 0.752941, 0.752941 0.752941 0.752941, 0.752941 0.752941 0.752941, 
            0.752941 0.752941 0.752941, 0.752941 0.752941 0.752941, 0.752941 0.752941 0.752941, 0.752941 0.752941 0.752941, 
            0.752941 0.752941 0.752941, 0.752941 0.752941 0.752941, 0.752941 0.752941 0.752941, 0.752941 0.752941 0.752941, 
            0.752941 0.752941 0.752941, 0.752941 0.752941 0.752941, 0.752941 0.752941 0.752941, 0.752941 0.752941 0.752941, 
            0.752941 0.752941 0.752941, 0.752941 0.752941 0.752941, 0.752941 0.752941 0.752941, 0.752941 0.752941 0.752941, 
            0.752941 0.752941 0.752941, 0.752941 0.752941 0.752941, 0.752941 0.752941 0.752941, 0.752941 0.752941 0.752941, 
            0.752941 0.752941 0.752941, 0.752941 0.752941 0.752941, 0.752941 0.752941 0.752941, 0.752941 0.752941 0.752941, 
            0.752941 0.752941 0.752941, 0.752941 0.752941 0.752941, 0.752941 0.752941 0.752941, 0.752941 0.752941 0.752941, 
            0.752941 0.752941 0.752941, 0.752941 0.752941 0.752941, 0.752941 0.752941 0.752941, 0.752941 0.752941 0.752941, 
            0.752941 0.752941 0.752941, 0.752941 0.752941 0.752941, 0.752941 0.752941 0.752941, 0.752941 0.752941 0.752941, 
            0.752941 0.752941 0.752941, 0.752941 0.752941 0.752941, 0.752941 0.752941 0.752941, 0.752941 0.752941 0.752941, 
            0.752941 0.752941 0.752941, 0.752941 0.752941 0.752941, 0.752941 0.752941 0.752941, 0.752941 0.752941 0.752941, 
            0.752941 0.752941 0.752941, 0.752941 0.752941 0.752941, 0.752941 0.752941 0.752941, 0.752941 0.752941 0.752941, 
            0.752941 0.752941 0.752941, 0.752941 0.752941 0.752941, 0.752941 0.752941 0.752941, 0.752941 0.752941 0.752941, 
            0.752941 0.752941 0.752941, 0.752941 0.752941 0.752941, 0.752941 0.752941 0.752941, 0.752941 0.752941 0.752941, 
            0.752941 0.752941 0.752941, 0.752941 0.752941 0.752941, 0.752941 0.752941 0.752941, 0.752941 0.752941 0.752941, 
            0.752941 0.752941 0.752941, 0.752941 0.752941 0.752941, 0.752941 0.752941 0.752941, 0.752941 0.752941 0.752941, 
            0.752941 0.752941 0.752941, 0.752941 0.752941 0.752941, 0.752941 0.752941 0.752941, 0.752941 0.752941 0.752941, 
            0.752941 0.752941 0.752941, 0.752941 0.752941 0.752941, 0.752941 0.752941 0.752941, 0.752941 0.752941 0.752941, 
            0.752941 0.752941 0.752941, 0.752941 0.752941 0.752941, 0.752941 0.752941 0.752941, 0.752941 0.752941 0.752941, 
            0.752941 0.752941 0.752941, 0.752941 0.752941 0.752941, 0.752941 0.752941 0.752941, 0.752941 0.752941 0.752941, 
            0.752941 0.752941 0.752941, 0.752941 0.752941 0.752941, 0.752941 0.752941 0.752941, 0.752941 0.752941 0.752941, 
            0.752941 0.752941 0.752941, 0.752941 0.752941 0.752941, 0.752941 0.752941 0.752941, 0.752941 0.752941 0.752941, 
            0.752941 0.752941 0.752941, 0.752941 0.752941 0.752941, 0.752941 0.752941 0.752941, 0.752941 0.752941 0.752941, 
            0.752941 0.752941 0.752941, 0.752941 0.752941 0.752941, 0.752941 0.752941 0.752941, 0.752941 0.752941 0.752941, 
            0.752941 0.752941 0.752941, 0.752941 0.752941 0.752941, 0.752941 0.752941 0.752941, 0.752941 0.752941 0.752941, 
            0.752941 0.752941 0.752941, 0.752941 0.752941 0.752941, 0.752941 0.752941 0.752941, 0.752941 0.752941 0.752941, 
            0.752941 0.752941 0.752941, 0.752941 0.752941 0.752941, 0.752941 0.752941 0.752941, 0.752941 0.752941 0.752941, 
            0.752941 0.752941 0.752941, 0.752941 0.752941 0.752941, 0.752941 0.752941 0.752941, 0.752941 0.752941 0.752941, 
            0.752941 0.752941 0.752941, 0.752941 0.752941 0.752941, 0.752941 0.752941 0.752941, 0.752941 0.752941 0.752941, 
            0.752941 0.752941 0.752941, 0.752941 0.752941 0.752941, 0.752941 0.752941 0.752941, 0.752941 0.752941 0.752941, 
            0.752941 0.752941 0.752941, 0.752941 0.752941 0.752941, 0.752941 0.752941 0.752941, 0.752941 0.752941 0.752941, 
            0.752941 0.752941 0.752941, 0.752941 0.752941 0.752941, 0.752941 0.752941 0.752941, 0.752941 0.752941 0.752941, 
            0.752941 0.752941 0.752941, 0.752941 0.752941 0.752941, 0.752941 0.752941 0.752941, 0.752941 0.752941 0.752941, 
            0.752941 0.752941 0.752941, 0.752941 0.752941 0.752941, 0.752941 0.752941 0.752941, 0.752941 0.752941 0.752941, 
            0.752941 0.752941 0.752941, 0.752941 0.752941 0.752941, 0.752941 0.752941 0.752941, 0.752941 0.752941 0.752941, 
            0.752941 0.752941 0.752941, 0.752941 0.752941 0.752941, 0.752941 0.752941 0.752941, 0.752941 0.752941 0.752941, 
            0.752941 0.752941 0.752941, 0.752941 0.752941 0.752941, 0.752941 0.752941 0.752941, 0.752941 0.752941 0.752941, 
            0.752941 0.752941 0.752941, 0.752941 0.752941 0.752941, 0.752941 0.752941 0.752941, 0.752941 0.752941 0.752941, 
            0.752941 0.752941 0.752941, 0.752941 0.752941 0.752941, 0.752941 0.752941 0.752941, 0.752941 0.752941 0.752941, 
            0.752941 0.752941 0.752941, 0.752941 0.752941 0.752941, 0.752941 0.752941 0.752941, 0.752941 0.752941 0.752941, 
            0.752941 0.752941 0.752941, 0.752941 0.752941 0.752941, 0.752941 0.752941 0.752941, 0.752941 0.752941 0.752941, 
            0.752941 0.752941 0.752941, 0.752941 0.752941 0.752941, 0.752941 0.752941 0.752941, 0.752941 0.752941 0.752941, 
            0.752941 0.752941 0.752941, 0.752941 0.752941 0.752941, 0.752941 0.752941 0.752941, 0.752941 0.752941 0.752941, 
            0.752941 0.752941 0.752941, 0.752941 0.752941 0.752941, 0.752941 0.752941 0.752941, 0.752941 0.752941 0.752941, 
            0.752941 0.752941 0.752941, 0.752941 0.752941 0.752941, 0.752941 0.752941 0.752941, 0.752941 0.752941 0.752941, 
            0.752941 0.752941 0.752941, 0.752941 0.752941 0.752941, 0.752941 0.752941 0.752941, 0.752941 0.752941 0.752941, 
            0.752941 0.752941 0.752941, 0.752941 0.752941 0.752941, 0.752941 0.752941 0.752941, 0.752941 0.752941 0.752941, 
            0.752941 0.752941 0.752941, 0.752941 0.752941 0.752941, 0.752941 0.752941 0.752941, 0.752941 0.752941 0.752941, 
            0.752941 0.752941 0.752941, 0.752941 0.752941 0.752941, 0.752941 0.752941 0.752941, 0.752941 0.752941 0.752941, 
            0.752941 0.752941 0.752941, 0.752941 0.752941 0.752941, 0.752941 0.752941 0.752941, 0.752941 0.752941 0.752941, 
            0.752941 0.752941 0.752941, 0.752941 0.752941 0.752941, 0.752941 0.752941 0.752941, 0.752941 0.752941 0.752941, 
            0.752941 0.752941 0.752941, 0.752941 0.752941 0.752941, 0.752941 0.752941 0.752941, 0.752941 0.752941 0.752941, 
            0.25098 0.25098 0.25098, 0.25098 0.25098 0.25098, 0.25098 0.25098 0.25098, 0.25098 0.25098 0.25098, 
            0.25098 0.25098 0.25098, 0.25098 0.25098 0.25098, 0.25098 0.25098 0.25098, 0.25098 0.25098 0.25098, 
            0.25098 0.25098 0.25098, 0.25098 0.25098 0.25098, 0.25098 0.25098 0.25098, 0.25098 0.25098 0.25098, 
            0.25098 0.25098 0.25098, 0.25098 0.25098 0.25098, 0.25098 0.25098 0.25098, 0.25098 0.25098 0.25098, 
            0.25098 0.25098 0.25098, 0.25098 0.25098 0.25098, 0.25098 0.25098 0.25098, 0.25098 0.25098 0.25098, 
            0.25098 0.25098 0.25098, 0.25098 0.25098 0.25098, 0.25098 0.25098 0.25098, 0.25098 0.25098 0.25098, 
            0.25098 0.25098 0.25098, 0.25098 0.25098 0.25098, 0.25098 0.25098 0.25098, 0.25098 0.25098 0.25098, 
            0.25098 0.25098 0.25098, 0.25098 0.25098 0.25098, 0.25098 0.25098 0.25098, 0.25098 0.25098 0.25098, 
            0.25098 0.25098 0.25098, 0.25098 0.25098 0.25098, 0.25098 0.25098 0.25098, 0.25098 0.25098 0.25098, 
            0.25098 0.25098 0.25098, 0.25098 0.25098 0.25098, 0.25098 0.25098 0.25098, 0.25098 0.25098 0.25098, 
            0.25098 0.25098 0.25098, 0.25098 0.25098 0.25098, 0.25098 0.25098 0.25098, 0.25098 0.25098 0.25098, 
            0.25098 0.25098 0.25098, 0.25098 0.25098 0.25098, 0.25098 0.25098 0.25098, 0.25098 0.25098 0.25098, 
            0.25098 0.25098 0.25098, 0.25098 0.25098 0.25098, 0.25098 0.25098 0.25098, 0.25098 0.25098 0.25098, 
            0.25098 0.25098 0.25098, 0.25098 0.25098 0.25098, 0.25098 0.25098 0.25098, 0.25098 0.25098 0.25098, 
            0.25098 0.25098 0.25098, 0.25098 0.25098 0.25098, 0.25098 0.25098 0.25098, 0.25098 0.25098 0.25098, 
            0.25098 0.25098 0.25098, 0.25098 0.25098 0.25098, 0.25098 0.25098 0.25098, 0.25098 0.25098 0.25098, 
            0.25098 0.25098 0.25098, 0.25098 0.25098 0.25098, 0.25098 0.25098 0.25098, 0.25098 0.25098 0.25098, 
            0.25098 0.25098 0.25098, 0.25098 0.25098 0.25098, 0.25098 0.25098 0.25098, 0.25098 0.25098 0.25098, 
            0.25098 0.25098 0.25098, 0.25098 0.25098 0.25098, 0.25098 0.25098 0.25098, 0.25098 0.25098 0.25098, 
            0.25098 0.25098 0.25098, 0.25098 0.25098 0.25098, 0.25098 0.25098 0.25098, 0.25098 0.25098 0.25098, 
            0.25098 0.25098 0.25098, 0.25098 0.25098 0.25098, 0.25098 0.25098 0.25098, 0.25098 0.25098 0.25098, 
            0.25098 0.25098 0.25098, 0.25098 0.25098 0.25098, 0.25098 0.25098 0.25098, 0.25098 0.25098 0.25098, 
            0.25098 0.25098 0.25098, 0.25098 0.25098 0.25098, 0.25098 0.25098 0.25098, 0.25098 0.25098 0.25098, 
            0.25098 0.25098 0.25098, 0.25098 0.25098 0.25098, 0.25098 0.25098 0.25098, 0.25098 0.25098 0.25098, 
            0.25098 0.25098 0.25098, 0.25098 0.25098 0.25098, 0.25098 0.25098 0.25098, 0.25098 0.25098 0.25098, 
            0.25098 0.25098 0.25098, 0.25098 0.25098 0.25098, 0.25098 0.25098 0.25098, 0.25098 0.25098 0.25098, 
            0.25098 0.25098 0.25098, 0.25098 0.25098 0.25098, 0.25098 0.25098 0.25098, 0.25098 0.25098 0.25098, 
            0.25098 0.25098 0.25098, 0.25098 0.25098 0.25098, 0.25098 0.25098 0.25098, 0.25098 0.25098 0.25098, 
            0.25098 0.25098 0.25098, 0.25098 0.25098 0.25098, 0.25098 0.25098 0.25098, 0.25098 0.25098 0.25098, 
            0.25098 0.25098 0.25098, 0.25098 0.25098 0.25098, 0.25098 0.25098 0.25098, 0.25098 0.25098 0.25098, 
            0.25098 0.25098 0.25098, 0.25098 0.25098 0.25098, 0.25098 0.25098 0.25098, 0.25098 0.25098 0.25098, 
            0.25098 0.25098 0.25098, 0.25098 0.25098 0.25098, 0.25098 0.25098 0.25098, 0.25098 0.25098 0.25098, 
            0.25098 0.25098 0.25098, 0.25098 0.25098 0.25098, 0.25098 0.25098 0.25098, 0.25098 0.25098 0.25098, 
            0.25098 0.25098 0.25098, 0.25098 0.25098 0.25098, 0.25098 0.25098 0.25098, 0.25098 0.25098 0.25098, 
            0.25098 0.25098 0.25098, 0.25098 0.25098 0.25098, 0.25098 0.25098 0.25098, 0.25098 0.25098 0.25098, 
            0.25098 0.25098 0.25098, 0.25098 0.25098 0.25098, 0.25098 0.25098 0.25098, 0.25098 0.25098 0.25098, 
            0.25098 0.25098 0.25098, 0.25098 0.25098 0.25098, 0.25098 0.25098 0.25098, 0.25098 0.25098 0.25098, 
            0.25098 0.25098 0.25098, 0.25098 0.25098 0.25098, 0.25098 0.25098 0.25098, 0.25098 0.25098 0.25098, 
            0.25098 0.25098 0.25098, 0.25098 0.25098 0.25098, 0.25098 0.25098 0.25098, 0.25098 0.25098 0.25098, 
            0.25098 0.25098 0.25098, 0.25098 0.25098 0.25098, 0.25098 0.25098 0.25098, 0.25098 0.25098 0.25098, 
            0.25098 0.25098 0.25098, 0.25098 0.25098 0.25098, 0.25098 0.25098 0.25098, 0.25098 0.25098 0.25098, 
            0.25098 0.25098 0.25098, 0.25098 0.25098 0.25098, 0.25098 0.25098 0.25098, 0.25098 0.25098 0.25098, 
            0.25098 0.25098 0.25098, 0.25098 0.25098 0.25098, 0.25098 0.25098 0.25098, 0.25098 0.25098 0.25098, 
            0.25098 0.25098 0.25098, 0.25098 0.25098 0.25098, 0.25098 0.25098 0.25098, 0.25098 0.25098 0.25098, 
            0.25098 0.25098 0.25098, 0.25098 0.25098 0.25098, 0.25098 0.25098 0.25098, 0.25098 0.25098 0.25098, 
            0.25098 0.25098 0.25098, 0.25098 0.25098 0.25098, 0.25098 0.25098 0.25098, 0.25098 0.25098 0.25098, 
            0.25098 0.25098 0.25098, 0.25098 0.25098 0.25098, 0.25098 0.25098 0.25098, 0.25098 0.25098 0.25098, 
            0.25098 0.25098 0.25098, 0.25098 0.25098 0.25098, 0.25098 0.25098 0.25098, 0.25098 0.25098 0.25098, 
            0.25098 0.25098 0.25098, 0.25098 0.25098 0.25098, 0.25098 0.25098 0.25098, 0.25098 0.25098 0.25098, 
            0.25098 0.25098 0.25098, 0.25098 0.25098 0.25098, 0.25098 0.25098 0.25098, 0.25098 0.25098 0.25098, 
            0.752941 0.752941 0.752941, 0.752941 0.752941 0.752941, 0.752941 0.752941 0.752941, 0.752941 0.752941 0.752941, 
            0.752941 0.752941 0.752941, 0.752941 0.752941 0.752941, 0.752941 0.752941 0.752941, 0.752941 0.752941 0.752941, 
            0.752941 0.752941 0.752941, 0.752941 0.752941 0.752941, 0.752941 0.752941 0.752941, 0.752941 0.752941 0.752941, 
            0.752941 0.752941 0.752941, 0.752941 0.752941 0.752941, 0.752941 0.752941 0.752941, 0.752941 0.752941 0.752941, 
            0.752941 0.752941 0.752941, 0.752941 0.752941 0.752941, 0.752941 0.752941 0.752941, 0.752941 0.752941 0.752941, 
            0.752941 0.752941 0.752941, 0.752941 0.752941 0.752941, 0.752941 0.752941 0.752941, 0.752941 0.752941 0.752941, 
            0.752941 0.752941 0.752941, 0.752941 0.752941 0.752941, 0.752941 0.752941 0.752941, 0.752941 0.752941 0.752941, 
            0.752941 0.752941 0.752941, 0.752941 0.752941 0.752941, 0.752941 0.752941 0.752941, 0.752941 0.752941 0.752941, 
            0.752941 0.752941 0.752941, 0.752941 0.752941 0.752941, 0.752941 0.752941 0.752941, 0.752941 0.752941 0.752941, 
            0.752941 0.752941 0.752941, 0.752941 0.752941 0.752941, 0.752941 0.752941 0.752941, 0.752941 0.752941 0.752941, 
            0.752941 0.752941 0.752941, 0.752941 0.752941 0.752941, 0.752941 0.752941 0.752941, 0.752941 0.752941 0.752941, 
            0.752941 0.752941 0.752941, 0.752941 0.752941 0.752941, 0.752941 0.752941 0.752941, 0.752941 0.752941 0.752941, 
            0.752941 0.752941 0.752941, 0.752941 0.752941 0.752941, 0.752941 0.752941 0.752941, 0.752941 0.752941 0.752941, 
            0.752941 0.752941 0.752941, 0.752941 0.752941 0.752941, 0.752941 0.752941 0.752941, 0.752941 0.752941 0.752941, 
            0.752941 0.752941 0.752941, 0.752941 0.752941 0.752941, 0.752941 0.752941 0.752941, 0.752941 0.752941 0.752941, 
            0.752941 0.752941 0.752941, 0.752941 0.752941 0.752941, 0.752941 0.752941 0.752941, 0.752941 0.752941 0.752941, 
            0.752941 0.752941 0.752941, 0.752941 0.752941 0.752941, 0.752941 0.752941 0.752941, 0.752941 0.752941 0.752941, 
            0.752941 0.752941 0.752941, 0.752941 0.752941 0.752941, 0.752941 0.752941 0.752941, 0.752941 0.752941 0.752941, 
            0.25098 0.25098 0.25098, 0.25098 0.25098 0.25098, 0.25098 0.25098 0.25098, 0.25098 0.25098 0.25098, 
            0.25098 0.25098 0.25098, 0.25098 0.25098 0.25098, 0.25098 0.25098 0.25098, 0.25098 0.25098 0.25098, 
            0.25098 0.25098 0.25098, 0.25098 0.25098 0.25098, 0.25098 0.25098 0.25098, 0.25098 0.25098 0.25098, 
            0.25098 0.25098 0.25098, 0.25098 0.25098 0.25098, 0.25098 0.25098 0.25098, 0.25098 0.25098 0.25098, 
            0.25098 0.25098 0.25098, 0.25098 0.25098 0.25098, 0.25098 0.25098 0.25098, 0.25098 0.25098 0.25098, 
            0.25098 0.25098 0.25098, 0.25098 0.25098 0.25098, 0.25098 0.25098 0.25098, 0.25098 0.25098 0.25098, 
            0.25098 0.25098 0.25098, 0.25098 0.25098 0.25098, 0.25098 0.25098 0.25098, 0.25098 0.25098 0.25098, 
            0.25098 0.25098 0.25098, 0.25098 0.25098 0.25098, 0.25098 0.25098 0.25098, 0.25098 0.25098 0.25098, 
            0.25098 0.25098 0.25098, 0.25098 0.25098 0.25098, 0.25098 0.25098 0.25098, 0.25098 0.25098 0.25098, 
            0.25098 0.25098 0.25098, 0.25098 0.25098 0.25098, 0.25098 0.25098 0.25098, 0.25098 0.25098 0.25098, 
            0.25098 0.25098 0.25098, 0.25098 0.25098 0.25098, 0.25098 0.25098 0.25098, 0.25098 0.25098 0.25098, 
            0.25098 0.25098 0.25098, 0.25098 0.25098 0.25098, 0.25098 0.25098 0.25098, 0.25098 0.25098 0.25098, 
            0.25098 0.25098 0.25098, 0.25098 0.25098 0.25098, 0.25098 0.25098 0.25098, 0.25098 0.25098 0.25098, 
            0.25098 0.25098 0.25098, 0.25098 0.25098 0.25098, 0.25098 0.25098 0.25098, 0.25098 0.25098 0.25098, 
            0.25098 0.25098 0.25098, 0.25098 0.25098 0.25098, 0.25098 0.25098 0.25098, 0.25098 0.25098 0.25098, 
            0.25098 0.25098 0.25098, 0.25098 0.25098 0.25098, 0.25098 0.25098 0.25098, 0.25098 0.25098 0.25098, 
            0.25098 0.25098 0.25098, 0.25098 0.25098 0.25098, 0.25098 0.25098 0.25098, 0.25098 0.25098 0.25098, 
            0.25098 0.25098 0.25098, 0.25098 0.25098 0.25098, 0.25098 0.25098 0.25098, 0.25098 0.25098 0.25098, 
            0.25098 0.25098 0.25098, 0.25098 0.25098 0.25098, 0.25098 0.25098 0.25098, 0.25098 0.25098 0.25098, 
            0.25098 0.25098 0.25098, 0.25098 0.25098 0.25098, 0.25098 0.25098 0.25098, 0.25098 0.25098 0.25098, 
            0.25098 0.25098 0.25098, 0.25098 0.25098 0.25098, 0.25098 0.25098 0.25098, 0.25098 0.25098 0.25098, 
            0.25098 0.25098 0.25098, 0.25098 0.25098 0.25098, 0.25098 0.25098 0.25098, 0.25098 0.25098 0.25098, 
            0.25098 0.25098 0.25098, 0.25098 0.25098 0.25098, 0.25098 0.25098 0.25098, 0.25098 0.25098 0.25098, 
            0.25098 0.25098 0.25098, 0.25098 0.25098 0.25098, 0.25098 0.25098 0.25098, 0.25098 0.25098 0.25098, 
            0.25098 0.25098 0.25098, 0.25098 0.25098 0.25098, 0.25098 0.25098 0.25098, 0.25098 0.25098 0.25098, 
            0.25098 0.25098 0.25098, 0.25098 0.25098 0.25098, 0.25098 0.25098 0.25098, 0.25098 0.25098 0.25098, 
            0.25098 0.25098 0.25098, 0.25098 0.25098 0.25098, 0.25098 0.25098 0.25098, 0.25098 0.25098 0.25098, 
            0.25098 0.25098 0.25098, 0.25098 0.25098 0.25098, 0.25098 0.25098 0.25098, 0.25098 0.25098 0.25098, 
            0.25098 0.25098 0.25098, 0.25098 0.25098 0.25098, 0.25098 0.25098 0.25098, 0.25098 0.25098 0.25098, 
            0.25098 0.25098 0.25098, 0.25098 0.25098 0.25098, 0.25098 0.25098 0.25098, 0.25098 0.25098 0.25098, 
            0.25098 0.25098 0.25098, 0.25098 0.25098 0.25098, 0.25098 0.25098 0.25098, 0.25098 0.25098 0.25098, 
            0.25098 0.25098 0.25098, 0.25098 0.25098 0.25098, 0.25098 0.25098 0.25098, 0.25098 0.25098 0.25098, 
            0.25098 0.25098 0.25098, 0.25098 0.25098 0.25098, 0.25098 0.25098 0.25098, 0.25098 0.25098 0.25098, 
            0.25098 0.25098 0.25098, 0.25098 0.25098 0.25098, 0.25098 0.25098 0.25098, 0.25098 0.25098 0.25098, 
            0.25098 0.25098 0.25098, 0.25098 0.25098 0.25098, 0.25098 0.25098 0.25098, 0.25098 0.25098 0.25098, 
            0.25098 0.25098 0.25098, 0.25098 0.25098 0.25098, 0.25098 0.25098 0.25098, 0.25098 0.25098 0.25098, 
            0.25098 0.25098 0.25098, 0.25098 0.25098 0.25098, 0.25098 0.25098 0.25098, 0.25098 0.25098 0.25098, 
            0.25098 0.25098 0.25098, 0.25098 0.25098 0.25098, 0.25098 0.25098 0.25098, 0.25098 0.25098 0.25098, 
            0.25098 0.25098 0.25098, 0.25098 0.25098 0.25098, 0.25098 0.25098 0.25098, 0.25098 0.25098 0.25098, 
            0.25098 0.25098 0.25098, 0.25098 0.25098 0.25098, 0.25098 0.25098 0.25098, 0.25098 0.25098 0.25098, 
            0.25098 0.25098 0.25098, 0.25098 0.25098 0.25098, 0.25098 0.25098 0.25098, 0.25098 0.25098 0.25098, 
            0.25098 0.25098 0.25098, 0.25098 0.25098 0.25098, 0.25098 0.25098 0.25098, 0.25098 0.25098 0.25098, 
            0.25098 0.25098 0.25098, 0.25098 0.25098 0.25098, 0.25098 0.25098 0.25098, 0.25098 0.25098 0.25098, 
            0.25098 0.25098 0.25098, 0.25098 0.25098 0.25098, 0.25098 0.25098 0.25098, 0.25098 0.25098 0.25098, 
            0.25098 0.25098 0.25098, 0.25098 0.25098 0.25098, 0.25098 0.25098 0.25098, 0.25098 0.25098 0.25098, 
            0.25098 0.25098 0.25098, 0.25098 0.25098 0.25098, 0.25098 0.25098 0.25098, 0.25098 0.25098 0.25098, 
            0.25098 0.25098 0.25098, 0.25098 0.25098 0.25098, 0.25098 0.25098 0.25098, 0.25098 0.25098 0.25098, 
            0.25098 0.25098 0.25098, 0.25098 0.25098 0.25098, 0.25098 0.25098 0.25098, 0.25098 0.25098 0.25098, 
            0.25098 0.25098 0.25098, 0.25098 0.25098 0.25098, 0.25098 0.25098 0.25098, 0.25098 0.25098 0.25098, 
            0.25098 0.25098 0.25098, 0.25098 0.25098 0.25098, 0.25098 0.25098 0.25098, 0.25098 0.25098 0.25098, 
            0.25098 0.25098 0.25098, 0.25098 0.25098 0.25098, 0.25098 0.25098 0.25098, 0.25098 0.25098 0.25098, 
            0.25098 0.25098 0.25098, 0.25098 0.25098 0.25098, 0.25098 0.25098 0.25098, 0.25098 0.25098 0.25098, 
            0.25098 0.25098 0.25098, 0.25098 0.25098 0.25098, 0.25098 0.25098 0.25098, 0.25098 0.25098 0.25098, 
            0.25098 0.25098 0.25098, 0.25098 0.25098 0.25098, 0.25098 0.25098 0.25098, 0.25098 0.25098 0.25098, 
            0.25098 0.25098 0.25098, 0.25098 0.25098 0.25098, 0.25098 0.25098 0.25098, 0.25098 0.25098 0.25098, 
            0.25098 0.25098 0.25098, 0.25098 0.25098 0.25098, 0.25098 0.25098 0.25098, 0.25098 0.25098 0.25098, 
            0.25098 0.25098 0.25098, 0.25098 0.25098 0.25098, 0.25098 0.25098 0.25098, 0.25098 0.25098 0.25098, 
            0.25098 0.25098 0.25098, 0.25098 0.25098 0.25098, 0.25098 0.25098 0.25098, 0.25098 0.25098 0.25098, 
            0.25098 0.25098 0.25098, 0.25098 0.25098 0.25098, 0.25098 0.25098 0.25098, 0.25098 0.25098 0.25098, 
            0.25098 0.25098 0.25098, 0.25098 0.25098 0.25098, 0.25098 0.25098 0.25098, 0.25098 0.25098 0.25098, 
            0.25098 0.25098 0.25098, 0.25098 0.25098 0.25098, 0.25098 0.25098 0.25098, 0.25098 0.25098 0.25098, 
            0.25098 0.25098 0.25098, 0.25098 0.25098 0.25098, 0.25098 0.25098 0.25098, 0.25098 0.25098 0.25098, 
            0.25098 0.25098 0.25098, 0.25098 0.25098 0.25098, 0.25098 0.25098 0.25098, 0.25098 0.25098 0.25098, 
            0.25098 0.25098 0.25098, 0.25098 0.25098 0.25098, 0.25098 0.25098 0.25098, 0.25098 0.25098 0.25098, 
            0.25098 0.25098 0.25098, 0.25098 0.25098 0.25098, 0.25098 0.25098 0.25098, 0.25098 0.25098 0.25098, 
            0.25098 0.25098 0.25098, 0.25098 0.25098 0.25098, 0.25098 0.25098 0.25098, 0.25098 0.25098 0.25098, 
            0.25098 0.25098 0.25098, 0.25098 0.25098 0.25098, 0.25098 0.25098 0.25098, 0.25098 0.25098 0.25098, 
            0.25098 0.25098 0.25098, 0.25098 0.25098 0.25098, 0.25098 0.25098 0.25098, 0.25098 0.25098 0.25098, 
            0.25098 0.25098 0.25098, 0.25098 0.25098 0.25098, 0.25098 0.25098 0.25098, 0.25098 0.25098 0.25098, 
            0.25098 0.25098 0.25098, 0.25098 0.25098 0.25098, 0.25098 0.25098 0.25098, 0.25098 0.25098 0.25098, 
            0.25098 0.25098 0.25098, 0.25098 0.25098 0.25098, 0.25098 0.25098 0.25098, 0.25098 0.25098 0.25098, 
            0.25098 0.25098 0.25098, 0.25098 0.25098 0.25098, 0.25098 0.25098 0.25098, 0.25098 0.25098 0.25098, 
            0.25098 0.25098 0.25098, 0.25098 0.25098 0.25098, 0.25098 0.25098 0.25098, 0.25098 0.25098 0.25098, 
            0.25098 0.25098 0.25098, 0.25098 0.25098 0.25098, 0.25098 0.25098 0.25098, 0.25098 0.25098 0.25098, 
            0.25098 0.25098 0.25098, 0.25098 0.25098 0.25098, 0.25098 0.25098 0.25098, 0.25098 0.25098 0.25098, 
            0.25098 0.25098 0.25098, 0.25098 0.25098 0.25098, 0.25098 0.25098 0.25098, 0.25098 0.25098 0.25098, 
            0.25098 0.25098 0.25098, 0.25098 0.25098 0.25098, 0.25098 0.25098 0.25098, 0.25098 0.25098 0.25098, 
            0.25098 0.25098 0.25098, 0.25098 0.25098 0.25098, 0.25098 0.25098 0.25098, 0.25098 0.25098 0.25098, 
            0.25098 0.25098 0.25098, 0.25098 0.25098 0.25098, 0.25098 0.25098 0.25098, 0.25098 0.25098 0.25098, 
            0.25098 0.25098 0.25098, 0.25098 0.25098 0.25098, 0.25098 0.25098 0.25098, 0.25098 0.25098 0.25098, 
            0.25098 0.25098 0.25098, 0.25098 0.25098 0.25098, 0.25098 0.25098 0.25098, 0.25098 0.25098 0.25098, 
            0.25098 0.25098 0.25098, 0.25098 0.25098 0.25098, 0.25098 0.25098 0.25098, 0.25098 0.25098 0.25098, 
            0.25098 0.25098 0.25098, 0.25098 0.25098 0.25098, 0.25098 0.25098 0.25098, 0.25098 0.25098 0.25098, 
            0.25098 0.25098 0.25098, 0.25098 0.25098 0.25098, 0.25098 0.25098 0.25098, 0.25098 0.25098 0.25098, 
            0.25098 0.25098 0.25098, 0.25098 0.25098 0.25098, 0.25098 0.25098 0.25098, 0.25098 0.25098 0.25098, 
            0.25098 0.25098 0.25098, 0.25098 0.25098 0.25098, 0.25098 0.25098 0.25098, 0.25098 0.25098 0.25098, 
            0.25098 0.25098 0.25098, 0.25098 0.25098 0.25098, 0.25098 0.25098 0.25098, 0.25098 0.25098 0.25098, 
            0.25098 0.25098 0.25098, 0.25098 0.25098 0.25098, 0.25098 0.25098 0.25098, 0.25098 0.25098 0.25098, 
            0.25098 0.25098 0.25098, 0.25098 0.25098 0.25098, 0.25098 0.25098 0.25098, 0.25098 0.25098 0.25098, 
            0.25098 0.25098 0.25098, 0.25098 0.25098 0.25098, 0.25098 0.25098 0.25098, 0.25098 0.25098 0.25098, 
            0.25098 0.25098 0.25098, 0.25098 0.25098 0.25098, 0.25098 0.25098 0.25098, 0.25098 0.25098 0.25098, 
            0.25098 0.25098 0.25098, 0.25098 0.25098 0.25098, 0.25098 0.25098 0.25098, 0.25098 0.25098 0.25098, 
            0.25098 0.25098 0.25098, 0.25098 0.25098 0.25098, 0.25098 0.25098 0.25098, 0.25098 0.25098 0.25098, 
            0.25098 0.25098 0.25098, 0.25098 0.25098 0.25098, 0.25098 0.25098 0.25098, 0.25098 0.25098 0.25098, 
            0.25098 0.25098 0.25098, 0.25098 0.25098 0.25098, 0.25098 0.25098 0.25098, 0.25098 0.25098 0.25098, 
            0.25098 0.25098 0.25098, 0.25098 0.25098 0.25098, 0.25098 0.25098 0.25098, 0.25098 0.25098 0.25098, 
            0.25098 0.25098 0.25098, 0.25098 0.25098 0.25098, 0.25098 0.25098 0.25098, 0.25098 0.25098 0.25098, 
            0.25098 0.25098 0.25098, 0.25098 0.25098 0.25098, 0.25098 0.25098 0.25098, 0.25098 0.25098 0.25098, 
            0.25098 0.25098 0.25098, 0.25098 0.25098 0.25098, 0.25098 0.25098 0.25098, 0.25098 0.25098 0.25098, 
            0.25098 0.25098 0.25098, 0.25098 0.25098 0.25098, 0.25098 0.25098 0.25098, 0.25098 0.25098 0.25098, 
            0.25098 0.25098 0.25098, 0.25098 0.25098 0.25098, 0.25098 0.25098 0.25098, 0.25098 0.25098 0.25098, 
            0.25098 0.25098 0.25098, 0.25098 0.25098 0.25098, 0.25098 0.25098 0.25098, 0.25098 0.25098 0.25098, 
            0.25098 0.25098 0.25098, 0.25098 0.25098 0.25098, 0.25098 0.25098 0.25098, 0.25098 0.25098 0.25098, 
            0.25098 0.25098 0.25098, 0.25098 0.25098 0.25098, 0.25098 0.25098 0.25098, 0.25098 0.25098 0.25098, 
            0.25098 0.25098 0.25098, 0.25098 0.25098 0.25098, 0.25098 0.25098 0.25098, 0.25098 0.25098 0.25098, 
            0.25098 0.25098 0.25098, 0.25098 0.25098 0.25098, 0.25098 0.25098 0.25098, 0.25098 0.25098 0.25098, 
            0.25098 0.25098 0.25098, 0.25098 0.25098 0.25098, 0.25098 0.25098 0.25098, 0.25098 0.25098 0.25098, 
            0.25098 0.25098 0.25098, 0.25098 0.25098 0.25098, 0.25098 0.25098 0.25098, 0.25098 0.25098 0.25098, 
            0.25098 0.25098 0.25098, 0.25098 0.25098 0.25098, 0.25098 0.25098 0.25098, 0.25098 0.25098 0.25098, 
            0.25098 0.25098 0.25098, 0.25098 0.25098 0.25098, 0.25098 0.25098 0.25098, 0.25098 0.25098 0.25098, 
            0.25098 0.25098 0.25098, 0.25098 0.25098 0.25098, 0.25098 0.25098 0.25098, 0.25098 0.25098 0.25098, 
            0.25098 0.25098 0.25098, 0.25098 0.25098 0.25098, 0.25098 0.25098 0.25098, 0.25098 0.25098 0.25098, 
            0.25098 0.25098 0.25098, 0.25098 0.25098 0.25098, 0.25098 0.25098 0.25098, 0.25098 0.25098 0.25098, 
            0.25098 0.25098 0.25098, 0.25098 0.25098 0.25098, 0.25098 0.25098 0.25098, 0.25098 0.25098 0.25098, 
            0.25098 0.25098 0.25098, 0.25098 0.25098 0.25098, 0.25098 0.25098 0.25098, 0.25098 0.25098 0.25098, 
            0.25098 0.25098 0.25098, 0.25098 0.25098 0.25098, 0.25098 0.25098 0.25098, 0.25098 0.25098 0.25098, 
            0.25098 0.25098 0.25098, 0.25098 0.25098 0.25098, 0.25098 0.25098 0.25098, 0.25098 0.25098 0.25098, 
            0.25098 0.25098 0.25098, 0.25098 0.25098 0.25098, 0.25098 0.25098 0.25098, 0.25098 0.25098 0.25098, 
            0.25098 0.25098 0.25098, 0.25098 0.25098 0.25098, 0.25098 0.25098 0.25098, 0.25098 0.25098 0.25098, 
            0.25098 0.25098 0.25098, 0.25098 0.25098 0.25098, 0.25098 0.25098 0.25098, 0.25098 0.25098 0.25098, 
            0.25098 0.25098 0.25098, 0.25098 0.25098 0.25098, 0.25098 0.25098 0.25098, 0.25098 0.25098 0.25098, 
            0.25098 0.25098 0.25098, 0.25098 0.25098 0.25098, 0.25098 0.25098 0.25098, 0.25098 0.25098 0.25098, 
            0.25098 0.25098 0.25098, 0.25098 0.25098 0.25098, 0.25098 0.25098 0.25098, 0.25098 0.25098 0.25098, 
            0.25098 0.25098 0.25098, 0.25098 0.25098 0.25098, 0.25098 0.25098 0.25098, 0.25098 0.25098 0.25098, 
            0.25098 0.25098 0.25098, 0.25098 0.25098 0.25098, 0.25098 0.25098 0.25098, 0.25098 0.25098 0.25098, 
            0.25098 0.25098 0.25098, 0.25098 0.25098 0.25098, 0.25098 0.25098 0.25098, 0.25098 0.25098 0.25098, 
            0.25098 0.25098 0.25098, 0.25098 0.25098 0.25098, 0.25098 0.25098 0.25098, 0.25098 0.25098 0.25098, 
            0.25098 0.25098 0.25098, 0.25098 0.25098 0.25098, 0.25098 0.25098 0.25098, 0.25098 0.25098 0.25098, 
            0.25098 0.25098 0.25098, 0.25098 0.25098 0.25098, 0.25098 0.25098 0.25098, 0.25098 0.25098 0.25098, 
            0.25098 0.25098 0.25098, 0.25098 0.25098 0.25098, 0.25098 0.25098 0.25098, 0.25098 0.25098 0.25098, 
            0.25098 0.25098 0.25098, 0.25098 0.25098 0.25098, 0.25098 0.25098 0.25098, 0.25098 0.25098 0.25098, 
            0.25098 0.25098 0.25098, 0.25098 0.25098 0.25098, 0.25098 0.25098 0.25098, 0.25098 0.25098 0.25098, 
            0.25098 0.25098 0.25098, 0.25098 0.25098 0.25098, 0.25098 0.25098 0.25098, 0.25098 0.25098 0.25098, 
            0.25098 0.25098 0.25098, 0.25098 0.25098 0.25098, 0.25098 0.25098 0.25098, 0.25098 0.25098 0.25098, 
            0.25098 0.25098 0.25098, 0.25098 0.25098 0.25098, 0.25098 0.25098 0.25098, 0.25098 0.25098 0.25098, 
            0.25098 0.25098 0.25098, 0.25098 0.25098 0.25098, 0.25098 0.25098 0.25098, 0.25098 0.25098 0.25098, 
            0.25098 0.25098 0.25098, 0.25098 0.25098 0.25098, 0.25098 0.25098 0.25098, 0.25098 0.25098 0.25098, 
            0.25098 0.25098 0.25098, 0.25098 0.25098 0.25098, 0.25098 0.25098 0.25098, 0.25098 0.25098 0.25098, 
            0.25098 0.25098 0.25098, 0.25098 0.25098 0.25098, 0.25098 0.25098 0.25098, 0.25098 0.25098 0.25098, 
            0.25098 0.25098 0.25098, 0.25098 0.25098 0.25098, 0.25098 0.25098 0.25098, 0.25098 0.25098 0.25098, 
            0.25098 0.25098 0.25098, 0.25098 0.25098 0.25098, 0.25098 0.25098 0.25098, 0.25098 0.25098 0.25098, 
            0.25098 0.25098 0.25098, 0.25098 0.25098 0.25098, 0.25098 0.25098 0.25098, 0.25098 0.25098 0.25098, 
            0.25098 0.25098 0.25098, 0.25098 0.25098 0.25098, 0.25098 0.25098 0.25098, 0.25098 0.25098 0.25098, 
            0.25098 0.25098 0.25098, 0.25098 0.25098 0.25098, 0.25098 0.25098 0.25098, 0.25098 0.25098 0.25098, 
            0.25098 0.25098 0.25098, 0.25098 0.25098 0.25098, 0.25098 0.25098 0.25098, 0.25098 0.25098 0.25098, 
            0.25098 0.25098 0.25098, 0.25098 0.25098 0.25098, 0.25098 0.25098 0.25098, 0.25098 0.25098 0.25098, 
            0.25098 0.25098 0.25098, 0.25098 0.25098 0.25098, 0.25098 0.25098 0.25098, 0.25098 0.25098 0.25098, 
            0.25098 0.25098 0.25098, 0.25098 0.25098 0.25098, 0.25098 0.25098 0.25098, 0.25098 0.25098 0.25098, 
            0.25098 0.25098 0.25098, 0.25098 0.25098 0.25098, 0.25098 0.25098 0.25098, 0.25098 0.25098 0.25098, 
            0.25098 0.25098 0.25098, 0.25098 0.25098 0.25098, 0.25098 0.25098 0.25098, 0.25098 0.25098 0.25098, 
            0.25098 0.25098 0.25098, 0.25098 0.25098 0.25098, 0.25098 0.25098 0.25098, 0.25098 0.25098 0.25098, 
            0.25098 0.25098 0.25098, 0.25098 0.25098 0.25098, 0.25098 0.25098 0.25098, 0.25098 0.25098 0.25098, 
            0.25098 0.25098 0.25098, 0.25098 0.25098 0.25098, 0.25098 0.25098 0.25098, 0.25098 0.25098 0.25098, 
            0.25098 0.25098 0.25098, 0.25098 0.25098 0.25098, 0.25098 0.25098 0.25098, 0.25098 0.25098 0.25098, 
            0.25098 0.25098 0.25098, 0.25098 0.25098 0.25098, 0.25098 0.25098 0.25098, 0.25098 0.25098 0.25098, 
            0.25098 0.25098 0.25098, 0.25098 0.25098 0.25098, 0.25098 0.25098 0.25098, 0.25098 0.25098 0.25098, 
            0.25098 0.25098 0.25098, 0.25098 0.25098 0.25098, 0.25098 0.25098 0.25098, 0.25098 0.25098 0.25098, 
            0.25098 0.25098 0.25098, 0.25098 0.25098 0.25098, 0.25098 0.25098 0.25098, 0.25098 0.25098 0.25098, 
            0.25098 0.25098 0.25098, 0.25098 0.25098 0.25098, 0.25098 0.25098 0.25098, 0.25098 0.25098 0.25098, 
            0.25098 0.25098 0.25098, 0.25098 0.25098 0.25098, 0.25098 0.25098 0.25098, 0.25098 0.25098 0.25098, 
            0.25098 0.25098 0.25098, 0.25098 0.25098 0.25098, 0.25098 0.25098 0.25098, 0.25098 0.25098 0.25098, 
            0.25098 0.25098 0.25098, 0.25098 0.25098 0.25098, 0.25098 0.25098 0.25098, 0.25098 0.25098 0.25098, 
            0.25098 0.25098 0.25098, 0.25098 0.25098 0.25098, 0.25098 0.25098 0.25098, 0.25098 0.25098 0.25098, 
            0.25098 0.25098 0.25098, 0.25098 0.25098 0.25098, 0.25098 0.25098 0.25098, 0.25098 0.25098 0.25098, 
            0.25098 0.25098 0.25098, 0.25098 0.25098 0.25098, 0.25098 0.25098 0.25098, 0.25098 0.25098 0.25098, 
            0.25098 0.25098 0.25098, 0.25098 0.25098 0.25098, 0.25098 0.25098 0.25098, 0.25098 0.25098 0.25098, 
            0.25098 0.25098 0.25098, 0.25098 0.25098 0.25098, 0.25098 0.25098 0.25098, 0.25098 0.25098 0.25098, 
            0.25098 0.25098 0.25098, 0.25098 0.25098 0.25098, 0.25098 0.25098 0.25098, 0.25098 0.25098 0.25098, 
            0.25098 0.25098 0.25098, 0.25098 0.25098 0.25098, 0.25098 0.25098 0.25098, 0.25098 0.25098 0.25098, 
            0.25098 0.25098 0.25098, 0.25098 0.25098 0.25098, 0.25098 0.25098 0.25098, 0.25098 0.25098 0.25098, 
            0.25098 0.25098 0.25098, 0.25098 0.25098 0.25098, 0.25098 0.25098 0.25098, 0.25098 0.25098 0.25098, 
            0.25098 0.25098 0.25098, 0.25098 0.25098 0.25098, 0.25098 0.25098 0.25098, 0.25098 0.25098 0.25098, 
            0.25098 0.25098 0.25098, 0.25098 0.25098 0.25098, 0.25098 0.25098 0.25098, 0.25098 0.25098 0.25098, 
            0.25098 0.25098 0.25098, 0.25098 0.25098 0.25098, 0.25098 0.25098 0.25098, 0.25098 0.25098 0.25098, 
            0.25098 0.25098 0.25098, 0.25098 0.25098 0.25098, 0.25098 0.25098 0.25098, 0.25098 0.25098 0.25098, 
            0.25098 0.25098 0.25098, 0.25098 0.25098 0.25098, 0.25098 0.25098 0.25098, 0.25098 0.25098 0.25098, 
            0.25098 0.25098 0.25098, 0.25098 0.25098 0.25098, 0.25098 0.25098 0.25098, 0.25098 0.25098 0.25098, 
            0.25098 0.25098 0.25098, 0.25098 0.25098 0.25098, 0.25098 0.25098 0.25098, 0.25098 0.25098 0.25098, 
            0.25098 0.25098 0.25098, 0.25098 0.25098 0.25098, 0.25098 0.25098 0.25098, 0.25098 0.25098 0.25098, 
            0.25098 0.25098 0.25098, 0.25098 0.25098 0.25098, 0.25098 0.25098 0.25098, 0.25098 0.25098 0.25098, 
            0.25098 0.25098 0.25098, 0.25098 0.25098 0.25098, 0.25098 0.25098 0.25098, 0.25098 0.25098 0.25098, 
            0.25098 0.25098 0.25098, 0.25098 0.25098 0.25098, 0.25098 0.25098 0.25098, 0.25098 0.25098 0.25098, 
            0.25098 0.25098 0.25098, 0.25098 0.25098 0.25098, 0.25098 0.25098 0.25098, 0.25098 0.25098 0.25098, 
            0.25098 0.25098 0.25098, 0.25098 0.25098 0.25098, 0.25098 0.25098 0.25098, 0.25098 0.25098 0.25098, 
            0.25098 0.25098 0.25098, 0.25098 0.25098 0.25098, 0.25098 0.25098 0.25098, 0.25098 0.25098 0.25098, 
            0.25098 0.25098 0.25098, 0.25098 0.25098 0.25098, 0.25098 0.25098 0.25098, 0.25098 0.25098 0.25098, 
            0.25098 0.25098 0.25098, 0.25098 0.25098 0.25098, 0.25098 0.25098 0.25098, 0.25098 0.25098 0.25098, 
            0.25098 0.25098 0.25098, 0.25098 0.25098 0.25098, 0.25098 0.25098 0.25098, 0.25098 0.25098 0.25098, 
            0.25098 0.25098 0.25098, 0.25098 0.25098 0.25098, 0.25098 0.25098 0.25098, 0.25098 0.25098 0.25098, 
            0.25098 0.25098 0.25098, 0.25098 0.25098 0.25098, 0.25098 0.25098 0.25098, 0.25098 0.25098 0.25098, 
            0.25098 0.25098 0.25098, 0.25098 0.25098 0.25098, 0.25098 0.25098 0.25098, 0.25098 0.25098 0.25098, 
            0.25098 0.25098 0.25098, 0.25098 0.25098 0.25098, 0.25098 0.25098 0.25098, 0.25098 0.25098 0.25098, 
            0.25098 0.25098 0.25098, 0.25098 0.25098 0.25098, 0.25098 0.25098 0.25098, 0.25098 0.25098 0.25098, 
            0.25098 0.25098 0.25098, 0.25098 0.25098 0.25098, 0.25098 0.25098 0.25098, 0.25098 0.25098 0.25098, 
            0.25098 0.25098 0.25098, 0.25098 0.25098 0.25098, 0.25098 0.25098 0.25098, 0.25098 0.25098 0.25098, 
            0.25098 0.25098 0.25098, 0.25098 0.25098 0.25098, 0.25098 0.25098 0.25098, 0.25098 0.25098 0.25098, 
            0.25098 0.25098 0.25098, 0.25098 0.25098 0.25098, 0.25098 0.25098 0.25098, 0.25098 0.25098 0.25098, 
            0.25098 0.25098 0.25098, 0.25098 0.25098 0.25098, 0.25098 0.25098 0.25098, 0.25098 0.25098 0.25098, 
            0.25098 0.25098 0.25098, 0.25098 0.25098 0.25098, 0.25098 0.25098 0.25098, 0.25098 0.25098 0.25098, 
            0.25098 0.25098 0.25098, 0.25098 0.25098 0.25098, 0.25098 0.25098 0.25098, 0.25098 0.25098 0.25098, 
            0.25098 0.25098 0.25098, 0.25098 0.25098 0.25098, 0.25098 0.25098 0.25098, 0.25098 0.25098 0.25098, 
            0.25098 0.25098 0.25098, 0.25098 0.25098 0.25098, 0.25098 0.25098 0.25098, 0.25098 0.25098 0.25098, 
            0.25098 0.25098 0.25098, 0.25098 0.25098 0.25098, 0.25098 0.25098 0.25098, 0.25098 0.25098 0.25098, 
            0.25098 0.25098 0.25098, 0.25098 0.25098 0.25098, 0.25098 0.25098 0.25098, 0.25098 0.25098 0.25098, 
            0.25098 0.25098 0.25098, 0.25098 0.25098 0.25098, 0.25098 0.25098 0.25098, 0.25098 0.25098 0.25098, 
            0.25098 0.25098 0.25098, 0.25098 0.25098 0.25098, 0.25098 0.25098 0.25098, 0.25098 0.25098 0.25098, 
            0.25098 0.25098 0.25098, 0.25098 0.25098 0.25098, 0.25098 0.25098 0.25098, 0.25098 0.25098 0.25098, 
            0.25098 0.25098 0.25098, 0.25098 0.25098 0.25098, 0.25098 0.25098 0.25098, 0.25098 0.25098 0.25098, 
            0.25098 0.25098 0.25098, 0.25098 0.25098 0.25098, 0.25098 0.25098 0.25098, 0.25098 0.25098 0.25098, 
            0.25098 0.25098 0.25098, 0.25098 0.25098 0.25098, 0.25098 0.25098 0.25098, 0.25098 0.25098 0.25098, 
            0.25098 0.25098 0.25098, 0.25098 0.25098 0.25098, 0.25098 0.25098 0.25098, 0.25098 0.25098 0.25098, 
            0.25098 0.25098 0.25098, 0.25098 0.25098 0.25098, 0.25098 0.25098 0.25098, 0.25098 0.25098 0.25098, 
            0.25098 0.25098 0.25098, 0.25098 0.25098 0.25098, 0.25098 0.25098 0.25098, 0.25098 0.25098 0.25098, 
            0.25098 0.25098 0.25098, 0.25098 0.25098 0.25098, 0.25098 0.25098 0.25098, 0.25098 0.25098 0.25098, 
            0.25098 0.25098 0.25098, 0.25098 0.25098 0.25098, 0.25098 0.25098 0.25098, 0.25098 0.25098 0.25098, 
            0.25098 0.25098 0.25098, 0.25098 0.25098 0.25098, 0.25098 0.25098 0.25098, 0.25098 0.25098 0.25098, 
            0.25098 0.25098 0.25098, 0.25098 0.25098 0.25098, 0.25098 0.25098 0.25098, 0.25098 0.25098 0.25098, 
            0.25098 0.25098 0.25098, 0.25098 0.25098 0.25098, 0.25098 0.25098 0.25098, 0.25098 0.25098 0.25098, 
            0.25098 0.25098 0.25098, 0.25098 0.25098 0.25098, 0.25098 0.25098 0.25098, 0.25098 0.25098 0.25098, 
            0.25098 0.25098 0.25098, 0.25098 0.25098 0.25098, 0.25098 0.25098 0.25098, 0.25098 0.25098 0.25098, 
            0.25098 0.25098 0.25098, 0.25098 0.25098 0.25098, 0.25098 0.25098 0.25098, 0.25098 0.25098 0.25098, 
            0.25098 0.25098 0.25098, 0.25098 0.25098 0.25098, 0.25098 0.25098 0.25098, 0.25098 0.25098 0.25098, 
            0.25098 0.25098 0.25098, 0.25098 0.25098 0.25098, 0.25098 0.25098 0.25098, 0.25098 0.25098 0.25098, 
            0.25098 0.25098 0.25098, 0.25098 0.25098 0.25098, 0.25098 0.25098 0.25098, 0.25098 0.25098 0.25098, 
            0.25098 0.25098 0.25098, 0.25098 0.25098 0.25098, 0.25098 0.25098 0.25098, 0.25098 0.25098 0.25098, 
            0.25098 0.25098 0.25098, 0.25098 0.25098 0.25098, 0.25098 0.25098 0.25098, 0.25098 0.25098 0.25098, 
            0.25098 0.25098 0.25098, 0.25098 0.25098 0.25098, 0.25098 0.25098 0.25098, 0.25098 0.25098 0.25098, 
            0.25098 0.25098 0.25098, 0.25098 0.25098 0.25098, 0.25098 0.25098 0.25098, 0.25098 0.25098 0.25098, 
            0.25098 0.25098 0.25098, 0.25098 0.25098 0.25098, 0.25098 0.25098 0.25098, 0.25098 0.25098 0.25098, 
            0.25098 0.25098 0.25098, 0.25098 0.25098 0.25098, 0.25098 0.25098 0.25098, 0.25098 0.25098 0.25098, 
            0.25098 0.25098 0.25098, 0.25098 0.25098 0.25098, 0.25098 0.25098 0.25098, 0.25098 0.25098 0.25098, 
            0.25098 0.25098 0.25098, 0.25098 0.25098 0.25098, 0.25098 0.25098 0.25098, 0.25098 0.25098 0.25098, 
            0.25098 0.25098 0.25098, 0.25098 0.25098 0.25098, 0.25098 0.25098 0.25098, 0.25098 0.25098 0.25098, 
            0.25098 0.25098 0.25098, 0.25098 0.25098 0.25098, 0.25098 0.25098 0.25098, 0.25098 0.25098 0.25098, 
            0.25098 0.25098 0.25098, 0.25098 0.25098 0.25098, 0.25098 0.25098 0.25098, 0.25098 0.25098 0.25098, 
            0.25098 0.25098 0.25098, 0.25098 0.25098 0.25098, 0.25098 0.25098 0.25098, 0.25098 0.25098 0.25098, 
            0.25098 0.25098 0.25098, 0.25098 0.25098 0.25098, 0.25098 0.25098 0.25098, 0.25098 0.25098 0.25098, 
            0.25098 0.25098 0.25098, 0.25098 0.25098 0.25098, 0.25098 0.25098 0.25098, 0.25098 0.25098 0.25098, 
            0.25098 0.25098 0.25098, 0.25098 0.25098 0.25098, 0.25098 0.25098 0.25098, 0.25098 0.25098 0.25098, 
            0.25098 0.25098 0.25098, 0.25098 0.25098 0.25098, 0.25098 0.25098 0.25098, 0.25098 0.25098 0.25098, 
            0.25098 0.25098 0.25098, 0.25098 0.25098 0.25098, 0.25098 0.25098 0.25098, 0.25098 0.25098 0.25098, 
            0.25098 0.25098 0.25098, 0.25098 0.25098 0.25098, 0.25098 0.25098 0.25098, 0.25098 0.25098 0.25098, 
            0.25098 0.25098 0.25098, 0.25098 0.25098 0.25098, 0.25098 0.25098 0.25098, 0.25098 0.25098 0.25098, 
            0.25098 0.25098 0.25098, 0.25098 0.25098 0.25098, 0.25098 0.25098 0.25098, 0.25098 0.25098 0.25098, 
            0.25098 0.25098 0.25098, 0.25098 0.25098 0.25098, 0.25098 0.25098 0.25098, 0.25098 0.25098 0.25098, 
            0.25098 0.25098 0.25098, 0.25098 0.25098 0.25098, 0.25098 0.25098 0.25098, 0.25098 0.25098 0.25098, 
            0.25098 0.25098 0.25098, 0.25098 0.25098 0.25098, 0.25098 0.25098 0.25098, 0.25098 0.25098 0.25098, 
            0.25098 0.25098 0.25098, 0.25098 0.25098 0.25098, 0.25098 0.25098 0.25098, 0.25098 0.25098 0.25098, 
            0.25098 0.25098 0.25098, 0.25098 0.25098 0.25098, 0.25098 0.25098 0.25098, 0.25098 0.25098 0.25098, 
            0.25098 0.25098 0.25098, 0.25098 0.25098 0.25098, 0.25098 0.25098 0.25098, 0.25098 0.25098 0.25098, 
            0.25098 0.25098 0.25098, 0.25098 0.25098 0.25098, 0.25098 0.25098 0.25098, 0.25098 0.25098 0.25098, 
            0.25098 0.25098 0.25098, 0.25098 0.25098 0.25098, 0.25098 0.25098 0.25098, 0.25098 0.25098 0.25098, 
            0.25098 0.25098 0.25098, 0.25098 0.25098 0.25098, 0.25098 0.25098 0.25098, 0.25098 0.25098 0.25098, 
            0.25098 0.25098 0.25098, 0.25098 0.25098 0.25098, 0.25098 0.25098 0.25098, 0.25098 0.25098 0.25098, 
            0.25098 0.25098 0.25098, 0.25098 0.25098 0.25098, 0.25098 0.25098 0.25098, 0.25098 0.25098 0.25098, 
            0.25098 0.25098 0.25098, 0.25098 0.25098 0.25098, 0.25098 0.25098 0.25098, 0.25098 0.25098 0.25098, 
            0.25098 0.25098 0.25098, 0.25098 0.25098 0.25098, 0.25098 0.25098 0.25098, 0.25098 0.25098 0.25098, 
            0.25098 0.25098 0.25098, 0.25098 0.25098 0.25098, 0.25098 0.25098 0.25098, 0.25098 0.25098 0.25098, 
            0.25098 0.25098 0.25098, 0.25098 0.25098 0.25098, 0.25098 0.25098 0.25098, 0.25098 0.25098 0.25098, 
            0.25098 0.25098 0.25098, 0.25098 0.25098 0.25098, 0.25098 0.25098 0.25098, 0.25098 0.25098 0.25098, 
            0.25098 0.25098 0.25098, 0.25098 0.25098 0.25098, 0.25098 0.25098 0.25098, 0.25098 0.25098 0.25098, 
            0.25098 0.25098 0.25098, 0.25098 0.25098 0.25098, 0.25098 0.25098 0.25098, 0.25098 0.25098 0.25098, 
            0.25098 0.25098 0.25098, 0.25098 0.25098 0.25098, 0.25098 0.25098 0.25098, 0.25098 0.25098 0.25098, 
            0.25098 0.25098 0.25098, 0.25098 0.25098 0.25098, 0.25098 0.25098 0.25098, 0.25098 0.25098 0.25098, 
            0.25098 0.25098 0.25098, 0.25098 0.25098 0.25098, 0.25098 0.25098 0.25098, 0.25098 0.25098 0.25098, 
            0.25098 0.25098 0.25098, 0.25098 0.25098 0.25098, 0.25098 0.25098 0.25098, 0.25098 0.25098 0.25098, 
            0.25098 0.25098 0.25098, 0.25098 0.25098 0.25098, 0.25098 0.25098 0.25098, 0.25098 0.25098 0.25098, 
            0.25098 0.25098 0.25098, 0.25098 0.25098 0.25098, 0.25098 0.25098 0.25098, 0.25098 0.25098 0.25098, 
            0.25098 0.25098 0.25098, 0.25098 0.25098 0.25098, 0.25098 0.25098 0.25098, 0.25098 0.25098 0.25098, 
            0.25098 0.25098 0.25098, 0.25098 0.25098 0.25098, 0.25098 0.25098 0.25098, 0.25098 0.25098 0.25098, 
            0.25098 0.25098 0.25098, 0.25098 0.25098 0.25098, 0.25098 0.25098 0.25098, 0.25098 0.25098 0.25098, 
            0.25098 0.25098 0.25098, 0.25098 0.25098 0.25098, 0.25098 0.25098 0.25098, 0.25098 0.25098 0.25098, 
            0.25098 0.25098 0.25098, 0.25098 0.25098 0.25098, 0.25098 0.25098 0.25098, 0.25098 0.25098 0.25098, 
            0.25098 0.25098 0.25098, 0.25098 0.25098 0.25098, 0.25098 0.25098 0.25098, 0.25098 0.25098 0.25098, 
            0.25098 0.25098 0.25098, 0.25098 0.25098 0.25098, 0.25098 0.25098 0.25098, 0.25098 0.25098 0.25098, 
            0.25098 0.25098 0.25098, 0.25098 0.25098 0.25098, 0.25098 0.25098 0.25098, 0.25098 0.25098 0.25098, 
            0.25098 0.25098 0.25098, 0.25098 0.25098 0.25098, 0.25098 0.25098 0.25098, 0.25098 0.25098 0.25098, 
            0.25098 0.25098 0.25098, 0.25098 0.25098 0.25098, 0.25098 0.25098 0.25098, 0.25098 0.25098 0.25098, 
            0.25098 0.25098 0.25098, 0.25098 0.25098 0.25098, 0.25098 0.25098 0.25098, 0.25098 0.25098 0.25098, 
            0.25098 0.25098 0.25098, 0.25098 0.25098 0.25098, 0.25098 0.25098 0.25098, 0.25098 0.25098 0.25098, 
            0.25098 0.25098 0.25098, 0.25098 0.25098 0.25098, 0.25098 0.25098 0.25098, 0.25098 0.25098 0.25098, 
            0.25098 0.25098 0.25098, 0.25098 0.25098 0.25098, 0.25098 0.25098 0.25098, 0.25098 0.25098 0.25098, 
            0.25098 0.25098 0.25098, 0.25098 0.25098 0.25098, 0.25098 0.25098 0.25098, 0.25098 0.25098 0.25098, 
            0.25098 0.25098 0.25098, 0.25098 0.25098 0.25098, 0.25098 0.25098 0.25098, 0.25098 0.25098 0.25098, 
            0.25098 0.25098 0.25098, 0.25098 0.25098 0.25098, 0.25098 0.25098 0.25098, 0.25098 0.25098 0.25098, 
            0.25098 0.25098 0.25098
          ]
        }
        coordIndex
        [
          1,62,0,-1, 1,2,3,-1, 20,12,8,-1, 10,11,20,-1, 20,11,12,-1, 13,19,14,-1, 
          14,19,15,-1, 14,15,10,-1, 10,15,16,-1, 10,16,11,-1, 17,18,13,-1, 13,18,19,-1, 
          23,24,25,-1, 25,24,26,-1, 25,26,27,-1, 27,26,28,-1, 27,28,29,-1, 29,28,30,-1, 
          29,30,31,-1, 20,21,10,-1, 10,21,22,-1, 10,22,14,-1, 14,22,23,-1, 14,23,13,-1, 
          13,23,25,-1, 13,25,17,-1, 17,25,27,-1, 17,27,32,-1, 32,27,29,-1, 32,29,33,-1, 
          33,29,31,-1, 33,31,34,-1, 35,36,34,-1, 34,36,37,-1, 34,37,33,-1, 33,37,38,-1, 
          33,38,32,-1, 32,38,17,-1, 17,38,39,-1, 17,39,18,-1, 6,35,7,-1, 7,35,34,-1, 
          7,34,40,-1, 40,34,31,-1, 40,31,41,-1, 41,31,30,-1, 5,6,42,-1, 42,6,7,-1, 
          42,7,40,-1, 42,40,43,-1, 43,40,41,-1, 4,5,44,-1, 44,5,42,-1, 44,42,45,-1, 
          45,42,43,-1, 2,4,3,-1, 3,4,44,-1, 3,44,45,-1, 48,49,50,-1, 50,49,51,-1, 
          50,51,52,-1, 52,51,53,-1, 52,53,54,-1, 54,53,55,-1, 54,55,56,-1, 56,55,57,-1, 
          56,57,58,-1, 58,57,59,-1, 58,59,60,-1, 60,59,61,-1, 61,81,9,-1, 0,62,46,-1, 
          46,62,63,-1, 46,63,224,-1, 224,63,64,-1, 224,64,47,-1, 47,64,65,-1, 47,65,48,-1, 
          48,65,66,-1, 48,66,49,-1, 49,66,67,-1, 49,67,51,-1, 51,67,68,-1, 51,68,53,-1, 
          53,68,69,-1, 53,69,55,-1, 55,69,70,-1, 55,70,57,-1, 57,70,71,-1, 57,71,59,-1, 
          59,71,72,-1, 59,72,61,-1, 61,72,81,-1, 64,73,65,-1, 65,73,74,-1, 65,74,66,-1, 
          66,74,75,-1, 66,75,67,-1, 67,75,76,-1, 67,76,68,-1, 68,76,77,-1, 68,77,69,-1, 
          69,77,78,-1, 69,78,70,-1, 70,78,79,-1, 70,79,71,-1, 71,79,80,-1, 71,80,72,-1, 
          72,80,81,-1, 81,20,225,-1, 225,20,8,-1, 62,1,3,-1, 20,81,21,-1, 21,81,80,-1, 
          21,80,22,-1, 22,80,79,-1, 22,79,23,-1, 23,79,78,-1, 23,78,24,-1, 24,78,77,-1, 
          24,77,26,-1, 26,77,76,-1, 26,76,28,-1, 28,76,75,-1, 28,75,30,-1, 30,75,74,-1, 
          30,74,41,-1, 41,74,73,-1, 41,73,43,-1, 43,73,64,-1, 43,64,45,-1, 45,64,63,-1, 
          45,63,3,-1, 3,63,62,-1, 9,81,225,-1, 84,83,82,-1, 85,86,87,-1, 88,89,130,-1, 
          89,90,128,-1, 90,91,92,-1, 104,93,94,-1, 95,96,104,-1, 104,96,97,-1, 104,97,93,-1, 
          98,103,99,-1, 99,103,100,-1, 99,100,95,-1, 95,100,101,-1, 95,101,96,-1, 102,103,98,-1, 
          104,105,106,-1, 106,105,107,-1, 106,107,108,-1, 108,107,109,-1, 108,109,110,-1, 110,109,111,-1, 
          110,111,112,-1, 112,111,113,-1, 112,113,114,-1, 114,113,115,-1, 114,115,116,-1, 116,115,117,-1, 
          116,117,118,-1, 104,106,95,-1, 95,106,108,-1, 95,108,99,-1, 99,108,110,-1, 99,110,98,-1, 
          98,110,112,-1, 98,112,102,-1, 102,112,114,-1, 102,114,119,-1, 119,114,116,-1, 119,116,120,-1, 
          120,116,118,-1, 120,118,121,-1, 121,122,123,-1, 121,123,120,-1, 120,123,124,-1, 120,124,119,-1, 
          119,124,102,-1, 102,124,125,-1, 102,125,103,-1, 91,122,92,-1, 92,122,121,-1, 92,121,126,-1, 
          126,121,118,-1, 126,118,127,-1, 127,118,117,-1, 128,90,92,-1, 128,92,126,-1, 128,126,129,-1, 
          129,126,127,-1, 130,89,128,-1, 130,128,131,-1, 131,128,129,-1, 86,88,87,-1, 87,88,130,-1, 
          87,130,132,-1, 132,130,131,-1, 134,135,136,-1, 136,135,137,-1, 136,137,138,-1, 138,137,139,-1, 
          138,139,140,-1, 140,139,141,-1, 140,141,142,-1, 142,141,143,-1, 142,143,144,-1, 144,143,145,-1, 
          144,145,146,-1, 146,145,147,-1, 146,147,148,-1, 148,147,149,-1, 148,149,150,-1, 150,149,151,-1, 
          82,83,133,-1, 133,83,153,-1, 133,153,134,-1, 134,153,135,-1, 137,154,139,-1, 139,154,155,-1, 
          139,155,141,-1, 141,155,156,-1, 141,156,143,-1, 143,156,157,-1, 143,157,145,-1, 145,157,158,-1, 
          145,158,147,-1, 147,158,159,-1, 147,159,149,-1, 149,159,160,-1, 149,160,151,-1, 151,160,161,-1, 
          151,161,152,-1, 152,161,317,-1, 83,132,153,-1, 153,132,162,-1, 153,162,135,-1, 135,162,163,-1, 
          135,163,137,-1, 137,163,164,-1, 137,164,154,-1, 154,164,165,-1, 154,165,155,-1, 155,165,166,-1, 
          155,166,156,-1, 156,166,167,-1, 156,167,157,-1, 157,167,168,-1, 157,168,158,-1, 158,168,109,-1, 
          158,109,159,-1, 159,109,107,-1, 159,107,160,-1, 160,107,105,-1, 160,105,161,-1, 161,105,169,-1, 
          161,169,317,-1, 317,169,94,-1, 84,85,83,-1, 83,85,87,-1, 83,87,132,-1, 94,169,104,-1, 
          104,169,105,-1, 109,168,111,-1, 111,168,167,-1, 111,167,113,-1, 113,167,166,-1, 113,166,115,-1, 
          115,166,165,-1, 115,165,117,-1, 117,165,164,-1, 117,164,127,-1, 127,164,163,-1, 127,163,129,-1, 
          129,163,162,-1, 129,162,131,-1, 131,162,132,-1, 171,170,8,-1, 171,172,173,-1, 174,175,212,-1, 
          175,176,177,-1, 178,179,180,-1, 181,183,182,-1, 182,183,178,-1, 178,183,179,-1, 184,185,181,-1, 
          181,185,186,-1, 181,186,183,-1, 46,187,188,-1, 188,187,189,-1, 188,189,190,-1, 190,189,191,-1, 
          190,191,192,-1, 192,191,193,-1, 192,193,194,-1, 194,193,195,-1, 194,195,196,-1, 196,195,197,-1, 
          196,197,198,-1, 198,197,199,-1, 198,199,200,-1, 0,46,180,-1, 180,46,188,-1, 180,188,178,-1, 
          178,188,190,-1, 178,190,182,-1, 182,190,192,-1, 182,192,181,-1, 181,192,194,-1, 181,194,184,-1, 
          184,194,196,-1, 184,196,201,-1, 201,196,198,-1, 201,198,202,-1, 202,198,200,-1, 202,200,203,-1, 
          204,205,203,-1, 203,205,206,-1, 203,206,202,-1, 202,206,207,-1, 202,207,201,-1, 201,207,208,-1, 
          201,208,184,-1, 184,208,209,-1, 184,209,185,-1, 176,204,177,-1, 177,204,203,-1, 177,203,210,-1, 
          210,203,200,-1, 210,200,211,-1, 211,200,199,-1, 212,175,177,-1, 212,177,210,-1, 212,210,213,-1, 
          213,210,211,-1, 214,174,212,-1, 214,212,215,-1, 215,212,213,-1, 172,174,173,-1, 173,174,214,-1, 
          173,214,215,-1, 9,216,61,-1, 61,216,217,-1, 61,217,60,-1, 60,217,218,-1, 60,218,58,-1, 
          58,218,219,-1, 58,219,56,-1, 56,219,220,-1, 56,220,54,-1, 54,220,221,-1, 54,221,52,-1, 
          52,221,222,-1, 52,222,50,-1, 50,222,223,-1, 50,223,48,-1, 48,223,234,-1, 48,234,47,-1, 
          47,234,224,-1, 9,226,216,-1, 216,226,227,-1, 216,227,217,-1, 217,227,228,-1, 217,228,218,-1, 
          218,228,229,-1, 218,229,219,-1, 219,229,230,-1, 219,230,220,-1, 220,230,231,-1, 220,231,221,-1, 
          221,231,232,-1, 221,232,222,-1, 222,232,233,-1, 222,233,223,-1, 223,233,234,-1, 234,187,224,-1, 
          224,187,46,-1, 8,170,225,-1, 225,170,235,-1, 225,235,9,-1, 9,235,226,-1, 227,236,228,-1, 
          228,236,237,-1, 228,237,229,-1, 229,237,238,-1, 229,238,230,-1, 230,238,239,-1, 230,239,231,-1, 
          231,239,240,-1, 231,240,232,-1, 232,240,241,-1, 232,241,233,-1, 233,241,242,-1, 233,242,234,-1, 
          234,242,187,-1, 170,171,173,-1, 187,242,189,-1, 189,242,241,-1, 189,241,191,-1, 191,241,240,-1, 
          191,240,193,-1, 193,240,239,-1, 193,239,195,-1, 195,239,238,-1, 195,238,197,-1, 197,238,237,-1, 
          197,237,199,-1, 199,237,236,-1, 199,236,211,-1, 211,236,227,-1, 211,227,213,-1, 213,227,226,-1, 
          213,226,215,-1, 215,226,235,-1, 215,235,173,-1, 173,235,170,-1, 94,243,317,-1, 244,243,94,-1, 
          245,246,247,-1, 248,249,250,-1, 251,252,253,-1, 254,257,82,-1, 255,256,254,-1, 254,256,257,-1, 
          258,260,259,-1, 259,260,255,-1, 255,260,261,-1, 255,261,256,-1, 262,263,258,-1, 258,263,264,-1, 
          258,264,260,-1, 316,315,265,-1, 265,315,266,-1, 265,266,267,-1, 267,266,268,-1, 267,268,269,-1, 
          269,268,270,-1, 269,270,271,-1, 271,270,272,-1, 271,272,273,-1, 273,272,274,-1, 273,274,275,-1, 
          275,274,276,-1, 275,276,277,-1, 82,316,254,-1, 254,316,265,-1, 254,265,255,-1, 255,265,267,-1, 
          255,267,259,-1, 259,267,269,-1, 259,269,258,-1, 258,269,271,-1, 258,271,262,-1, 262,271,273,-1, 
          262,273,278,-1, 278,273,275,-1, 278,275,279,-1, 279,275,277,-1, 279,277,280,-1, 280,281,282,-1, 
          280,282,279,-1, 279,282,283,-1, 279,283,278,-1, 278,283,262,-1, 262,283,284,-1, 262,284,263,-1, 
          252,281,253,-1, 253,281,280,-1, 253,280,285,-1, 285,280,277,-1, 285,277,286,-1, 286,277,276,-1, 
          249,251,250,-1, 250,251,253,-1, 250,253,287,-1, 287,253,285,-1, 287,285,319,-1, 319,285,286,-1, 
          288,248,250,-1, 288,250,287,-1, 288,287,318,-1, 318,287,319,-1, 246,248,247,-1, 247,248,288,-1, 
          247,288,289,-1, 289,288,318,-1, 152,290,291,-1, 291,290,292,-1, 291,292,293,-1, 293,292,294,-1, 
          293,294,295,-1, 295,294,296,-1, 295,296,297,-1, 297,296,298,-1, 297,298,144,-1, 144,298,299,-1, 
          144,299,300,-1, 300,299,301,-1, 300,301,302,-1, 302,301,313,-1, 302,313,303,-1, 303,313,314,-1, 
          303,314,304,-1, 304,314,305,-1, 304,305,134,-1, 317,306,152,-1, 152,306,290,-1, 290,307,292,-1, 
          292,307,308,-1, 292,308,294,-1, 294,308,309,-1, 294,309,296,-1, 296,309,310,-1, 296,310,298,-1, 
          298,310,311,-1, 298,311,299,-1, 299,311,312,-1, 299,312,301,-1, 301,312,313,-1, 314,315,305,-1, 
          305,315,316,-1, 306,318,290,-1, 290,318,319,-1, 290,319,307,-1, 307,319,320,-1, 307,320,308,-1, 
          308,320,321,-1, 308,321,309,-1, 309,321,322,-1, 309,322,310,-1, 310,322,323,-1, 310,323,311,-1, 
          311,323,324,-1, 311,324,312,-1, 312,324,325,-1, 312,325,313,-1, 313,325,326,-1, 313,326,314,-1, 
          314,326,315,-1, 244,245,243,-1, 243,245,247,-1, 243,247,289,-1, 243,289,317,-1, 315,326,266,-1, 
          266,326,325,-1, 266,325,268,-1, 268,325,324,-1, 268,324,270,-1, 270,324,323,-1, 270,323,272,-1, 
          272,323,322,-1, 272,322,274,-1, 274,322,321,-1, 274,321,276,-1, 276,321,320,-1, 276,320,286,-1, 
          286,320,319,-1, 318,306,289,-1, 289,306,317,-1, 134,305,133,-1, 133,305,316,-1, 133,316,82,-1, 
          35,6,327,-1, 327,6,328,-1, 328,6,5,-1, 328,5,329,-1, 329,5,4,-1, 329,4,330,-1, 
          330,4,2,-1, 330,2,331,-1, 2,1,331,-1, 331,1,332,-1, 1,0,332,-1, 332,0,180,-1, 
          332,180,333,-1, 333,180,179,-1, 333,179,334,-1, 179,183,334,-1, 334,183,335,-1, 335,183,186,-1, 
          335,186,336,-1, 186,185,336,-1, 336,185,209,-1, 336,209,337,-1, 209,208,337,-1, 337,208,207,-1, 
          337,207,338,-1, 207,206,338,-1, 338,206,205,-1, 338,205,339,-1, 205,204,339,-1, 339,204,176,-1, 
          339,176,340,-1, 176,175,340,-1, 340,175,341,-1, 175,174,341,-1, 341,174,342,-1, 342,174,172,-1, 
          342,172,343,-1, 172,171,343,-1, 343,171,344,-1, 171,8,344,-1, 344,8,12,-1, 344,12,345,-1, 
          345,12,11,-1, 345,11,346,-1, 11,16,346,-1, 346,16,15,-1, 346,15,347,-1, 15,19,347,-1, 
          347,19,348,-1, 19,18,348,-1, 348,18,39,-1, 348,39,349,-1, 39,38,349,-1, 349,38,350,-1, 
          350,38,37,-1, 350,37,327,-1, 327,37,36,-1, 327,36,35,-1, 352,88,86,-1, 352,86,353,-1, 
          88,352,89,-1, 89,352,354,-1, 89,354,90,-1, 90,354,355,-1, 90,355,91,-1, 91,355,356,-1, 
          91,356,122,-1, 122,356,357,-1, 122,357,123,-1, 123,357,124,-1, 124,357,358,-1, 124,358,125,-1, 
          125,358,359,-1, 125,359,103,-1, 103,359,360,-1, 103,360,100,-1, 100,360,361,-1, 100,361,101,-1, 
          101,361,96,-1, 96,361,362,-1, 96,362,97,-1, 97,362,93,-1, 93,362,363,-1, 93,363,94,-1, 
          94,363,244,-1, 244,363,364,-1, 244,364,245,-1, 245,364,246,-1, 246,364,365,-1, 246,365,248,-1, 
          248,365,366,-1, 351,281,367,-1, 281,252,367,-1, 367,252,251,-1, 367,251,366,-1, 366,251,249,-1, 
          366,249,248,-1, 281,351,282,-1, 282,351,368,-1, 282,368,283,-1, 283,368,369,-1, 283,369,284,-1, 
          284,369,370,-1, 284,370,263,-1, 263,370,264,-1, 264,370,371,-1, 264,371,260,-1, 372,373,257,-1, 
          257,256,372,-1, 372,256,261,-1, 372,261,371,-1, 371,261,260,-1, 86,85,353,-1, 353,85,84,-1, 
          353,84,374,-1, 374,84,82,-1, 374,82,373,-1, 373,82,257,-1, 348,375,347,-1, 347,375,376,-1, 
          347,376,346,-1, 346,376,377,-1, 346,377,345,-1, 345,377,378,-1, 345,378,344,-1, 344,378,379,-1, 
          344,379,343,-1, 343,379,380,-1, 343,380,342,-1, 342,380,381,-1, 342,381,341,-1, 336,382,335,-1, 
          335,382,383,-1, 335,383,334,-1, 334,383,384,-1, 334,384,333,-1, 333,384,385,-1, 333,385,332,-1, 
          332,385,386,-1, 332,386,331,-1, 331,386,387,-1, 331,387,330,-1, 330,387,388,-1, 330,388,329,-1, 
          381,389,341,-1, 341,389,390,-1, 341,390,340,-1, 340,390,391,-1, 340,391,339,-1, 339,391,392,-1, 
          339,392,338,-1, 338,392,393,-1, 338,393,337,-1, 337,393,394,-1, 337,394,336,-1, 336,394,395,-1, 
          336,395,382,-1, 388,396,329,-1, 329,396,397,-1, 329,397,328,-1, 328,397,398,-1, 328,398,327,-1, 
          327,398,399,-1, 327,399,350,-1, 350,399,400,-1, 350,400,349,-1, 349,400,401,-1, 349,401,348,-1, 
          348,401,402,-1, 348,402,375,-1, 365,403,366,-1, 366,403,404,-1, 366,404,367,-1, 367,404,405,-1, 
          367,405,351,-1, 351,405,406,-1, 351,406,368,-1, 368,406,407,-1, 368,407,369,-1, 369,407,408,-1, 
          369,408,370,-1, 370,408,409,-1, 370,409,371,-1, 409,410,371,-1, 371,410,411,-1, 371,411,372,-1, 
          372,411,412,-1, 372,412,373,-1, 373,412,413,-1, 373,413,374,-1, 374,413,414,-1, 374,414,353,-1, 
          353,414,415,-1, 353,415,352,-1, 415,416,352,-1, 352,416,417,-1, 352,417,354,-1, 354,417,418,-1, 
          354,418,355,-1, 355,418,419,-1, 355,419,356,-1, 356,419,420,-1, 356,420,357,-1, 357,420,421,-1, 
          357,421,358,-1, 358,421,422,-1, 358,422,359,-1, 359,422,423,-1, 359,423,360,-1, 423,424,360,-1, 
          360,424,425,-1, 360,425,361,-1, 361,425,426,-1, 361,426,362,-1, 362,426,427,-1, 362,427,363,-1, 
          363,427,428,-1, 363,428,364,-1, 364,428,429,-1, 364,429,365,-1, 365,429,430,-1, 365,430,403,-1, 
          400,413,401,-1, 401,413,412,-1, 401,412,402,-1, 402,412,411,-1, 402,411,375,-1, 375,411,410,-1, 
          375,410,376,-1, 376,410,409,-1, 376,409,377,-1, 377,409,408,-1, 377,408,378,-1, 378,408,407,-1, 
          378,407,379,-1, 379,407,406,-1, 379,406,380,-1, 380,406,405,-1, 380,405,381,-1, 381,405,404,-1, 
          381,404,389,-1, 389,404,403,-1, 389,403,390,-1, 390,403,430,-1, 390,430,391,-1, 391,430,429,-1, 
          391,429,392,-1, 392,429,428,-1, 392,428,393,-1, 393,428,427,-1, 393,427,394,-1, 394,427,426,-1, 
          394,426,395,-1, 395,426,425,-1, 395,425,382,-1, 382,425,424,-1, 382,424,383,-1, 383,424,423,-1, 
          383,423,384,-1, 384,423,422,-1, 384,422,385,-1, 385,422,421,-1, 385,421,386,-1, 386,421,420,-1, 
          386,420,387,-1, 387,420,419,-1, 387,419,388,-1, 388,419,418,-1, 388,418,396,-1, 396,418,417,-1, 
          396,417,397,-1, 397,417,416,-1, 397,416,398,-1, 398,416,415,-1, 398,415,399,-1, 399,415,414,-1, 
          399,414,400,-1, 400,414,413,-1, 432,503,431,-1, 432,434,433,-1, 434,435,436,-1, 438,439,440,-1, 
          450,444,441,-1, 451,443,450,-1, 450,443,444,-1, 445,449,446,-1, 446,449,447,-1, 446,447,451,-1, 
          451,447,443,-1, 448,449,445,-1, 451,452,446,-1, 446,452,453,-1, 446,453,454,-1, 454,453,455,-1, 
          454,455,456,-1, 456,455,457,-1, 456,457,458,-1, 458,457,459,-1, 458,459,460,-1, 460,459,461,-1, 
          460,461,462,-1, 446,454,445,-1, 445,454,456,-1, 445,456,448,-1, 448,456,458,-1, 448,458,463,-1, 
          463,458,460,-1, 463,460,464,-1, 464,460,462,-1, 464,462,465,-1, 466,467,465,-1, 465,467,468,-1, 
          465,468,464,-1, 464,468,469,-1, 464,469,463,-1, 463,469,470,-1, 463,470,448,-1, 448,470,471,-1, 
          448,471,449,-1, 439,466,440,-1, 440,466,465,-1, 440,465,472,-1, 472,465,462,-1, 472,462,473,-1, 
          473,462,461,-1, 437,438,474,-1, 474,438,440,-1, 474,440,472,-1, 474,472,475,-1, 475,472,473,-1, 
          435,437,436,-1, 436,437,474,-1, 436,474,476,-1, 476,474,475,-1, 433,434,436,-1, 433,436,476,-1, 
          663,477,655,-1, 655,477,478,-1, 478,479,480,-1, 480,479,481,-1, 480,481,482,-1, 482,481,483,-1, 
          482,483,484,-1, 484,483,485,-1, 484,485,486,-1, 486,485,487,-1, 486,487,488,-1, 488,487,489,-1, 
          488,489,490,-1, 490,489,491,-1, 477,493,478,-1, 478,493,494,-1, 478,494,479,-1, 479,494,495,-1, 
          479,495,481,-1, 481,495,496,-1, 481,496,483,-1, 483,496,497,-1, 483,497,485,-1, 485,497,498,-1, 
          485,498,487,-1, 487,498,499,-1, 487,499,489,-1, 489,499,500,-1, 489,500,491,-1, 491,500,501,-1, 
          491,501,492,-1, 492,501,442,-1, 431,503,663,-1, 663,503,433,-1, 663,433,477,-1, 477,433,504,-1, 
          477,504,493,-1, 493,504,505,-1, 493,505,494,-1, 494,505,506,-1, 494,506,495,-1, 495,506,507,-1, 
          495,507,496,-1, 496,507,508,-1, 496,508,497,-1, 497,508,509,-1, 497,509,498,-1, 498,509,510,-1, 
          498,510,499,-1, 499,510,511,-1, 499,511,500,-1, 500,511,512,-1, 500,512,501,-1, 501,512,513,-1, 
          501,513,442,-1, 442,513,450,-1, 442,450,502,-1, 502,450,441,-1, 503,432,433,-1, 450,513,451,-1, 
          451,513,512,-1, 451,512,452,-1, 452,512,511,-1, 452,511,453,-1, 453,511,510,-1, 453,510,455,-1, 
          455,510,509,-1, 455,509,457,-1, 457,509,508,-1, 457,508,459,-1, 459,508,507,-1, 459,507,461,-1, 
          461,507,506,-1, 461,506,473,-1, 473,506,505,-1, 473,505,475,-1, 475,505,504,-1, 475,504,476,-1, 
          476,504,433,-1, 516,515,514,-1, 517,518,519,-1, 520,521,565,-1, 521,522,563,-1, 523,524,525,-1, 
          526,527,528,-1, 530,531,526,-1, 526,531,532,-1, 526,532,527,-1, 533,535,534,-1, 534,535,530,-1, 
          530,535,531,-1, 536,537,533,-1, 533,537,538,-1, 533,538,535,-1, 539,540,541,-1, 541,540,542,-1, 
          541,542,543,-1, 543,542,544,-1, 543,544,545,-1, 545,544,546,-1, 545,546,547,-1, 547,546,548,-1, 
          547,548,549,-1, 549,548,550,-1, 549,550,551,-1, 551,550,552,-1, 551,552,553,-1, 528,539,526,-1, 
          526,539,541,-1, 526,541,530,-1, 530,541,543,-1, 530,543,534,-1, 534,543,545,-1, 534,545,533,-1, 
          533,545,547,-1, 533,547,536,-1, 536,547,549,-1, 536,549,554,-1, 554,549,551,-1, 554,551,555,-1, 
          555,551,553,-1, 555,553,556,-1, 556,557,558,-1, 556,558,555,-1, 555,558,559,-1, 555,559,554,-1, 
          554,559,536,-1, 536,559,560,-1, 536,560,537,-1, 524,557,525,-1, 525,557,556,-1, 525,556,561,-1, 
          561,556,553,-1, 561,553,562,-1, 562,553,552,-1, 522,523,563,-1, 563,523,525,-1, 563,525,561,-1, 
          563,561,564,-1, 564,561,562,-1, 565,521,563,-1, 565,563,566,-1, 566,563,564,-1, 518,520,519,-1, 
          519,520,565,-1, 519,565,566,-1, 587,567,568,-1, 568,567,569,-1, 568,569,570,-1, 570,569,571,-1, 
          570,571,572,-1, 572,571,573,-1, 572,573,574,-1, 574,573,575,-1, 574,575,576,-1, 576,575,577,-1, 
          576,577,578,-1, 578,577,579,-1, 578,579,580,-1, 580,579,581,-1, 580,581,582,-1, 582,581,583,-1, 
          582,583,584,-1, 584,583,585,-1, 571,588,573,-1, 573,588,589,-1, 573,589,575,-1, 575,589,590,-1, 
          575,590,577,-1, 577,590,591,-1, 577,591,579,-1, 579,591,592,-1, 579,592,581,-1, 581,592,593,-1, 
          581,593,583,-1, 583,593,594,-1, 583,594,585,-1, 585,594,595,-1, 585,595,586,-1, 586,595,529,-1, 
          514,515,587,-1, 587,515,596,-1, 587,596,567,-1, 567,596,597,-1, 567,597,569,-1, 569,597,598,-1, 
          569,598,571,-1, 571,598,599,-1, 571,599,588,-1, 588,599,600,-1, 588,600,589,-1, 589,600,601,-1, 
          589,601,590,-1, 590,601,602,-1, 590,602,591,-1, 591,602,603,-1, 591,603,592,-1, 592,603,544,-1, 
          592,544,593,-1, 593,544,542,-1, 593,542,594,-1, 594,542,540,-1, 594,540,595,-1, 595,540,539,-1, 
          595,539,529,-1, 529,539,528,-1, 516,517,515,-1, 515,517,519,-1, 544,603,546,-1, 546,603,602,-1, 
          546,602,548,-1, 548,602,601,-1, 548,601,550,-1, 550,601,600,-1, 550,600,552,-1, 552,600,599,-1, 
          552,599,562,-1, 562,599,598,-1, 562,598,564,-1, 564,598,597,-1, 564,597,566,-1, 566,597,596,-1, 
          566,596,519,-1, 519,596,515,-1, 604,664,441,-1, 604,605,645,-1, 606,607,641,-1, 607,608,609,-1, 
          612,616,613,-1, 613,616,614,-1, 613,614,611,-1, 615,616,612,-1, 617,674,618,-1, 618,674,619,-1, 
          618,619,613,-1, 613,619,620,-1, 613,620,621,-1, 621,620,622,-1, 621,622,623,-1, 623,622,624,-1, 
          623,624,625,-1, 625,624,626,-1, 625,626,627,-1, 627,626,628,-1, 627,628,629,-1, 431,617,610,-1, 
          610,617,618,-1, 610,618,611,-1, 611,618,613,-1, 613,621,612,-1, 612,621,623,-1, 612,623,615,-1, 
          615,623,625,-1, 615,625,630,-1, 630,625,627,-1, 630,627,631,-1, 631,627,629,-1, 631,629,632,-1, 
          633,634,632,-1, 632,634,635,-1, 632,635,631,-1, 631,635,636,-1, 631,636,630,-1, 630,636,637,-1, 
          630,637,615,-1, 615,637,638,-1, 615,638,616,-1, 608,633,609,-1, 609,633,632,-1, 609,632,639,-1, 
          639,632,629,-1, 639,629,640,-1, 640,629,628,-1, 641,607,609,-1, 641,609,639,-1, 641,639,642,-1, 
          642,639,640,-1, 643,606,641,-1, 643,641,644,-1, 644,641,642,-1, 605,606,645,-1, 645,606,643,-1, 
          645,643,644,-1, 502,665,442,-1, 442,665,646,-1, 442,646,492,-1, 492,646,647,-1, 492,647,491,-1, 
          491,647,648,-1, 491,648,490,-1, 490,648,649,-1, 490,649,488,-1, 488,649,650,-1, 488,650,486,-1, 
          486,650,651,-1, 486,651,484,-1, 484,651,652,-1, 484,652,482,-1, 482,652,653,-1, 482,653,480,-1, 
          480,653,654,-1, 480,654,478,-1, 478,654,655,-1, 441,664,502,-1, 502,664,665,-1, 665,656,646,-1, 
          646,656,657,-1, 646,657,647,-1, 647,657,658,-1, 647,658,648,-1, 648,658,659,-1, 648,659,649,-1, 
          649,659,660,-1, 649,660,650,-1, 650,660,661,-1, 650,661,651,-1, 651,661,662,-1, 651,662,652,-1, 
          652,662,672,-1, 652,672,653,-1, 653,672,673,-1, 653,673,654,-1, 654,673,674,-1, 654,674,655,-1, 
          655,674,663,-1, 656,666,657,-1, 657,666,667,-1, 657,667,658,-1, 658,667,668,-1, 658,668,659,-1, 
          659,668,669,-1, 659,669,660,-1, 660,669,670,-1, 660,670,661,-1, 661,670,671,-1, 661,671,662,-1, 
          662,671,672,-1, 674,617,663,-1, 663,617,431,-1, 664,604,645,-1, 674,673,619,-1, 619,673,672,-1, 
          619,672,620,-1, 620,672,671,-1, 620,671,622,-1, 622,671,670,-1, 622,670,624,-1, 624,670,669,-1, 
          624,669,626,-1, 626,669,668,-1, 626,668,628,-1, 628,668,667,-1, 628,667,640,-1, 640,667,666,-1, 
          640,666,642,-1, 642,666,656,-1, 642,656,644,-1, 644,656,665,-1, 644,665,645,-1, 645,665,664,-1, 
          676,675,528,-1, 677,678,719,-1, 682,683,684,-1, 688,689,685,-1, 685,689,690,-1, 691,693,692,-1, 
          692,693,688,-1, 688,693,694,-1, 688,694,689,-1, 695,696,691,-1, 691,696,697,-1, 691,697,693,-1, 
          699,700,701,-1, 701,700,702,-1, 701,702,703,-1, 703,702,704,-1, 703,704,705,-1, 705,704,706,-1, 
          705,706,707,-1, 514,758,685,-1, 685,758,688,-1, 688,698,692,-1, 692,698,699,-1, 692,699,691,-1, 
          691,699,701,-1, 691,701,695,-1, 695,701,703,-1, 695,703,708,-1, 708,703,705,-1, 708,705,709,-1, 
          709,705,707,-1, 709,707,710,-1, 710,711,712,-1, 710,712,709,-1, 709,712,713,-1, 709,713,708,-1, 
          708,713,695,-1, 695,713,714,-1, 695,714,696,-1, 683,711,684,-1, 684,711,710,-1, 684,710,715,-1, 
          715,710,707,-1, 715,707,716,-1, 716,707,706,-1, 680,682,681,-1, 681,682,684,-1, 681,684,717,-1, 
          717,684,715,-1, 717,715,749,-1, 749,715,716,-1, 679,680,718,-1, 718,680,681,-1, 718,681,717,-1, 
          718,717,748,-1, 748,717,749,-1, 678,679,719,-1, 719,679,718,-1, 719,718,747,-1, 747,718,748,-1, 
          746,720,721,-1, 721,720,722,-1, 721,722,723,-1, 723,722,724,-1, 723,724,725,-1, 725,724,726,-1, 
          725,726,727,-1, 727,726,728,-1, 727,728,729,-1, 729,728,730,-1, 729,730,578,-1, 578,730,731,-1, 
          578,731,732,-1, 732,731,733,-1, 732,733,734,-1, 734,733,735,-1, 734,735,736,-1, 736,735,745,-1, 
          736,745,737,-1, 737,745,757,-1, 737,757,687,-1, 722,738,724,-1, 724,738,739,-1, 724,739,726,-1, 
          726,739,740,-1, 726,740,728,-1, 728,740,741,-1, 728,741,730,-1, 730,741,742,-1, 730,742,731,-1, 
          731,742,743,-1, 731,743,733,-1, 733,743,744,-1, 733,744,735,-1, 735,744,745,-1, 746,747,720,-1, 
          720,747,748,-1, 720,748,722,-1, 722,748,749,-1, 722,749,738,-1, 738,749,750,-1, 738,750,739,-1, 
          739,750,751,-1, 739,751,740,-1, 740,751,752,-1, 740,752,741,-1, 741,752,753,-1, 741,753,742,-1, 
          742,753,754,-1, 742,754,743,-1, 743,754,755,-1, 743,755,744,-1, 744,755,756,-1, 744,756,745,-1, 
          745,756,757,-1, 676,677,675,-1, 675,677,719,-1, 675,719,747,-1, 758,757,688,-1, 688,757,756,-1, 
          688,756,698,-1, 698,756,755,-1, 698,755,699,-1, 699,755,754,-1, 699,754,700,-1, 700,754,753,-1, 
          700,753,702,-1, 702,753,752,-1, 702,752,704,-1, 704,752,751,-1, 704,751,706,-1, 706,751,750,-1, 
          706,750,716,-1, 716,750,749,-1, 747,746,675,-1, 675,746,528,-1, 687,757,686,-1, 686,757,758,-1, 
          686,758,514,-1, 466,439,759,-1, 759,439,760,-1, 439,438,760,-1, 760,438,437,-1, 760,437,761,-1, 
          761,437,435,-1, 761,435,762,-1, 435,434,762,-1, 762,434,763,-1, 434,432,763,-1, 763,432,764,-1, 
          432,431,764,-1, 764,431,610,-1, 764,610,765,-1, 765,610,611,-1, 765,611,766,-1, 611,614,766,-1, 
          766,614,767,-1, 614,616,767,-1, 767,616,768,-1, 768,616,638,-1, 768,638,769,-1, 638,637,769,-1, 
          769,637,636,-1, 769,636,770,-1, 636,635,770,-1, 770,635,634,-1, 770,634,771,-1, 634,633,771,-1, 
          771,633,608,-1, 771,608,772,-1, 608,607,772,-1, 772,607,773,-1, 607,606,773,-1, 773,606,774,-1, 
          774,606,605,-1, 774,605,775,-1, 605,604,775,-1, 775,604,776,-1, 604,441,776,-1, 776,441,444,-1, 
          776,444,777,-1, 777,444,443,-1, 777,443,778,-1, 443,447,778,-1, 778,447,779,-1, 447,449,779,-1, 
          779,449,780,-1, 780,449,471,-1, 780,471,781,-1, 471,470,781,-1, 781,470,469,-1, 781,469,782,-1, 
          782,469,468,-1, 782,468,759,-1, 759,468,467,-1, 759,467,466,-1, 784,520,518,-1, 784,518,785,-1, 
          520,784,521,-1, 521,784,786,-1, 521,786,522,-1, 522,786,787,-1, 522,787,523,-1, 523,787,524,-1, 
          524,787,788,-1, 524,788,557,-1, 557,788,789,-1, 557,789,558,-1, 558,789,559,-1, 559,789,790,-1, 
          559,790,560,-1, 560,790,791,-1, 560,791,537,-1, 537,791,538,-1, 538,791,792,-1, 538,792,535,-1, 
          535,792,793,-1, 535,793,531,-1, 531,793,794,-1, 531,794,532,-1, 532,794,527,-1, 527,794,795,-1, 
          527,795,528,-1, 528,795,676,-1, 676,795,796,-1, 676,796,677,-1, 677,796,678,-1, 678,796,797,-1, 
          678,797,679,-1, 679,797,798,-1, 679,798,680,-1, 783,711,799,-1, 711,683,799,-1, 799,683,682,-1, 
          799,682,798,-1, 798,682,680,-1, 711,783,712,-1, 712,783,800,-1, 712,800,713,-1, 713,800,801,-1, 
          713,801,714,-1, 714,801,802,-1, 714,802,696,-1, 696,802,697,-1, 697,802,803,-1, 697,803,693,-1, 
          804,805,690,-1, 690,689,804,-1, 804,689,694,-1, 804,694,803,-1, 803,694,693,-1, 518,517,785,-1, 
          785,517,516,-1, 785,516,806,-1, 806,516,514,-1, 806,514,805,-1, 805,514,685,-1, 805,685,690,-1, 
          780,807,779,-1, 779,807,808,-1, 779,808,778,-1, 778,808,809,-1, 778,809,777,-1, 777,809,810,-1, 
          777,810,776,-1, 776,810,811,-1, 776,811,775,-1, 775,811,812,-1, 775,812,774,-1, 774,812,813,-1, 
          774,813,773,-1, 762,814,761,-1, 761,814,815,-1, 761,815,760,-1, 760,815,816,-1, 760,816,759,-1, 
          759,816,817,-1, 759,817,782,-1, 782,817,818,-1, 782,818,781,-1, 781,818,819,-1, 781,819,780,-1, 
          780,819,820,-1, 780,820,807,-1, 768,821,767,-1, 767,821,822,-1, 767,822,766,-1, 766,822,823,-1, 
          766,823,765,-1, 765,823,824,-1, 765,824,764,-1, 764,824,825,-1, 764,825,763,-1, 763,825,826,-1, 
          763,826,762,-1, 762,826,827,-1, 762,827,814,-1, 813,828,773,-1, 773,828,829,-1, 773,829,772,-1, 
          772,829,830,-1, 772,830,771,-1, 771,830,831,-1, 771,831,770,-1, 770,831,832,-1, 770,832,769,-1, 
          769,832,833,-1, 769,833,768,-1, 768,833,834,-1, 768,834,821,-1, 797,835,798,-1, 798,835,836,-1, 
          798,836,799,-1, 799,836,837,-1, 799,837,783,-1, 783,837,838,-1, 783,838,800,-1, 800,838,839,-1, 
          800,839,801,-1, 801,839,840,-1, 801,840,802,-1, 802,840,841,-1, 802,841,803,-1, 841,842,803,-1, 
          803,842,843,-1, 803,843,804,-1, 804,843,844,-1, 804,844,805,-1, 805,844,845,-1, 805,845,806,-1, 
          806,845,846,-1, 806,846,785,-1, 785,846,847,-1, 785,847,784,-1, 784,847,848,-1, 784,848,786,-1, 
          792,849,793,-1, 793,849,850,-1, 793,850,794,-1, 794,850,851,-1, 794,851,795,-1, 795,851,852,-1, 
          795,852,796,-1, 796,852,853,-1, 796,853,797,-1, 797,853,854,-1, 797,854,835,-1, 848,855,786,-1, 
          786,855,856,-1, 786,856,787,-1, 787,856,857,-1, 787,857,788,-1, 788,857,858,-1, 788,858,789,-1, 
          789,858,859,-1, 789,859,790,-1, 790,859,860,-1, 790,860,791,-1, 791,860,861,-1, 791,861,792,-1, 
          792,861,862,-1, 792,862,849,-1, 818,845,819,-1, 819,845,844,-1, 819,844,820,-1, 820,844,843,-1, 
          820,843,807,-1, 807,843,842,-1, 807,842,808,-1, 808,842,841,-1, 808,841,809,-1, 809,841,840,-1, 
          809,840,810,-1, 810,840,839,-1, 810,839,811,-1, 811,839,838,-1, 811,838,812,-1, 812,838,837,-1, 
          812,837,813,-1, 813,837,836,-1, 813,836,828,-1, 828,836,835,-1, 828,835,829,-1, 829,835,854,-1, 
          829,854,830,-1, 830,854,853,-1, 830,853,831,-1, 831,853,852,-1, 831,852,832,-1, 832,852,851,-1, 
          832,851,833,-1, 833,851,850,-1, 833,850,834,-1, 834,850,849,-1, 834,849,821,-1, 821,849,862,-1, 
          821,862,822,-1, 822,862,861,-1, 822,861,823,-1, 823,861,860,-1, 823,860,824,-1, 824,860,859,-1, 
          824,859,825,-1, 825,859,858,-1, 825,858,826,-1, 826,858,857,-1, 826,857,827,-1, 827,857,856,-1, 
          827,856,814,-1, 814,856,855,-1, 814,855,815,-1, 815,855,848,-1, 815,848,816,-1, 816,848,847,-1, 
          816,847,817,-1, 817,847,846,-1, 817,846,818,-1, 818,846,845,-1, 863,864,865,-1, 865,864,866,-1, 
          865,866,867,-1, 867,866,868,-1, 869,870,871,-1, 871,870,867,-1, 871,867,872,-1, 872,867,868,-1, 
          872,868,873,-1, 873,868,874,-1, 875,876,877,-1, 877,876,878,-1, 877,878,879,-1, 880,881,882,-1, 
          882,881,883,-1, 882,883,884,-1, 885,886,884,-1, 884,886,879,-1, 884,879,882,-1, 882,879,878,-1, 
          887,888,889,-1, 887,889,890,-1, 890,889,891,-1, 890,891,892,-1, 892,891,893,-1, 892,893,894,-1, 
          894,893,895,-1, 894,895,896,-1, 896,895,897,-1, 896,897,898,-1, 906,877,905,-1, 905,877,879,-1, 
          899,900,901,-1, 901,900,902,-1, 901,902,903,-1, 903,902,904,-1, 903,904,905,-1, 905,904,906,-1, 
          907,908,899,-1, 899,908,900,-1, 908,907,909,-1, 908,909,910,-1, 910,909,911,-1, 910,911,912,-1, 
          912,911,913,-1, 912,913,914,-1, 914,913,915,-1, 914,915,916,-1, 916,915,917,-1, 916,917,918,-1, 
          917,919,918,-1, 918,919,920,-1, 920,919,921,-1, 921,919,922,-1, 931,932,922,-1, 922,932,921,-1, 
          923,924,925,-1, 925,924,926,-1, 925,926,927,-1, 927,926,928,-1, 927,928,929,-1, 929,928,930,-1, 
          929,930,931,-1, 931,930,932,-1, 887,924,888,-1, 888,924,923,-1, 933,934,935,-1, 933,935,936,-1, 
          936,935,937,-1, 936,937,938,-1, 938,937,939,-1, 938,939,940,-1, 940,939,941,-1, 940,941,942,-1, 
          942,941,943,-1, 942,943,944,-1, 945,884,946,-1, 946,884,883,-1, 947,948,949,-1, 949,948,950,-1, 
          949,950,951,-1, 951,950,952,-1, 951,952,953,-1, 953,952,954,-1, 953,954,946,-1, 946,954,945,-1, 
          955,956,947,-1, 947,956,948,-1, 956,955,957,-1, 956,957,958,-1, 958,957,959,-1, 958,959,960,-1, 
          960,959,961,-1, 960,961,962,-1, 962,961,963,-1, 962,963,964,-1, 964,963,965,-1, 964,965,966,-1, 
          965,967,966,-1, 966,967,968,-1, 968,967,969,-1, 969,967,970,-1, 979,980,970,-1, 970,980,969,-1, 
          971,972,973,-1, 973,972,974,-1, 973,974,975,-1, 975,974,976,-1, 975,976,977,-1, 977,976,978,-1, 
          977,978,979,-1, 979,978,980,-1, 933,972,934,-1, 934,972,971,-1, 981,982,983,-1, 981,983,984,-1, 
          984,983,985,-1, 984,985,986,-1, 986,985,987,-1, 986,987,988,-1, 988,987,989,-1, 988,989,990,-1, 
          990,989,991,-1, 990,991,992,-1, 981,993,982,-1, 982,993,994,-1, 994,993,995,-1, 995,993,996,-1, 
          995,996,997,-1, 997,996,998,-1, 997,998,999,-1, 999,998,1000,-1, 1000,868,999,-1, 999,868,866,-1, 
          1001,1002,1003,-1, 1001,1003,1004,-1, 1004,1003,1005,-1, 1004,1005,1006,-1, 1006,1005,1007,-1, 1006,1007,1008,-1, 
          1008,1007,1009,-1, 1008,1009,1010,-1, 1010,1009,1011,-1, 1010,1011,1012,-1, 1002,1001,1013,-1, 1013,1001,1014,-1, 
          1013,1014,1015,-1, 1015,1014,1016,-1, 1015,1016,1017,-1, 1017,1016,1018,-1, 1017,1018,1019,-1, 1019,1018,1020,-1, 
          1019,1020,1021,-1, 1021,1020,1022,-1, 1021,1022,1023,-1, 1023,1022,1024,-1, 1025,1023,1026,-1, 1026,1023,1024,-1, 
          991,1025,992,-1, 992,1025,1026,-1, 1027,1028,1029,-1, 1027,1029,1030,-1, 1030,1029,1031,-1, 1030,1031,1032,-1, 
          1032,1031,1033,-1, 1032,1033,1034,-1, 1034,1033,1035,-1, 1034,1035,1036,-1, 1036,1035,1037,-1, 1036,1037,1038,-1, 
          1027,1039,1028,-1, 1028,1039,1040,-1, 1040,1039,1041,-1, 1041,1039,1043,-1, 1041,1043,1042,-1, 1042,1043,1044,-1, 
          1042,1044,1045,-1, 1045,1044,1046,-1, 1046,871,1045,-1, 1045,871,872,-1, 1047,1048,1049,-1, 1047,1049,1050,-1, 
          1050,1049,1051,-1, 1050,1051,1052,-1, 1052,1051,1053,-1, 1052,1053,1054,-1, 1054,1053,1055,-1, 1054,1055,1056,-1, 
          1056,1055,1057,-1, 1056,1057,1058,-1, 1048,1047,1059,-1, 1059,1047,1060,-1, 1059,1060,1061,-1, 1061,1060,1062,-1, 
          1061,1062,1063,-1, 1063,1062,1064,-1, 1063,1064,1065,-1, 1065,1064,1066,-1, 1065,1066,1067,-1, 1067,1066,1068,-1, 
          1067,1068,1069,-1, 1069,1068,1070,-1, 1071,1069,1072,-1, 1072,1069,1070,-1, 1037,1071,1038,-1, 1038,1071,1072,-1, 
          878,865,882,-1, 882,865,867,-1, 875,877,1073,-1, 918,920,921,-1, 898,1074,875,-1, 921,1075,918,-1, 
          918,1075,1076,-1, 918,1076,916,-1, 916,1076,930,-1, 875,1073,898,-1, 898,1073,1077,-1, 898,1077,896,-1, 
          896,1077,904,-1, 896,904,894,-1, 894,904,892,-1, 892,904,1078,-1, 892,1078,890,-1, 890,1078,1079,-1, 
          890,1079,887,-1, 887,1079,900,-1, 887,900,924,-1, 924,900,908,-1, 924,908,926,-1, 926,908,910,-1, 
          926,910,928,-1, 928,910,912,-1, 928,912,930,-1, 930,912,914,-1, 930,914,916,-1, 898,897,1074,-1, 
          1074,897,1080,-1, 1081,897,1082,-1, 1082,897,895,-1, 1082,895,903,-1, 903,895,893,-1, 903,893,1083,-1, 
          1081,879,897,-1, 897,879,886,-1, 897,886,1080,-1, 922,919,1084,-1, 1084,919,917,-1, 1084,917,1085,-1, 
          1085,917,915,-1, 1085,915,929,-1, 929,915,913,-1, 929,913,927,-1, 907,899,888,-1, 888,899,1086,-1, 
          888,1086,889,-1, 889,1086,1083,-1, 889,1083,891,-1, 891,1083,893,-1, 913,911,927,-1, 927,911,909,-1, 
          927,909,925,-1, 925,909,907,-1, 925,907,923,-1, 923,907,888,-1, 966,968,969,-1, 885,884,945,-1, 
          944,1087,885,-1, 969,980,966,-1, 966,980,964,-1, 964,980,978,-1, 885,945,944,-1, 944,945,954,-1, 
          944,954,942,-1, 942,954,952,-1, 942,952,940,-1, 940,952,938,-1, 938,952,1088,-1, 938,1088,936,-1, 
          936,1088,1089,-1, 936,1089,933,-1, 933,1089,948,-1, 933,948,972,-1, 972,948,956,-1, 972,956,974,-1, 
          974,956,958,-1, 974,958,976,-1, 976,958,960,-1, 976,960,978,-1, 978,960,962,-1, 978,962,964,-1, 
          944,943,1087,-1, 1087,943,1090,-1, 970,967,979,-1, 979,967,965,-1, 979,965,963,-1, 979,963,977,-1, 
          977,963,961,-1, 977,961,975,-1, 946,943,953,-1, 953,943,941,-1, 953,941,951,-1, 951,941,939,-1, 
          951,939,1091,-1, 946,883,943,-1, 943,883,881,-1, 943,881,1090,-1, 955,947,934,-1, 934,947,1092,-1, 
          934,1092,935,-1, 935,1092,1091,-1, 935,1091,937,-1, 937,1091,939,-1, 961,959,975,-1, 975,959,957,-1, 
          975,957,973,-1, 973,957,955,-1, 973,955,971,-1, 971,955,934,-1, 863,865,876,-1, 876,865,878,-1, 
          1023,1025,1021,-1, 1021,1025,991,-1, 1021,991,989,-1, 1021,989,1019,-1, 1019,989,987,-1, 1019,987,1017,-1, 
          987,985,1017,-1, 1017,985,983,-1, 1017,983,1015,-1, 1015,983,982,-1, 1015,982,1013,-1, 1013,982,1002,-1, 
          982,994,1002,-1, 1002,994,995,-1, 1002,995,1003,-1, 999,1011,1009,-1, 999,1009,997,-1, 997,1009,1007,-1, 
          997,1007,995,-1, 995,1007,1005,-1, 995,1005,1003,-1, 999,866,1011,-1, 1011,866,864,-1, 1011,864,1093,-1, 
          1012,1011,1094,-1, 1094,1011,1093,-1, 992,1026,1024,-1, 998,996,1006,-1, 1024,1022,992,-1, 992,1022,990,-1, 
          990,1022,1020,-1, 1012,1094,874,-1, 1006,996,1004,-1, 1004,996,1001,-1, 1001,996,993,-1, 1001,993,1014,-1, 
          1014,993,981,-1, 1014,981,1016,-1, 1016,981,984,-1, 1016,984,1018,-1, 1018,984,986,-1, 1018,986,1020,-1, 
          1020,986,988,-1, 1020,988,990,-1, 1006,1008,998,-1, 998,1008,1010,-1, 998,1010,1000,-1, 1000,1010,1012,-1, 
          1000,1012,874,-1, 1000,874,868,-1, 1045,1057,1055,-1, 1045,1055,1042,-1, 1042,1055,1053,-1, 1045,872,1057,-1, 
          1057,872,873,-1, 1057,873,1095,-1, 1069,1071,1067,-1, 1067,1071,1037,-1, 1067,1037,1035,-1, 1067,1035,1065,-1, 
          1065,1035,1033,-1, 1065,1033,1063,-1, 1048,1059,1028,-1, 1028,1059,1061,-1, 1028,1061,1029,-1, 1029,1061,1063,-1, 
          1029,1063,1031,-1, 1031,1063,1033,-1, 1053,1051,1042,-1, 1042,1051,1049,-1, 1042,1049,1041,-1, 1041,1049,1048,-1, 
          1041,1048,1040,-1, 1040,1048,1028,-1, 1058,1057,1096,-1, 1096,1057,1095,-1, 1038,1072,1070,-1, 1058,1096,869,-1, 
          1070,1068,1038,-1, 1038,1068,1036,-1, 1036,1068,1066,-1, 1036,1066,1034,-1, 1044,1056,1046,-1, 1046,1056,1058,-1, 
          1046,1058,869,-1, 1046,869,871,-1, 1034,1066,1032,-1, 1032,1066,1064,-1, 1032,1064,1030,-1, 1030,1064,1062,-1, 
          1030,1062,1027,-1, 1027,1062,1060,-1, 1027,1060,1039,-1, 1039,1060,1047,-1, 1039,1047,1043,-1, 1043,1047,1050,-1, 
          1043,1050,1052,-1, 1043,1052,1044,-1, 1044,1052,1054,-1, 1044,1054,1056,-1, 870,880,867,-1, 867,880,882,-1, 
          1103,1097,1098,-1, 1103,1098,1107,-1, 1103,1099,1097,-1, 1103,1100,1099,-1, 1101,1102,1103,-1, 1103,1102,1100,-1, 
          1103,1106,1104,-1, 1103,1105,1106,-1, 1103,1107,1105,-1, 876,875,1108,-1, 1108,875,1074,-1, 1108,1074,1109,-1, 
          1109,1074,1080,-1, 881,880,1090,-1, 1090,880,1109,-1, 1090,1109,1087,-1, 1087,1109,1080,-1, 1087,1080,885,-1, 
          885,1080,886,-1, 1110,863,1108,-1, 1108,863,876,-1, 864,863,1093,-1, 1093,863,1110,-1, 1093,1110,1094,-1, 
          870,869,1111,-1, 1111,869,1096,-1, 1111,1096,1095,-1, 873,874,1095,-1, 1095,874,1094,-1, 1095,1094,1111,-1, 
          1111,1094,1110,-1, 1111,1109,870,-1, 870,1109,880,-1, 1098,1112,1107,-1, 1107,1112,1113,-1, 1107,1113,1114,-1, 
          1107,1114,1115,-1, 1107,1115,1105,-1, 1105,1115,1116,-1, 1105,1116,1117,-1, 1105,1117,1106,-1, 1106,1117,1118,-1, 
          1106,1118,1119,-1, 1106,1119,1104,-1, 1104,1119,1120,-1, 1104,1120,1103,-1, 1103,1120,1121,-1, 1103,1121,1101,-1, 
          1101,1121,1122,-1, 1101,1122,1102,-1, 1102,1122,1123,-1, 1102,1123,1124,-1, 1102,1124,1100,-1, 1100,1124,1125,-1, 
          1100,1125,1126,-1, 1100,1126,1099,-1, 1099,1126,1127,-1, 1099,1127,1128,-1, 1099,1128,1097,-1, 1097,1128,1129,-1, 
          1097,1129,1130,-1, 1097,1130,1131,-1, 1097,1131,1098,-1, 1098,1131,1112,-1, 1115,1114,1110,-1, 1121,1120,1108,-1, 
          1108,1118,1117,-1, 1108,1117,1110,-1, 1110,1117,1116,-1, 1110,1116,1115,-1, 1114,1113,1110,-1, 1110,1113,1112,-1, 
          1110,1112,1111,-1, 1111,1112,1131,-1, 1111,1131,1130,-1, 1124,1123,1109,-1, 1109,1123,1122,-1, 1109,1122,1108,-1, 
          1108,1122,1121,-1, 1108,1120,1119,-1, 1108,1119,1118,-1, 1126,1125,1109,-1, 1109,1125,1124,-1, 1130,1129,1111,-1, 
          1111,1129,1128,-1, 1111,1128,1109,-1, 1109,1128,1127,-1, 1109,1127,1126,-1, 1199,1195,1173,-1, 1132,1134,1172,-1, 
          1134,1133,1172,-1, 1199,1173,1134,-1, 1134,1173,1133,-1, 1173,1195,1198,-1, 1173,1198,1174,-1, 1175,1174,1198,-1, 
          1176,1136,1137,-1, 1138,1139,1140,-1, 1140,1139,1141,-1, 1142,1177,1143,-1, 1146,1145,1147,-1, 1149,1150,1194,-1, 
          1151,1148,1180,-1, 1151,1180,1152,-1, 1152,1180,1181,-1, 1152,1181,1153,-1, 1163,1160,1201,-1, 1163,1201,1164,-1, 
          1191,1165,1166,-1, 1182,1167,1191,-1, 1191,1167,1165,-1, 1169,1170,1171,-1, 1200,1134,1132,-1, 1176,1186,1138,-1, 
          1141,1139,1142,-1, 1143,1177,1178,-1, 1144,1187,1145,-1, 1145,1187,1175,-1, 1145,1175,1147,-1, 1147,1175,1179,-1, 
          1154,1153,1188,-1, 1154,1188,1155,-1, 1157,1189,1156,-1, 1162,1159,1200,-1, 1162,1200,1161,-1, 1164,1201,1202,-1, 
          1164,1202,1166,-1, 1166,1202,1191,-1, 1168,1184,1185,-1, 1168,1185,1171,-1, 1169,1196,1135,-1, 1176,1137,1193,-1, 
          1176,1193,1186,-1, 1138,1186,1197,-1, 1138,1197,1139,-1, 1144,1178,1187,-1, 1153,1181,1188,-1, 1159,1158,1190,-1, 
          1159,1190,1200,-1, 1161,1200,1160,-1, 1184,1183,1192,-1, 1184,1192,1185,-1, 1169,1171,1196,-1, 1135,1196,1137,-1, 
          1137,1196,1193,-1, 1149,1194,1198,-1, 1149,1198,1148,-1, 1148,1198,1180,-1, 1180,1198,1195,-1, 1180,1195,1181,-1, 
          1181,1195,1188,-1, 1188,1199,1155,-1, 1189,1155,1199,-1, 1158,1156,1190,-1, 1160,1200,1201,-1, 1201,1132,1202,-1, 
          1191,1202,1172,-1, 1191,1172,1182,-1, 1171,1185,1196,-1, 1142,1139,1174,-1, 1142,1174,1177,-1, 1178,1177,1174,-1, 
          1178,1174,1187,-1, 1179,1175,1194,-1, 1194,1175,1198,-1, 1188,1195,1199,-1, 1189,1199,1134,-1, 1189,1134,1156,-1, 
          1156,1134,1190,-1, 1182,1172,1183,-1, 1183,1172,1192,-1, 1185,1192,1133,-1, 1185,1133,1196,-1, 1196,1133,1193,-1, 
          1193,1133,1173,-1, 1193,1173,1186,-1, 1186,1173,1197,-1, 1197,1173,1174,-1, 1197,1174,1139,-1, 1187,1174,1175,-1, 
          1190,1134,1200,-1, 1201,1200,1132,-1, 1202,1132,1172,-1, 1192,1172,1133,-1, 1178,1259,1143,-1, 1143,1259,1234,-1, 
          1143,1234,1142,-1, 1142,1234,1203,-1, 1142,1203,1141,-1, 1141,1203,1204,-1, 1141,1204,1205,-1, 1141,1205,1140,-1, 
          1140,1205,1206,-1, 1140,1206,1138,-1, 1138,1206,1235,-1, 1138,1235,1207,-1, 1138,1207,1176,-1, 1176,1207,1236,-1, 
          1176,1236,1136,-1, 1136,1236,1208,-1, 1136,1208,1137,-1, 1137,1208,1135,-1, 1135,1208,1209,-1, 1135,1209,1169,-1, 
          1262,1150,1213,-1, 1262,1243,1150,-1, 1150,1243,1194,-1, 1194,1243,1210,-1, 1194,1210,1179,-1, 1179,1210,1211,-1, 
          1179,1211,1147,-1, 1147,1211,1212,-1, 1147,1212,1146,-1, 1146,1212,1145,-1, 1145,1212,1251,-1, 1145,1251,1144,-1, 
          1144,1251,1260,-1, 1144,1260,1178,-1, 1178,1260,1259,-1, 1150,1149,1213,-1, 1213,1149,1148,-1, 1213,1148,1214,-1, 
          1214,1148,1151,-1, 1214,1151,1270,-1, 1270,1151,1152,-1, 1183,1215,1216,-1, 1183,1216,1182,-1, 1182,1216,1237,-1, 
          1182,1237,1167,-1, 1167,1237,1217,-1, 1167,1217,1238,-1, 1167,1238,1165,-1, 1165,1238,1218,-1, 1165,1218,1166,-1, 
          1166,1218,1219,-1, 1166,1219,1271,-1, 1166,1271,1164,-1, 1164,1271,1239,-1, 1164,1239,1163,-1, 1163,1239,1220,-1, 
          1163,1220,1160,-1, 1160,1220,1161,-1, 1161,1220,1265,-1, 1161,1265,1162,-1, 1162,1265,1221,-1, 1162,1221,1159,-1, 
          1159,1221,1158,-1, 1158,1221,1241,-1, 1158,1241,1156,-1, 1156,1241,1222,-1, 1156,1222,1157,-1, 1157,1222,1223,-1, 
          1157,1223,1189,-1, 1189,1223,1155,-1, 1155,1223,1224,-1, 1155,1224,1154,-1, 1154,1224,1225,-1, 1154,1225,1153,-1, 
          1153,1225,1242,-1, 1153,1242,1152,-1, 1152,1242,1270,-1, 1209,1268,1169,-1, 1169,1268,1170,-1, 1170,1268,1226,-1, 
          1170,1226,1171,-1, 1171,1226,1227,-1, 1171,1227,1168,-1, 1168,1227,1184,-1, 1184,1227,1215,-1, 1184,1215,1183,-1, 
          1255,1249,1230,-1, 1232,1233,1264,-1, 1205,1204,1206,-1, 1236,1207,1235,-1, 1256,1208,1236,-1, 1268,1273,1226,-1, 
          1273,1227,1226,-1, 1267,1215,1227,-1, 1237,1216,1267,-1, 1267,1216,1215,-1, 1272,1218,1238,-1, 1238,1217,1237,-1, 
          1218,1272,1219,-1, 1239,1240,1220,-1, 1220,1240,1265,-1, 1223,1253,1224,-1, 1224,1263,1225,-1, 1263,1242,1225,-1, 
          1211,1210,1269,-1, 1211,1269,1212,-1, 1229,1246,1257,-1, 1233,1252,1263,-1, 1233,1263,1253,-1, 1233,1254,1264,-1, 
          1232,1264,1265,-1, 1230,1272,1255,-1, 1249,1255,1267,-1, 1249,1267,1273,-1, 1244,1268,1245,-1, 1245,1256,1246,-1, 
          1246,1256,1257,-1, 1258,1203,1250,-1, 1250,1203,1259,-1, 1247,1250,1251,-1, 1228,1262,1248,-1, 1248,1270,1252,-1, 
          1233,1253,1254,-1, 1232,1265,1240,-1, 1232,1240,1231,-1, 1231,1266,1230,-1, 1249,1273,1244,-1, 1257,1256,1235,-1, 
          1229,1257,1204,-1, 1229,1204,1258,-1, 1250,1259,1260,-1, 1250,1260,1251,-1, 1247,1251,1269,-1, 1247,1269,1261,-1, 
          1228,1261,1262,-1, 1248,1214,1270,-1, 1264,1221,1265,-1, 1230,1266,1272,-1, 1256,1236,1235,-1, 1257,1235,1206,-1, 
          1257,1206,1204,-1, 1258,1204,1203,-1, 1261,1269,1210,-1, 1261,1210,1262,-1, 1248,1262,1213,-1, 1248,1213,1214,-1, 
          1252,1270,1242,-1, 1252,1242,1263,-1, 1253,1263,1224,-1, 1254,1253,1222,-1, 1231,1240,1239,-1, 1231,1239,1266,-1, 
          1266,1239,1271,-1, 1266,1271,1219,-1, 1266,1219,1272,-1, 1244,1273,1268,-1, 1268,1209,1245,-1, 1245,1209,1208,-1, 
          1245,1208,1256,-1, 1259,1203,1234,-1, 1269,1251,1212,-1, 1262,1210,1243,-1, 1253,1223,1222,-1, 1254,1222,1241,-1, 
          1254,1241,1264,-1, 1264,1241,1221,-1, 1272,1238,1255,-1, 1255,1238,1237,-1, 1255,1237,1267,-1, 1267,1227,1273,-1, 
          1354,1357,1299,-1, 1354,1299,1298,-1, 1357,1354,1300,-1, 1274,1232,1231,-1, 1274,1231,1275,-1, 1232,1274,1233,-1, 
          1233,1274,1276,-1, 1233,1276,1277,-1, 1233,1277,1278,-1, 1233,1278,1279,-1, 1280,1281,1228,-1, 1282,1228,1281,-1, 
          1283,1261,1282,-1, 1282,1261,1228,-1, 1233,1279,1252,-1, 1252,1279,1284,-1, 1252,1284,1248,-1, 1285,1261,1283,-1, 
          1286,1229,1258,-1, 1228,1248,1280,-1, 1280,1248,1284,-1, 1286,1258,1287,-1, 1229,1286,1288,-1, 1229,1288,1246,-1, 
          1246,1288,1289,-1, 1290,1247,1285,-1, 1285,1247,1261,-1, 1287,1258,1250,-1, 1287,1250,1290,-1, 1290,1250,1247,-1, 
          1246,1289,1245,-1, 1245,1289,1291,-1, 1245,1291,1244,-1, 1292,1293,1249,-1, 1294,1230,1293,-1, 1293,1230,1249,-1, 
          1295,1230,1294,-1, 1296,1231,1295,-1, 1295,1231,1230,-1, 1275,1231,1296,-1, 1244,1291,1297,-1, 1292,1249,1297,-1, 
          1297,1249,1244,-1, 1366,1301,1350,-1, 1366,1350,1367,-1, 1301,1366,1302,-1, 1302,1366,1303,-1, 1302,1303,1304,-1, 
          1304,1303,1305,-1, 1305,1303,1372,-1, 1305,1372,1306,-1, 1370,1307,1371,-1, 1371,1307,1308,-1, 1371,1308,1372,-1, 
          1372,1308,1306,-1, 1370,1309,1307,-1, 1369,1310,1370,-1, 1370,1310,1309,-1, 1311,1312,1313,-1, 1313,1312,1314,-1, 
          1313,1314,1369,-1, 1369,1314,1315,-1, 1369,1315,1310,-1, 1311,1313,1316,-1, 1316,1313,1317,-1, 1316,1317,1318,-1, 
          1318,1317,1319,-1, 1319,1317,1320,-1, 1319,1320,1321,-1, 1321,1320,1322,-1, 1322,1320,1324,-1, 1324,1320,1323,-1, 
          1324,1323,1325,-1, 1325,1323,1326,-1, 1325,1326,1327,-1, 1328,1329,1330,-1, 1330,1329,1331,-1, 1330,1331,1374,-1, 
          1374,1331,1332,-1, 1374,1332,1326,-1, 1326,1332,1333,-1, 1326,1333,1327,-1, 1328,1330,1334,-1, 1334,1330,1336,-1, 
          1336,1330,1335,-1, 1336,1335,1337,-1, 1336,1337,1338,-1, 1338,1337,1339,-1, 1339,1337,1341,-1, 1341,1337,1340,-1, 
          1341,1340,1342,-1, 1342,1340,1343,-1, 1342,1343,1348,-1, 1344,1345,1359,-1, 1359,1345,1346,-1, 1359,1346,1373,-1, 
          1373,1346,1347,-1, 1373,1347,1343,-1, 1343,1347,1348,-1, 1344,1349,1345,-1, 1367,1350,1351,-1, 1367,1351,1344,-1, 
          1344,1351,1352,-1, 1344,1352,1349,-1, 1357,1360,1361,-1, 1357,1361,1299,-1, 1299,1363,1298,-1, 1298,1353,1354,-1, 
          1300,1354,1355,-1, 1300,1355,1356,-1, 1300,1356,1357,-1, 1357,1356,1368,-1, 1299,1361,1362,-1, 1363,1364,1298,-1, 
          1353,1366,1354,-1, 1354,1366,1358,-1, 1354,1358,1359,-1, 1354,1359,1355,-1, 1355,1340,1356,-1, 1357,1368,1360,-1, 
          1361,1320,1362,-1, 1299,1362,1369,-1, 1299,1369,1363,-1, 1298,1364,1365,-1, 1298,1365,1353,-1, 1358,1366,1367,-1, 
          1359,1373,1355,-1, 1356,1340,1335,-1, 1356,1335,1368,-1, 1360,1323,1361,-1, 1361,1323,1320,-1, 1362,1320,1317,-1, 
          1362,1317,1313,-1, 1362,1313,1369,-1, 1363,1369,1370,-1, 1363,1370,1364,-1, 1364,1370,1371,-1, 1364,1371,1365,-1, 
          1365,1371,1372,-1, 1365,1372,1303,-1, 1365,1303,1353,-1, 1353,1303,1366,-1, 1358,1367,1344,-1, 1358,1344,1359,-1, 
          1355,1373,1343,-1, 1355,1343,1340,-1, 1340,1337,1335,-1, 1335,1330,1368,-1, 1368,1330,1374,-1, 1368,1374,1326,-1, 
          1368,1326,1360,-1, 1360,1326,1323,-1, 1289,1349,1352,-1, 1289,1352,1291,-1, 1286,1347,1288,-1, 1288,1347,1346,-1, 
          1288,1346,1289,-1, 1289,1346,1345,-1, 1289,1345,1349,-1, 1342,1348,1286,-1, 1286,1348,1347,-1, 1342,1286,1287,-1, 
          1342,1287,1341,-1, 1341,1287,1290,-1, 1341,1290,1339,-1, 1339,1290,1285,-1, 1339,1285,1338,-1, 1338,1285,1283,-1, 
          1338,1283,1336,-1, 1329,1328,1282,-1, 1282,1328,1334,-1, 1282,1334,1283,-1, 1283,1334,1336,-1, 1280,1333,1281,-1, 
          1281,1333,1332,-1, 1281,1332,1282,-1, 1282,1332,1331,-1, 1282,1331,1329,-1, 1284,1327,1280,-1, 1280,1327,1333,-1, 
          1279,1324,1284,-1, 1284,1324,1325,-1, 1284,1325,1327,-1, 1278,1321,1322,-1, 1278,1322,1279,-1, 1279,1322,1324,-1, 
          1276,1316,1277,-1, 1277,1316,1318,-1, 1277,1318,1278,-1, 1278,1318,1319,-1, 1278,1319,1321,-1, 1314,1312,1276,-1, 
          1276,1312,1311,-1, 1276,1311,1316,-1, 1314,1276,1274,-1, 1314,1274,1315,-1, 1315,1274,1275,-1, 1315,1275,1310,-1, 
          1310,1275,1296,-1, 1310,1296,1309,-1, 1309,1296,1295,-1, 1309,1295,1307,-1, 1306,1308,1294,-1, 1294,1308,1295,-1, 
          1295,1308,1307,-1, 1292,1301,1302,-1, 1292,1302,1293,-1, 1293,1302,1304,-1, 1293,1304,1294,-1, 1294,1304,1305,-1, 
          1294,1305,1306,-1, 1352,1351,1291,-1, 1291,1351,1297,-1, 1297,1351,1350,-1, 1297,1350,1292,-1, 1292,1350,1301,-1, 
          1375,1376,1377,-1, 1377,1376,1378,-1, 1379,1380,1381,-1, 1381,1380,1382,-1, 1376,1375,1383,-1, 1383,1375,1384,-1, 
          1383,1384,1385,-1, 1378,1376,1386,-1, 1386,1376,1383,-1, 1377,1378,1387,-1, 1387,1378,1386,-1, 1387,1386,1388,-1, 
          1379,1381,1389,-1, 1389,1381,1390,-1, 1389,1390,1391,-1, 1382,1392,1381,-1, 1381,1392,1390,-1, 1382,1380,1392,-1, 
          1392,1380,1393,-1, 1392,1393,1394,-1, 1387,1395,1377,-1, 1377,1395,1396,-1, 1377,1396,1375,-1, 1375,1396,1397,-1, 
          1375,1397,1384,-1, 1384,1397,1398,-1, 1389,1399,1379,-1, 1379,1399,1400,-1, 1379,1400,1380,-1, 1380,1400,1401,-1, 
          1380,1401,1393,-1, 1393,1401,1402,-1, 1412,1403,1404,-1, 1407,1408,1404,-1, 1404,1408,1409,-1, 1420,1410,1404,-1, 
          1404,1410,1411,-1, 1404,1411,1412,-1, 1415,1416,1414,-1, 1414,1416,1407,-1, 1407,1416,1408,-1, 1408,1416,1417,-1, 
          1408,1417,1405,-1, 1405,1417,1418,-1, 1405,1418,1406,-1, 1413,1419,1409,-1, 1409,1419,1404,-1, 1419,1420,1404,-1, 
          1385,1388,1383,-1, 1383,1388,1386,-1, 1391,1390,1394,-1, 1394,1390,1392,-1, 1421,1396,1422,-1, 1422,1396,1395,-1, 
          1421,1423,1396,-1, 1396,1423,1397,-1, 1423,1424,1397,-1, 1397,1424,1398,-1, 1425,1426,1399,-1, 1399,1426,1400,-1, 
          1427,1401,1426,-1, 1426,1401,1400,-1, 1428,1402,1427,-1, 1427,1402,1401,-1, 1404,1403,1429,-1, 1404,1429,1430,-1, 
          1430,1429,1431,-1, 1430,1431,1432,-1, 1432,1431,1433,-1, 1432,1433,1434,-1, 1434,1433,1435,-1, 1434,1435,1436,-1, 
          1436,1435,1437,-1, 1436,1437,1438,-1, 1407,1404,1430,-1, 1407,1430,1439,-1, 1439,1430,1432,-1, 1439,1432,1440,-1, 
          1440,1432,1434,-1, 1440,1434,1441,-1, 1441,1434,1436,-1, 1441,1436,1442,-1, 1442,1436,1438,-1, 1442,1438,1443,-1, 
          1414,1407,1439,-1, 1414,1439,1444,-1, 1444,1439,1440,-1, 1444,1440,1445,-1, 1445,1440,1441,-1, 1445,1441,1446,-1, 
          1446,1441,1442,-1, 1446,1442,1447,-1, 1447,1442,1443,-1, 1447,1443,1448,-1, 1448,1449,1447,-1, 1451,1446,1447,-1, 
          1451,1447,1450,-1, 1450,1447,1449,-1, 1446,1451,1445,-1, 1451,1452,1445,-1, 1445,1452,1444,-1, 1444,1452,1453,-1, 
          1444,1453,1415,-1, 1444,1415,1414,-1, 1451,1454,1452,-1, 1452,1454,1455,-1, 1452,1455,1453,-1, 1415,1453,1455,-1, 
          1456,1464,1461,-1, 1458,1457,1461,-1, 1460,1459,1461,-1, 1457,1460,1461,-1, 1454,1451,1450,-1, 1454,1463,1462,-1, 
          1458,1462,1463,-1, 1463,1454,1450,-1, 1463,1450,1449,-1, 1415,1455,1416,-1, 1416,1455,1465,-1, 1461,1455,1462,-1, 
          1462,1455,1454,-1, 1459,1456,1461,-1, 1461,1464,1455,-1, 1455,1464,1465,-1, 1462,1458,1461,-1, 1457,1466,1460,-1, 
          1460,1466,1467,-1, 1460,1467,1459,-1, 1459,1467,1468,-1, 1459,1468,1456,-1, 1456,1468,1469,-1, 1456,1469,1464,-1, 
          1464,1469,1470,-1, 1464,1470,1465,-1, 1465,1470,1471,-1, 1471,1472,1465,-1, 1465,1472,1417,-1, 1465,1417,1416,-1, 
          1469,1468,1479,-1, 1470,1473,1471,-1, 1417,1472,1418,-1, 1418,1472,1471,-1, 1418,1471,1406,-1, 1406,1471,1473,-1, 
          1475,1477,1476,-1, 1476,1477,1478,-1, 1466,1480,1479,-1, 1480,1481,1482,-1, 1468,1467,1479,-1, 1480,1482,1479,-1, 
          1479,1467,1466,-1, 1406,1473,1483,-1, 1482,1478,1473,-1, 1477,1474,1478,-1, 1478,1474,1483,-1, 1478,1483,1473,-1, 
          1470,1469,1473,-1, 1473,1469,1479,-1, 1473,1479,1482,-1, 1482,1481,1478,-1, 1478,1481,1476,-1, 1405,1406,1483,-1, 
          1405,1483,1484,-1, 1484,1483,1485,-1, 1485,1483,1474,-1, 1485,1474,1486,-1, 1477,1487,1486,-1, 1477,1486,1474,-1, 
          1475,1488,1487,-1, 1475,1487,1477,-1, 1408,1405,1484,-1, 1408,1484,1489,-1, 1489,1484,1485,-1, 1489,1485,1490,-1, 
          1490,1485,1486,-1, 1490,1486,1491,-1, 1491,1486,1487,-1, 1491,1487,1492,-1, 1492,1487,1488,-1, 1492,1488,1493,-1, 
          1409,1408,1489,-1, 1409,1489,1494,-1, 1494,1489,1490,-1, 1494,1490,1495,-1, 1495,1490,1491,-1, 1495,1491,1496,-1, 
          1496,1491,1492,-1, 1496,1492,1497,-1, 1497,1492,1493,-1, 1497,1493,1498,-1, 1498,1499,1500,-1, 1498,1500,1497,-1, 
          1497,1500,1501,-1, 1497,1501,1496,-1, 1496,1501,1502,-1, 1496,1502,1495,-1, 1495,1502,1503,-1, 1495,1503,1494,-1, 
          1494,1503,1413,-1, 1494,1413,1409,-1, 1499,1504,1500,-1, 1505,1501,1500,-1, 1505,1500,1515,-1, 1515,1500,1504,-1, 
          1501,1505,1506,-1, 1501,1506,1502,-1, 1502,1506,1507,-1, 1502,1507,1503,-1, 1503,1507,1413,-1, 1520,1508,1518,-1, 
          1506,1516,1508,-1, 1506,1508,1507,-1, 1413,1507,1419,-1, 1419,1507,1508,-1, 1514,1511,1521,-1, 1519,1510,1513,-1, 
          1510,1509,1513,-1, 1512,1511,1513,-1, 1509,1512,1513,-1, 1515,1504,1517,-1, 1515,1517,1516,-1, 1516,1505,1515,-1, 
          1516,1517,1518,-1, 1518,1517,1519,-1, 1419,1520,1420,-1, 1420,1520,1522,-1, 1514,1520,1518,-1, 1508,1520,1419,-1, 
          1513,1511,1514,-1, 1514,1521,1520,-1, 1520,1521,1522,-1, 1506,1505,1516,-1, 1508,1516,1518,-1, 1514,1518,1519,-1, 
          1514,1519,1513,-1, 1509,1523,1524,-1, 1509,1524,1512,-1, 1512,1524,1511,-1, 1511,1524,1525,-1, 1511,1525,1521,-1, 
          1521,1525,1526,-1, 1521,1526,1522,-1, 1522,1526,1527,-1, 1527,1528,1522,-1, 1522,1528,1410,-1, 1522,1410,1420,-1, 
          1524,1523,1536,-1, 1525,1539,1526,-1, 1526,1539,1527,-1, 1410,1528,1411,-1, 1411,1528,1527,-1, 1411,1527,1412,-1, 
          1412,1527,1539,-1, 1535,1532,1529,-1, 1537,1530,1535,-1, 1530,1531,1534,-1, 1533,1532,1534,-1, 1531,1533,1534,-1, 
          1538,1525,1524,-1, 1538,1536,1537,-1, 1535,1539,1537,-1, 1537,1539,1538,-1, 1536,1538,1524,-1, 1412,1539,1540,-1, 
          1535,1540,1539,-1, 1534,1532,1535,-1, 1535,1529,1540,-1, 1539,1525,1538,-1, 1534,1535,1530,-1, 1403,1412,1540,-1, 
          1403,1540,1429,-1, 1429,1540,1431,-1, 1431,1540,1529,-1, 1431,1529,1433,-1, 1433,1529,1532,-1, 1433,1532,1435,-1, 
          1531,1437,1435,-1, 1531,1435,1533,-1, 1533,1435,1532,-1, 1387,1388,1384,-1, 1384,1388,1385,-1, 1541,1542,1543,-1, 
          1541,1543,1544,-1, 1544,1543,1545,-1, 1544,1545,1546,-1, 1546,1545,1547,-1, 1546,1547,1548,-1, 1548,1547,1549,-1, 
          1548,1549,1550,-1, 1550,1549,1551,-1, 1550,1551,1552,-1, 1552,1551,1553,-1, 1552,1553,1554,-1, 1555,1556,1557,-1, 
          1555,1557,1558,-1, 1558,1557,1559,-1, 1558,1559,1560,-1, 1560,1559,1561,-1, 1560,1561,1562,-1, 1562,1561,1563,-1, 
          1562,1563,1564,-1, 1564,1563,1565,-1, 1564,1565,1566,-1, 1566,1565,1567,-1, 1566,1567,1568,-1, 1389,1391,1393,-1, 
          1393,1391,1394,-1, 1546,1481,1480,-1, 1546,1480,1544,-1, 1560,1463,1558,-1, 1537,1536,1569,-1, 1569,1536,1570,-1, 
          1571,1517,1572,-1, 1550,1476,1481,-1, 1550,1481,1548,-1, 1548,1481,1546,-1, 1564,1458,1562,-1, 1562,1458,1463,-1, 
          1562,1463,1560,-1, 1552,1476,1550,-1, 1566,1458,1564,-1, 1558,1463,1555,-1, 1555,1463,1449,-1, 1555,1449,1425,-1, 
          1425,1449,1448,-1, 1425,1448,1426,-1, 1426,1448,1443,-1, 1426,1443,1427,-1, 1427,1443,1438,-1, 1427,1438,1428,-1, 
          1428,1438,1437,-1, 1428,1437,1573,-1, 1573,1437,1531,-1, 1573,1531,1574,-1, 1574,1531,1530,-1, 1574,1530,1575,-1, 
          1572,1517,1504,-1, 1572,1504,1576,-1, 1576,1504,1422,-1, 1422,1504,1499,-1, 1422,1499,1421,-1, 1421,1499,1498,-1, 
          1421,1498,1423,-1, 1423,1498,1493,-1, 1423,1493,1424,-1, 1424,1493,1488,-1, 1424,1488,1554,-1, 1554,1488,1475,-1, 
          1554,1475,1552,-1, 1552,1475,1476,-1, 1570,1536,1577,-1, 1577,1536,1523,-1, 1577,1523,1578,-1, 1578,1523,1509,-1, 
          1578,1509,1579,-1, 1579,1509,1510,-1, 1579,1510,1580,-1, 1580,1510,1519,-1, 1580,1519,1581,-1, 1581,1519,1571,-1, 
          1571,1519,1517,-1, 1544,1480,1541,-1, 1541,1480,1466,-1, 1541,1466,1568,-1, 1568,1466,1457,-1, 1568,1457,1566,-1, 
          1566,1457,1458,-1, 1575,1530,1537,-1, 1575,1537,1582,-1, 1582,1537,1569,-1, 1577,1583,1584,-1, 1577,1584,1570,-1, 
          1570,1584,1585,-1, 1570,1585,1569,-1, 1569,1585,1586,-1, 1569,1586,1582,-1, 1582,1586,1587,-1, 1582,1587,1575,-1, 
          1575,1587,1588,-1, 1575,1588,1574,-1, 1574,1588,1589,-1, 1574,1589,1573,-1, 1576,1590,1591,-1, 1576,1591,1572,-1, 
          1572,1591,1592,-1, 1572,1592,1571,-1, 1571,1592,1593,-1, 1571,1593,1581,-1, 1581,1593,1594,-1, 1581,1594,1580,-1, 
          1580,1594,1595,-1, 1580,1595,1579,-1, 1579,1595,1596,-1, 1579,1596,1578,-1, 1590,1576,1422,-1, 1424,1554,1398,-1, 
          1398,1554,1553,-1, 1422,1395,1590,-1, 1590,1395,1387,-1, 1590,1387,1553,-1, 1553,1387,1384,-1, 1553,1384,1398,-1, 
          1568,1567,1541,-1, 1541,1567,1542,-1, 1556,1555,1425,-1, 1428,1573,1402,-1, 1402,1573,1589,-1, 1425,1399,1556,-1, 
          1556,1399,1389,-1, 1556,1389,1589,-1, 1589,1389,1393,-1, 1589,1393,1402,-1, 1577,1578,1583,-1, 1583,1578,1596,-1, 
          1647,1591,1590,-1, 1647,1590,1648,-1, 1542,1567,1597,-1, 1597,1567,1598,-1, 1598,1567,1565,-1, 1599,1543,1600,-1, 
          1600,1543,1542,-1, 1600,1542,1597,-1, 1543,1599,1545,-1, 1626,1584,1583,-1, 1584,1626,1629,-1, 1584,1629,1585,-1, 
          1647,1601,1593,-1, 1593,1601,1594,-1, 1652,1595,1601,-1, 1601,1595,1594,-1, 1561,1605,1563,-1, 1563,1605,1598,-1, 
          1563,1598,1565,-1, 1545,1599,1547,-1, 1595,1652,1596,-1, 1596,1652,1602,-1, 1596,1602,1583,-1, 1583,1602,1627,-1, 
          1583,1627,1626,-1, 1599,1604,1547,-1, 1547,1604,1549,-1, 1648,1590,1656,-1, 1656,1590,1553,-1, 1656,1553,1604,-1, 
          1604,1553,1551,-1, 1591,1647,1592,-1, 1585,1629,1586,-1, 1557,1603,1559,-1, 1549,1604,1551,-1, 1592,1647,1593,-1, 
          1586,1629,1606,-1, 1586,1606,1587,-1, 1603,1605,1559,-1, 1559,1605,1561,-1, 1607,1588,1606,-1, 1606,1588,1587,-1, 
          1588,1607,1589,-1, 1589,1607,1608,-1, 1589,1608,1556,-1, 1608,1609,1556,-1, 1556,1609,1603,-1, 1556,1603,1557,-1, 
          1609,1608,1610,-1, 1610,1608,1611,-1, 1610,1611,1612,-1, 1612,1611,1613,-1, 1612,1613,1614,-1, 1614,1613,1615,-1, 
          1614,1615,1616,-1, 1616,1615,1617,-1, 1616,1617,1618,-1, 1617,1619,1618,-1, 1618,1619,1623,-1, 1618,1623,1620,-1, 
          1613,1621,1615,-1, 1615,1621,1617,-1, 1617,1621,1630,-1, 1617,1630,1619,-1, 1619,1630,1623,-1, 1622,1624,1625,-1, 
          1626,1628,1622,-1, 1627,1628,1626,-1, 1621,1613,1611,-1, 1630,1621,1606,-1, 1630,1606,1629,-1, 1606,1621,1607,-1, 
          1607,1621,1611,-1, 1607,1611,1608,-1, 1634,1631,1622,-1, 1622,1631,1630,-1, 1628,1624,1622,-1, 1622,1625,1632,-1, 
          1622,1632,1634,-1, 1634,1632,1633,-1, 1622,1630,1629,-1, 1622,1629,1626,-1, 1627,1602,1628,-1, 1628,1602,1635,-1, 
          1628,1635,1624,-1, 1624,1635,1636,-1, 1624,1636,1637,-1, 1624,1637,1625,-1, 1625,1637,1638,-1, 1625,1638,1632,-1, 
          1632,1638,1639,-1, 1632,1639,1640,-1, 1632,1640,1633,-1, 1633,1640,1641,-1, 1633,1641,1634,-1, 1636,1635,1645,-1, 
          1637,1645,1638,-1, 1638,1645,1643,-1, 1638,1643,1639,-1, 1639,1643,1640,-1, 1640,1643,1644,-1, 1640,1644,1641,-1, 
          1651,1649,1646,-1, 1647,1648,1651,-1, 1650,1649,1651,-1, 1648,1650,1651,-1, 1652,1601,1645,-1, 1645,1601,1642,-1, 
          1642,1601,1647,-1, 1645,1635,1652,-1, 1652,1635,1602,-1, 1653,1655,1643,-1, 1642,1653,1643,-1, 1651,1653,1642,-1, 
          1651,1646,1653,-1, 1653,1646,1654,-1, 1653,1654,1655,-1, 1637,1636,1645,-1, 1643,1645,1642,-1, 1651,1642,1647,-1, 
          1648,1656,1650,-1, 1650,1656,1657,-1, 1650,1657,1649,-1, 1649,1657,1658,-1, 1649,1658,1646,-1, 1646,1658,1659,-1, 
          1646,1659,1654,-1, 1659,1660,1654,-1, 1654,1660,1661,-1, 1654,1661,1655,-1, 1658,1668,1659,-1, 1659,1668,1670,-1, 
          1659,1670,1660,-1, 1660,1670,1662,-1, 1660,1662,1661,-1, 1667,1663,1664,-1, 1669,1599,1665,-1, 1665,1666,1667,-1, 
          1600,1666,1665,-1, 1668,1658,1657,-1, 1669,1604,1599,-1, 1604,1669,1668,-1, 1604,1668,1657,-1, 1604,1657,1656,-1, 
          1670,1673,1662,-1, 1667,1670,1668,-1, 1666,1663,1667,-1, 1667,1664,1670,-1, 1670,1664,1671,-1, 1670,1671,1673,-1, 
          1673,1671,1672,-1, 1668,1669,1667,-1, 1667,1669,1665,-1, 1665,1599,1600,-1, 1600,1597,1666,-1, 1666,1597,1674,-1, 
          1666,1674,1663,-1, 1663,1674,1675,-1, 1663,1675,1664,-1, 1664,1675,1676,-1, 1664,1676,1671,-1, 1671,1676,1677,-1, 
          1671,1677,1672,-1, 1677,1678,1672,-1, 1672,1678,1684,-1, 1672,1684,1673,-1, 1675,1674,1679,-1, 1675,1681,1676,-1, 
          1676,1681,1677,-1, 1677,1681,1683,-1, 1677,1683,1678,-1, 1678,1683,1684,-1, 1680,1612,1614,-1, 1682,1605,1603,-1, 
          1610,1612,1680,-1, 1609,1610,1603,-1, 1603,1610,1680,-1, 1681,1679,1682,-1, 1682,1679,1605,-1, 1605,1679,1598,-1, 
          1598,1679,1674,-1, 1598,1674,1597,-1, 1620,1684,1680,-1, 1680,1684,1683,-1, 1681,1680,1683,-1, 1682,1680,1681,-1, 
          1680,1614,1616,-1, 1680,1616,1620,-1, 1620,1616,1618,-1, 1681,1675,1679,-1, 1680,1682,1603,-1, 1634,1641,1662,-1, 
          1662,1641,1644,-1, 1634,1662,1673,-1, 1673,1684,1620,-1, 1620,1623,1673,-1, 1644,1643,1655,-1, 1644,1655,1662,-1, 
          1662,1655,1661,-1, 1623,1630,1631,-1, 1623,1631,1673,-1, 1673,1631,1634,-1, 1686,1760,1685,-1, 1686,1687,1729,-1, 
          1687,1688,1727,-1, 1689,1690,1691,-1, 1704,1697,1692,-1, 1695,1696,1704,-1, 1704,1696,1697,-1, 1698,1700,1699,-1, 
          1699,1700,1695,-1, 1695,1700,1696,-1, 1701,1702,1698,-1, 1698,1702,1703,-1, 1698,1703,1700,-1, 1705,1706,1707,-1, 
          1707,1706,1708,-1, 1707,1708,1709,-1, 1709,1708,1710,-1, 1709,1710,1711,-1, 1711,1710,1712,-1, 1711,1712,1713,-1, 
          1713,1712,1714,-1, 1713,1714,1715,-1, 1695,1705,1699,-1, 1699,1705,1707,-1, 1699,1707,1698,-1, 1698,1707,1709,-1, 
          1698,1709,1701,-1, 1701,1709,1711,-1, 1701,1711,1716,-1, 1716,1711,1713,-1, 1716,1713,1717,-1, 1717,1713,1715,-1, 
          1717,1715,1718,-1, 1718,1719,1720,-1, 1718,1720,1717,-1, 1717,1720,1721,-1, 1717,1721,1716,-1, 1716,1721,1701,-1, 
          1701,1721,1722,-1, 1701,1722,1702,-1, 1690,1719,1691,-1, 1691,1719,1718,-1, 1691,1718,1723,-1, 1723,1718,1715,-1, 
          1723,1715,1724,-1, 1724,1715,1714,-1, 1725,1689,1691,-1, 1725,1691,1723,-1, 1725,1723,1726,-1, 1726,1723,1724,-1, 
          1688,1689,1727,-1, 1727,1689,1725,-1, 1727,1725,1728,-1, 1728,1725,1726,-1, 1729,1687,1727,-1, 1729,1727,1728,-1, 
          1685,1760,1730,-1, 1730,1760,1750,-1, 1730,1750,1731,-1, 1731,1750,1732,-1, 1731,1732,1733,-1, 1733,1732,1734,-1, 
          1733,1734,1735,-1, 1735,1734,1736,-1, 1735,1736,1737,-1, 1737,1736,1738,-1, 1737,1738,1739,-1, 1739,1738,1740,-1, 
          1739,1740,1741,-1, 1741,1740,1742,-1, 1741,1742,1743,-1, 1743,1742,1744,-1, 1743,1744,1745,-1, 1745,1744,1746,-1, 
          1745,1746,1747,-1, 1747,1746,1759,-1, 1747,1759,1748,-1, 1748,1759,1749,-1, 1748,1749,1694,-1, 1750,1751,1732,-1, 
          1732,1751,1752,-1, 1732,1752,1734,-1, 1734,1752,1753,-1, 1734,1753,1736,-1, 1736,1753,1754,-1, 1736,1754,1738,-1, 
          1738,1754,1755,-1, 1738,1755,1740,-1, 1740,1755,1756,-1, 1740,1756,1742,-1, 1742,1756,1757,-1, 1742,1757,1744,-1, 
          1744,1757,1758,-1, 1744,1758,1746,-1, 1746,1758,1759,-1, 1751,1761,1752,-1, 1752,1761,1762,-1, 1752,1762,1753,-1, 
          1753,1762,1763,-1, 1753,1763,1754,-1, 1754,1763,1764,-1, 1754,1764,1755,-1, 1755,1764,1765,-1, 1755,1765,1756,-1, 
          1756,1765,1766,-1, 1756,1766,1757,-1, 1757,1766,1767,-1, 1757,1767,1758,-1, 1758,1767,1768,-1, 1758,1768,1759,-1, 
          1759,1768,1749,-1, 1760,1686,1729,-1, 1692,1693,1704,-1, 1704,1693,1749,-1, 1704,1749,1695,-1, 1695,1749,1768,-1, 
          1695,1768,1705,-1, 1705,1768,1767,-1, 1705,1767,1706,-1, 1706,1767,1766,-1, 1706,1766,1708,-1, 1708,1766,1765,-1, 
          1708,1765,1710,-1, 1710,1765,1764,-1, 1710,1764,1712,-1, 1712,1764,1763,-1, 1712,1763,1714,-1, 1714,1763,1762,-1, 
          1714,1762,1724,-1, 1724,1762,1761,-1, 1724,1761,1726,-1, 1726,1761,1751,-1, 1726,1751,1728,-1, 1728,1751,1750,-1, 
          1728,1750,1729,-1, 1729,1750,1760,-1, 1694,1749,1693,-1, 1770,1845,1769,-1, 1770,1771,1812,-1, 1773,1775,1776,-1, 
          1782,1784,1783,-1, 1783,1784,1781,-1, 1785,1806,1782,-1, 1782,1806,1786,-1, 1782,1786,1784,-1, 1844,1787,1788,-1, 
          1788,1787,1789,-1, 1788,1789,1783,-1, 1783,1789,1790,-1, 1783,1790,1791,-1, 1791,1790,1792,-1, 1791,1792,1793,-1, 
          1793,1792,1794,-1, 1793,1794,1795,-1, 1795,1794,1796,-1, 1795,1796,1797,-1, 1797,1796,1798,-1, 1797,1798,1799,-1, 
          1778,1844,1777,-1, 1777,1844,1788,-1, 1777,1788,1781,-1, 1781,1788,1783,-1, 1783,1791,1782,-1, 1782,1791,1793,-1, 
          1782,1793,1785,-1, 1785,1793,1795,-1, 1785,1795,1800,-1, 1800,1795,1797,-1, 1800,1797,1801,-1, 1801,1797,1799,-1, 
          1801,1799,1802,-1, 1802,1803,1804,-1, 1802,1804,1801,-1, 1801,1804,1805,-1, 1801,1805,1800,-1, 1800,1805,1806,-1, 
          1800,1806,1785,-1, 1775,1803,1776,-1, 1776,1803,1802,-1, 1776,1802,1807,-1, 1807,1802,1799,-1, 1807,1799,1808,-1, 
          1808,1799,1798,-1, 1774,1773,1776,-1, 1774,1776,1809,-1, 1809,1776,1807,-1, 1809,1807,1846,-1, 1846,1807,1808,-1, 
          1772,1773,1774,-1, 1772,1774,1810,-1, 1810,1774,1809,-1, 1810,1809,1811,-1, 1811,1809,1846,-1, 1812,1771,1772,-1, 
          1812,1772,1810,-1, 1812,1810,1813,-1, 1813,1810,1811,-1, 1834,1814,1815,-1, 1815,1814,1816,-1, 1815,1816,1817,-1, 
          1817,1816,1818,-1, 1817,1818,1819,-1, 1819,1818,1820,-1, 1819,1820,1821,-1, 1821,1820,1822,-1, 1821,1822,1823,-1, 
          1823,1822,1824,-1, 1823,1824,1825,-1, 1825,1824,1826,-1, 1825,1826,1827,-1, 1827,1826,1828,-1, 1827,1828,1829,-1, 
          1829,1828,1830,-1, 1829,1830,1831,-1, 1831,1830,1843,-1, 1831,1843,1832,-1, 1832,1843,1833,-1, 1832,1833,1780,-1, 
          1814,1835,1816,-1, 1816,1835,1836,-1, 1816,1836,1818,-1, 1818,1836,1837,-1, 1818,1837,1820,-1, 1820,1837,1838,-1, 
          1820,1838,1822,-1, 1822,1838,1839,-1, 1822,1839,1824,-1, 1824,1839,1840,-1, 1824,1840,1826,-1, 1826,1840,1841,-1, 
          1826,1841,1828,-1, 1828,1841,1842,-1, 1828,1842,1830,-1, 1830,1842,1843,-1, 1769,1845,1834,-1, 1834,1845,1814,-1, 
          1835,1846,1836,-1, 1836,1846,1847,-1, 1836,1847,1837,-1, 1837,1847,1848,-1, 1837,1848,1838,-1, 1838,1848,1849,-1, 
          1838,1849,1839,-1, 1839,1849,1850,-1, 1839,1850,1840,-1, 1840,1850,1851,-1, 1840,1851,1841,-1, 1841,1851,1852,-1, 
          1841,1852,1842,-1, 1842,1852,1853,-1, 1842,1853,1843,-1, 1843,1853,1833,-1, 1845,1770,1812,-1, 1845,1812,1813,-1, 
          1844,1833,1787,-1, 1787,1833,1853,-1, 1787,1853,1789,-1, 1789,1853,1852,-1, 1789,1852,1790,-1, 1790,1852,1851,-1, 
          1790,1851,1792,-1, 1792,1851,1850,-1, 1792,1850,1794,-1, 1794,1850,1849,-1, 1794,1849,1796,-1, 1796,1849,1848,-1, 
          1796,1848,1798,-1, 1798,1848,1847,-1, 1798,1847,1808,-1, 1808,1847,1846,-1, 1846,1835,1811,-1, 1811,1835,1814,-1, 
          1811,1814,1813,-1, 1813,1814,1845,-1, 1780,1833,1779,-1, 1779,1833,1844,-1, 1779,1844,1778,-1, 1854,1921,1692,-1, 
          1854,1855,1893,-1, 1856,1857,1889,-1, 1857,1858,1859,-1, 1860,1861,1685,-1, 1862,1863,1860,-1, 1860,1863,1861,-1, 
          1864,1868,1865,-1, 1865,1868,1866,-1, 1865,1866,1862,-1, 1862,1866,1863,-1, 1867,1868,1864,-1, 1871,1872,1873,-1, 
          1873,1872,1874,-1, 1873,1874,1875,-1, 1875,1874,1876,-1, 1875,1876,1877,-1, 1877,1876,1878,-1, 1877,1878,1879,-1, 
          1860,1869,1862,-1, 1862,1869,1870,-1, 1862,1870,1865,-1, 1865,1870,1871,-1, 1865,1871,1864,-1, 1864,1871,1873,-1, 
          1864,1873,1867,-1, 1867,1873,1875,-1, 1867,1875,1880,-1, 1880,1875,1877,-1, 1880,1877,1881,-1, 1881,1877,1879,-1, 
          1881,1879,1882,-1, 1882,1883,1884,-1, 1882,1884,1881,-1, 1881,1884,1885,-1, 1881,1885,1880,-1, 1880,1885,1867,-1, 
          1867,1885,1886,-1, 1867,1886,1868,-1, 1858,1883,1859,-1, 1859,1883,1882,-1, 1859,1882,1887,-1, 1887,1882,1879,-1, 
          1887,1879,1888,-1, 1888,1879,1878,-1, 1889,1857,1859,-1, 1889,1859,1887,-1, 1889,1887,1890,-1, 1890,1887,1888,-1, 
          1891,1856,1889,-1, 1891,1889,1892,-1, 1892,1889,1890,-1, 1855,1856,1893,-1, 1893,1856,1891,-1, 1893,1891,1892,-1, 
          1692,1921,1693,-1, 1693,1921,1910,-1, 1693,1910,1694,-1, 1694,1910,1894,-1, 1694,1894,1895,-1, 1895,1894,1896,-1, 
          1895,1896,1897,-1, 1897,1896,1898,-1, 1897,1898,1899,-1, 1899,1898,1900,-1, 1899,1900,1901,-1, 1901,1900,1902,-1, 
          1901,1902,1741,-1, 1741,1902,1903,-1, 1741,1903,1904,-1, 1904,1903,1905,-1, 1904,1905,1906,-1, 1906,1905,1907,-1, 
          1906,1907,1908,-1, 1908,1907,1909,-1, 1909,1920,1731,-1, 1910,1911,1894,-1, 1894,1911,1912,-1, 1894,1912,1896,-1, 
          1896,1912,1913,-1, 1896,1913,1898,-1, 1898,1913,1914,-1, 1898,1914,1900,-1, 1900,1914,1915,-1, 1900,1915,1902,-1, 
          1902,1915,1916,-1, 1902,1916,1903,-1, 1903,1916,1917,-1, 1903,1917,1905,-1, 1905,1917,1918,-1, 1905,1918,1907,-1, 
          1907,1918,1919,-1, 1907,1919,1909,-1, 1909,1919,1920,-1, 1911,1922,1912,-1, 1912,1922,1923,-1, 1912,1923,1913,-1, 
          1913,1923,1924,-1, 1913,1924,1914,-1, 1914,1924,1925,-1, 1914,1925,1915,-1, 1915,1925,1926,-1, 1915,1926,1916,-1, 
          1916,1926,1927,-1, 1916,1927,1917,-1, 1917,1927,1928,-1, 1917,1928,1918,-1, 1918,1928,1929,-1, 1918,1929,1919,-1, 
          1919,1929,1869,-1, 1919,1869,1920,-1, 1920,1869,1730,-1, 1854,1893,1921,-1, 1685,1730,1860,-1, 1860,1730,1869,-1, 
          1869,1929,1870,-1, 1870,1929,1928,-1, 1870,1928,1871,-1, 1871,1928,1927,-1, 1871,1927,1872,-1, 1872,1927,1926,-1, 
          1872,1926,1874,-1, 1874,1926,1925,-1, 1874,1925,1876,-1, 1876,1925,1924,-1, 1876,1924,1878,-1, 1878,1924,1923,-1, 
          1878,1923,1888,-1, 1888,1923,1922,-1, 1888,1922,1890,-1, 1890,1922,1911,-1, 1890,1911,1892,-1, 1892,1911,1910,-1, 
          1892,1910,1893,-1, 1893,1910,1921,-1, 1731,1920,1730,-1, 1930,1931,2002,-1, 1932,1933,1934,-1, 1935,1936,1937,-1, 
          1940,1941,1942,-1, 1943,1945,1944,-1, 1944,1945,1940,-1, 1940,1945,1946,-1, 1940,1946,1941,-1, 1947,1948,1943,-1, 
          1943,1948,1949,-1, 1943,1949,1945,-1, 1950,1951,1940,-1, 1940,1951,1952,-1, 1940,1952,1944,-1, 1944,1952,1953,-1, 
          1944,1953,1954,-1, 1954,1953,1955,-1, 1954,1955,1956,-1, 1956,1955,1957,-1, 1956,1957,1958,-1, 1958,1957,1959,-1, 
          1958,1959,1960,-1, 1960,1959,1961,-1, 1960,1961,1962,-1, 1769,1950,1942,-1, 1942,1950,1940,-1, 1944,1954,1943,-1, 
          1943,1954,1956,-1, 1943,1956,1947,-1, 1947,1956,1958,-1, 1947,1958,1963,-1, 1963,1958,1960,-1, 1963,1960,1964,-1, 
          1964,1960,1962,-1, 1964,1962,1965,-1, 1965,1966,1967,-1, 1965,1967,1964,-1, 1964,1967,1968,-1, 1964,1968,1963,-1, 
          1963,1968,1947,-1, 1947,1968,1969,-1, 1947,1969,1948,-1, 1936,1966,1937,-1, 1937,1966,1965,-1, 1937,1965,1970,-1, 
          1970,1965,1962,-1, 1970,1962,1971,-1, 1971,1962,1961,-1, 1933,1935,1934,-1, 1934,1935,1937,-1, 1934,1937,1972,-1, 
          1972,1937,1970,-1, 1972,1970,1971,-1, 1973,1932,1934,-1, 1973,1934,1972,-1, 1973,1972,2003,-1, 1931,1932,2002,-1, 
          2002,1932,1973,-1, 2002,1973,2003,-1, 1994,1974,1975,-1, 1975,1974,1976,-1, 1975,1976,1977,-1, 1977,1976,1978,-1, 
          1977,1978,1979,-1, 1979,1978,1980,-1, 1979,1980,1981,-1, 1981,1980,1982,-1, 1981,1982,1983,-1, 1983,1982,1984,-1, 
          1983,1984,1825,-1, 1825,1984,1985,-1, 1825,1985,1986,-1, 1986,1985,1987,-1, 1986,1987,1988,-1, 1988,1987,1989,-1, 
          1988,1989,1990,-1, 1990,1989,1991,-1, 1990,1991,1992,-1, 1992,1991,1993,-1, 1992,1993,1939,-1, 1976,1995,1978,-1, 
          1978,1995,1996,-1, 1978,1996,1980,-1, 1980,1996,1997,-1, 1980,1997,1982,-1, 1982,1997,1998,-1, 1982,1998,1984,-1, 
          1984,1998,1999,-1, 1984,1999,1985,-1, 1985,1999,2000,-1, 1985,2000,1987,-1, 1987,2000,2001,-1, 1987,2001,1989,-1, 
          1989,2001,2011,-1, 1989,2011,1991,-1, 1991,2011,1993,-1, 1778,1930,1994,-1, 1994,1930,2002,-1, 1994,2002,1974,-1, 
          1974,2002,2003,-1, 1974,2003,1976,-1, 1976,2003,2004,-1, 1976,2004,1995,-1, 1995,2004,2005,-1, 1995,2005,1996,-1, 
          1996,2005,2006,-1, 1996,2006,1997,-1, 1997,2006,2007,-1, 1997,2007,1998,-1, 1998,2007,2008,-1, 1998,2008,1999,-1, 
          1999,2008,2009,-1, 1999,2009,2000,-1, 2000,2009,2010,-1, 2000,2010,2001,-1, 2001,2010,2011,-1, 1950,1993,1951,-1, 
          1951,1993,2011,-1, 1951,2011,1952,-1, 1952,2011,2010,-1, 1952,2010,1953,-1, 1953,2010,2009,-1, 1953,2009,1955,-1, 
          1955,2009,2008,-1, 1955,2008,1957,-1, 1957,2008,2007,-1, 1957,2007,1959,-1, 1959,2007,2006,-1, 1959,2006,1961,-1, 
          1961,2006,2005,-1, 1961,2005,1971,-1, 1971,2005,2004,-1, 1971,2004,1972,-1, 1972,2004,2003,-1, 1939,1993,1938,-1, 
          1938,1993,1950,-1, 1938,1950,1769,-1, 1719,1690,2012,-1, 2012,1690,2013,-1, 1690,1689,2013,-1, 2013,1689,2014,-1, 
          2014,1689,1688,-1, 2014,1688,2015,-1, 1688,1687,2015,-1, 2015,1687,2016,-1, 1687,1686,2016,-1, 2016,1686,2017,-1, 
          1686,1685,2017,-1, 2017,1685,1861,-1, 2017,1861,2018,-1, 1861,1863,2018,-1, 2018,1863,2019,-1, 2019,1863,1866,-1, 
          2019,1866,2020,-1, 1866,1868,2020,-1, 2020,1868,2021,-1, 2021,1868,1886,-1, 2021,1886,2022,-1, 1886,1885,2022,-1, 
          2022,1885,2023,-1, 1885,1884,2023,-1, 2023,1884,1883,-1, 2023,1883,2024,-1, 2024,1883,1858,-1, 2024,1858,2025,-1, 
          1858,1857,2025,-1, 2025,1857,2026,-1, 1857,1856,2026,-1, 2026,1856,2027,-1, 2027,1856,1855,-1, 2027,1855,2028,-1, 
          1855,1854,2028,-1, 2028,1854,2029,-1, 1854,1692,2029,-1, 2029,1692,1697,-1, 2029,1697,2030,-1, 2030,1697,1696,-1, 
          2030,1696,2031,-1, 1696,1700,2031,-1, 2031,1700,2032,-1, 2032,1700,1703,-1, 2032,1703,2033,-1, 1703,1702,2033,-1, 
          2033,1702,1722,-1, 2033,1722,2034,-1, 1722,1721,2034,-1, 2034,1721,2035,-1, 2035,1721,1720,-1, 2035,1720,2012,-1, 
          2012,1720,1719,-1, 2037,1771,2038,-1, 1771,2037,1772,-1, 1772,2037,2039,-1, 1772,2039,1773,-1, 1773,2039,2040,-1, 
          1773,2040,1775,-1, 1775,2040,2041,-1, 1775,2041,1803,-1, 1803,2041,2042,-1, 1803,2042,1804,-1, 1804,2042,1805,-1, 
          1805,2042,2043,-1, 1805,2043,1806,-1, 1806,2043,2044,-1, 1806,2044,1786,-1, 1786,2044,2045,-1, 1786,2045,1784,-1, 
          1784,2045,2046,-1, 1784,2046,1781,-1, 1781,2046,2047,-1, 1781,2047,1777,-1, 1777,2047,2048,-1, 1777,2048,1778,-1, 
          1778,2048,1930,-1, 1930,2048,2049,-1, 1930,2049,1931,-1, 1931,2049,2050,-1, 1931,2050,1932,-1, 1932,2050,2051,-1, 
          2036,1966,2052,-1, 1966,1936,2052,-1, 2052,1936,1935,-1, 2052,1935,2051,-1, 2051,1935,1933,-1, 2051,1933,1932,-1, 
          1966,2036,1967,-1, 1967,2036,2053,-1, 1967,2053,1968,-1, 1968,2053,2054,-1, 1968,2054,1969,-1, 1969,2054,2055,-1, 
          1969,2055,1948,-1, 1948,2055,1949,-1, 1949,2055,2056,-1, 1949,2056,1945,-1, 2057,2058,1942,-1, 1942,1941,2057,-1, 
          2057,1941,1946,-1, 2057,1946,2056,-1, 2056,1946,1945,-1, 1771,1770,2038,-1, 2038,1770,2059,-1, 2059,1770,1769,-1, 
          2059,1769,2058,-1, 2058,1769,1942,-1, 2026,2060,2025,-1, 2025,2060,2061,-1, 2025,2061,2024,-1, 2024,2061,2062,-1, 
          2024,2062,2023,-1, 2023,2062,2063,-1, 2023,2063,2022,-1, 2022,2063,2064,-1, 2022,2064,2021,-1, 2033,2065,2032,-1, 
          2032,2065,2066,-1, 2032,2066,2031,-1, 2031,2066,2067,-1, 2031,2067,2030,-1, 2030,2067,2068,-1, 2030,2068,2029,-1, 
          2029,2068,2069,-1, 2029,2069,2028,-1, 2028,2069,2070,-1, 2028,2070,2027,-1, 2027,2070,2071,-1, 2027,2071,2026,-1, 
          2026,2071,2072,-1, 2026,2072,2060,-1, 2014,2073,2013,-1, 2013,2073,2074,-1, 2013,2074,2012,-1, 2012,2074,2075,-1, 
          2012,2075,2035,-1, 2035,2075,2076,-1, 2035,2076,2034,-1, 2034,2076,2077,-1, 2034,2077,2033,-1, 2033,2077,2078,-1, 
          2033,2078,2065,-1, 2064,2079,2021,-1, 2021,2079,2080,-1, 2021,2080,2020,-1, 2020,2080,2081,-1, 2020,2081,2019,-1, 
          2019,2081,2082,-1, 2019,2082,2018,-1, 2018,2082,2083,-1, 2018,2083,2017,-1, 2017,2083,2084,-1, 2017,2084,2016,-1, 
          2016,2084,2085,-1, 2016,2085,2015,-1, 2015,2085,2086,-1, 2015,2086,2014,-1, 2014,2086,2087,-1, 2014,2087,2073,-1, 
          2051,2088,2052,-1, 2052,2088,2089,-1, 2052,2089,2036,-1, 2036,2089,2090,-1, 2036,2090,2053,-1, 2053,2090,2091,-1, 
          2053,2091,2054,-1, 2054,2091,2092,-1, 2054,2092,2055,-1, 2045,2093,2046,-1, 2046,2093,2094,-1, 2046,2094,2047,-1, 
          2047,2094,2095,-1, 2047,2095,2048,-1, 2048,2095,2096,-1, 2048,2096,2049,-1, 2049,2096,2097,-1, 2049,2097,2050,-1, 
          2050,2097,2098,-1, 2050,2098,2051,-1, 2051,2098,2099,-1, 2051,2099,2088,-1, 2039,2100,2040,-1, 2040,2100,2101,-1, 
          2040,2101,2041,-1, 2041,2101,2102,-1, 2041,2102,2042,-1, 2042,2102,2103,-1, 2042,2103,2043,-1, 2043,2103,2104,-1, 
          2043,2104,2044,-1, 2044,2104,2105,-1, 2044,2105,2045,-1, 2045,2105,2106,-1, 2045,2106,2093,-1, 2092,2107,2055,-1, 
          2055,2107,2108,-1, 2055,2108,2056,-1, 2056,2108,2109,-1, 2056,2109,2057,-1, 2057,2109,2110,-1, 2057,2110,2058,-1, 
          2058,2110,2111,-1, 2058,2111,2059,-1, 2059,2111,2112,-1, 2059,2112,2038,-1, 2038,2112,2113,-1, 2038,2113,2037,-1, 
          2037,2113,2114,-1, 2037,2114,2039,-1, 2039,2114,2115,-1, 2039,2115,2100,-1, 2076,2111,2077,-1, 2077,2111,2110,-1, 
          2077,2110,2078,-1, 2078,2110,2109,-1, 2078,2109,2065,-1, 2065,2109,2108,-1, 2065,2108,2066,-1, 2066,2108,2107,-1, 
          2066,2107,2067,-1, 2067,2107,2092,-1, 2067,2092,2068,-1, 2068,2092,2091,-1, 2068,2091,2069,-1, 2069,2091,2090,-1, 
          2069,2090,2070,-1, 2070,2090,2089,-1, 2070,2089,2071,-1, 2071,2089,2088,-1, 2071,2088,2072,-1, 2072,2088,2099,-1, 
          2072,2099,2060,-1, 2060,2099,2098,-1, 2060,2098,2061,-1, 2061,2098,2097,-1, 2061,2097,2062,-1, 2062,2097,2096,-1, 
          2062,2096,2063,-1, 2063,2096,2095,-1, 2063,2095,2064,-1, 2064,2095,2094,-1, 2064,2094,2079,-1, 2079,2094,2093,-1, 
          2079,2093,2080,-1, 2080,2093,2106,-1, 2080,2106,2081,-1, 2081,2106,2105,-1, 2081,2105,2082,-1, 2082,2105,2104,-1, 
          2082,2104,2083,-1, 2083,2104,2103,-1, 2083,2103,2084,-1, 2084,2103,2102,-1, 2084,2102,2085,-1, 2085,2102,2101,-1, 
          2085,2101,2086,-1, 2086,2101,2100,-1, 2086,2100,2087,-1, 2087,2100,2115,-1, 2087,2115,2073,-1, 2073,2115,2114,-1, 
          2073,2114,2074,-1, 2074,2114,2113,-1, 2074,2113,2075,-1, 2075,2113,2112,-1, 2075,2112,2076,-1, 2076,2112,2111,-1, 
          2176,2181,2154,-1, 2154,2181,2180,-1, 2154,2117,2157,-1, 2116,2154,2180,-1, 2157,2117,2155,-1, 2155,2158,2157,-1, 
          2154,2157,2177,-1, 2154,2153,2176,-1, 2157,2158,2168,-1, 2154,2177,2153,-1, 2121,2120,2161,-1, 2121,2161,2122,-1, 
          2128,2126,2167,-1, 2133,2163,2134,-1, 2134,2163,2185,-1, 2134,2185,2135,-1, 2135,2185,2136,-1, 2172,2138,2164,-1, 
          2141,2139,2172,-1, 2165,2146,2144,-1, 2145,2146,2147,-1, 2118,2149,2150,-1, 2156,2177,2157,-1, 2157,2168,2183,-1, 
          2119,2118,2159,-1, 2119,2159,2160,-1, 2124,2123,2182,-1, 2124,2182,2125,-1, 2125,2182,2166,-1, 2125,2166,2127,-1, 
          2132,2169,2131,-1, 2130,2131,2184,-1, 2130,2184,2133,-1, 2133,2184,2163,-1, 2136,2185,2178,-1, 2136,2178,2170,-1, 
          2172,2179,2141,-1, 2141,2179,2173,-1, 2140,2173,2174,-1, 2140,2174,2143,-1, 2142,2175,2144,-1, 2144,2175,2165,-1, 
          2150,2176,2118,-1, 2118,2153,2159,-1, 2122,2161,2162,-1, 2162,2161,2156,-1, 2162,2156,2123,-1, 2129,2167,2168,-1, 
          2129,2168,2132,-1, 2132,2168,2169,-1, 2137,2170,2171,-1, 2137,2171,2164,-1, 2143,2174,2142,-1, 2142,2174,2175,-1, 
          2151,2152,2176,-1, 2151,2176,2150,-1, 2118,2176,2153,-1, 2160,2159,2120,-1, 2120,2159,2177,-1, 2120,2177,2161,-1, 
          2123,2156,2182,-1, 2127,2166,2183,-1, 2127,2183,2126,-1, 2126,2183,2167,-1, 2167,2183,2168,-1, 2131,2169,2184,-1, 
          2170,2178,2171,-1, 2172,2164,2117,-1, 2172,2117,2179,-1, 2146,2165,2180,-1, 2146,2180,2147,-1, 2148,2147,2181,-1, 
          2152,2148,2181,-1, 2152,2181,2176,-1, 2184,2158,2163,-1, 2163,2158,2155,-1, 2163,2155,2185,-1, 2178,2185,2155,-1, 
          2171,2178,2117,-1, 2171,2117,2164,-1, 2179,2117,2154,-1, 2179,2154,2173,-1, 2173,2154,2174,-1, 2175,2116,2165,-1, 
          2147,2180,2181,-1, 2159,2153,2177,-1, 2161,2177,2156,-1, 2182,2156,2157,-1, 2182,2157,2166,-1, 2166,2157,2183,-1, 
          2169,2168,2158,-1, 2169,2158,2184,-1, 2178,2155,2117,-1, 2174,2154,2116,-1, 2174,2116,2175,-1, 2165,2116,2180,-1, 
          2127,2196,2186,-1, 2127,2186,2125,-1, 2125,2186,2124,-1, 2124,2186,2187,-1, 2124,2187,2123,-1, 2123,2187,2188,-1, 
          2123,2188,2162,-1, 2162,2188,2214,-1, 2162,2214,2122,-1, 2122,2214,2189,-1, 2122,2189,2121,-1, 2121,2189,2190,-1, 
          2121,2190,2120,-1, 2120,2190,2228,-1, 2120,2228,2160,-1, 2160,2228,2215,-1, 2160,2215,2119,-1, 2119,2215,2118,-1, 
          2118,2215,2191,-1, 2118,2191,2149,-1, 2149,2191,2216,-1, 2149,2216,2150,-1, 2192,2193,2132,-1, 2132,2193,2129,-1, 
          2129,2193,2221,-1, 2129,2221,2167,-1, 2167,2221,2194,-1, 2167,2194,2128,-1, 2128,2194,2244,-1, 2128,2244,2126,-1, 
          2126,2244,2195,-1, 2126,2195,2127,-1, 2127,2195,2196,-1, 2134,2204,2133,-1, 2133,2204,2220,-1, 2133,2220,2130,-1, 
          2130,2220,2245,-1, 2130,2245,2131,-1, 2131,2245,2192,-1, 2131,2192,2132,-1, 2253,2252,2147,-1, 2147,2252,2145,-1, 
          2145,2252,2197,-1, 2145,2197,2146,-1, 2146,2197,2250,-1, 2146,2250,2144,-1, 2144,2250,2240,-1, 2144,2240,2142,-1, 
          2142,2240,2249,-1, 2142,2249,2143,-1, 2143,2249,2217,-1, 2143,2217,2140,-1, 2140,2217,2198,-1, 2140,2198,2173,-1, 
          2173,2198,2199,-1, 2173,2199,2141,-1, 2141,2199,2200,-1, 2141,2200,2139,-1, 2139,2200,2201,-1, 2139,2201,2172,-1, 
          2172,2201,2138,-1, 2138,2201,2237,-1, 2138,2237,2164,-1, 2164,2237,2202,-1, 2164,2202,2137,-1, 2137,2202,2248,-1, 
          2137,2248,2170,-1, 2170,2248,2218,-1, 2170,2218,2136,-1, 2136,2218,2203,-1, 2136,2203,2135,-1, 2135,2203,2219,-1, 
          2135,2219,2134,-1, 2134,2219,2204,-1, 2147,2148,2253,-1, 2253,2148,2205,-1, 2205,2148,2152,-1, 2205,2152,2255,-1, 
          2255,2152,2151,-1, 2255,2151,2150,-1, 2255,2150,2216,-1, 2229,2186,2196,-1, 2234,2188,2187,-1, 2234,2187,2229,-1, 
          2229,2187,2186,-1, 2188,2234,2214,-1, 2189,2214,2243,-1, 2189,2243,2190,-1, 2243,2228,2190,-1, 2251,2197,2252,-1, 
          2251,2250,2197,-1, 2217,2239,2198,-1, 2218,2247,2203,-1, 2247,2219,2203,-1, 2196,2195,2235,-1, 2235,2195,2244,-1, 
          2210,2222,2223,-1, 2207,2208,2229,-1, 2207,2229,2235,-1, 2207,2235,2230,-1, 2207,2230,2224,-1, 2206,2224,2231,-1, 
          2213,2233,2236,-1, 2213,2236,2212,-1, 2212,2236,2225,-1, 2212,2225,2238,-1, 2212,2238,2211,-1, 2211,2238,2239,-1, 
          2210,2242,2254,-1, 2210,2254,2227,-1, 2210,2227,2222,-1, 2223,2228,2209,-1, 2209,2214,2208,-1, 2232,2246,2247,-1, 
          2232,2247,2213,-1, 2211,2240,2226,-1, 2226,2251,2241,-1, 2223,2222,2228,-1, 2209,2228,2243,-1, 2209,2243,2214,-1, 
          2208,2234,2229,-1, 2224,2230,2221,-1, 2224,2221,2231,-1, 2206,2246,2232,-1, 2236,2202,2225,-1, 2225,2202,2237,-1, 
          2254,2242,2253,-1, 2227,2216,2222,-1, 2222,2216,2191,-1, 2222,2191,2215,-1, 2222,2215,2228,-1, 2208,2214,2234,-1, 
          2230,2235,2244,-1, 2230,2244,2194,-1, 2230,2194,2221,-1, 2231,2192,2206,-1, 2206,2192,2245,-1, 2206,2245,2246,-1, 
          2213,2247,2233,-1, 2233,2248,2236,-1, 2236,2248,2202,-1, 2225,2237,2201,-1, 2239,2217,2211,-1, 2211,2217,2249,-1, 
          2211,2249,2240,-1, 2226,2240,2250,-1, 2226,2250,2251,-1, 2241,2251,2252,-1, 2241,2252,2242,-1, 2242,2252,2253,-1, 
          2227,2254,2255,-1, 2229,2196,2235,-1, 2231,2221,2193,-1, 2231,2193,2192,-1, 2246,2245,2220,-1, 2246,2220,2204,-1, 
          2246,2204,2247,-1, 2247,2204,2219,-1, 2233,2247,2218,-1, 2233,2218,2248,-1, 2225,2201,2200,-1, 2225,2200,2238,-1, 
          2238,2200,2199,-1, 2238,2199,2198,-1, 2238,2198,2239,-1, 2254,2253,2205,-1, 2254,2205,2255,-1, 2227,2255,2216,-1, 
          2282,2340,2284,-1, 2282,2338,2339,-1, 2282,2284,2256,-1, 2282,2339,2340,-1, 2257,2226,2241,-1, 2257,2241,2258,-1, 
          2226,2257,2259,-1, 2226,2259,2211,-1, 2211,2259,2260,-1, 2211,2260,2261,-1, 2211,2261,2212,-1, 2212,2261,2262,-1, 
          2212,2262,2263,-1, 2212,2263,2264,-1, 2212,2264,2213,-1, 2213,2264,2265,-1, 2213,2265,2266,-1, 2213,2266,2232,-1, 
          2268,2269,2206,-1, 2267,2223,2270,-1, 2232,2266,2271,-1, 2241,2242,2258,-1, 2258,2242,2272,-1, 2268,2206,2232,-1, 
          2268,2232,2271,-1, 2273,2206,2269,-1, 2274,2224,2273,-1, 2273,2224,2206,-1, 2275,2207,2274,-1, 2274,2207,2224,-1, 
          2276,2207,2275,-1, 2277,2208,2276,-1, 2276,2208,2207,-1, 2278,2208,2277,-1, 2279,2209,2278,-1, 2278,2209,2208,-1, 
          2270,2223,2279,-1, 2279,2223,2209,-1, 2223,2267,2210,-1, 2210,2267,2280,-1, 2242,2210,2272,-1, 2272,2210,2280,-1, 
          2338,2282,2281,-1, 2283,2256,2284,-1, 2285,2357,2286,-1, 2286,2357,2287,-1, 2287,2357,2288,-1, 2287,2288,2289,-1, 
          2289,2288,2290,-1, 2289,2290,2291,-1, 2293,2294,2290,-1, 2290,2294,2291,-1, 2292,2295,2293,-1, 2292,2296,2297,-1, 
          2292,2297,2295,-1, 2298,2299,2300,-1, 2300,2299,2301,-1, 2300,2301,2292,-1, 2292,2301,2302,-1, 2292,2302,2296,-1, 
          2298,2300,2303,-1, 2303,2300,2356,-1, 2303,2356,2304,-1, 2304,2356,2305,-1, 2305,2356,2355,-1, 2305,2355,2306,-1, 
          2306,2355,2307,-1, 2307,2355,2354,-1, 2307,2354,2308,-1, 2308,2354,2309,-1, 2309,2354,2353,-1, 2309,2353,2310,-1, 
          2310,2353,2345,-1, 2310,2345,2311,-1, 2359,2312,2313,-1, 2359,2313,2314,-1, 2359,2314,2345,-1, 2345,2314,2315,-1, 
          2345,2315,2311,-1, 2312,2359,2316,-1, 2316,2359,2352,-1, 2316,2352,2317,-1, 2317,2352,2318,-1, 2318,2352,2319,-1, 
          2318,2319,2320,-1, 2320,2319,2321,-1, 2320,2321,2322,-1, 2322,2321,2323,-1, 2323,2321,2324,-1, 2324,2321,2325,-1, 
          2324,2325,2326,-1, 2326,2325,2350,-1, 2326,2350,2327,-1, 2348,2328,2349,-1, 2349,2328,2329,-1, 2349,2329,2350,-1, 
          2350,2329,2330,-1, 2350,2330,2331,-1, 2350,2331,2327,-1, 2358,2337,2348,-1, 2348,2337,2332,-1, 2348,2332,2328,-1, 
          2285,2333,2357,-1, 2357,2333,2334,-1, 2357,2334,2335,-1, 2357,2335,2358,-1, 2358,2335,2336,-1, 2358,2336,2337,-1, 
          2338,2343,2339,-1, 2340,2341,2284,-1, 2282,2342,2281,-1, 2338,2281,2346,-1, 2338,2346,2343,-1, 2339,2343,2344,-1, 
          2339,2344,2340,-1, 2340,2344,2347,-1, 2340,2347,2341,-1, 2283,2284,2348,-1, 2256,2283,2350,-1, 2256,2350,2351,-1, 
          2256,2351,2282,-1, 2282,2351,2319,-1, 2342,2345,2281,-1, 2345,2353,2281,-1, 2281,2353,2346,-1, 2343,2346,2356,-1, 
          2343,2292,2344,-1, 2347,2357,2341,-1, 2341,2358,2284,-1, 2284,2358,2348,-1, 2283,2348,2349,-1, 2283,2349,2350,-1, 
          2319,2352,2282,-1, 2282,2352,2342,-1, 2353,2354,2346,-1, 2346,2354,2355,-1, 2346,2355,2356,-1, 2343,2356,2300,-1, 
          2343,2300,2292,-1, 2344,2290,2347,-1, 2347,2290,2288,-1, 2347,2288,2357,-1, 2341,2357,2358,-1, 2350,2325,2351,-1, 
          2351,2325,2321,-1, 2351,2321,2319,-1, 2342,2352,2359,-1, 2342,2359,2345,-1, 2344,2292,2293,-1, 2344,2293,2290,-1, 
          2280,2267,2335,-1, 2332,2337,2270,-1, 2270,2337,2267,-1, 2267,2337,2336,-1, 2267,2336,2335,-1, 2278,2330,2279,-1, 
          2279,2330,2329,-1, 2279,2329,2270,-1, 2270,2329,2328,-1, 2270,2328,2332,-1, 2326,2327,2278,-1, 2278,2327,2331,-1, 
          2278,2331,2330,-1, 2326,2278,2324,-1, 2324,2278,2277,-1, 2324,2277,2323,-1, 2323,2277,2276,-1, 2323,2276,2322,-1, 
          2322,2276,2275,-1, 2322,2275,2320,-1, 2320,2275,2274,-1, 2320,2274,2318,-1, 2273,2312,2316,-1, 2273,2316,2274,-1, 
          2274,2316,2317,-1, 2274,2317,2318,-1, 2268,2315,2269,-1, 2269,2315,2314,-1, 2269,2314,2273,-1, 2273,2314,2313,-1, 
          2273,2313,2312,-1, 2271,2311,2268,-1, 2268,2311,2315,-1, 2266,2309,2271,-1, 2271,2309,2310,-1, 2271,2310,2311,-1, 
          2306,2307,2265,-1, 2265,2307,2308,-1, 2265,2308,2266,-1, 2266,2308,2309,-1, 2263,2303,2264,-1, 2264,2303,2304,-1, 
          2264,2304,2265,-1, 2265,2304,2305,-1, 2265,2305,2306,-1, 2301,2299,2263,-1, 2263,2299,2298,-1, 2263,2298,2303,-1, 
          2301,2263,2262,-1, 2301,2262,2302,-1, 2302,2262,2261,-1, 2302,2261,2296,-1, 2296,2261,2297,-1, 2297,2261,2260,-1, 
          2297,2260,2295,-1, 2295,2260,2259,-1, 2295,2259,2293,-1, 2291,2294,2257,-1, 2257,2294,2259,-1, 2259,2294,2293,-1, 
          2272,2286,2258,-1, 2258,2286,2287,-1, 2258,2287,2257,-1, 2257,2287,2289,-1, 2257,2289,2291,-1, 2335,2334,2280,-1, 
          2280,2334,2333,-1, 2280,2333,2272,-1, 2272,2333,2285,-1, 2272,2285,2286,-1, 2360,2361,2362,-1, 2363,2364,2365,-1, 
          2366,2367,2365,-1, 2365,2367,2360,-1, 2365,2360,2363,-1, 2363,2360,2362,-1, 2368,2369,2370,-1, 2371,2372,2373,-1, 
          2374,2375,2373,-1, 2373,2375,2368,-1, 2373,2368,2371,-1, 2371,2368,2370,-1, 2376,2377,2378,-1, 2378,2377,2379,-1, 
          2376,2380,2381,-1, 2381,2377,2376,-1, 2383,2382,2384,-1, 2381,2383,2377,-1, 2377,2383,2384,-1, 2385,2386,2387,-1, 
          2388,2389,2390,-1, 2391,2392,2390,-1, 2390,2392,2385,-1, 2390,2385,2388,-1, 2388,2385,2387,-1, 2398,2393,2394,-1, 
          2396,2395,2394,-1, 2401,2396,2393,-1, 2393,2396,2394,-1, 2398,2394,2397,-1, 2399,2400,2393,-1, 2393,2400,2401,-1, 
          2402,2403,2404,-1, 2405,2406,2407,-1, 2408,2409,2407,-1, 2407,2409,2402,-1, 2407,2402,2405,-1, 2405,2402,2404,-1, 
          2410,2411,2412,-1, 2412,2411,2413,-1, 2414,2412,2415,-1, 2415,2412,2413,-1, 2415,2413,2416,-1, 2416,2413,2417,-1, 
          2418,2419,2420,-1, 2421,2422,2423,-1, 2424,2425,2423,-1, 2423,2425,2418,-1, 2423,2418,2421,-1, 2421,2418,2420,-1, 
          2426,2427,2428,-1, 2429,2430,2431,-1, 2432,2433,2431,-1, 2431,2433,2426,-1, 2431,2426,2429,-1, 2429,2426,2428,-1, 
          2434,2435,2436,-1, 2437,2438,2439,-1, 2440,2441,2439,-1, 2439,2441,2434,-1, 2439,2434,2437,-1, 2437,2434,2436,-1, 
          2442,2443,2444,-1, 2486,2445,2383,-1, 2383,2445,2382,-1, 2445,2446,2382,-1, 2382,2446,2384,-1, 2447,2384,2446,-1, 
          2448,2449,2391,-1, 2391,2449,2392,-1, 2450,2451,2366,-1, 2366,2451,2367,-1, 2452,2453,2374,-1, 2374,2453,2375,-1, 
          2454,2455,2399,-1, 2399,2455,2400,-1, 2456,2425,2457,-1, 2457,2425,2424,-1, 2458,2416,2459,-1, 2459,2416,2417,-1, 
          2460,2409,2461,-1, 2461,2409,2408,-1, 2462,2433,2463,-1, 2463,2433,2432,-1, 2439,2438,2464,-1, 2464,2438,2465,-1, 
          2438,2437,2465,-1, 2465,2437,2466,-1, 2466,2437,2467,-1, 2467,2437,2436,-1, 2467,2436,2468,-1, 2468,2436,2435,-1, 
          2435,2434,2468,-1, 2468,2434,2469,-1, 2450,2366,2470,-1, 2470,2366,2365,-1, 2470,2365,2471,-1, 2472,2471,2364,-1, 
          2364,2471,2365,-1, 2472,2364,2473,-1, 2473,2364,2363,-1, 2473,2363,2474,-1, 2474,2363,2362,-1, 2475,2474,2361,-1, 
          2361,2474,2362,-1, 2476,2475,2360,-1, 2360,2475,2361,-1, 2367,2451,2360,-1, 2360,2451,2477,-1, 2360,2477,2476,-1, 
          2452,2374,2478,-1, 2478,2374,2373,-1, 2478,2373,2479,-1, 2480,2479,2372,-1, 2372,2479,2373,-1, 2480,2372,2481,-1, 
          2481,2372,2371,-1, 2481,2371,2482,-1, 2482,2371,2370,-1, 2483,2482,2369,-1, 2369,2482,2370,-1, 2484,2483,2368,-1, 
          2368,2483,2369,-1, 2375,2453,2368,-1, 2368,2453,2485,-1, 2368,2485,2484,-1, 2486,2383,2487,-1, 2487,2383,2381,-1, 
          2487,2381,2488,-1, 2488,2381,2380,-1, 2380,2376,2488,-1, 2488,2376,2489,-1, 2489,2376,2490,-1, 2490,2376,2378,-1, 
          2379,2491,2378,-1, 2378,2491,2490,-1, 2491,2379,2492,-1, 2492,2379,2377,-1, 2492,2377,2447,-1, 2447,2377,2384,-1, 
          2448,2391,2493,-1, 2493,2391,2390,-1, 2493,2390,2494,-1, 2495,2494,2389,-1, 2389,2494,2390,-1, 2495,2389,2496,-1, 
          2496,2389,2388,-1, 2496,2388,2497,-1, 2497,2388,2387,-1, 2498,2497,2386,-1, 2386,2497,2387,-1, 2499,2498,2385,-1, 
          2385,2498,2386,-1, 2392,2449,2385,-1, 2385,2449,2500,-1, 2385,2500,2499,-1, 2454,2399,2501,-1, 2501,2399,2393,-1, 
          2501,2393,2502,-1, 2502,2393,2398,-1, 2502,2398,2503,-1, 2504,2503,2397,-1, 2397,2503,2398,-1, 2504,2397,2505,-1, 
          2505,2397,2394,-1, 2505,2394,2506,-1, 2506,2394,2395,-1, 2506,2395,2396,-1, 2506,2396,2507,-1, 2507,2396,2401,-1, 
          2507,2401,2508,-1, 2508,2401,2400,-1, 2508,2400,2455,-1, 2461,2408,2509,-1, 2509,2408,2407,-1, 2509,2407,2510,-1, 
          2510,2407,2511,-1, 2511,2407,2406,-1, 2512,2511,2405,-1, 2405,2511,2406,-1, 2513,2512,2404,-1, 2404,2512,2405,-1, 
          2513,2404,2514,-1, 2514,2404,2403,-1, 2514,2403,2515,-1, 2515,2403,2402,-1, 2409,2460,2402,-1, 2402,2460,2516,-1, 
          2402,2516,2515,-1, 2459,2417,2517,-1, 2517,2417,2413,-1, 2517,2413,2518,-1, 2413,2411,2518,-1, 2518,2411,2519,-1, 
          2410,2520,2411,-1, 2411,2520,2519,-1, 2520,2410,2521,-1, 2521,2410,2412,-1, 2412,2414,2521,-1, 2521,2414,2522,-1, 
          2414,2415,2522,-1, 2522,2415,2523,-1, 2416,2458,2415,-1, 2415,2458,2524,-1, 2415,2524,2523,-1, 2457,2424,2525,-1, 
          2525,2424,2423,-1, 2525,2423,2526,-1, 2526,2423,2527,-1, 2527,2423,2422,-1, 2528,2527,2421,-1, 2421,2527,2422,-1, 
          2529,2528,2420,-1, 2420,2528,2421,-1, 2529,2420,2530,-1, 2530,2420,2419,-1, 2530,2419,2531,-1, 2531,2419,2418,-1, 
          2425,2456,2418,-1, 2418,2456,2532,-1, 2418,2532,2531,-1, 2463,2432,2533,-1, 2533,2432,2431,-1, 2533,2431,2534,-1, 
          2534,2431,2535,-1, 2535,2431,2430,-1, 2536,2535,2429,-1, 2429,2535,2430,-1, 2537,2536,2428,-1, 2428,2536,2429,-1, 
          2537,2428,2538,-1, 2538,2428,2427,-1, 2538,2427,2539,-1, 2539,2427,2426,-1, 2433,2462,2426,-1, 2426,2462,2540,-1, 
          2426,2540,2539,-1, 2439,2464,2440,-1, 2440,2464,2541,-1, 2440,2541,2542,-1, 2543,2441,2542,-1, 2542,2441,2440,-1, 
          2469,2434,2544,-1, 2544,2434,2441,-1, 2544,2441,2543,-1, 2442,2545,2443,-1, 2443,2545,2546,-1, 2547,2444,2443,-1, 
          2547,2443,2546,-1, 2442,2444,2545,-1, 2545,2444,2547,-1, 2445,2486,2446,-1, 2446,2486,2447,-1, 2493,2500,2448,-1, 
          2448,2500,2449,-1, 2470,2477,2450,-1, 2450,2477,2451,-1, 2478,2485,2452,-1, 2452,2485,2453,-1, 2501,2508,2454,-1, 
          2454,2508,2455,-1, 2525,2532,2457,-1, 2457,2532,2456,-1, 2524,2458,2517,-1, 2517,2458,2459,-1, 2509,2516,2461,-1, 
          2461,2516,2460,-1, 2533,2540,2463,-1, 2463,2540,2462,-1, 2548,2470,2471,-1, 2514,2515,2516,-1, 2522,2523,2524,-1, 
          2531,2532,2530,-1, 2530,2532,2533,-1, 2480,2474,2475,-1, 2549,2509,2510,-1, 2517,2518,2519,-1, 2528,2529,2505,-1, 
          2525,2526,2527,-1, 2524,2525,2522,-1, 2522,2525,2527,-1, 2522,2527,2521,-1, 2479,2480,2478,-1, 2478,2480,2475,-1, 
          2478,2475,2477,-1, 2477,2475,2476,-1, 2506,2512,2505,-1, 2505,2512,2513,-1, 2510,2511,2549,-1, 2549,2511,2512,-1, 
          2549,2512,2508,-1, 2508,2512,2506,-1, 2508,2506,2507,-1, 2527,2528,2521,-1, 2521,2528,2505,-1, 2521,2505,2520,-1, 
          2520,2505,2513,-1, 2520,2513,2519,-1, 2519,2513,2514,-1, 2519,2514,2517,-1, 2517,2514,2516,-1, 2466,2536,2465,-1, 
          2465,2536,2537,-1, 2539,2540,2538,-1, 2538,2540,2550,-1, 2538,2550,2537,-1, 2537,2550,2541,-1, 2537,2541,2465,-1, 
          2465,2541,2464,-1, 2480,2481,2474,-1, 2474,2481,2544,-1, 2474,2544,2473,-1, 2473,2544,2548,-1, 2473,2548,2472,-1, 
          2472,2548,2471,-1, 2533,2534,2535,-1, 2493,2494,2495,-1, 2535,2536,2496,-1, 2489,2482,2488,-1, 2488,2482,2483,-1, 
          2490,2491,2495,-1, 2493,2495,2447,-1, 2447,2495,2491,-1, 2447,2491,2492,-1, 2484,2485,2483,-1, 2483,2485,2486,-1, 
          2483,2486,2488,-1, 2497,2503,2496,-1, 2496,2503,2504,-1, 2496,2504,2535,-1, 2535,2504,2505,-1, 2535,2505,2533,-1, 
          2533,2505,2529,-1, 2533,2529,2530,-1, 2495,2496,2490,-1, 2490,2496,2536,-1, 2490,2536,2489,-1, 2489,2536,2466,-1, 
          2489,2466,2482,-1, 2482,2466,2467,-1, 2482,2467,2481,-1, 2481,2467,2468,-1, 2481,2468,2544,-1, 2544,2468,2469,-1, 
          2499,2500,2498,-1, 2498,2500,2551,-1, 2498,2551,2497,-1, 2497,2551,2501,-1, 2497,2501,2503,-1, 2503,2501,2502,-1, 
          2488,2486,2487,-1, 2542,2541,2543,-1, 2543,2541,2544,-1, 2552,2553,2554,-1, 2555,2556,2557,-1, 2558,2559,2560,-1, 
          2560,2559,2561,-1, 2560,2561,2557,-1, 2557,2561,2552,-1, 2557,2552,2555,-1, 2555,2552,2554,-1, 2562,2563,2564,-1, 
          2564,2563,2565,-1, 2566,2547,2567,-1, 2545,2568,2546,-1, 2546,2568,2569,-1, 2547,2566,2545,-1, 2545,2566,2570,-1, 
          2545,2570,2568,-1, 2571,2572,2569,-1, 2569,2572,2565,-1, 2569,2565,2546,-1, 2546,2565,2563,-1, 2546,2563,2567,-1, 
          2546,2567,2547,-1, 2493,2573,2500,-1, 2500,2573,2551,-1, 2478,2477,2574,-1, 2574,2477,2470,-1, 2574,2470,2548,-1, 
          2493,2447,2573,-1, 2573,2447,2486,-1, 2573,2486,2574,-1, 2574,2486,2485,-1, 2574,2485,2478,-1, 2573,2575,2549,-1, 
          2549,2508,2573,-1, 2573,2508,2501,-1, 2573,2501,2551,-1, 2533,2576,2540,-1, 2540,2576,2550,-1, 2533,2532,2576,-1, 
          2576,2532,2525,-1, 2576,2525,2575,-1, 2575,2525,2524,-1, 2575,2524,2517,-1, 2517,2516,2575,-1, 2575,2516,2509,-1, 
          2575,2509,2549,-1, 2550,2576,2541,-1, 2541,2576,2574,-1, 2541,2574,2544,-1, 2544,2574,2548,-1, 2577,2578,2555,-1, 
          2555,2578,2556,-1, 2579,2557,2578,-1, 2578,2557,2556,-1, 2579,2580,2557,-1, 2557,2580,2560,-1, 2581,2558,2580,-1, 
          2580,2558,2560,-1, 2582,2559,2581,-1, 2581,2559,2558,-1, 2582,2583,2559,-1, 2559,2583,2561,-1, 2584,2552,2583,-1, 
          2583,2552,2561,-1, 2585,2553,2584,-1, 2584,2553,2552,-1, 2586,2554,2585,-1, 2585,2554,2553,-1, 2586,2577,2554,-1, 
          2554,2577,2555,-1, 2587,2588,2564,-1, 2564,2588,2562,-1, 2589,2563,2588,-1, 2588,2563,2562,-1, 2589,2590,2563,-1, 
          2563,2590,2567,-1, 2591,2566,2590,-1, 2590,2566,2567,-1, 2592,2570,2591,-1, 2591,2570,2566,-1, 2593,2568,2592,-1, 
          2592,2568,2570,-1, 2593,2594,2568,-1, 2568,2594,2569,-1, 2595,2571,2594,-1, 2594,2571,2569,-1, 2595,2596,2571,-1, 
          2571,2596,2572,-1, 2596,2597,2572,-1, 2572,2597,2565,-1, 2597,2587,2565,-1, 2565,2587,2564,-1, 2585,2584,2583,-1, 
          2573,2574,2582,-1, 2582,2581,2573,-1, 2573,2581,2580,-1, 2573,2580,2575,-1, 2595,2574,2596,-1, 2596,2574,2576,-1, 
          2592,2574,2593,-1, 2593,2574,2595,-1, 2593,2595,2594,-1, 2597,2596,2587,-1, 2587,2596,2576,-1, 2587,2576,2588,-1, 
          2588,2576,2575,-1, 2588,2575,2589,-1, 2589,2575,2590,-1, 2591,2577,2592,-1, 2592,2577,2586,-1, 2592,2586,2574,-1, 
          2574,2586,2585,-1, 2574,2585,2582,-1, 2582,2585,2583,-1, 2591,2590,2577,-1, 2577,2590,2575,-1, 2577,2575,2578,-1, 
          2578,2575,2580,-1, 2578,2580,2579,-1, 2630,2631,2665,-1, 2659,2667,2666,-1, 2665,2631,2659,-1, 2665,2659,2666,-1, 
          2667,2659,2632,-1, 2598,2634,2632,-1, 2632,2634,2667,-1, 2630,2665,2664,-1, 2630,2664,2661,-1, 2661,2664,2635,-1, 
          2635,2662,2661,-1, 2649,2599,2628,-1, 2599,2650,2600,-1, 2600,2650,2601,-1, 2603,2602,2604,-1, 2603,2604,2640,-1, 
          2640,2604,2639,-1, 2639,2604,2605,-1, 2639,2605,2601,-1, 2601,2605,2606,-1, 2602,2603,2607,-1, 2641,2608,2609,-1, 
          2610,2609,2611,-1, 2655,2614,2615,-1, 2655,2615,2613,-1, 2657,2617,2651,-1, 2643,2619,2658,-1, 2658,2619,2618,-1, 
          2647,2621,2622,-1, 2647,2622,2646,-1, 2648,2623,2621,-1, 2626,2625,2627,-1, 2660,2659,2631,-1, 2633,2598,2632,-1, 
          2663,2662,2635,-1, 2624,2636,2625,-1, 2637,2627,2653,-1, 2599,2649,2650,-1, 2601,2650,2639,-1, 2607,2603,2641,-1, 
          2613,2612,2655,-1, 2617,2657,2616,-1, 2618,2652,2658,-1, 2644,2660,2645,-1, 2624,2648,2636,-1, 2637,2653,2638,-1, 
          2629,2638,2663,-1, 2629,2663,2628,-1, 2628,2663,2649,-1, 2603,2640,2654,-1, 2611,2609,2667,-1, 2611,2667,2612,-1, 
          2614,2655,2656,-1, 2614,2656,2651,-1, 2616,2633,2642,-1, 2642,2633,2652,-1, 2645,2660,2646,-1, 2647,2630,2621,-1, 
          2621,2630,2648,-1, 2636,2648,2661,-1, 2625,2636,2662,-1, 2625,2662,2627,-1, 2627,2662,2653,-1, 2638,2653,2663,-1, 
          2649,2635,2650,-1, 2640,2639,2665,-1, 2640,2665,2654,-1, 2603,2654,2641,-1, 2641,2654,2608,-1, 2612,2667,2655,-1, 
          2651,2656,2657,-1, 2616,2657,2633,-1, 2643,2658,2659,-1, 2643,2659,2620,-1, 2644,2620,2660,-1, 2647,2646,2630,-1, 
          2648,2630,2661,-1, 2636,2661,2662,-1, 2650,2635,2664,-1, 2650,2664,2639,-1, 2639,2664,2665,-1, 2654,2665,2666,-1, 
          2654,2666,2608,-1, 2609,2608,2667,-1, 2655,2667,2634,-1, 2655,2634,2656,-1, 2652,2633,2632,-1, 2652,2632,2658,-1, 
          2620,2659,2660,-1, 2660,2631,2646,-1, 2646,2631,2630,-1, 2653,2662,2663,-1, 2663,2635,2649,-1, 2608,2666,2667,-1, 
          2656,2634,2598,-1, 2656,2598,2657,-1, 2657,2598,2633,-1, 2658,2632,2659,-1, 2728,2606,2605,-1, 2728,2704,2606,-1, 
          2606,2704,2668,-1, 2606,2668,2601,-1, 2601,2668,2705,-1, 2601,2705,2600,-1, 2600,2705,2727,-1, 2600,2727,2726,-1, 
          2600,2726,2599,-1, 2599,2726,2706,-1, 2599,2706,2628,-1, 2628,2706,2669,-1, 2628,2669,2629,-1, 2629,2669,2699,-1, 
          2629,2699,2638,-1, 2638,2699,2670,-1, 2638,2670,2637,-1, 2637,2670,2713,-1, 2637,2713,2719,-1, 2637,2719,2627,-1, 
          2627,2719,2671,-1, 2627,2671,2626,-1, 2626,2671,2672,-1, 2626,2672,2625,-1, 2625,2672,2673,-1, 2625,2673,2624,-1, 
          2624,2673,2674,-1, 2624,2674,2648,-1, 2648,2674,2675,-1, 2648,2675,2623,-1, 2623,2675,2676,-1, 2623,2676,2621,-1, 
          2605,2604,2728,-1, 2728,2604,2677,-1, 2677,2604,2602,-1, 2677,2602,2703,-1, 2703,2602,2607,-1, 2703,2607,2678,-1, 
          2678,2607,2641,-1, 2678,2641,2609,-1, 2620,2679,2680,-1, 2620,2680,2643,-1, 2643,2680,2681,-1, 2643,2681,2682,-1, 
          2643,2682,2619,-1, 2619,2682,2683,-1, 2619,2683,2618,-1, 2618,2683,2684,-1, 2618,2684,2652,-1, 2652,2684,2642,-1, 
          2642,2684,2685,-1, 2642,2685,2616,-1, 2616,2685,2686,-1, 2616,2686,2617,-1, 2617,2686,2687,-1, 2617,2687,2651,-1, 
          2651,2687,2701,-1, 2651,2701,2614,-1, 2614,2701,2688,-1, 2614,2688,2615,-1, 2615,2688,2689,-1, 2615,2689,2613,-1, 
          2613,2689,2702,-1, 2613,2702,2612,-1, 2612,2702,2611,-1, 2611,2702,2690,-1, 2611,2690,2610,-1, 2610,2690,2691,-1, 
          2610,2691,2609,-1, 2609,2691,2678,-1, 2676,2700,2621,-1, 2621,2700,2622,-1, 2622,2700,2646,-1, 2646,2700,2724,-1, 
          2646,2724,2645,-1, 2645,2724,2692,-1, 2645,2692,2644,-1, 2644,2692,2679,-1, 2644,2679,2620,-1, 2721,2694,2714,-1, 
          2671,2719,2725,-1, 2671,2725,2672,-1, 2708,2674,2673,-1, 2676,2675,2707,-1, 2676,2707,2700,-1, 2682,2681,2683,-1, 
          2685,2723,2686,-1, 2668,2704,2705,-1, 2696,2707,2708,-1, 2695,2696,2725,-1, 2695,2713,2720,-1, 2695,2720,2714,-1, 
          2694,2721,2722,-1, 2694,2722,2693,-1, 2693,2722,2715,-1, 2710,2711,2717,-1, 2717,2718,2697,-1, 2712,2707,2696,-1, 
          2696,2708,2725,-1, 2721,2714,2706,-1, 2693,2715,2729,-1, 2693,2729,2716,-1, 2698,2716,2690,-1, 2710,2709,2701,-1, 
          2710,2701,2687,-1, 2710,2687,2723,-1, 2710,2723,2711,-1, 2695,2725,2719,-1, 2695,2719,2713,-1, 2720,2669,2714,-1, 
          2714,2669,2706,-1, 2715,2722,2728,-1, 2716,2729,2691,-1, 2716,2691,2690,-1, 2709,2698,2688,-1, 2709,2688,2701,-1, 
          2711,2684,2717,-1, 2717,2684,2683,-1, 2717,2683,2681,-1, 2717,2681,2718,-1, 2697,2718,2679,-1, 2697,2679,2692,-1, 
          2712,2697,2724,-1, 2712,2724,2707,-1, 2707,2675,2708,-1, 2708,2673,2725,-1, 2721,2726,2722,-1, 2722,2726,2727,-1, 
          2722,2704,2728,-1, 2698,2690,2702,-1, 2698,2702,2689,-1, 2698,2689,2688,-1, 2711,2723,2685,-1, 2711,2685,2684,-1, 
          2718,2681,2680,-1, 2718,2680,2679,-1, 2697,2692,2724,-1, 2708,2675,2674,-1, 2725,2673,2672,-1, 2713,2670,2720,-1, 
          2720,2670,2699,-1, 2720,2699,2669,-1, 2721,2706,2726,-1, 2722,2727,2705,-1, 2722,2705,2704,-1, 2715,2728,2677,-1, 
          2715,2677,2729,-1, 2729,2677,2703,-1, 2729,2703,2678,-1, 2729,2678,2691,-1, 2723,2687,2686,-1, 2707,2724,2700,-1, 
          2730,2731,2758,-1, 2730,2758,2732,-1, 2758,2731,2759,-1, 2732,2757,2730,-1, 2733,2697,2734,-1, 2697,2733,2717,-1, 
          2717,2733,2735,-1, 2717,2735,2736,-1, 2717,2736,2737,-1, 2717,2737,2710,-1, 2710,2737,2738,-1, 2710,2738,2739,-1, 
          2710,2739,2709,-1, 2709,2739,2740,-1, 2709,2740,2698,-1, 2698,2740,2741,-1, 2698,2741,2742,-1, 2744,2745,2693,-1, 
          2743,2696,2746,-1, 2698,2742,2716,-1, 2716,2742,2747,-1, 2734,2697,2748,-1, 2744,2693,2716,-1, 2744,2716,2747,-1, 
          2749,2693,2745,-1, 2750,2694,2749,-1, 2749,2694,2693,-1, 2751,2714,2750,-1, 2750,2714,2694,-1, 2752,2714,2751,-1, 
          2753,2695,2752,-1, 2752,2695,2714,-1, 2754,2695,2753,-1, 2755,2695,2754,-1, 2746,2696,2755,-1, 2755,2696,2695,-1, 
          2696,2743,2712,-1, 2712,2743,2756,-1, 2697,2712,2748,-1, 2748,2712,2756,-1, 2813,2732,2758,-1, 2731,2730,2820,-1, 
          2761,2760,2808,-1, 2760,2761,2762,-1, 2762,2761,2824,-1, 2762,2824,2763,-1, 2763,2824,2764,-1, 2763,2764,2765,-1, 
          2765,2764,2766,-1, 2765,2766,2770,-1, 2768,2767,2769,-1, 2768,2769,2766,-1, 2766,2769,2770,-1, 2819,2771,2768,-1, 
          2768,2771,2772,-1, 2768,2772,2767,-1, 2771,2819,2773,-1, 2773,2819,2774,-1, 2774,2819,2775,-1, 2774,2775,2776,-1, 
          2777,2778,2823,-1, 2823,2778,2779,-1, 2823,2779,2780,-1, 2823,2780,2775,-1, 2775,2780,2781,-1, 2775,2781,2776,-1, 
          2817,2782,2777,-1, 2829,2783,2784,-1, 2829,2784,2785,-1, 2785,2784,2786,-1, 2785,2786,2817,-1, 2817,2786,2782,-1, 
          2783,2829,2787,-1, 2787,2829,2788,-1, 2788,2829,2828,-1, 2788,2828,2789,-1, 2789,2828,2793,-1, 2827,2790,2791,-1, 
          2827,2791,2792,-1, 2827,2792,2828,-1, 2828,2792,2793,-1, 2797,2794,2795,-1, 2795,2794,2796,-1, 2795,2796,2827,-1, 
          2827,2796,2790,-1, 2797,2795,2798,-1, 2798,2795,2799,-1, 2798,2799,2800,-1, 2800,2799,2801,-1, 2800,2801,2805,-1, 
          2825,2802,2803,-1, 2825,2803,2801,-1, 2801,2803,2804,-1, 2801,2804,2805,-1, 2806,2807,2825,-1, 2825,2807,2802,-1, 
          2761,2808,2809,-1, 2761,2809,2806,-1, 2806,2809,2810,-1, 2806,2810,2807,-1, 2757,2732,2818,-1, 2757,2818,2811,-1, 
          2757,2811,2815,-1, 2757,2815,2730,-1, 2730,2815,2820,-1, 2731,2820,2821,-1, 2759,2816,2812,-1, 2759,2812,2758,-1, 
          2758,2812,2822,-1, 2758,2822,2813,-1, 2813,2814,2732,-1, 2732,2814,2818,-1, 2820,2815,2824,-1, 2731,2826,2759,-1, 
          2759,2826,2816,-1, 2813,2785,2817,-1, 2813,2817,2814,-1, 2811,2818,2819,-1, 2811,2819,2768,-1, 2811,2768,2815,-1, 
          2815,2764,2824,-1, 2821,2825,2731,-1, 2731,2825,2826,-1, 2826,2825,2801,-1, 2812,2828,2822,-1, 2822,2785,2813,-1, 
          2814,2817,2823,-1, 2814,2823,2818,-1, 2818,2823,2775,-1, 2818,2775,2819,-1, 2815,2768,2766,-1, 2815,2766,2764,-1, 
          2824,2761,2820,-1, 2820,2761,2821,-1, 2821,2761,2806,-1, 2821,2806,2825,-1, 2816,2826,2795,-1, 2816,2795,2827,-1, 
          2816,2827,2812,-1, 2812,2827,2828,-1, 2822,2828,2829,-1, 2822,2829,2785,-1, 2817,2777,2823,-1, 2826,2801,2799,-1, 
          2826,2799,2795,-1, 2746,2807,2810,-1, 2746,2810,2743,-1, 2754,2804,2755,-1, 2755,2804,2803,-1, 2755,2803,2746,-1, 
          2746,2803,2802,-1, 2746,2802,2807,-1, 2800,2805,2754,-1, 2754,2805,2804,-1, 2800,2754,2798,-1, 2798,2754,2753,-1, 
          2798,2753,2797,-1, 2797,2753,2752,-1, 2797,2752,2794,-1, 2794,2752,2751,-1, 2794,2751,2796,-1, 2796,2751,2750,-1, 
          2796,2750,2790,-1, 2749,2793,2792,-1, 2749,2792,2750,-1, 2750,2792,2791,-1, 2750,2791,2790,-1, 2744,2787,2745,-1, 
          2745,2787,2788,-1, 2745,2788,2749,-1, 2749,2788,2789,-1, 2749,2789,2793,-1, 2747,2783,2744,-1, 2744,2783,2787,-1, 
          2742,2786,2747,-1, 2747,2786,2784,-1, 2747,2784,2783,-1, 2777,2782,2741,-1, 2741,2782,2742,-1, 2742,2782,2786,-1, 
          2739,2780,2740,-1, 2740,2780,2779,-1, 2740,2779,2741,-1, 2741,2779,2778,-1, 2741,2778,2777,-1, 2774,2776,2739,-1, 
          2739,2776,2781,-1, 2739,2781,2780,-1, 2774,2739,2738,-1, 2774,2738,2773,-1, 2773,2738,2737,-1, 2773,2737,2771,-1, 
          2771,2737,2736,-1, 2771,2736,2772,-1, 2772,2736,2735,-1, 2772,2735,2767,-1, 2733,2770,2769,-1, 2733,2769,2735,-1, 
          2735,2769,2767,-1, 2748,2760,2762,-1, 2748,2762,2734,-1, 2734,2762,2763,-1, 2734,2763,2733,-1, 2733,2763,2765,-1, 
          2733,2765,2770,-1, 2810,2809,2743,-1, 2743,2809,2756,-1, 2756,2809,2808,-1, 2756,2808,2748,-1, 2748,2808,2760,-1, 
          2830,2831,2906,-1, 2831,2832,2875,-1, 2833,2834,2871,-1, 2834,2835,2836,-1, 2837,3001,2838,-1, 2838,3001,2839,-1, 
          2840,2841,2842,-1, 2843,2848,2844,-1, 2844,2848,2845,-1, 2844,2845,2840,-1, 2840,2845,2846,-1, 2840,2846,2841,-1, 
          2847,2848,2843,-1, 2849,2850,2851,-1, 2851,2850,2852,-1, 2851,2852,2853,-1, 2853,2852,2854,-1, 2853,2854,2855,-1, 
          2855,2854,2856,-1, 2855,2856,2857,-1, 2857,2856,2858,-1, 2857,2858,2859,-1, 2859,2858,2860,-1, 2859,2860,2861,-1, 
          2837,2838,2842,-1, 2842,2838,2849,-1, 2842,2849,2840,-1, 2840,2849,2851,-1, 2840,2851,2844,-1, 2844,2851,2853,-1, 
          2844,2853,2843,-1, 2843,2853,2855,-1, 2843,2855,2847,-1, 2847,2855,2857,-1, 2847,2857,2862,-1, 2862,2857,2859,-1, 
          2862,2859,2863,-1, 2863,2859,2861,-1, 2863,2861,2864,-1, 2864,2865,2866,-1, 2864,2866,2863,-1, 2863,2866,2867,-1, 
          2863,2867,2862,-1, 2862,2867,2847,-1, 2847,2867,2868,-1, 2847,2868,2848,-1, 2835,2865,2836,-1, 2836,2865,2864,-1, 
          2836,2864,2869,-1, 2869,2864,2861,-1, 2869,2861,2870,-1, 2870,2861,2860,-1, 2871,2834,2836,-1, 2871,2836,2869,-1, 
          2871,2869,2872,-1, 2872,2869,2870,-1, 2873,2833,2871,-1, 2873,2871,2874,-1, 2874,2871,2872,-1, 2832,2833,2875,-1, 
          2875,2833,2873,-1, 2875,2873,2874,-1, 2906,2895,2876,-1, 2876,2895,2877,-1, 2876,2877,2878,-1, 2878,2877,2879,-1, 
          2878,2879,2880,-1, 2880,2879,2881,-1, 2880,2881,2882,-1, 2882,2881,2883,-1, 2882,2883,2884,-1, 2884,2883,2885,-1, 
          2884,2885,2886,-1, 2886,2885,2887,-1, 2886,2887,2888,-1, 2888,2887,2889,-1, 2888,2889,2890,-1, 2890,2889,2891,-1, 
          2890,2891,2892,-1, 2892,2891,2893,-1, 2892,2893,2894,-1, 2894,2893,2905,-1, 2894,2905,2839,-1, 2895,2896,2877,-1, 
          2877,2896,2897,-1, 2877,2897,2879,-1, 2879,2897,2898,-1, 2879,2898,2881,-1, 2881,2898,2899,-1, 2881,2899,2883,-1, 
          2883,2899,2900,-1, 2883,2900,2885,-1, 2885,2900,2901,-1, 2885,2901,2887,-1, 2887,2901,2902,-1, 2887,2902,2889,-1, 
          2889,2902,2903,-1, 2889,2903,2891,-1, 2891,2903,2904,-1, 2891,2904,2893,-1, 2893,2904,2905,-1, 2897,2907,2898,-1, 
          2898,2907,2908,-1, 2898,2908,2899,-1, 2899,2908,2909,-1, 2899,2909,2900,-1, 2900,2909,2910,-1, 2900,2910,2901,-1, 
          2901,2910,2911,-1, 2901,2911,2902,-1, 2902,2911,2912,-1, 2902,2912,2903,-1, 2903,2912,2850,-1, 2903,2850,2904,-1, 
          2904,2850,2849,-1, 2904,2849,2905,-1, 2905,2849,2838,-1, 2831,2875,2906,-1, 2850,2912,2852,-1, 2852,2912,2911,-1, 
          2852,2911,2854,-1, 2854,2911,2910,-1, 2854,2910,2856,-1, 2856,2910,2909,-1, 2856,2909,2858,-1, 2858,2909,2908,-1, 
          2858,2908,2860,-1, 2860,2908,2907,-1, 2860,2907,2870,-1, 2870,2907,2897,-1, 2870,2897,2872,-1, 2872,2897,2896,-1, 
          2872,2896,2874,-1, 2874,2896,2895,-1, 2874,2895,2875,-1, 2875,2895,2906,-1, 2839,2905,2838,-1, 2914,2990,2913,-1, 
          2914,2915,2958,-1, 2917,2919,2920,-1, 2932,2925,2921,-1, 2923,2924,2932,-1, 2932,2924,2925,-1, 2926,2931,2927,-1, 
          2927,2931,2928,-1, 2927,2928,2923,-1, 2923,2928,2929,-1, 2923,2929,2924,-1, 2930,2931,2926,-1, 2933,2934,2935,-1, 
          2935,2934,2936,-1, 2935,2936,2937,-1, 2937,2936,2938,-1, 2937,2938,2939,-1, 2939,2938,2940,-1, 2939,2940,2941,-1, 
          2941,2940,2942,-1, 2941,2942,2943,-1, 2943,2942,2944,-1, 2943,2944,2945,-1, 2932,2933,2923,-1, 2923,2933,2935,-1, 
          2923,2935,2927,-1, 2927,2935,2937,-1, 2927,2937,2926,-1, 2926,2937,2939,-1, 2926,2939,2930,-1, 2930,2939,2941,-1, 
          2930,2941,2946,-1, 2946,2941,2943,-1, 2946,2943,2947,-1, 2947,2943,2945,-1, 2947,2945,2948,-1, 2948,2949,2950,-1, 
          2948,2950,2947,-1, 2947,2950,2951,-1, 2947,2951,2946,-1, 2946,2951,2930,-1, 2930,2951,2952,-1, 2930,2952,2931,-1, 
          2919,2949,2920,-1, 2920,2949,2948,-1, 2920,2948,2953,-1, 2953,2948,2945,-1, 2953,2945,2954,-1, 2954,2945,2944,-1, 
          2918,2917,2920,-1, 2918,2920,2955,-1, 2955,2920,2953,-1, 2955,2953,2956,-1, 2956,2953,2954,-1, 2916,2917,2918,-1, 
          2916,2918,2957,-1, 2957,2918,2955,-1, 2957,2955,2991,-1, 2991,2955,2956,-1, 2958,2915,2916,-1, 2958,2916,2957,-1, 
          2958,2957,2959,-1, 2959,2957,2991,-1, 2980,2960,2961,-1, 2961,2960,2962,-1, 2961,2962,2963,-1, 2963,2962,2964,-1, 
          2963,2964,2965,-1, 2965,2964,2966,-1, 2965,2966,2967,-1, 2967,2966,2968,-1, 2967,2968,2969,-1, 2969,2968,2970,-1, 
          2969,2970,2971,-1, 2971,2970,2972,-1, 2971,2972,2973,-1, 2973,2972,2974,-1, 2973,2974,2975,-1, 2975,2974,2976,-1, 
          2975,2976,2977,-1, 2977,2976,2978,-1, 2977,2978,2979,-1, 2979,2978,3000,-1, 2979,3000,2922,-1, 2960,2981,2962,-1, 
          2962,2981,2982,-1, 2962,2982,2964,-1, 2964,2982,2983,-1, 2964,2983,2966,-1, 2966,2983,2984,-1, 2966,2984,2968,-1, 
          2968,2984,2985,-1, 2968,2985,2970,-1, 2970,2985,2986,-1, 2970,2986,2972,-1, 2972,2986,2987,-1, 2972,2987,2974,-1, 
          2974,2987,2988,-1, 2974,2988,2976,-1, 2976,2988,2999,-1, 2976,2999,2978,-1, 2978,2999,3000,-1, 2913,2990,2980,-1, 
          2980,2990,2960,-1, 2960,2991,2981,-1, 2981,2991,2992,-1, 2981,2992,2982,-1, 2982,2992,2993,-1, 2982,2993,2983,-1, 
          2983,2993,2994,-1, 2983,2994,2984,-1, 2984,2994,2995,-1, 2984,2995,2985,-1, 2985,2995,2996,-1, 2985,2996,2986,-1, 
          2986,2996,2997,-1, 2986,2997,2987,-1, 2987,2997,2998,-1, 2987,2998,2988,-1, 2988,2998,2999,-1, 2990,2914,2958,-1, 
          2990,2958,2959,-1, 2921,2989,2932,-1, 2932,2989,3000,-1, 2932,3000,2933,-1, 2933,3000,2999,-1, 2933,2999,2934,-1, 
          2934,2999,2998,-1, 2934,2998,2936,-1, 2936,2998,2997,-1, 2936,2997,2938,-1, 2938,2997,2996,-1, 2938,2996,2940,-1, 
          2940,2996,2995,-1, 2940,2995,2942,-1, 2942,2995,2994,-1, 2942,2994,2944,-1, 2944,2994,2993,-1, 2944,2993,2954,-1, 
          2954,2993,2992,-1, 2954,2992,2956,-1, 2956,2992,2991,-1, 2991,2960,2959,-1, 2959,2960,2990,-1, 2922,3000,2989,-1, 
          3002,3001,2837,-1, 3002,3003,3041,-1, 3005,3006,3007,-1, 2830,2906,3016,-1, 3016,2906,2876,-1, 3018,3010,3017,-1, 
          3011,3013,3012,-1, 3012,3013,3018,-1, 3018,3013,3010,-1, 3014,3035,3011,-1, 3011,3035,3015,-1, 3011,3015,3013,-1, 
          2830,3016,3017,-1, 3017,3016,3018,-1, 3020,3021,3022,-1, 3022,3021,3023,-1, 3022,3023,3024,-1, 3024,3023,3025,-1, 
          3024,3025,3026,-1, 3026,3025,3027,-1, 3026,3027,3028,-1, 3018,3019,3012,-1, 3012,3019,3020,-1, 3012,3020,3011,-1, 
          3011,3020,3022,-1, 3011,3022,3014,-1, 3014,3022,3024,-1, 3014,3024,3029,-1, 3029,3024,3026,-1, 3029,3026,3030,-1, 
          3030,3026,3028,-1, 3030,3028,3031,-1, 3008,3032,3031,-1, 3031,3032,3033,-1, 3031,3033,3030,-1, 3030,3033,3034,-1, 
          3030,3034,3029,-1, 3029,3034,3035,-1, 3029,3035,3014,-1, 3009,3008,3031,-1, 3009,3031,3036,-1, 3036,3031,3028,-1, 
          3036,3028,3037,-1, 3037,3028,3027,-1, 3006,3008,3007,-1, 3007,3008,3009,-1, 3007,3009,3038,-1, 3038,3009,3036,-1, 
          3038,3036,3039,-1, 3039,3036,3037,-1, 3004,3005,3007,-1, 3004,3007,3040,-1, 3040,3007,3038,-1, 3040,3038,3068,-1, 
          3068,3038,3039,-1, 3003,3005,3041,-1, 3041,3005,3004,-1, 3041,3004,3040,-1, 3041,3040,3042,-1, 3042,3040,3068,-1, 
          2839,3043,3044,-1, 3044,3043,3045,-1, 3044,3045,3046,-1, 3046,3045,3047,-1, 3046,3047,3048,-1, 3048,3047,3049,-1, 
          3048,3049,3050,-1, 3050,3049,3051,-1, 3050,3051,2886,-1, 2886,3051,3052,-1, 2886,3052,3053,-1, 3053,3052,3054,-1, 
          3053,3054,3055,-1, 3055,3054,3056,-1, 3055,3056,3057,-1, 3057,3056,3067,-1, 3057,3067,3058,-1, 3058,3067,3059,-1, 
          3058,3059,2876,-1, 3001,3042,2839,-1, 2839,3042,3043,-1, 3043,3060,3045,-1, 3045,3060,3061,-1, 3045,3061,3047,-1, 
          3047,3061,3062,-1, 3047,3062,3049,-1, 3049,3062,3063,-1, 3049,3063,3051,-1, 3051,3063,3064,-1, 3051,3064,3052,-1, 
          3052,3064,3065,-1, 3052,3065,3054,-1, 3054,3065,3066,-1, 3054,3066,3056,-1, 3056,3066,3067,-1, 3042,3068,3043,-1, 
          3043,3068,3069,-1, 3043,3069,3060,-1, 3060,3069,3070,-1, 3060,3070,3061,-1, 3061,3070,3071,-1, 3061,3071,3062,-1, 
          3062,3071,3072,-1, 3062,3072,3063,-1, 3063,3072,3073,-1, 3063,3073,3064,-1, 3064,3073,3074,-1, 3064,3074,3065,-1, 
          3065,3074,3075,-1, 3065,3075,3066,-1, 3066,3075,3076,-1, 3066,3076,3067,-1, 3067,3076,3059,-1, 3001,3002,3041,-1, 
          3001,3041,3042,-1, 3016,3059,3018,-1, 3018,3059,3076,-1, 3018,3076,3019,-1, 3019,3076,3075,-1, 3019,3075,3020,-1, 
          3020,3075,3074,-1, 3020,3074,3021,-1, 3021,3074,3073,-1, 3021,3073,3023,-1, 3023,3073,3072,-1, 3023,3072,3025,-1, 
          3025,3072,3071,-1, 3025,3071,3027,-1, 3027,3071,3070,-1, 3027,3070,3037,-1, 3037,3070,3069,-1, 3037,3069,3039,-1, 
          3039,3069,3068,-1, 2876,3059,3016,-1, 2921,3077,3123,-1, 3078,3077,2921,-1, 3080,3082,3083,-1, 3084,3085,3086,-1, 
          3089,3090,3091,-1, 3092,3097,3093,-1, 3093,3097,3094,-1, 3093,3094,3089,-1, 3089,3094,3095,-1, 3089,3095,3090,-1, 
          3096,3097,3092,-1, 3154,3098,3089,-1, 3089,3098,3099,-1, 3099,3100,3101,-1, 3101,3100,3102,-1, 3101,3102,3103,-1, 
          3103,3102,3104,-1, 3103,3104,3105,-1, 3105,3104,3106,-1, 3105,3106,3107,-1, 3107,3106,3108,-1, 3107,3108,3109,-1, 
          2913,3154,3091,-1, 3091,3154,3089,-1, 3089,3099,3093,-1, 3093,3099,3101,-1, 3093,3101,3092,-1, 3092,3101,3103,-1, 
          3092,3103,3096,-1, 3096,3103,3105,-1, 3096,3105,3110,-1, 3110,3105,3107,-1, 3110,3107,3111,-1, 3111,3107,3109,-1, 
          3111,3109,3112,-1, 3112,3113,3114,-1, 3112,3114,3111,-1, 3111,3114,3115,-1, 3111,3115,3110,-1, 3110,3115,3096,-1, 
          3096,3115,3116,-1, 3096,3116,3097,-1, 3085,3113,3086,-1, 3086,3113,3112,-1, 3086,3112,3117,-1, 3117,3112,3109,-1, 
          3117,3109,3118,-1, 3118,3109,3108,-1, 3082,3084,3083,-1, 3083,3084,3086,-1, 3083,3086,3119,-1, 3119,3086,3117,-1, 
          3119,3117,3155,-1, 3155,3117,3118,-1, 3081,3080,3083,-1, 3081,3083,3120,-1, 3120,3083,3119,-1, 3120,3119,3121,-1, 
          3121,3119,3155,-1, 3079,3080,3081,-1, 3079,3081,3122,-1, 3122,3081,3120,-1, 3122,3120,3121,-1, 2921,3123,3124,-1, 
          3124,3123,3125,-1, 3124,3125,3126,-1, 3124,3126,3127,-1, 3127,3126,3128,-1, 3127,3128,3129,-1, 3129,3128,3130,-1, 
          3129,3130,3131,-1, 3131,3130,3132,-1, 3131,3132,3133,-1, 3133,3132,3134,-1, 3133,3134,2971,-1, 2971,3134,3135,-1, 
          2971,3135,3136,-1, 3136,3135,3137,-1, 3136,3137,3138,-1, 3138,3137,3139,-1, 3138,3139,3140,-1, 3140,3139,3141,-1, 
          3140,3141,3142,-1, 3142,3141,3143,-1, 3142,3143,3088,-1, 3125,3144,3126,-1, 3126,3144,3145,-1, 3126,3145,3128,-1, 
          3128,3145,3146,-1, 3128,3146,3130,-1, 3130,3146,3147,-1, 3130,3147,3132,-1, 3132,3147,3148,-1, 3132,3148,3134,-1, 
          3134,3148,3149,-1, 3134,3149,3135,-1, 3135,3149,3150,-1, 3135,3150,3137,-1, 3137,3150,3151,-1, 3137,3151,3139,-1, 
          3139,3151,3152,-1, 3139,3152,3141,-1, 3141,3152,3153,-1, 3141,3153,3143,-1, 3143,3153,3154,-1, 3144,3155,3145,-1, 
          3145,3155,3156,-1, 3145,3156,3146,-1, 3146,3156,3157,-1, 3146,3157,3147,-1, 3147,3157,3158,-1, 3147,3158,3148,-1, 
          3148,3158,3159,-1, 3148,3159,3149,-1, 3149,3159,3160,-1, 3149,3160,3150,-1, 3150,3160,3161,-1, 3150,3161,3151,-1, 
          3151,3161,3162,-1, 3151,3162,3152,-1, 3152,3162,3098,-1, 3152,3098,3153,-1, 3153,3098,3154,-1, 3078,3079,3077,-1, 
          3077,3079,3122,-1, 3077,3122,3123,-1, 3098,3162,3099,-1, 3099,3162,3161,-1, 3099,3161,3100,-1, 3100,3161,3160,-1, 
          3100,3160,3102,-1, 3102,3160,3159,-1, 3102,3159,3104,-1, 3104,3159,3158,-1, 3104,3158,3106,-1, 3106,3158,3157,-1, 
          3106,3157,3108,-1, 3108,3157,3156,-1, 3108,3156,3118,-1, 3118,3156,3155,-1, 3155,3144,3121,-1, 3121,3144,3125,-1, 
          3121,3125,3122,-1, 3122,3125,3123,-1, 3088,3143,3087,-1, 3087,3143,3154,-1, 3087,3154,2913,-1, 2865,2835,3163,-1, 
          3163,2835,3164,-1, 2835,2834,3164,-1, 3164,2834,3165,-1, 2834,2833,3165,-1, 3165,2833,3166,-1, 3166,2833,2832,-1, 
          3166,2832,3167,-1, 2832,2831,3167,-1, 3167,2831,3168,-1, 2831,2830,3168,-1, 3168,2830,3017,-1, 3168,3017,3169,-1, 
          3169,3017,3010,-1, 3169,3010,3170,-1, 3010,3013,3170,-1, 3170,3013,3171,-1, 3171,3013,3015,-1, 3171,3015,3172,-1, 
          3015,3035,3172,-1, 3172,3035,3173,-1, 3173,3035,3034,-1, 3173,3034,3174,-1, 3034,3033,3174,-1, 3174,3033,3032,-1, 
          3174,3032,3175,-1, 3032,3008,3175,-1, 3175,3008,3176,-1, 3176,3008,3006,-1, 3176,3006,3177,-1, 3006,3005,3177,-1, 
          3177,3005,3178,-1, 3178,3005,3003,-1, 3178,3003,3179,-1, 3003,3002,3179,-1, 3179,3002,3180,-1, 3002,2837,3180,-1, 
          3180,2837,2842,-1, 3180,2842,3181,-1, 3181,2842,2841,-1, 3181,2841,3182,-1, 2841,2846,3182,-1, 3182,2846,2845,-1, 
          3182,2845,3183,-1, 2845,2848,3183,-1, 3183,2848,3184,-1, 3184,2848,2868,-1, 3184,2868,3185,-1, 2868,2867,3185,-1, 
          3185,2867,3186,-1, 3186,2867,2866,-1, 3186,2866,3163,-1, 3163,2866,2865,-1, 3188,2915,3189,-1, 2915,3188,2916,-1, 
          2916,3188,3190,-1, 2916,3190,2917,-1, 2917,3190,3191,-1, 2917,3191,2919,-1, 2919,3191,3192,-1, 2919,3192,2949,-1, 
          2949,3192,3193,-1, 2949,3193,2950,-1, 2950,3193,2951,-1, 2951,3193,3194,-1, 2951,3194,2952,-1, 2952,3194,3195,-1, 
          2952,3195,2931,-1, 2931,3195,3196,-1, 2931,3196,2928,-1, 2928,3196,3197,-1, 2928,3197,2929,-1, 2929,3197,2924,-1, 
          2924,3197,3198,-1, 2924,3198,2925,-1, 2925,3198,3199,-1, 2925,3199,2921,-1, 2921,3199,3078,-1, 3078,3199,3200,-1, 
          3078,3200,3079,-1, 3079,3200,3201,-1, 3079,3201,3080,-1, 3080,3201,3202,-1, 3187,3113,3203,-1, 3113,3085,3203,-1, 
          3203,3085,3084,-1, 3203,3084,3202,-1, 3202,3084,3082,-1, 3202,3082,3080,-1, 3113,3187,3114,-1, 3114,3187,3204,-1, 
          3114,3204,3115,-1, 3115,3204,3205,-1, 3115,3205,3116,-1, 3116,3205,3206,-1, 3116,3206,3097,-1, 3097,3206,3207,-1, 
          3208,3209,3091,-1, 3091,3090,3208,-1, 3208,3090,3095,-1, 3208,3095,3207,-1, 3207,3095,3094,-1, 3207,3094,3097,-1, 
          2915,2914,3189,-1, 3189,2914,3210,-1, 3210,2914,2913,-1, 3210,2913,3209,-1, 3209,2913,3091,-1, 3171,3211,3170,-1, 
          3170,3211,3212,-1, 3170,3212,3169,-1, 3169,3212,3213,-1, 3169,3213,3168,-1, 3168,3213,3214,-1, 3168,3214,3167,-1, 
          3167,3214,3215,-1, 3167,3215,3166,-1, 3178,3216,3177,-1, 3177,3216,3217,-1, 3177,3217,3176,-1, 3176,3217,3218,-1, 
          3176,3218,3175,-1, 3175,3218,3219,-1, 3175,3219,3174,-1, 3174,3219,3220,-1, 3174,3220,3173,-1, 3173,3220,3221,-1, 
          3173,3221,3172,-1, 3172,3221,3222,-1, 3172,3222,3171,-1, 3171,3222,3223,-1, 3171,3223,3211,-1, 3215,3224,3166,-1, 
          3166,3224,3225,-1, 3166,3225,3165,-1, 3165,3225,3226,-1, 3165,3226,3164,-1, 3164,3226,3227,-1, 3164,3227,3163,-1, 
          3163,3227,3228,-1, 3163,3228,3186,-1, 3186,3228,3229,-1, 3186,3229,3185,-1, 3185,3229,3230,-1, 3185,3230,3184,-1, 
          3184,3230,3231,-1, 3184,3231,3183,-1, 3231,3232,3183,-1, 3183,3232,3233,-1, 3183,3233,3182,-1, 3182,3233,3234,-1, 
          3182,3234,3181,-1, 3181,3234,3235,-1, 3181,3235,3180,-1, 3180,3235,3236,-1, 3180,3236,3179,-1, 3179,3236,3237,-1, 
          3179,3237,3178,-1, 3178,3237,3238,-1, 3178,3238,3216,-1, 3206,3239,3207,-1, 3207,3239,3240,-1, 3207,3240,3208,-1, 
          3208,3240,3241,-1, 3208,3241,3209,-1, 3209,3241,3242,-1, 3209,3242,3210,-1, 3210,3242,3243,-1, 3210,3243,3189,-1, 
          3189,3243,3244,-1, 3189,3244,3188,-1, 3188,3244,3245,-1, 3188,3245,3190,-1, 3202,3246,3203,-1, 3203,3246,3247,-1, 
          3203,3247,3187,-1, 3187,3247,3248,-1, 3187,3248,3204,-1, 3204,3248,3249,-1, 3204,3249,3205,-1, 3205,3249,3250,-1, 
          3205,3250,3206,-1, 3206,3250,3251,-1, 3206,3251,3239,-1, 3195,3252,3196,-1, 3196,3252,3253,-1, 3196,3253,3197,-1, 
          3197,3253,3254,-1, 3197,3254,3198,-1, 3198,3254,3255,-1, 3198,3255,3199,-1, 3199,3255,3256,-1, 3199,3256,3200,-1, 
          3200,3256,3257,-1, 3200,3257,3201,-1, 3201,3257,3258,-1, 3201,3258,3202,-1, 3202,3258,3259,-1, 3202,3259,3246,-1, 
          3245,3260,3190,-1, 3190,3260,3261,-1, 3190,3261,3191,-1, 3191,3261,3262,-1, 3191,3262,3192,-1, 3192,3262,3263,-1, 
          3192,3263,3193,-1, 3193,3263,3264,-1, 3193,3264,3194,-1, 3194,3264,3265,-1, 3194,3265,3195,-1, 3195,3265,3266,-1, 
          3195,3266,3252,-1, 3229,3242,3230,-1, 3230,3242,3241,-1, 3230,3241,3231,-1, 3231,3241,3240,-1, 3231,3240,3232,-1, 
          3232,3240,3239,-1, 3232,3239,3233,-1, 3233,3239,3251,-1, 3233,3251,3234,-1, 3234,3251,3250,-1, 3234,3250,3235,-1, 
          3235,3250,3249,-1, 3235,3249,3236,-1, 3236,3249,3248,-1, 3236,3248,3237,-1, 3237,3248,3247,-1, 3237,3247,3238,-1, 
          3238,3247,3246,-1, 3238,3246,3216,-1, 3216,3246,3259,-1, 3216,3259,3217,-1, 3217,3259,3258,-1, 3217,3258,3218,-1, 
          3218,3258,3257,-1, 3218,3257,3219,-1, 3219,3257,3256,-1, 3219,3256,3220,-1, 3220,3256,3255,-1, 3220,3255,3221,-1, 
          3221,3255,3254,-1, 3221,3254,3222,-1, 3222,3254,3253,-1, 3222,3253,3223,-1, 3223,3253,3252,-1, 3223,3252,3211,-1, 
          3211,3252,3266,-1, 3211,3266,3212,-1, 3212,3266,3265,-1, 3212,3265,3213,-1, 3213,3265,3264,-1, 3213,3264,3214,-1, 
          3214,3264,3263,-1, 3214,3263,3215,-1, 3215,3263,3262,-1, 3215,3262,3224,-1, 3224,3262,3261,-1, 3224,3261,3225,-1, 
          3225,3261,3260,-1, 3225,3260,3226,-1, 3226,3260,3245,-1, 3226,3245,3227,-1, 3227,3245,3244,-1, 3227,3244,3228,-1, 
          3228,3244,3243,-1, 3228,3243,3229,-1, 3229,3243,3242,-1, 3267,3268,3269,-1, 3270,3271,3272,-1, 3273,3274,3272,-1, 
          3272,3274,3267,-1, 3272,3267,3270,-1, 3270,3267,3269,-1, 3275,3276,3277,-1, 3278,3279,3280,-1, 3281,3282,3280,-1, 
          3280,3282,3275,-1, 3280,3275,3278,-1, 3278,3275,3277,-1, 3283,3284,3288,-1, 3283,3287,3285,-1, 3285,3287,3286,-1, 
          3288,3287,3283,-1, 3287,3288,3289,-1, 3289,3290,3291,-1, 3287,3289,3291,-1, 3292,3293,3294,-1, 3295,3296,3297,-1, 
          3298,3299,3297,-1, 3297,3299,3292,-1, 3297,3292,3295,-1, 3295,3292,3294,-1, 3304,3300,3302,-1, 3302,3300,3301,-1, 
          3308,3303,3304,-1, 3304,3303,3300,-1, 3305,3306,3307,-1, 3307,3306,3308,-1, 3307,3308,3304,-1, 3309,3310,3311,-1, 
          3312,3313,3314,-1, 3315,3316,3314,-1, 3314,3316,3309,-1, 3314,3309,3312,-1, 3312,3309,3311,-1, 3317,3318,3319,-1, 
          3319,3318,3320,-1, 3321,3319,3322,-1, 3322,3319,3320,-1, 3322,3320,3323,-1, 3323,3320,3324,-1, 3325,3326,3327,-1, 
          3328,3329,3330,-1, 3331,3332,3330,-1, 3330,3332,3325,-1, 3330,3325,3328,-1, 3328,3325,3327,-1, 3333,3334,3335,-1, 
          3336,3337,3338,-1, 3339,3340,3338,-1, 3338,3340,3333,-1, 3338,3333,3336,-1, 3336,3333,3335,-1, 3341,3342,3343,-1, 
          3344,3345,3346,-1, 3347,3348,3346,-1, 3346,3348,3341,-1, 3346,3341,3344,-1, 3344,3341,3343,-1, 3349,3350,3351,-1, 
          3352,3353,3289,-1, 3289,3353,3290,-1, 3353,3354,3290,-1, 3290,3354,3291,-1, 3355,3291,3354,-1, 3356,3357,3298,-1, 
          3298,3357,3299,-1, 3358,3359,3273,-1, 3273,3359,3274,-1, 3360,3361,3281,-1, 3281,3361,3282,-1, 3362,3363,3305,-1, 
          3305,3363,3306,-1, 3364,3332,3365,-1, 3365,3332,3331,-1, 3366,3323,3367,-1, 3367,3323,3324,-1, 3368,3316,3369,-1, 
          3369,3316,3315,-1, 3370,3340,3371,-1, 3371,3340,3339,-1, 3346,3345,3372,-1, 3372,3345,3373,-1, 3345,3344,3373,-1, 
          3373,3344,3374,-1, 3374,3344,3375,-1, 3375,3344,3343,-1, 3375,3343,3376,-1, 3376,3343,3342,-1, 3342,3341,3376,-1, 
          3376,3341,3377,-1, 3358,3273,3378,-1, 3378,3273,3272,-1, 3378,3272,3379,-1, 3380,3379,3271,-1, 3271,3379,3272,-1, 
          3380,3271,3381,-1, 3381,3271,3270,-1, 3381,3270,3382,-1, 3382,3270,3269,-1, 3383,3382,3268,-1, 3268,3382,3269,-1, 
          3384,3383,3267,-1, 3267,3383,3268,-1, 3274,3359,3267,-1, 3267,3359,3385,-1, 3267,3385,3384,-1, 3360,3281,3386,-1, 
          3386,3281,3280,-1, 3386,3280,3387,-1, 3388,3387,3279,-1, 3279,3387,3280,-1, 3388,3279,3389,-1, 3389,3279,3278,-1, 
          3389,3278,3390,-1, 3390,3278,3277,-1, 3391,3390,3276,-1, 3276,3390,3277,-1, 3392,3391,3275,-1, 3275,3391,3276,-1, 
          3282,3361,3275,-1, 3275,3361,3393,-1, 3275,3393,3392,-1, 3352,3289,3394,-1, 3394,3289,3288,-1, 3394,3288,3395,-1, 
          3395,3288,3284,-1, 3284,3283,3395,-1, 3395,3283,3396,-1, 3396,3283,3397,-1, 3397,3283,3285,-1, 3286,3398,3285,-1, 
          3285,3398,3397,-1, 3398,3286,3399,-1, 3399,3286,3287,-1, 3399,3287,3355,-1, 3355,3287,3291,-1, 3356,3298,3400,-1, 
          3400,3298,3297,-1, 3400,3297,3401,-1, 3402,3401,3296,-1, 3296,3401,3297,-1, 3402,3296,3403,-1, 3403,3296,3295,-1, 
          3403,3295,3404,-1, 3404,3295,3294,-1, 3405,3404,3293,-1, 3293,3404,3294,-1, 3406,3405,3292,-1, 3292,3405,3293,-1, 
          3299,3357,3292,-1, 3292,3357,3407,-1, 3292,3407,3406,-1, 3362,3305,3408,-1, 3408,3305,3307,-1, 3408,3307,3409,-1, 
          3409,3307,3304,-1, 3409,3304,3410,-1, 3410,3304,3302,-1, 3410,3302,3411,-1, 3412,3411,3301,-1, 3301,3411,3302,-1, 
          3412,3301,3413,-1, 3413,3301,3300,-1, 3413,3300,3414,-1, 3414,3300,3303,-1, 3414,3303,3415,-1, 3415,3303,3308,-1, 
          3415,3308,3416,-1, 3416,3308,3306,-1, 3416,3306,3363,-1, 3369,3315,3417,-1, 3417,3315,3314,-1, 3417,3314,3418,-1, 
          3418,3314,3419,-1, 3419,3314,3313,-1, 3420,3419,3312,-1, 3312,3419,3313,-1, 3421,3420,3311,-1, 3311,3420,3312,-1, 
          3421,3311,3422,-1, 3422,3311,3310,-1, 3422,3310,3423,-1, 3423,3310,3309,-1, 3316,3368,3309,-1, 3309,3368,3424,-1, 
          3309,3424,3423,-1, 3367,3324,3425,-1, 3425,3324,3320,-1, 3425,3320,3426,-1, 3320,3318,3426,-1, 3426,3318,3427,-1, 
          3317,3428,3318,-1, 3318,3428,3427,-1, 3428,3317,3429,-1, 3429,3317,3319,-1, 3319,3321,3429,-1, 3429,3321,3430,-1, 
          3321,3322,3430,-1, 3430,3322,3431,-1, 3323,3366,3322,-1, 3322,3366,3432,-1, 3322,3432,3431,-1, 3365,3331,3433,-1, 
          3433,3331,3330,-1, 3433,3330,3434,-1, 3434,3330,3435,-1, 3435,3330,3329,-1, 3436,3435,3328,-1, 3328,3435,3329,-1, 
          3437,3436,3327,-1, 3327,3436,3328,-1, 3437,3327,3438,-1, 3438,3327,3326,-1, 3438,3326,3439,-1, 3439,3326,3325,-1, 
          3332,3364,3325,-1, 3325,3364,3440,-1, 3325,3440,3439,-1, 3371,3339,3441,-1, 3441,3339,3338,-1, 3441,3338,3442,-1, 
          3442,3338,3443,-1, 3443,3338,3337,-1, 3444,3443,3336,-1, 3336,3443,3337,-1, 3445,3444,3335,-1, 3335,3444,3336,-1, 
          3445,3335,3446,-1, 3446,3335,3334,-1, 3446,3334,3447,-1, 3447,3334,3333,-1, 3340,3370,3333,-1, 3333,3370,3448,-1, 
          3333,3448,3447,-1, 3346,3372,3347,-1, 3347,3372,3449,-1, 3347,3449,3450,-1, 3451,3348,3450,-1, 3450,3348,3347,-1, 
          3377,3341,3452,-1, 3452,3341,3348,-1, 3452,3348,3451,-1, 3349,3453,3350,-1, 3350,3453,3454,-1, 3350,3454,3351,-1, 
          3351,3454,3455,-1, 3349,3351,3453,-1, 3453,3351,3455,-1, 3353,3352,3354,-1, 3354,3352,3355,-1, 3400,3407,3356,-1, 
          3356,3407,3357,-1, 3378,3385,3358,-1, 3358,3385,3359,-1, 3386,3393,3360,-1, 3360,3393,3361,-1, 3408,3416,3362,-1, 
          3362,3416,3363,-1, 3433,3440,3365,-1, 3365,3440,3364,-1, 3432,3366,3425,-1, 3425,3366,3367,-1, 3417,3424,3369,-1, 
          3369,3424,3368,-1, 3441,3448,3371,-1, 3371,3448,3370,-1, 3456,3378,3379,-1, 3422,3423,3424,-1, 3430,3431,3432,-1, 
          3439,3440,3438,-1, 3438,3440,3441,-1, 3406,3407,3405,-1, 3405,3407,3457,-1, 3405,3457,3404,-1, 3388,3382,3383,-1, 
          3458,3417,3418,-1, 3425,3426,3427,-1, 3418,3419,3458,-1, 3458,3419,3420,-1, 3458,3420,3416,-1, 3436,3437,3413,-1, 
          3433,3434,3435,-1, 3432,3433,3430,-1, 3430,3433,3435,-1, 3430,3435,3429,-1, 3387,3388,3386,-1, 3386,3388,3383,-1, 
          3386,3383,3385,-1, 3385,3383,3384,-1, 3415,3416,3414,-1, 3414,3416,3420,-1, 3414,3420,3413,-1, 3413,3420,3421,-1, 
          3435,3436,3429,-1, 3429,3436,3413,-1, 3429,3413,3428,-1, 3428,3413,3421,-1, 3428,3421,3427,-1, 3427,3421,3422,-1, 
          3427,3422,3425,-1, 3425,3422,3424,-1, 3374,3444,3373,-1, 3373,3444,3445,-1, 3447,3448,3446,-1, 3446,3448,3459,-1, 
          3446,3459,3445,-1, 3445,3459,3449,-1, 3445,3449,3373,-1, 3373,3449,3372,-1, 3388,3389,3382,-1, 3382,3389,3452,-1, 
          3382,3452,3381,-1, 3381,3452,3456,-1, 3381,3456,3380,-1, 3380,3456,3379,-1, 3441,3442,3443,-1, 3400,3401,3402,-1, 
          3443,3444,3403,-1, 3396,3390,3395,-1, 3395,3390,3391,-1, 3397,3398,3402,-1, 3400,3402,3355,-1, 3355,3402,3398,-1, 
          3355,3398,3399,-1, 3411,3408,3409,-1, 3392,3393,3391,-1, 3391,3393,3352,-1, 3391,3352,3395,-1, 3457,3408,3404,-1, 
          3404,3408,3411,-1, 3404,3411,3403,-1, 3403,3411,3412,-1, 3403,3412,3443,-1, 3443,3412,3413,-1, 3443,3413,3441,-1, 
          3441,3413,3437,-1, 3441,3437,3438,-1, 3402,3403,3397,-1, 3397,3403,3444,-1, 3397,3444,3396,-1, 3396,3444,3374,-1, 
          3396,3374,3390,-1, 3390,3374,3375,-1, 3390,3375,3389,-1, 3389,3375,3376,-1, 3389,3376,3452,-1, 3452,3376,3377,-1, 
          3395,3352,3394,-1, 3409,3410,3411,-1, 3450,3449,3451,-1, 3451,3449,3452,-1, 3460,3461,3462,-1, 3463,3464,3465,-1, 
          3466,3467,3468,-1, 3468,3467,3469,-1, 3468,3469,3465,-1, 3465,3469,3460,-1, 3465,3460,3463,-1, 3463,3460,3462,-1, 
          3470,3471,3472,-1, 3472,3471,3473,-1, 3474,3455,3475,-1, 3453,3476,3454,-1, 3454,3476,3477,-1, 3455,3474,3453,-1, 
          3453,3474,3478,-1, 3453,3478,3476,-1, 3479,3480,3477,-1, 3477,3480,3473,-1, 3477,3473,3454,-1, 3454,3473,3471,-1, 
          3454,3471,3455,-1, 3455,3471,3475,-1, 3400,3481,3407,-1, 3407,3481,3457,-1, 3386,3385,3482,-1, 3482,3385,3378,-1, 
          3482,3378,3456,-1, 3400,3355,3481,-1, 3481,3355,3352,-1, 3481,3352,3482,-1, 3482,3352,3393,-1, 3482,3393,3386,-1, 
          3481,3483,3458,-1, 3458,3416,3481,-1, 3481,3416,3408,-1, 3481,3408,3457,-1, 3441,3484,3448,-1, 3448,3484,3459,-1, 
          3441,3440,3484,-1, 3484,3440,3433,-1, 3484,3433,3483,-1, 3483,3433,3432,-1, 3483,3432,3425,-1, 3425,3424,3483,-1, 
          3483,3424,3417,-1, 3483,3417,3458,-1, 3459,3484,3449,-1, 3449,3484,3482,-1, 3449,3482,3452,-1, 3452,3482,3456,-1, 
          3485,3486,3463,-1, 3463,3486,3464,-1, 3487,3465,3486,-1, 3486,3465,3464,-1, 3487,3488,3465,-1, 3465,3488,3468,-1, 
          3489,3466,3488,-1, 3488,3466,3468,-1, 3490,3467,3489,-1, 3489,3467,3466,-1, 3490,3491,3467,-1, 3467,3491,3469,-1, 
          3492,3460,3491,-1, 3491,3460,3469,-1, 3493,3461,3492,-1, 3492,3461,3460,-1, 3494,3462,3493,-1, 3493,3462,3461,-1, 
          3494,3485,3462,-1, 3462,3485,3463,-1, 3495,3496,3472,-1, 3472,3496,3470,-1, 3497,3471,3496,-1, 3496,3471,3470,-1, 
          3497,3498,3471,-1, 3471,3498,3475,-1, 3499,3474,3498,-1, 3498,3474,3475,-1, 3500,3478,3499,-1, 3499,3478,3474,-1, 
          3501,3476,3500,-1, 3500,3476,3478,-1, 3501,3502,3476,-1, 3476,3502,3477,-1, 3503,3479,3502,-1, 3502,3479,3477,-1, 
          3503,3504,3479,-1, 3479,3504,3480,-1, 3504,3505,3480,-1, 3480,3505,3473,-1, 3505,3495,3473,-1, 3473,3495,3472,-1, 
          3493,3492,3491,-1, 3481,3482,3490,-1, 3490,3489,3481,-1, 3481,3489,3488,-1, 3481,3488,3483,-1, 3503,3482,3504,-1, 
          3504,3482,3484,-1, 3500,3482,3501,-1, 3501,3482,3503,-1, 3501,3503,3502,-1, 3505,3504,3495,-1, 3495,3504,3484,-1, 
          3495,3484,3496,-1, 3496,3484,3483,-1, 3496,3483,3497,-1, 3497,3483,3498,-1, 3499,3485,3500,-1, 3500,3485,3494,-1, 
          3500,3494,3482,-1, 3482,3494,3493,-1, 3482,3493,3490,-1, 3490,3493,3491,-1, 3499,3498,3485,-1, 3485,3498,3483,-1, 
          3485,3483,3486,-1, 3486,3483,3488,-1, 3486,3488,3487,-1, 3506,3507,3514,-1, 3514,3507,3515,-1, 3508,3509,3510,-1, 
          3510,3509,3511,-1, 3512,3513,3506,-1, 3506,3513,3507,-1, 3514,3515,3516,-1, 3516,3515,3520,-1, 3522,3521,3508,-1, 
          3508,3521,3509,-1, 3525,3517,3511,-1, 3511,3517,3510,-1, 4800,3518,3513,-1, 4800,3513,3512,-1, 3519,4820,3520,-1, 
          3520,4820,3516,-1, 3521,3522,3523,-1, 3523,3522,3524,-1, 3517,3525,3526,-1, 3526,3525,3527,-1, 3518,4800,3528,-1, 
          3528,4800,3535,-1, 3529,3530,3519,-1, 3519,3530,4820,-1, 3531,3532,3524,-1, 3524,3532,3523,-1, 3526,3527,3533,-1, 
          3533,3527,3534,-1, 3528,3535,3536,-1, 3536,3535,3537,-1, 3530,3529,3538,-1, 3538,3529,3539,-1, 3540,3541,3531,-1, 
          3531,3541,3532,-1, 3533,3534,3542,-1, 3542,3534,3890,-1, 3543,3544,3537,-1, 3537,3544,3536,-1, 3545,3538,3546,-1, 
          3546,3538,3539,-1, 3547,3548,3540,-1, 3540,3548,3541,-1, 4817,3542,3549,-1, 3549,3542,3890,-1, 3550,3551,3543,-1, 
          3543,3551,3544,-1, 3552,3545,3553,-1, 3553,3545,3546,-1, 3554,3888,3547,-1, 3547,3888,3548,-1, 4817,3549,3555,-1, 
          3555,3549,3556,-1, 3555,3556,3557,-1, 3558,3559,3550,-1, 3550,3559,3551,-1, 3560,3561,3553,-1, 3553,3561,3552,-1, 
          3569,3889,3554,-1, 3554,3889,3888,-1, 4794,3557,3562,-1, 3562,3557,3556,-1, 3559,3558,3563,-1, 3563,3558,3564,-1, 
          3565,3561,3566,-1, 3566,3561,3560,-1, 3567,3568,3569,-1, 3569,3568,3889,-1, 3570,3571,3562,-1, 3562,3571,4794,-1, 
          3572,3573,3564,-1, 3564,3573,3563,-1, 3574,3565,3575,-1, 3575,3565,3566,-1, 3576,3577,3567,-1, 3567,3577,3568,-1, 
          3578,3571,3579,-1, 3579,3571,3570,-1, 3580,3581,3572,-1, 3572,3581,3573,-1, 3582,3574,3583,-1, 3583,3574,3575,-1, 
          3584,3585,3576,-1, 3576,3585,3577,-1, 3586,3578,3597,-1, 3597,3578,3579,-1, 3587,3588,3589,-1, 3589,3588,3590,-1, 
          3591,3592,3580,-1, 3580,3592,3581,-1, 3593,3582,3594,-1, 3594,3582,3583,-1, 3595,3596,3584,-1, 3584,3596,3585,-1, 
          3586,3597,4822,-1, 4822,3597,3598,-1, 3598,3597,3599,-1, 3588,3600,3590,-1, 3590,3600,3601,-1, 3602,3587,3603,-1, 
          3603,3587,3589,-1, 3604,3605,3591,-1, 3591,3605,3592,-1, 3593,3594,3606,-1, 3606,3594,3607,-1, 3608,3609,3595,-1, 
          3595,3609,3596,-1, 3598,3599,3611,-1, 3611,3599,3610,-1, 3611,3610,3612,-1, 3613,3614,3615,-1, 3615,3614,3616,-1, 
          3617,3618,3613,-1, 3613,3618,3614,-1, 3600,3619,3601,-1, 3601,3619,3620,-1, 3633,3602,3621,-1, 3621,3602,3603,-1, 
          3636,3622,3604,-1, 3604,3622,3605,-1, 3623,3624,3607,-1, 3607,3624,3606,-1, 3625,3626,3608,-1, 3608,3626,3609,-1, 
          3611,3612,4822,-1, 4822,3612,3627,-1, 4822,3627,3628,-1, 3615,3616,3629,-1, 3629,3616,3630,-1, 3631,3632,3617,-1, 
          3617,3632,3618,-1, 3619,3651,3620,-1, 3620,3651,3652,-1, 3633,3621,3634,-1, 3633,3634,3635,-1, 3622,3636,3637,-1, 
          3637,3636,3638,-1, 3639,3624,3640,-1, 3640,3624,3623,-1, 3641,3642,3625,-1, 3625,3642,3626,-1, 3643,3628,3644,-1, 
          3644,3628,3627,-1, 3629,3630,3645,-1, 3645,3630,3646,-1, 3647,3648,3631,-1, 3631,3648,3632,-1, 3649,3650,3651,-1, 
          3651,3650,3652,-1, 3653,3635,3654,-1, 3654,3635,3634,-1, 3655,3656,3657,-1, 3657,3656,3658,-1, 3659,3655,3660,-1, 
          3660,3655,3657,-1, 3661,3662,3638,-1, 3638,3662,3637,-1, 3705,3639,3663,-1, 3663,3639,3640,-1, 3664,3665,3641,-1, 
          3641,3665,3642,-1, 3666,3643,3667,-1, 3667,3643,3644,-1, 3645,3646,3668,-1, 3668,3646,3669,-1, 3670,3671,3647,-1, 
          3647,3671,3648,-1, 3672,3673,3674,-1, 3674,3673,3675,-1, 3676,3677,3678,-1, 3678,3677,3679,-1, 3680,3681,3682,-1, 
          3682,3681,3683,-1, 3684,3685,3723,-1, 3723,3685,3686,-1, 3687,3688,3689,-1, 3689,3688,3690,-1, 3729,3691,3684,-1, 
          3684,3691,3685,-1, 3687,3692,3688,-1, 3688,3692,3693,-1, 3694,3680,3695,-1, 3695,3680,3682,-1, 3649,3696,3650,-1, 
          3650,3696,3697,-1, 3698,3699,3654,-1, 3654,3699,3653,-1, 3656,3700,3658,-1, 3658,3700,3701,-1, 3702,3659,3703,-1, 
          3703,3659,3660,-1, 3661,3704,3662,-1, 3662,3704,3745,-1, 3705,3663,3706,-1, 3705,3706,3707,-1, 3664,3708,3665,-1, 
          3665,3708,3709,-1, 3710,3711,3667,-1, 3667,3711,3666,-1, 3677,3712,3679,-1, 3679,3712,3713,-1, 3668,3669,3714,-1, 
          3714,3669,3753,-1, 3674,3675,3715,-1, 3715,3675,3716,-1, 3759,3760,3670,-1, 3670,3760,3671,-1, 3672,3717,3673,-1, 
          3673,3717,3718,-1, 3719,3676,3720,-1, 3720,3676,3678,-1, 3681,3721,3683,-1, 3683,3721,3722,-1, 3723,3686,3724,-1, 
          3723,3724,3725,-1, 3689,3690,3726,-1, 3726,3690,3727,-1, 3728,3730,3729,-1, 3729,3730,3691,-1, 3692,3731,3693,-1, 
          3693,3731,3732,-1, 3733,3694,3734,-1, 3734,3694,3695,-1, 3735,3736,3696,-1, 3696,3736,3697,-1, 3737,3699,3738,-1, 
          3738,3699,3698,-1, 3700,3739,3701,-1, 3701,3739,3740,-1, 3741,3702,3742,-1, 3742,3702,3703,-1, 3744,3743,3745,-1, 
          3744,3745,3704,-1, 3793,3707,3746,-1, 3746,3707,3706,-1, 3709,3708,3887,-1, 3887,3708,3747,-1, 3748,3711,3749,-1, 
          3749,3711,3710,-1, 3712,3750,3713,-1, 3713,3750,3751,-1, 3714,3753,3752,-1, 3752,3753,3754,-1, 3754,3753,3802,-1, 
          3715,3716,3755,-1, 3755,3716,3756,-1, 3757,3758,3759,-1, 3759,3758,3760,-1, 3717,3761,3718,-1, 3718,3761,3762,-1, 
          3763,3719,3764,-1, 3764,3719,3720,-1, 3721,3765,3722,-1, 3722,3765,3766,-1, 3725,3724,3767,-1, 3767,3724,3768,-1, 
          3726,3727,3769,-1, 3769,3727,3770,-1, 3771,3772,3728,-1, 3728,3772,3730,-1, 3731,3773,3732,-1, 3732,3773,3774,-1, 
          3775,3733,3776,-1, 3776,3733,3734,-1, 3777,3778,3779,-1, 3779,3778,3780,-1, 3735,3781,3736,-1, 3736,3781,3782,-1, 
          3883,3737,4796,-1, 4796,3737,3738,-1, 3783,3784,3785,-1, 3785,3784,3786,-1, 3739,3787,3740,-1, 3740,3787,3788,-1, 
          3789,3741,3790,-1, 3790,3741,3742,-1, 3744,3791,3743,-1, 3743,3791,3792,-1, 3793,3746,3794,-1, 3793,3794,3795,-1, 
          3747,3796,3887,-1, 3887,3796,3797,-1, 3798,3748,3799,-1, 3799,3748,3749,-1, 3750,3800,3751,-1, 3751,3800,3801,-1, 
          3754,3802,3803,-1, 3803,3802,3804,-1, 3755,3756,3805,-1, 3805,3756,3806,-1, 3807,3808,3809,-1, 4805,3807,3810,-1, 
          3810,3807,3809,-1, 3810,3809,3757,-1, 3757,3809,3758,-1, 3761,3811,3762,-1, 3762,3811,3812,-1, 3813,3763,3814,-1, 
          3814,3763,3764,-1, 3765,3815,3766,-1, 3766,3815,3816,-1, 3767,3768,3817,-1, 3817,3768,3818,-1, 3769,3770,3819,-1, 
          3819,3770,3820,-1, 3821,3822,3771,-1, 3771,3822,3772,-1, 3773,3823,3774,-1, 3774,3823,3824,-1, 3825,3775,3826,-1, 
          3826,3775,3776,-1, 3777,3827,3778,-1, 3778,3827,3828,-1, 3829,3779,4336,-1, 4336,3779,3780,-1, 3781,3884,3782,-1, 
          3782,3884,3830,-1, 3784,3831,3786,-1, 3786,3831,3832,-1, 3880,3833,3834,-1, 3834,3833,3835,-1, 3882,3783,4340,-1, 
          4340,3783,3785,-1, 3834,3835,3836,-1, 3836,3835,3837,-1, 3787,3838,3788,-1, 3788,3838,3839,-1, 3840,3841,3842,-1, 
          3842,3841,3879,-1, 3843,3789,4791,-1, 4791,3789,3790,-1, 3841,3840,3844,-1, 3844,3840,4343,-1, 4801,3845,3791,-1, 
          3791,3845,3792,-1, 3846,3795,3847,-1, 3847,3795,3794,-1, 3796,3848,3797,-1, 3797,3848,3849,-1, 3850,3798,4016,-1, 
          4016,3798,3799,-1, 3851,3852,3800,-1, 3800,3852,3801,-1, 3803,3804,3853,-1, 3853,3804,4117,-1, 3805,3806,3854,-1, 
          3854,3806,3855,-1, 3894,3808,4439,-1, 4439,3808,3807,-1, 4439,3807,4805,-1, 3811,3856,3812,-1, 3812,3856,3857,-1, 
          3858,3813,3859,-1, 3859,3813,3814,-1, 3860,3861,3815,-1, 3815,3861,3816,-1, 3817,3818,3862,-1, 3862,3818,3863,-1, 
          3819,3820,3864,-1, 3864,3820,3865,-1, 4697,4020,3821,-1, 3821,4020,3822,-1, 3823,3866,3824,-1, 3824,3866,3867,-1, 
          3825,3826,3868,-1, 3868,3826,3869,-1, 3870,3871,4308,-1, 3816,3861,4021,-1, 3875,3963,3964,-1, 3801,3852,3876,-1, 
          3834,3836,3878,-1, 3844,4302,4308,-1, 3844,3879,3841,-1, 3879,3844,3843,-1, 3843,3844,4308,-1, 3843,4308,3789,-1, 
          3739,3700,3789,-1, 3789,3700,3656,-1, 3789,3656,3655,-1, 3655,3659,3789,-1, 3789,3659,3702,-1, 3789,3702,3741,-1, 
          3880,3834,3877,-1, 3877,3834,3878,-1, 3877,3878,3838,-1, 3877,3838,3888,-1, 3888,3838,3787,-1, 3783,3882,3881,-1, 
          3783,3881,3784,-1, 3784,3881,3831,-1, 3883,3881,3877,-1, 3883,3877,3737,-1, 3699,3737,3735,-1, 3877,3884,3781,-1, 
          3699,3735,3653,-1, 3653,3735,3696,-1, 3653,3696,3635,-1, 3635,3696,3649,-1, 3635,3649,3633,-1, 3600,3588,3633,-1, 
          3633,3588,3587,-1, 3633,3587,3602,-1, 3649,3651,3633,-1, 3633,3651,3619,-1, 3633,3619,3600,-1, 3829,3884,3779,-1, 
          3779,3884,3885,-1, 3779,3885,3777,-1, 3777,3885,3827,-1, 3743,3847,3745,-1, 3745,3847,3662,-1, 3886,3622,3847,-1, 
          3847,3622,3637,-1, 3847,3637,3662,-1, 3513,3563,3573,-1, 3581,3592,3886,-1, 3886,3592,3605,-1, 3886,3605,3622,-1, 
          3536,3544,3513,-1, 3544,3551,3513,-1, 3513,3551,3559,-1, 3513,3559,3563,-1, 3513,3528,3536,-1, 3507,3513,3877,-1, 
          3513,3518,3528,-1, 3546,3539,3515,-1, 3539,3529,3515,-1, 3515,3529,3519,-1, 3515,3519,3520,-1, 3877,3560,3515,-1, 
          3515,3560,3553,-1, 3515,3553,3546,-1, 3594,3583,3904,-1, 3904,3583,3575,-1, 3904,3575,3877,-1, 3877,3575,3566,-1, 
          3877,3566,3560,-1, 3904,3607,3594,-1, 3663,3640,4117,-1, 4117,3640,3623,-1, 4117,3623,3904,-1, 3904,3623,3607,-1, 
          4117,3706,3663,-1, 3845,3847,3792,-1, 3792,3847,3743,-1, 3847,3794,4117,-1, 4117,3794,3746,-1, 4117,3746,3706,-1, 
          4016,3799,3749,-1, 3797,3849,4016,-1, 4016,3887,3797,-1, 3887,3626,3642,-1, 3642,3665,3887,-1, 3887,3665,3709,-1, 
          3887,3609,3626,-1, 3889,3568,3888,-1, 3888,3568,3577,-1, 3888,3577,4127,-1, 4127,3577,3585,-1, 4127,3585,3596,-1, 
          3532,3541,3888,-1, 3541,3548,3888,-1, 3511,3890,3525,-1, 3509,3521,3888,-1, 3888,3521,3523,-1, 3888,3523,3532,-1, 
          3534,3527,3890,-1, 3890,3527,3525,-1, 3891,3570,3562,-1, 3562,3556,3891,-1, 3891,3556,3890,-1, 3890,3556,3549,-1, 
          3570,3891,3579,-1, 3579,3891,3892,-1, 3579,3892,3597,-1, 3892,3612,3610,-1, 3892,3610,3599,-1, 3749,3710,3667,-1, 
          3667,3644,3749,-1, 3749,3644,3627,-1, 3749,3627,3892,-1, 3892,3627,3612,-1, 3806,3756,4084,-1, 4084,3756,3716,-1, 
          3716,3675,4017,-1, 4017,3675,3673,-1, 3812,4017,3762,-1, 3762,4017,3718,-1, 3718,4017,3673,-1, 3857,3859,3812,-1, 
          3812,3859,3814,-1, 3812,3814,4017,-1, 4017,3814,3764,-1, 4017,3764,3720,-1, 3720,3678,4017,-1, 4017,3678,3679,-1, 
          4017,3679,4137,-1, 4137,3679,3713,-1, 4137,3713,3751,-1, 4069,3894,3893,-1, 4069,3893,4084,-1, 4084,3893,3855,-1, 
          4084,3855,3806,-1, 3753,3760,3802,-1, 3802,3760,3758,-1, 3802,3758,3809,-1, 3802,3809,3804,-1, 3804,3809,3808,-1, 
          3804,3808,3847,-1, 3847,3808,3894,-1, 3847,3894,4069,-1, 3648,3671,3753,-1, 3753,3671,3760,-1, 3630,3616,3646,-1, 
          3646,3616,3614,-1, 3646,3614,3618,-1, 3753,3669,3648,-1, 3648,3669,3646,-1, 3648,3646,3632,-1, 3632,3646,3618,-1, 
          3751,3801,4137,-1, 4137,3801,3876,-1, 4137,3876,3925,-1, 3925,3876,4117,-1, 3904,3895,3896,-1, 3897,3898,4117,-1, 
          3899,3900,4144,-1, 4144,3900,3901,-1, 4144,3901,3902,-1, 3896,3903,3904,-1, 4117,3904,3905,-1, 4117,3905,3897,-1, 
          3902,3906,4144,-1, 4144,3906,3907,-1, 4144,3907,3908,-1, 4144,3908,3909,-1, 3909,3910,4144,-1, 4144,3910,3911,-1, 
          4144,3911,3912,-1, 3895,3904,3913,-1, 3913,3904,3914,-1, 3912,3915,4144,-1, 4144,3915,3916,-1, 4144,3916,3917,-1, 
          4144,3918,3904,-1, 3904,3918,3919,-1, 3904,3919,3914,-1, 3920,3921,4117,-1, 4117,3921,3922,-1, 4117,3922,3925,-1, 
          3925,3922,3923,-1, 3925,3923,3924,-1, 3925,3926,3927,-1, 3928,3929,4137,-1, 3931,4137,3932,-1, 3932,4137,3933,-1, 
          3933,4137,3930,-1, 3931,3934,4137,-1, 4137,3934,3935,-1, 3936,3937,4144,-1, 3935,3938,4137,-1, 4137,3938,3939,-1, 
          4137,3939,3940,-1, 4144,3937,4117,-1, 4117,3937,3941,-1, 4117,3941,3920,-1, 3942,3943,4144,-1, 4144,3943,3944,-1, 
          4144,3944,3936,-1, 3952,3945,3951,-1, 4308,3951,3946,-1, 4308,3946,3947,-1, 3874,3948,4308,-1, 3948,3949,4308,-1, 
          4308,3949,3950,-1, 4308,3950,3951,-1, 3951,3950,3952,-1, 3953,3874,3954,-1, 3954,3874,3873,-1, 3957,3955,3956,-1, 
          3957,3956,3958,-1, 3957,3958,3959,-1, 3964,3960,3961,-1, 3964,3963,3965,-1, 3964,3965,3966,-1, 3987,3967,3968,-1, 
          4239,3989,3969,-1, 3970,3971,3891,-1, 3969,3972,4239,-1, 4239,3972,3973,-1, 4239,3973,3891,-1, 3891,3973,3974,-1, 
          3891,3974,3970,-1, 3971,3975,3891,-1, 3891,3975,3976,-1, 3891,3976,3977,-1, 3977,3978,3979,-1, 3967,3987,3980,-1, 
          3980,3987,3977,-1, 3980,3977,3981,-1, 3979,3982,3977,-1, 3977,3982,3983,-1, 3977,3983,3981,-1, 3968,3984,3987,-1, 
          3987,3984,3985,-1, 3987,3985,3986,-1, 4239,3988,3989,-1, 3990,3991,3992,-1, 3992,3991,3993,-1, 3992,3993,3994,-1, 
          3994,3995,3992,-1, 3992,3995,3996,-1, 3992,3996,3997,-1, 3992,3998,4001,-1, 4001,3998,3999,-1, 4000,4025,4001,-1, 
          4002,4001,3999,-1, 4000,4003,4025,-1, 4025,4003,4004,-1, 4025,4004,4011,-1, 4011,4004,4005,-1, 4011,4005,4006,-1, 
          4006,4007,4011,-1, 4011,4007,4008,-1, 4011,4008,4009,-1, 4011,4010,4012,-1, 4012,4013,4011,-1, 4011,4013,4014,-1, 
          4011,4014,3992,-1, 3992,4014,4015,-1, 3992,4015,3990,-1, 3865,3820,4016,-1, 4017,3826,4018,-1, 4018,3826,3776,-1, 
          3688,3693,4017,-1, 3776,3734,4018,-1, 4018,3734,3695,-1, 4018,3695,3682,-1, 3682,3683,4018,-1, 4018,3683,3722,-1, 
          4018,3722,4021,-1, 4021,3722,3766,-1, 3820,3770,4016,-1, 4016,3770,3727,-1, 4016,3727,4017,-1, 4017,3727,3690,-1, 
          4017,3690,3688,-1, 3867,3869,3824,-1, 3824,3869,3826,-1, 3824,3826,3774,-1, 3774,3826,4017,-1, 3774,4017,3732,-1, 
          3732,4017,3693,-1, 3865,4016,4019,-1, 4019,4016,4020,-1, 4020,4016,3822,-1, 3818,3768,3730,-1, 3730,3768,3724,-1, 
          3730,3724,3691,-1, 3691,3724,3686,-1, 3691,3686,3685,-1, 3766,3816,4021,-1, 4011,4021,3863,-1, 4011,3863,3818,-1, 
          4032,4023,4025,-1, 4023,4024,4025,-1, 4025,4026,4022,-1, 3872,4027,4093,-1, 4093,4027,4028,-1, 4093,4028,4029,-1, 
          4093,4030,4031,-1, 4093,4031,4032,-1, 4068,4033,4034,-1, 4068,4034,4035,-1, 4068,4035,4036,-1, 4022,4037,4025,-1, 
          4025,4037,4038,-1, 4039,4040,4046,-1, 4038,4041,4025,-1, 4025,4041,4042,-1, 4025,4042,4046,-1, 4046,4042,4043,-1, 
          4046,4043,4039,-1, 4044,4045,4068,-1, 4040,4033,4046,-1, 4046,4033,4068,-1, 4046,4068,4047,-1, 4045,4048,4068,-1, 
          4068,4048,4049,-1, 4068,4049,4047,-1, 4046,4050,4051,-1, 4046,4051,4052,-1, 4052,4053,4046,-1, 4046,4053,4054,-1, 
          4046,4054,4055,-1, 4055,4056,4068,-1, 4056,4057,4068,-1, 4068,4057,4058,-1, 4068,4058,4059,-1, 4059,4060,4068,-1, 
          4068,4060,4061,-1, 4068,4061,4062,-1, 4068,4062,4063,-1, 4068,4064,4065,-1, 4068,4065,4044,-1, 4063,4066,4068,-1, 
          4068,4066,4067,-1, 4068,4067,4064,-1, 4055,4068,4046,-1, 4046,4068,4025,-1, 4001,4068,3992,-1, 3716,4017,4084,-1, 
          4084,4017,4069,-1, 4070,4071,4069,-1, 4069,4071,4072,-1, 4073,4074,4069,-1, 4069,4074,4075,-1, 4069,4075,4076,-1, 
          4072,4077,4069,-1, 4069,4077,4078,-1, 4069,4078,4079,-1, 4079,4080,4069,-1, 4069,4081,4073,-1, 4082,4083,4084,-1, 
          4069,4084,4085,-1, 4069,4085,4086,-1, 4076,4087,4069,-1, 4069,4087,4088,-1, 4069,4088,4084,-1, 4084,4088,4089,-1, 
          4084,4089,4082,-1, 4086,4090,4069,-1, 4069,4090,4091,-1, 4069,4091,4092,-1, 4137,3925,3928,-1, 3928,3925,3927,-1, 
          4094,4093,3892,-1, 4094,3892,4097,-1, 4096,4098,4094,-1, 4094,4098,4099,-1, 4094,4099,4100,-1, 4101,4102,3892,-1, 
          3892,4102,4103,-1, 3892,4103,4104,-1, 4100,4105,4094,-1, 4094,4105,4106,-1, 4094,4106,3892,-1, 3892,4106,4107,-1, 
          3892,4107,4101,-1, 3892,4108,4109,-1, 3892,4109,4110,-1, 4110,4111,3892,-1, 3892,4111,4112,-1, 3892,4112,4113,-1, 
          3892,4113,4114,-1, 4114,4115,3892,-1, 3892,4115,4116,-1, 3892,4116,4097,-1, 4117,3804,3847,-1, 3730,3772,3818,-1, 
          3818,3772,3822,-1, 3818,3822,4011,-1, 4011,3822,4016,-1, 4011,4016,3749,-1, 4144,4117,3899,-1, 3899,4117,3898,-1, 
          4118,4119,3887,-1, 4119,4120,3887,-1, 3887,4120,4121,-1, 3887,4121,4122,-1, 4123,4124,4137,-1, 4125,4126,4127,-1, 
          4127,4126,4128,-1, 4127,4128,4129,-1, 4123,4137,4130,-1, 4129,4131,4127,-1, 4127,4131,4132,-1, 4127,4132,4137,-1, 
          4137,4132,4133,-1, 4137,4133,4130,-1, 4134,4135,3887,-1, 3887,4135,4136,-1, 4016,4017,4137,-1, 4016,4137,3887,-1, 
          3887,4137,4134,-1, 4134,4137,4124,-1, 4136,4138,3887,-1, 3887,4138,4139,-1, 3887,4139,4140,-1, 4140,4141,3887,-1, 
          3887,4141,4142,-1, 3887,4142,4143,-1, 3887,4143,4118,-1, 4104,4095,3892,-1, 4068,4018,3992,-1, 3992,4018,4021,-1, 
          3992,4021,4011,-1, 3892,4011,3749,-1, 3597,3892,3599,-1, 4122,4125,3887,-1, 3887,4125,4127,-1, 3887,4127,3609,-1, 
          3609,4127,3596,-1, 4137,4144,4127,-1, 4145,4146,4164,-1, 4147,3891,3977,-1, 4148,4164,4149,-1, 4149,4164,3891,-1, 
          4150,4151,3977,-1, 4148,4152,4164,-1, 4164,4152,4153,-1, 4164,4153,4154,-1, 4164,4146,3977,-1, 3977,4146,4155,-1, 
          3977,4155,4150,-1, 4151,4156,3977,-1, 3977,4156,4157,-1, 3977,4157,4147,-1, 4147,4158,3891,-1, 3891,4158,4159,-1, 
          3891,4159,4160,-1, 4154,4161,4164,-1, 4164,4161,4162,-1, 4164,4162,4163,-1, 4160,4165,3891,-1, 3891,4165,4166,-1, 
          3891,4166,4149,-1, 4164,4167,4168,-1, 4164,4168,4145,-1, 4093,4032,4025,-1, 4093,4025,3892,-1, 4164,3892,3891,-1, 
          4169,4170,4127,-1, 4171,4172,4144,-1, 4171,4144,4173,-1, 3888,4174,4175,-1, 3877,4176,4177,-1, 4177,4178,3877,-1, 
          3877,4178,4179,-1, 3877,4179,4180,-1, 4170,4181,4127,-1, 4127,4181,4182,-1, 4127,4182,3888,-1, 3888,4182,4183,-1, 
          3888,4183,4184,-1, 4184,4185,3888,-1, 3888,4185,4186,-1, 3888,4186,4174,-1, 4180,4187,3877,-1, 3877,4187,4188,-1, 
          3877,4188,4144,-1, 4144,4188,4189,-1, 4144,4189,4173,-1, 4172,4190,4144,-1, 4144,4190,4127,-1, 4127,4191,4169,-1, 
          4193,4194,3886,-1, 3886,4194,4195,-1, 4195,4196,3886,-1, 3886,4196,4197,-1, 3886,4197,4198,-1, 4192,4199,3886,-1, 
          3886,4199,4200,-1, 3886,4200,4201,-1, 4201,4202,3886,-1, 3886,3847,4017,-1, 4017,3847,4069,-1, 4070,4069,4092,-1, 
          4203,3513,3886,-1, 3886,3513,3573,-1, 3886,3573,3581,-1, 4202,4204,3886,-1, 3886,4204,4205,-1, 3886,4205,4206,-1, 
          4203,4207,3513,-1, 3513,4207,4208,-1, 3513,4208,4209,-1, 4210,4211,3886,-1, 3886,4211,4212,-1, 3886,4212,4193,-1, 
          4206,4213,3886,-1, 3886,4213,4214,-1, 3886,4214,4203,-1, 4239,4215,4216,-1, 4217,4218,3891,-1, 4219,4220,4221,-1, 
          4221,4222,4219,-1, 4219,4222,4223,-1, 4219,4223,4224,-1, 4225,4226,4239,-1, 4239,4226,4227,-1, 4239,4227,4215,-1, 
          3891,4228,4229,-1, 4224,4230,4219,-1, 4219,4230,4231,-1, 4219,4231,3891,-1, 3891,4231,4232,-1, 4218,4233,3891,-1, 
          3891,4233,4234,-1, 3891,4234,4235,-1, 3891,4235,4228,-1, 4229,4236,3891,-1, 3891,4236,4237,-1, 3891,4237,4239,-1, 
          4239,4237,4238,-1, 4239,4238,4225,-1, 3987,4239,3964,-1, 3871,4240,4308,-1, 4308,4240,4241,-1, 4308,4241,4242,-1, 
          4242,4243,4308,-1, 4308,4243,4244,-1, 4219,4245,4308,-1, 4308,4245,4246,-1, 4246,4247,4308,-1, 4308,4247,4248,-1, 
          4308,4248,4249,-1, 4244,4250,4308,-1, 4308,4250,4251,-1, 4308,4252,4253,-1, 4308,4253,4254,-1, 4219,4255,4256,-1, 
          4219,4256,4257,-1, 4254,4219,4308,-1, 4308,4219,3891,-1, 4001,4025,4068,-1, 4257,4258,4219,-1, 4219,4258,4259,-1, 
          4219,4259,4245,-1, 4036,3872,4068,-1, 4068,3872,4093,-1, 4068,4093,4094,-1, 4068,4094,3892,-1, 4068,3892,4164,-1, 
          4068,4164,3977,-1, 4068,3977,3987,-1, 4068,3987,3964,-1, 4068,3964,3957,-1, 3957,3964,3961,-1, 3957,3961,3955,-1, 
          3955,3961,3962,-1, 4216,4220,4239,-1, 4239,4220,4219,-1, 4239,4219,3964,-1, 3964,4219,4308,-1, 3964,4308,3875,-1, 
          3875,4308,3947,-1, 3511,3509,3890,-1, 3890,3509,3888,-1, 3890,3888,4308,-1, 4308,3888,3789,-1, 3789,3888,3787,-1, 
          3789,3787,3739,-1, 3515,3507,3877,-1, 3737,3877,3781,-1, 3737,3781,3735,-1, 4209,4210,3513,-1, 3513,4210,3886,-1, 
          3513,3886,4260,-1, 3513,4260,3877,-1, 4261,4262,4263,-1, 4263,4262,4264,-1, 4263,4264,4265,-1, 4265,4266,4263,-1, 
          4263,4266,4260,-1, 4260,4267,4268,-1, 3877,3885,3884,-1, 3885,4269,4270,-1, 3885,4270,4271,-1, 4268,4272,4260,-1, 
          4260,4272,4273,-1, 4260,4273,4274,-1, 4275,4276,3877,-1, 3877,4276,4277,-1, 3877,4277,3885,-1, 4274,4278,4260,-1, 
          4260,4278,3877,-1, 3877,4279,4275,-1, 4271,4280,3885,-1, 3885,4280,4281,-1, 3885,4281,4282,-1, 4283,4284,4302,-1, 
          4284,4285,4302,-1, 4302,4285,4286,-1, 4302,4286,4287,-1, 4289,4290,4288,-1, 4288,4290,4291,-1, 4288,4291,4292,-1, 
          4292,4293,4288,-1, 4288,4293,4294,-1, 4288,4294,3874,-1, 3874,4294,4295,-1, 3874,4295,4296,-1, 4296,4297,3874,-1, 
          3874,4297,4298,-1, 3874,4298,4299,-1, 4300,4301,4302,-1, 4302,4301,4303,-1, 4302,4303,4304,-1, 4304,4305,4302,-1, 
          4302,4305,4306,-1, 4302,4306,4307,-1, 4302,4307,4283,-1, 4299,4300,3874,-1, 3874,4300,4302,-1, 3874,4302,3957,-1, 
          3874,3957,3873,-1, 3873,3957,3959,-1, 4308,3891,3890,-1, 4282,4261,3885,-1, 3885,4261,4263,-1, 3885,4263,4309,-1, 
          4310,4311,4263,-1, 4263,4312,4313,-1, 4310,4263,4314,-1, 4263,4315,4316,-1, 4263,4316,4312,-1, 4313,4317,4263,-1, 
          4263,4318,4314,-1, 4319,4320,4309,-1, 4309,4320,4321,-1, 4309,4321,4322,-1, 4323,4324,4263,-1, 4311,4325,4263,-1, 
          4263,4325,4309,-1, 4309,4326,4319,-1, 4322,4327,4309,-1, 4309,4327,4328,-1, 4309,4328,4263,-1, 4263,4328,4329,-1, 
          4263,4329,4323,-1, 4324,4330,4263,-1, 4263,4330,4331,-1, 4263,4331,4315,-1, 4287,4288,4302,-1, 3874,4308,4288,-1, 
          4288,4308,4302,-1, 4249,3870,4308,-1, 4025,4011,3892,-1, 4175,4176,3888,-1, 3888,4176,3877,-1, 3940,3942,4137,-1, 
          4137,3942,4144,-1, 4144,3904,3877,-1, 3877,3881,3880,-1, 3880,3881,3882,-1, 3827,3885,4309,-1, 3827,4309,4332,-1, 
          4332,4309,4263,-1, 3886,4017,4260,-1, 4260,4017,4263,-1, 4263,4017,4332,-1, 4335,4332,4333,-1, 4333,4332,4017,-1, 
          4333,4017,4334,-1, 4334,4017,4346,-1, 3828,3827,4335,-1, 4335,3827,4332,-1, 4336,4337,3884,-1, 3884,4337,3830,-1, 
          3829,4336,3884,-1, 3832,3831,4338,-1, 4338,3831,4339,-1, 4338,4339,4796,-1, 3883,4796,4339,-1, 3833,3880,4340,-1, 
          4340,3880,3882,-1, 3836,3837,3878,-1, 3878,3837,4341,-1, 3878,4341,3838,-1, 3838,4341,4818,-1, 3838,4818,3839,-1, 
          3843,4791,3879,-1, 3879,4791,4342,-1, 3879,4342,3842,-1, 3844,4343,4302,-1, 4302,4343,4345,-1, 4347,4068,4344,-1, 
          4344,4068,3957,-1, 4344,3957,4345,-1, 4345,3957,4302,-1, 4346,4017,4018,-1, 4346,4018,4068,-1, 4346,4068,4347,-1, 
          4348,4319,4326,-1, 4348,4349,4319,-1, 4319,4349,4320,-1, 4320,4349,4350,-1, 4320,4350,4321,-1, 4350,4351,4321,-1, 
          4321,4351,4322,-1, 4322,4351,4352,-1, 4322,4352,4327,-1, 4352,4353,4327,-1, 4327,4353,4328,-1, 4328,4353,4354,-1, 
          4328,4354,4329,-1, 4354,4355,4329,-1, 4329,4355,4323,-1, 4355,4356,4323,-1, 4323,4356,4324,-1, 4356,4357,4324,-1, 
          4324,4357,4330,-1, 4357,4358,4330,-1, 4330,4358,4331,-1, 4331,4358,4359,-1, 4331,4359,4315,-1, 4359,4360,4315,-1, 
          4315,4360,4361,-1, 4315,4361,4316,-1, 4316,4361,4815,-1, 4316,4815,4312,-1, 4312,4815,4362,-1, 4312,4362,4313,-1, 
          4313,4362,4363,-1, 4313,4363,4317,-1, 4317,4363,4364,-1, 4317,4364,4263,-1, 4263,4364,4365,-1, 4263,4365,4318,-1, 
          4318,4365,4366,-1, 4318,4366,4314,-1, 4314,4366,4367,-1, 4314,4367,4310,-1, 4310,4367,4368,-1, 4310,4368,4311,-1, 
          4311,4368,4369,-1, 4311,4369,4325,-1, 4325,4369,4370,-1, 4325,4370,4309,-1, 4309,4370,4371,-1, 4309,4371,4326,-1, 
          4326,4371,4814,-1, 4326,4814,4348,-1, 4267,4832,4268,-1, 4268,4832,4372,-1, 4268,4372,4272,-1, 4272,4372,4373,-1, 
          4272,4373,4273,-1, 4273,4373,4374,-1, 4273,4374,4274,-1, 4274,4374,4375,-1, 4274,4375,4278,-1, 4278,4375,4376,-1, 
          4278,4376,3877,-1, 3877,4376,4377,-1, 3877,4377,4279,-1, 4279,4377,4378,-1, 4279,4378,4275,-1, 4275,4378,4379,-1, 
          4275,4379,4276,-1, 4276,4379,4380,-1, 4276,4380,4277,-1, 4277,4380,4381,-1, 4277,4381,3885,-1, 3885,4381,4382,-1, 
          3885,4382,4269,-1, 4269,4382,4383,-1, 4269,4383,4270,-1, 4270,4383,4384,-1, 4270,4384,4271,-1, 4271,4384,4385,-1, 
          4271,4385,4280,-1, 4280,4385,4386,-1, 4280,4386,4281,-1, 4281,4386,4387,-1, 4281,4387,4282,-1, 4282,4387,4388,-1, 
          4282,4388,4261,-1, 4261,4388,4389,-1, 4261,4389,4262,-1, 4262,4389,4390,-1, 4262,4390,4264,-1, 4264,4390,4391,-1, 
          4264,4391,4265,-1, 4265,4391,4392,-1, 4265,4392,4266,-1, 4266,4392,4393,-1, 4266,4393,4260,-1, 4260,4393,4831,-1, 
          4260,4831,4267,-1, 4267,4831,4832,-1, 4801,3846,3845,-1, 3845,3846,3847,-1, 3848,3850,3849,-1, 3849,3850,4016,-1, 
          4069,4394,4081,-1, 4081,4394,4395,-1, 4081,4395,4073,-1, 4073,4395,4396,-1, 4073,4396,4074,-1, 4074,4396,4397,-1, 
          4074,4397,4075,-1, 4075,4397,4398,-1, 4075,4398,4076,-1, 4076,4398,4399,-1, 4076,4399,4087,-1, 4087,4399,4400,-1, 
          4087,4400,4088,-1, 4088,4400,4401,-1, 4088,4401,4089,-1, 4089,4401,4402,-1, 4089,4402,4082,-1, 4082,4402,4403,-1, 
          4082,4403,4083,-1, 4083,4403,4404,-1, 4083,4404,4084,-1, 4084,4404,4405,-1, 4084,4405,4085,-1, 4085,4405,4806,-1, 
          4085,4806,4086,-1, 4086,4806,4406,-1, 4086,4406,4090,-1, 4090,4406,4407,-1, 4090,4407,4091,-1, 4091,4407,4408,-1, 
          4091,4408,4092,-1, 4092,4408,4409,-1, 4092,4409,4070,-1, 4070,4409,4827,-1, 4070,4827,4071,-1, 4071,4827,4410,-1, 
          4071,4410,4072,-1, 4072,4410,4411,-1, 4072,4411,4077,-1, 4077,4411,4412,-1, 4077,4412,4078,-1, 4078,4412,4413,-1, 
          4078,4413,4079,-1, 4079,4413,4414,-1, 4079,4414,4080,-1, 4080,4414,4415,-1, 4080,4415,4069,-1, 4069,4415,4394,-1, 
          4198,4416,3886,-1, 3886,4416,4417,-1, 3886,4417,4192,-1, 4192,4417,4418,-1, 4192,4418,4199,-1, 4199,4418,4419,-1, 
          4199,4419,4200,-1, 4200,4419,4420,-1, 4200,4420,4201,-1, 4201,4420,4421,-1, 4201,4421,4202,-1, 4202,4421,4422,-1, 
          4202,4422,4204,-1, 4204,4422,4423,-1, 4204,4423,4205,-1, 4205,4423,4424,-1, 4205,4424,4206,-1, 4206,4424,4425,-1, 
          4206,4425,4213,-1, 4213,4425,4426,-1, 4213,4426,4214,-1, 4214,4426,4427,-1, 4214,4427,4203,-1, 4203,4427,4428,-1, 
          4203,4428,4207,-1, 4207,4428,4826,-1, 4207,4826,4208,-1, 4208,4826,4429,-1, 4208,4429,4209,-1, 4209,4429,4795,-1, 
          4209,4795,4210,-1, 4210,4795,4430,-1, 4210,4430,4211,-1, 4211,4430,4431,-1, 4211,4431,4212,-1, 4212,4431,4432,-1, 
          4212,4432,4193,-1, 4193,4432,4433,-1, 4193,4433,4194,-1, 4194,4433,4434,-1, 4194,4434,4195,-1, 4195,4434,4435,-1, 
          4195,4435,4196,-1, 4196,4435,4436,-1, 4196,4436,4197,-1, 4197,4436,4437,-1, 4197,4437,4198,-1, 4198,4437,4416,-1, 
          3852,3851,3876,-1, 3876,3851,4804,-1, 3876,4804,4117,-1, 4117,4804,4438,-1, 4117,4438,3853,-1, 3894,4439,3893,-1, 
          3893,4439,4440,-1, 3893,4440,3855,-1, 3855,4440,3854,-1, 3856,3858,3857,-1, 3857,3858,3859,-1, 3909,4441,3910,-1, 
          3910,4441,4442,-1, 3910,4442,3911,-1, 4442,4443,3911,-1, 3911,4443,4444,-1, 3911,4444,3912,-1, 3912,4444,4445,-1, 
          3912,4445,3915,-1, 3915,4445,4446,-1, 3915,4446,3916,-1, 4446,4447,3916,-1, 3916,4447,3917,-1, 4447,4448,3917,-1, 
          3917,4448,4144,-1, 4448,4799,4144,-1, 4144,4799,3918,-1, 4799,4449,3918,-1, 3918,4449,3919,-1, 3919,4449,4450,-1, 
          3919,4450,3914,-1, 4450,4451,3914,-1, 3914,4451,3913,-1, 3913,4451,4452,-1, 3913,4452,3895,-1, 3895,4452,4453,-1, 
          3895,4453,3896,-1, 3896,4453,4454,-1, 3896,4454,3903,-1, 4454,4455,3903,-1, 3903,4455,4456,-1, 3903,4456,3904,-1, 
          3904,4456,4457,-1, 3904,4457,3905,-1, 3905,4457,4458,-1, 3905,4458,3897,-1, 3897,4458,4459,-1, 3897,4459,3898,-1, 
          3898,4459,4460,-1, 3898,4460,3899,-1, 3899,4460,4461,-1, 3899,4461,3900,-1, 3900,4461,4798,-1, 3900,4798,3901,-1, 
          3901,4798,4797,-1, 3901,4797,3902,-1, 3902,4797,4462,-1, 3902,4462,3906,-1, 3906,4462,4463,-1, 3906,4463,3907,-1, 
          3907,4463,4464,-1, 3907,4464,3908,-1, 3908,4464,4465,-1, 3908,4465,3909,-1, 3909,4465,4466,-1, 3909,4466,4441,-1, 
          4467,4184,4183,-1, 4184,4467,4468,-1, 4184,4468,4185,-1, 4468,4469,4185,-1, 4185,4469,4186,-1, 4186,4469,4470,-1, 
          4186,4470,4174,-1, 4174,4470,4471,-1, 4174,4471,4175,-1, 4471,4472,4175,-1, 4175,4472,4176,-1, 4176,4472,4473,-1, 
          4176,4473,4177,-1, 4473,4474,4177,-1, 4177,4474,4178,-1, 4474,4475,4178,-1, 4178,4475,4179,-1, 4179,4475,4476,-1, 
          4179,4476,4180,-1, 4180,4476,4477,-1, 4180,4477,4187,-1, 4477,4478,4187,-1, 4187,4478,4479,-1, 4187,4479,4188,-1, 
          4479,4480,4188,-1, 4188,4480,4481,-1, 4188,4481,4189,-1, 4189,4481,4819,-1, 4189,4819,4173,-1, 4173,4819,4482,-1, 
          4173,4482,4171,-1, 4171,4482,4483,-1, 4171,4483,4172,-1, 4172,4483,4484,-1, 4172,4484,4190,-1, 4190,4484,4485,-1, 
          4190,4485,4127,-1, 4127,4485,4486,-1, 4127,4486,4191,-1, 4191,4486,4487,-1, 4191,4487,4169,-1, 4169,4487,4488,-1, 
          4169,4488,4170,-1, 4170,4488,4489,-1, 4170,4489,4181,-1, 4181,4489,4490,-1, 4181,4490,4182,-1, 4182,4490,4491,-1, 
          4182,4491,4183,-1, 4183,4491,4789,-1, 4183,4789,4467,-1, 3931,4492,3934,-1, 3934,4492,4493,-1, 3934,4493,3935,-1, 
          4493,4494,3935,-1, 3935,4494,4823,-1, 3935,4823,3938,-1, 3938,4823,4495,-1, 3938,4495,3939,-1, 3939,4495,4496,-1, 
          3939,4496,3940,-1, 3940,4496,4497,-1, 3940,4497,3942,-1, 3942,4497,4498,-1, 3942,4498,3943,-1, 4498,4499,3943,-1, 
          3943,4499,3944,-1, 3944,4499,4500,-1, 3944,4500,3936,-1, 3936,4500,4501,-1, 3936,4501,3937,-1, 4501,4502,3937,-1, 
          3937,4502,3941,-1, 4502,4503,3941,-1, 3941,4503,3920,-1, 3920,4503,4504,-1, 3920,4504,3921,-1, 3921,4504,4505,-1, 
          3921,4505,3922,-1, 4505,4506,3922,-1, 3922,4506,4507,-1, 3922,4507,3923,-1, 3923,4507,4508,-1, 3923,4508,3924,-1, 
          3924,4508,4830,-1, 3924,4830,3925,-1, 3925,4830,4509,-1, 3925,4509,3926,-1, 3926,4509,4510,-1, 3926,4510,3927,-1, 
          3927,4510,4511,-1, 3927,4511,3928,-1, 3928,4511,4829,-1, 3928,4829,3929,-1, 3929,4829,4512,-1, 3929,4512,4137,-1, 
          4137,4512,4513,-1, 4137,4513,3930,-1, 3930,4513,4514,-1, 3930,4514,3933,-1, 3933,4514,4515,-1, 3933,4515,3932,-1, 
          3932,4515,4516,-1, 3932,4516,3931,-1, 3931,4516,4517,-1, 3931,4517,4492,-1, 4518,4143,4142,-1, 4518,4519,4143,-1, 
          4143,4519,4118,-1, 4118,4519,4520,-1, 4118,4520,4119,-1, 4520,4521,4119,-1, 4119,4521,4120,-1, 4120,4521,4522,-1, 
          4120,4522,4121,-1, 4522,4523,4121,-1, 4121,4523,4122,-1, 4523,4788,4122,-1, 4122,4788,4125,-1, 4788,4524,4125,-1, 
          4125,4524,4126,-1, 4524,4525,4126,-1, 4126,4525,4128,-1, 4525,4526,4128,-1, 4128,4526,4527,-1, 4128,4527,4129,-1, 
          4129,4527,4528,-1, 4129,4528,4131,-1, 4131,4528,4529,-1, 4131,4529,4132,-1, 4529,4530,4132,-1, 4132,4530,4531,-1, 
          4132,4531,4133,-1, 4133,4531,4532,-1, 4133,4532,4130,-1, 4130,4532,4533,-1, 4130,4533,4123,-1, 4123,4533,4534,-1, 
          4123,4534,4124,-1, 4124,4534,4535,-1, 4124,4535,4134,-1, 4134,4535,4790,-1, 4134,4790,4135,-1, 4135,4790,4536,-1, 
          4135,4536,4136,-1, 4136,4536,4537,-1, 4136,4537,4138,-1, 4138,4537,4538,-1, 4138,4538,4139,-1, 4139,4538,4539,-1, 
          4139,4539,4140,-1, 4140,4539,4540,-1, 4140,4540,4141,-1, 4141,4540,4541,-1, 4141,4541,4142,-1, 4142,4541,4802,-1, 
          4142,4802,4518,-1, 4542,4246,4245,-1, 4542,4543,4246,-1, 4246,4543,4247,-1, 4543,4544,4247,-1, 4247,4544,4545,-1, 
          4247,4545,4248,-1, 4248,4545,4546,-1, 4248,4546,4249,-1, 4546,4547,4249,-1, 4249,4547,3870,-1, 3870,4547,4548,-1, 
          3870,4548,3871,-1, 4548,4807,3871,-1, 3871,4807,4549,-1, 3871,4549,4240,-1, 4240,4549,4550,-1, 4240,4550,4241,-1, 
          4550,4551,4241,-1, 4241,4551,4242,-1, 4242,4551,4552,-1, 4242,4552,4243,-1, 4552,4553,4243,-1, 4243,4553,4244,-1, 
          4244,4553,4554,-1, 4244,4554,4250,-1, 4554,4555,4250,-1, 4250,4555,4556,-1, 4250,4556,4251,-1, 4251,4556,4557,-1, 
          4251,4557,4308,-1, 4308,4557,4558,-1, 4308,4558,4252,-1, 4252,4558,4559,-1, 4252,4559,4253,-1, 4253,4559,4560,-1, 
          4253,4560,4254,-1, 4254,4560,4561,-1, 4254,4561,4219,-1, 4219,4561,4816,-1, 4219,4816,4255,-1, 4255,4816,4562,-1, 
          4255,4562,4256,-1, 4256,4562,4563,-1, 4256,4563,4257,-1, 4257,4563,4564,-1, 4257,4564,4258,-1, 4258,4564,4565,-1, 
          4258,4565,4259,-1, 4259,4565,4566,-1, 4259,4566,4245,-1, 4245,4566,4567,-1, 4245,4567,4542,-1, 3946,4568,3947,-1, 
          3947,4568,4569,-1, 3947,4569,3875,-1, 3875,4569,4570,-1, 3875,4570,3963,-1, 3963,4570,4571,-1, 3963,4571,3965,-1, 
          3965,4571,4572,-1, 3965,4572,3966,-1, 3966,4572,4573,-1, 3966,4573,3964,-1, 3964,4573,4808,-1, 3964,4808,3960,-1, 
          3960,4808,4574,-1, 3960,4574,3961,-1, 3961,4574,4575,-1, 3961,4575,3962,-1, 3962,4575,4576,-1, 3962,4576,3955,-1, 
          3955,4576,4577,-1, 3955,4577,3956,-1, 3956,4577,4578,-1, 3956,4578,3958,-1, 3958,4578,4579,-1, 3958,4579,3959,-1, 
          3959,4579,4580,-1, 3959,4580,3873,-1, 3873,4580,4581,-1, 3873,4581,3954,-1, 3954,4581,4582,-1, 3954,4582,3953,-1, 
          3953,4582,4583,-1, 3953,4583,3874,-1, 3874,4583,4584,-1, 3874,4584,3948,-1, 3948,4584,4793,-1, 3948,4793,3949,-1, 
          3949,4793,4585,-1, 3949,4585,3950,-1, 3950,4585,4586,-1, 3950,4586,3952,-1, 3952,4586,4587,-1, 3952,4587,3945,-1, 
          3945,4587,4588,-1, 3945,4588,3951,-1, 3951,4588,4589,-1, 3951,4589,3946,-1, 3946,4589,4568,-1, 4590,4283,4307,-1, 
          4590,4591,4283,-1, 4283,4591,4284,-1, 4284,4591,4592,-1, 4284,4592,4285,-1, 4285,4592,4593,-1, 4285,4593,4286,-1, 
          4593,4594,4286,-1, 4286,4594,4287,-1, 4287,4594,4595,-1, 4287,4595,4288,-1, 4595,4596,4288,-1, 4288,4596,4289,-1, 
          4289,4596,4597,-1, 4289,4597,4290,-1, 4597,4598,4290,-1, 4290,4598,4291,-1, 4598,4599,4291,-1, 4291,4599,4600,-1, 
          4291,4600,4292,-1, 4600,4601,4292,-1, 4292,4601,4293,-1, 4293,4601,4602,-1, 4293,4602,4294,-1, 4602,4603,4294,-1, 
          4294,4603,4604,-1, 4294,4604,4295,-1, 4295,4604,4605,-1, 4295,4605,4296,-1, 4296,4605,4606,-1, 4296,4606,4297,-1, 
          4297,4606,4607,-1, 4297,4607,4298,-1, 4298,4607,4608,-1, 4298,4608,4299,-1, 4299,4608,4609,-1, 4299,4609,4300,-1, 
          4300,4609,4610,-1, 4300,4610,4301,-1, 4301,4610,4611,-1, 4301,4611,4303,-1, 4303,4611,4612,-1, 4303,4612,4304,-1, 
          4304,4612,4613,-1, 4304,4613,4305,-1, 4305,4613,4614,-1, 4305,4614,4306,-1, 4306,4614,4615,-1, 4306,4615,4307,-1, 
          4307,4615,4616,-1, 4307,4616,4590,-1, 4617,4225,4238,-1, 4617,4618,4225,-1, 4225,4618,4226,-1, 4226,4618,4619,-1, 
          4226,4619,4227,-1, 4619,4620,4227,-1, 4227,4620,4215,-1, 4215,4620,4621,-1, 4215,4621,4216,-1, 4621,4622,4216,-1, 
          4216,4622,4220,-1, 4220,4622,4623,-1, 4220,4623,4221,-1, 4623,4624,4221,-1, 4221,4624,4222,-1, 4222,4624,4625,-1, 
          4222,4625,4223,-1, 4625,4626,4223,-1, 4223,4626,4627,-1, 4223,4627,4224,-1, 4627,4628,4224,-1, 4224,4628,4230,-1, 
          4230,4628,4629,-1, 4230,4629,4231,-1, 4629,4630,4231,-1, 4231,4630,4631,-1, 4231,4631,4232,-1, 4232,4631,4632,-1, 
          4232,4632,3891,-1, 3891,4632,4633,-1, 3891,4633,4217,-1, 4217,4633,4634,-1, 4217,4634,4218,-1, 4218,4634,4803,-1, 
          4218,4803,4233,-1, 4233,4803,4635,-1, 4233,4635,4234,-1, 4234,4635,4636,-1, 4234,4636,4235,-1, 4235,4636,4637,-1, 
          4235,4637,4228,-1, 4228,4637,4638,-1, 4228,4638,4229,-1, 4229,4638,4639,-1, 4229,4639,4236,-1, 4236,4639,4640,-1, 
          4236,4640,4237,-1, 4237,4640,4641,-1, 4237,4641,4238,-1, 4238,4641,4809,-1, 4238,4809,4617,-1, 3973,4642,3974,-1, 
          3974,4642,4643,-1, 3974,4643,3970,-1, 3970,4643,4644,-1, 3970,4644,3971,-1, 3971,4644,4645,-1, 3971,4645,3975,-1, 
          3975,4645,4646,-1, 3975,4646,3976,-1, 3976,4646,4647,-1, 3976,4647,3977,-1, 3977,4647,4648,-1, 3977,4648,3978,-1, 
          3978,4648,4649,-1, 3978,4649,3979,-1, 3979,4649,4650,-1, 3979,4650,3982,-1, 3982,4650,4651,-1, 3982,4651,3983,-1, 
          3983,4651,4652,-1, 3983,4652,3981,-1, 3981,4652,4653,-1, 3981,4653,3980,-1, 3980,4653,4654,-1, 3980,4654,3967,-1, 
          3967,4654,4655,-1, 3967,4655,3968,-1, 3968,4655,4656,-1, 3968,4656,3984,-1, 3984,4656,4657,-1, 3984,4657,3985,-1, 
          3985,4657,4658,-1, 3985,4658,3986,-1, 3986,4658,4659,-1, 3986,4659,3987,-1, 3987,4659,4660,-1, 3987,4660,4239,-1, 
          4239,4660,4661,-1, 4239,4661,3988,-1, 3988,4661,4662,-1, 3988,4662,3989,-1, 3989,4662,4663,-1, 3989,4663,3969,-1, 
          3969,4663,4664,-1, 3969,4664,3972,-1, 3972,4664,4665,-1, 3972,4665,3973,-1, 3973,4665,4642,-1, 4003,4666,4004,-1, 
          4004,4666,4667,-1, 4004,4667,4005,-1, 4667,4668,4005,-1, 4005,4668,4669,-1, 4005,4669,4006,-1, 4669,4670,4006,-1, 
          4006,4670,4671,-1, 4006,4671,4007,-1, 4671,4672,4007,-1, 4007,4672,4008,-1, 4008,4672,4673,-1, 4008,4673,4009,-1, 
          4673,4674,4009,-1, 4009,4674,4011,-1, 4011,4674,4810,-1, 4011,4810,4010,-1, 4810,4675,4010,-1, 4010,4675,4012,-1, 
          4012,4675,4676,-1, 4012,4676,4013,-1, 4676,4677,4013,-1, 4013,4677,4014,-1, 4014,4677,4678,-1, 4014,4678,4015,-1, 
          4678,4679,4015,-1, 4015,4679,4680,-1, 4015,4680,3990,-1, 4680,4681,3990,-1, 3990,4681,3991,-1, 3991,4681,4682,-1, 
          3991,4682,3993,-1, 3993,4682,4683,-1, 3993,4683,3994,-1, 3994,4683,4684,-1, 3994,4684,3995,-1, 3995,4684,4685,-1, 
          3995,4685,3996,-1, 3996,4685,4686,-1, 3996,4686,3997,-1, 3997,4686,4687,-1, 3997,4687,3992,-1, 3992,4687,4688,-1, 
          3992,4688,3998,-1, 3998,4688,4689,-1, 3998,4689,3999,-1, 3999,4689,4690,-1, 3999,4690,4002,-1, 4002,4690,4691,-1, 
          4002,4691,4001,-1, 4001,4691,4692,-1, 4001,4692,4000,-1, 4000,4692,4693,-1, 4000,4693,4003,-1, 4003,4693,4694,-1, 
          4003,4694,4666,-1, 3862,3863,4695,-1, 4695,3863,4021,-1, 4695,4021,4811,-1, 4811,4021,3860,-1, 3860,4021,3861,-1, 
          3864,3865,4696,-1, 4696,3865,4019,-1, 4696,4019,4828,-1, 4828,4019,4020,-1, 4828,4020,4697,-1, 3866,3868,3867,-1, 
          3867,3868,3869,-1, 4112,4698,4113,-1, 4113,4698,4699,-1, 4113,4699,4114,-1, 4114,4699,4700,-1, 4114,4700,4115,-1, 
          4115,4700,4701,-1, 4115,4701,4116,-1, 4116,4701,4824,-1, 4116,4824,4097,-1, 4097,4824,4702,-1, 4097,4702,4094,-1, 
          4094,4702,4703,-1, 4094,4703,4096,-1, 4096,4703,4704,-1, 4096,4704,4098,-1, 4098,4704,4705,-1, 4098,4705,4099,-1, 
          4099,4705,4706,-1, 4099,4706,4100,-1, 4100,4706,4707,-1, 4100,4707,4105,-1, 4105,4707,4708,-1, 4105,4708,4106,-1, 
          4106,4708,4709,-1, 4106,4709,4107,-1, 4107,4709,4710,-1, 4107,4710,4101,-1, 4101,4710,4711,-1, 4101,4711,4102,-1, 
          4102,4711,4821,-1, 4102,4821,4103,-1, 4103,4821,4712,-1, 4103,4712,4104,-1, 4104,4712,4713,-1, 4104,4713,4095,-1, 
          4095,4713,4714,-1, 4095,4714,3892,-1, 3892,4714,4715,-1, 3892,4715,4108,-1, 4108,4715,4716,-1, 4108,4716,4109,-1, 
          4109,4716,4717,-1, 4109,4717,4110,-1, 4110,4717,4718,-1, 4110,4718,4111,-1, 4111,4718,4719,-1, 4111,4719,4112,-1, 
          4112,4719,4698,-1, 4149,4720,4148,-1, 4148,4720,4721,-1, 4148,4721,4152,-1, 4152,4721,4722,-1, 4152,4722,4153,-1, 
          4153,4722,4825,-1, 4153,4825,4154,-1, 4154,4825,4723,-1, 4154,4723,4161,-1, 4161,4723,4724,-1, 4161,4724,4162,-1, 
          4162,4724,4725,-1, 4162,4725,4163,-1, 4163,4725,4726,-1, 4163,4726,4164,-1, 4164,4726,4727,-1, 4164,4727,4167,-1, 
          4167,4727,4728,-1, 4167,4728,4168,-1, 4168,4728,4729,-1, 4168,4729,4145,-1, 4145,4729,4730,-1, 4145,4730,4146,-1, 
          4146,4730,4731,-1, 4146,4731,4155,-1, 4155,4731,4732,-1, 4155,4732,4150,-1, 4150,4732,4733,-1, 4150,4733,4151,-1, 
          4151,4733,4734,-1, 4151,4734,4156,-1, 4156,4734,4735,-1, 4156,4735,4157,-1, 4157,4735,4736,-1, 4157,4736,4147,-1, 
          4147,4736,4737,-1, 4147,4737,4158,-1, 4158,4737,4738,-1, 4158,4738,4159,-1, 4159,4738,4739,-1, 4159,4739,4160,-1, 
          4160,4739,4740,-1, 4160,4740,4165,-1, 4165,4740,4741,-1, 4165,4741,4166,-1, 4166,4741,4742,-1, 4166,4742,4149,-1, 
          4149,4742,4720,-1, 4025,4743,4026,-1, 4026,4743,4744,-1, 4026,4744,4022,-1, 4022,4744,4792,-1, 4022,4792,4037,-1, 
          4037,4792,4745,-1, 4037,4745,4038,-1, 4038,4745,4746,-1, 4038,4746,4041,-1, 4041,4746,4747,-1, 4041,4747,4042,-1, 
          4042,4747,4812,-1, 4042,4812,4043,-1, 4043,4812,4748,-1, 4043,4748,4039,-1, 4039,4748,4749,-1, 4039,4749,4040,-1, 
          4040,4749,4750,-1, 4040,4750,4033,-1, 4033,4750,4751,-1, 4033,4751,4034,-1, 4034,4751,4752,-1, 4034,4752,4035,-1, 
          4035,4752,4753,-1, 4035,4753,4036,-1, 4036,4753,4754,-1, 4036,4754,3872,-1, 3872,4754,4755,-1, 3872,4755,4027,-1, 
          4027,4755,4756,-1, 4027,4756,4028,-1, 4028,4756,4757,-1, 4028,4757,4029,-1, 4029,4757,4758,-1, 4029,4758,4093,-1, 
          4093,4758,4813,-1, 4093,4813,4030,-1, 4030,4813,4759,-1, 4030,4759,4031,-1, 4031,4759,4760,-1, 4031,4760,4032,-1, 
          4032,4760,4761,-1, 4032,4761,4023,-1, 4023,4761,4762,-1, 4023,4762,4024,-1, 4024,4762,4763,-1, 4024,4763,4025,-1, 
          4025,4763,4743,-1, 4055,4764,4056,-1, 4056,4764,4765,-1, 4056,4765,4057,-1, 4057,4765,4766,-1, 4057,4766,4058,-1, 
          4058,4766,4767,-1, 4058,4767,4059,-1, 4059,4767,4768,-1, 4059,4768,4060,-1, 4060,4768,4769,-1, 4060,4769,4061,-1, 
          4061,4769,4770,-1, 4061,4770,4062,-1, 4062,4770,4771,-1, 4062,4771,4063,-1, 4063,4771,4772,-1, 4063,4772,4066,-1, 
          4066,4772,4773,-1, 4066,4773,4067,-1, 4067,4773,4774,-1, 4067,4774,4064,-1, 4064,4774,4775,-1, 4064,4775,4065,-1, 
          4065,4775,4776,-1, 4065,4776,4044,-1, 4044,4776,4777,-1, 4044,4777,4045,-1, 4045,4777,4778,-1, 4045,4778,4048,-1, 
          4048,4778,4779,-1, 4048,4779,4049,-1, 4049,4779,4780,-1, 4049,4780,4047,-1, 4047,4780,4781,-1, 4047,4781,4046,-1, 
          4046,4781,4782,-1, 4046,4782,4050,-1, 4050,4782,4783,-1, 4050,4783,4051,-1, 4051,4783,4784,-1, 4051,4784,4052,-1, 
          4052,4784,4785,-1, 4052,4785,4053,-1, 4053,4785,4786,-1, 4053,4786,4054,-1, 4054,4786,4787,-1, 4054,4787,4055,-1, 
          4055,4787,4764,-1, 4788,4789,4790,-1, 4487,4486,4797,-1, 4345,4343,4791,-1, 4762,4761,4792,-1, 4682,4681,4810,-1, 
          4582,4581,4793,-1, 4588,4587,4793,-1, 3754,3803,3757,-1, 3608,4788,3625,-1, 3564,3558,4795,-1, 3778,3828,3780,-1, 
          3780,3828,4336,-1, 4387,3830,4337,-1, 4387,4337,4336,-1, 4387,4336,3828,-1, 3736,3738,3698,-1, 3736,3698,3654,-1, 
          3736,3654,3697,-1, 3697,3654,3634,-1, 3603,3589,3621,-1, 3621,3589,3590,-1, 3621,3590,3601,-1, 3601,3620,3621,-1, 
          3621,3620,3652,-1, 3621,3652,3634,-1, 3634,3652,3650,-1, 3634,3650,3697,-1, 3832,4338,3786,-1, 3786,4338,3785,-1, 
          3785,4338,4340,-1, 3837,3835,4341,-1, 4341,3835,4818,-1, 3839,4818,3788,-1, 3742,3703,3790,-1, 3790,3703,3660,-1, 
          3790,3660,3657,-1, 3657,3658,3790,-1, 3790,3658,3701,-1, 3790,3701,3740,-1, 4342,3840,3842,-1, 3795,3846,4801,-1, 
          3795,4801,3793,-1, 3793,4801,4797,-1, 3639,3705,4798,-1, 4798,3705,4797,-1, 4797,3705,3707,-1, 4797,3707,3793,-1, 
          4798,4799,3593,-1, 3593,3606,4798,-1, 4798,3606,3624,-1, 4798,3624,3639,-1, 3574,3582,4799,-1, 4799,3582,3593,-1, 
          3574,4799,3565,-1, 3565,4799,4444,-1, 3565,4444,3561,-1, 3538,4820,3530,-1, 3538,3545,4820,-1, 4820,3545,3552,-1, 
          4820,3552,4444,-1, 4444,3552,3561,-1, 3514,3516,4338,-1, 4832,4800,3512,-1, 4832,3512,3506,-1, 3550,3543,4800,-1, 
          3543,3537,4800,-1, 4800,3537,3535,-1, 4795,3558,4800,-1, 4800,3558,3550,-1, 3604,3591,4826,-1, 4826,3591,3580,-1, 
          4826,3580,4795,-1, 4795,3580,3572,-1, 4795,3572,3564,-1, 4826,3636,3604,-1, 3704,3661,4801,-1, 4801,3661,3638,-1, 
          4801,3638,4826,-1, 4826,3638,3636,-1, 4801,3791,3744,-1, 4801,3744,3704,-1, 3711,3748,4822,-1, 4822,3748,3798,-1, 
          4822,3798,3850,-1, 3708,4802,3747,-1, 3747,4802,4697,-1, 3747,4697,3796,-1, 3796,4697,3848,-1, 3628,3643,4822,-1, 
          4822,3643,3666,-1, 4822,3666,3711,-1, 4822,3598,3611,-1, 4803,3571,3578,-1, 4803,3578,4822,-1, 4822,3578,3586,-1, 
          3533,4817,3526,-1, 3526,4817,3517,-1, 3533,3542,4817,-1, 4794,4817,3555,-1, 4794,3555,3557,-1, 3517,4817,3510,-1, 
          3569,3522,4818,-1, 4818,3522,3508,-1, 3547,3540,3569,-1, 3540,3531,3569,-1, 3569,3531,3524,-1, 3569,3524,3522,-1, 
          3569,3554,3547,-1, 3584,3576,4789,-1, 4789,3576,3567,-1, 4789,3595,3584,-1, 4788,3608,4789,-1, 4789,3608,3595,-1, 
          3641,3625,4788,-1, 4802,3708,3664,-1, 4802,3664,3641,-1, 3851,3800,4804,-1, 3676,3719,4346,-1, 4346,3719,3763,-1, 
          4346,3763,3813,-1, 3674,3715,4827,-1, 4827,3715,3755,-1, 4827,3755,3805,-1, 3858,3856,3813,-1, 3813,3856,3811,-1, 
          3813,3811,4346,-1, 4346,3811,3761,-1, 4346,3761,3717,-1, 4346,3717,3672,-1, 3800,3750,4804,-1, 4804,3750,3712,-1, 
          4804,3712,4346,-1, 4346,3712,3677,-1, 4346,3677,3676,-1, 4804,4830,4438,-1, 4438,4830,3853,-1, 3853,4830,3803,-1, 
          3803,4805,3810,-1, 3803,3810,3757,-1, 3754,3757,3752,-1, 3752,3757,3759,-1, 3759,3670,3752,-1, 3752,3670,3647,-1, 
          3752,3647,3714,-1, 3714,3647,3668,-1, 3617,3613,3645,-1, 3645,3613,3615,-1, 3645,3615,3629,-1, 3668,3647,3645,-1, 
          3645,3647,3631,-1, 3645,3631,3617,-1, 4805,4827,4439,-1, 4439,4827,4806,-1, 4439,4827,4440,-1, 4440,4827,3805,-1, 
          4440,3805,3854,-1, 4442,4441,4797,-1, 4461,4460,4798,-1, 4798,4456,4455,-1, 4441,4466,4797,-1, 4797,4466,4465,-1, 
          4797,4465,4464,-1, 4797,4464,4463,-1, 4463,4462,4797,-1, 4460,4459,4798,-1, 4798,4459,4458,-1, 4798,4458,4457,-1, 
          4798,4457,4456,-1, 4797,4444,4443,-1, 4797,4443,4442,-1, 4455,4454,4798,-1, 4798,4454,4453,-1, 4798,4453,4799,-1, 
          4799,4453,4452,-1, 4799,4452,4451,-1, 4799,4448,4444,-1, 4444,4448,4447,-1, 4444,4447,4446,-1, 4444,4446,4445,-1, 
          4799,4451,4450,-1, 4799,4450,4449,-1, 4515,4514,4829,-1, 4829,4517,4516,-1, 4829,4516,4515,-1, 4829,4511,4830,-1, 
          4830,4511,4510,-1, 4830,4510,4509,-1, 4494,4493,4517,-1, 4517,4493,4492,-1, 4514,4513,4829,-1, 4829,4513,4512,-1, 
          4830,4508,4507,-1, 4507,4506,4830,-1, 4830,4506,4505,-1, 4830,4505,4504,-1, 4499,4498,4823,-1, 4823,4496,4495,-1, 
          4517,4823,4494,-1, 4504,4503,4830,-1, 4830,4503,4823,-1, 4823,4503,4502,-1, 4502,4501,4823,-1, 4823,4501,4500,-1, 
          4500,4499,4823,-1, 4498,4497,4823,-1, 4823,4497,4496,-1, 4589,4588,4791,-1, 4807,4570,4569,-1, 4807,4569,4791,-1, 
          4791,4569,4568,-1, 4791,4568,4589,-1, 4808,4573,4572,-1, 4808,4572,4571,-1, 4576,4575,4808,-1, 4808,4575,4574,-1, 
          4578,4577,4344,-1, 4345,4581,4580,-1, 4345,4580,4344,-1, 4344,4580,4579,-1, 4344,4579,4578,-1, 4793,4584,4583,-1, 
          4793,4583,4582,-1, 4793,4587,4586,-1, 4793,4586,4585,-1, 4808,4657,4656,-1, 4809,4642,4665,-1, 4645,4809,4646,-1, 
          4646,4809,4647,-1, 4645,4644,4809,-1, 4809,4644,4643,-1, 4809,4643,4642,-1, 4656,4655,4808,-1, 4808,4655,4654,-1, 
          4808,4654,4825,-1, 4825,4654,4653,-1, 4825,4653,4652,-1, 4825,4649,4809,-1, 4809,4649,4648,-1, 4809,4648,4647,-1, 
          4665,4664,4809,-1, 4809,4664,4663,-1, 4652,4651,4825,-1, 4825,4651,4650,-1, 4825,4650,4649,-1, 4660,4659,4808,-1, 
          4808,4659,4658,-1, 4808,4658,4657,-1, 4662,4661,4809,-1, 4809,4661,4660,-1, 4666,4694,4810,-1, 4810,4694,4693,-1, 
          4810,4693,4689,-1, 4689,4693,4692,-1, 4689,4692,4691,-1, 4811,4684,4810,-1, 4810,4684,4683,-1, 4810,4683,4682,-1, 
          4687,4686,4811,-1, 4811,4686,4685,-1, 4811,4685,4684,-1, 4691,4690,4689,-1, 4811,4689,4688,-1, 4811,4688,4687,-1, 
          4672,4671,4810,-1, 4810,4671,4670,-1, 4678,4677,4810,-1, 4810,4674,4673,-1, 4673,4672,4810,-1, 4670,4669,4810,-1, 
          4810,4669,4668,-1, 4810,4668,4667,-1, 4810,4667,4666,-1, 4810,4681,4680,-1, 4810,4680,4679,-1, 4810,4679,4678,-1, 
          4810,4677,4676,-1, 4810,4676,4675,-1, 3860,3815,4811,-1, 4346,3823,3773,-1, 3680,3694,4346,-1, 3773,3731,4346,-1, 
          4346,3731,3692,-1, 4346,3692,3687,-1, 3687,3689,4346,-1, 4346,3689,3726,-1, 4346,3726,4828,-1, 4828,3726,3769,-1, 
          4828,3769,3819,-1, 3815,3765,4811,-1, 4811,3765,3721,-1, 4811,3721,4346,-1, 4346,3721,3681,-1, 4346,3681,3680,-1, 
          3868,3866,3825,-1, 3825,3866,3823,-1, 3825,3823,3775,-1, 3775,3823,4346,-1, 3775,4346,3733,-1, 3733,4346,3694,-1, 
          4811,4810,4695,-1, 4695,4810,3862,-1, 3862,4810,4824,-1, 3862,4824,3817,-1, 3771,3728,3817,-1, 3684,3723,3729,-1, 
          3729,3723,3725,-1, 3729,3725,3728,-1, 3728,3725,3767,-1, 3728,3767,3817,-1, 4697,4829,4828,-1, 4696,4828,3819,-1, 
          4696,3819,3864,-1, 4792,4763,4762,-1, 4792,4744,4743,-1, 4792,4743,4763,-1, 4750,4749,4812,-1, 4812,4749,4748,-1, 
          4747,4746,4812,-1, 4812,4746,4745,-1, 4812,4745,4792,-1, 4347,4751,4812,-1, 4812,4751,4750,-1, 4755,4754,4347,-1, 
          4347,4754,4753,-1, 4347,4753,4752,-1, 4347,4752,4751,-1, 4759,4813,4792,-1, 4792,4761,4760,-1, 4792,4760,4759,-1, 
          4758,4757,4813,-1, 4813,4757,4756,-1, 4813,4756,4755,-1, 4335,4814,3828,-1, 4609,4608,4793,-1, 4793,4608,4607,-1, 
          4607,4606,4793,-1, 4793,4606,4605,-1, 4793,4605,4599,-1, 4345,4614,4613,-1, 4613,4612,4345,-1, 4345,4612,4611,-1, 
          4345,4611,4610,-1, 4345,4616,4615,-1, 4345,4615,4614,-1, 4605,4604,4599,-1, 4599,4604,4603,-1, 4599,4603,4602,-1, 
          4602,4601,4599,-1, 4599,4601,4600,-1, 4345,4592,4591,-1, 4345,4591,4590,-1, 4345,4590,4616,-1, 4598,4597,4599,-1, 
          4599,4597,4596,-1, 4599,4596,4595,-1, 4599,4595,4345,-1, 4345,4595,4594,-1, 4345,4594,4593,-1, 4345,4593,4592,-1, 
          4793,4599,4345,-1, 4370,4369,4387,-1, 4369,4368,4387,-1, 4387,4368,4367,-1, 4387,4367,4366,-1, 4366,4365,4815,-1, 
          4815,4365,4364,-1, 4815,4364,4363,-1, 4363,4362,4815,-1, 4335,4815,4361,-1, 4387,4814,4371,-1, 4387,4371,4370,-1, 
          4361,4360,4335,-1, 4335,4360,4359,-1, 4335,4359,4358,-1, 4335,4358,4357,-1, 4351,4350,4814,-1, 4814,4350,4349,-1, 
          4814,4349,4348,-1, 4357,4356,4335,-1, 4335,4356,4355,-1, 4335,4355,4354,-1, 4335,4354,4814,-1, 4814,4354,4353,-1, 
          4814,4353,4352,-1, 4352,4351,4814,-1, 4581,4345,4793,-1, 4793,4345,4610,-1, 4793,4610,4609,-1, 4588,4793,4791,-1, 
          4793,4345,4791,-1, 3828,4814,4387,-1, 4832,4377,4376,-1, 4384,4383,4387,-1, 4387,4383,4377,-1, 4387,4377,3830,-1, 
          3830,4377,3782,-1, 4376,4375,4832,-1, 4832,4375,4374,-1, 4832,4374,4373,-1, 4372,4832,4373,-1, 4831,4393,4392,-1, 
          4831,4392,4391,-1, 4387,4386,4385,-1, 4387,4385,4384,-1, 4383,4382,4377,-1, 4377,4382,4381,-1, 4377,4381,4380,-1, 
          4391,4390,4831,-1, 4831,4390,4389,-1, 4831,4389,4387,-1, 4387,4389,4388,-1, 4380,4379,4377,-1, 4377,4379,4378,-1, 
          3736,3782,3738,-1, 3738,3782,4377,-1, 3738,4377,4796,-1, 4796,4377,4832,-1, 4796,4832,4338,-1, 4338,4832,3506,-1, 
          4338,3506,3514,-1, 4563,4562,4816,-1, 4561,4560,4816,-1, 4816,4560,4559,-1, 4816,4559,4558,-1, 4566,4565,4816,-1, 
          4816,4565,4564,-1, 4816,4564,4563,-1, 4554,4553,4807,-1, 4816,4545,4544,-1, 4816,4544,4543,-1, 4816,4543,4542,-1, 
          4816,4542,4567,-1, 4816,4567,4566,-1, 4807,4553,4552,-1, 4807,4552,4551,-1, 4558,4557,4816,-1, 4816,4557,4556,-1, 
          4816,4556,4807,-1, 4807,4556,4555,-1, 4807,4555,4554,-1, 4547,4816,4548,-1, 4816,4547,4546,-1, 4816,4546,4545,-1, 
          4807,4551,4550,-1, 4550,4549,4807,-1, 4816,4807,4548,-1, 3740,3788,3790,-1, 3790,3788,4818,-1, 3790,4818,4791,-1, 
          4791,4818,4817,-1, 4817,4818,3508,-1, 4817,3508,3510,-1, 4660,4808,4809,-1, 4816,4809,4808,-1, 4816,4808,4807,-1, 
          4807,4808,4571,-1, 4807,4571,4570,-1, 4636,4635,4803,-1, 4809,4638,4637,-1, 4641,4640,4809,-1, 4809,4640,4639,-1, 
          4809,4639,4638,-1, 4620,4619,4809,-1, 4809,4619,4618,-1, 4809,4618,4617,-1, 4634,4633,4803,-1, 4803,4633,4632,-1, 
          4803,4632,4809,-1, 4809,4632,4631,-1, 4809,4631,4630,-1, 4628,4627,4809,-1, 4809,4627,4626,-1, 4630,4629,4809,-1, 
          4809,4629,4628,-1, 4621,4809,4622,-1, 4621,4620,4809,-1, 4626,4625,4809,-1, 4809,4625,4624,-1, 4809,4624,4623,-1, 
          4809,4623,4622,-1, 4809,4663,4662,-1, 3571,4803,4794,-1, 4794,4803,4817,-1, 4817,4816,4791,-1, 4342,4343,3840,-1, 
          3833,4340,4338,-1, 3833,4338,3835,-1, 3835,4338,4818,-1, 4818,4338,4444,-1, 4818,4444,3569,-1, 3569,4444,4789,-1, 
          4789,3567,3569,-1, 4825,4726,4725,-1, 4825,4731,4730,-1, 4825,4730,4729,-1, 4724,4723,4825,-1, 4729,4728,4825,-1, 
          4825,4728,4727,-1, 4825,4727,4726,-1, 4742,4809,4720,-1, 4720,4809,4825,-1, 4720,4825,4721,-1, 4721,4825,4722,-1, 
          4735,4734,4825,-1, 4742,4741,4809,-1, 4809,4741,4740,-1, 4809,4740,4739,-1, 4734,4733,4825,-1, 4825,4733,4732,-1, 
          4825,4732,4731,-1, 4739,4738,4809,-1, 4809,4738,4737,-1, 4809,4737,4825,-1, 4825,4737,4736,-1, 4825,4736,4735,-1, 
          4486,4485,4797,-1, 4797,4485,4484,-1, 4797,4484,4483,-1, 4483,4482,4797,-1, 4797,4482,4819,-1, 4789,4491,4490,-1, 
          4490,4489,4789,-1, 4789,4489,4488,-1, 4789,4488,4487,-1, 4475,4474,4819,-1, 4474,4473,4819,-1, 4819,4473,4472,-1, 
          4472,4471,4789,-1, 4789,4469,4468,-1, 4819,4481,4480,-1, 4819,4480,4479,-1, 4444,4819,4789,-1, 4789,4819,4472,-1, 
          4471,4470,4789,-1, 4789,4470,4469,-1, 4468,4467,4789,-1, 4479,4478,4819,-1, 4819,4478,4477,-1, 4819,4477,4476,-1, 
          4476,4475,4819,-1, 4444,4338,4820,-1, 3516,4820,4338,-1, 4422,4421,4826,-1, 4826,4421,4420,-1, 4826,4420,4419,-1, 
          4419,4418,4826,-1, 4826,4418,4417,-1, 4826,4417,4416,-1, 4826,4416,4437,-1, 4437,4436,4826,-1, 4826,4436,4435,-1, 
          4826,4435,4434,-1, 4424,4423,4826,-1, 4826,4423,4422,-1, 4826,4428,4427,-1, 4434,4433,4826,-1, 4826,4433,4432,-1, 
          4826,4432,4431,-1, 4795,4429,4826,-1, 4832,4346,4800,-1, 4800,4826,4795,-1, 4795,4826,4431,-1, 4795,4431,4430,-1, 
          4427,4426,4826,-1, 4826,4426,4425,-1, 4826,4425,4424,-1, 4538,4537,4802,-1, 4802,4537,4536,-1, 4802,4536,4790,-1, 
          4790,4535,4534,-1, 4541,4540,4802,-1, 4802,4540,4539,-1, 4802,4539,4538,-1, 3641,4788,4802,-1, 4521,4520,4788,-1, 
          4788,4520,4519,-1, 4788,4519,4518,-1, 4788,4518,4802,-1, 4534,4533,4790,-1, 4790,4533,4532,-1, 4790,4532,4531,-1, 
          4790,4531,4530,-1, 4790,4527,4526,-1, 4530,4529,4790,-1, 4790,4529,4528,-1, 4790,4528,4527,-1, 4522,4788,4523,-1, 
          4522,4521,4788,-1, 4526,4525,4790,-1, 4790,4525,4524,-1, 4790,4524,4788,-1, 4824,4821,4825,-1, 4825,4725,4724,-1, 
          4823,4790,4797,-1, 4444,4797,4819,-1, 4824,4703,4702,-1, 4821,4709,4824,-1, 4824,4709,4708,-1, 4824,4708,4707,-1, 
          4707,4706,4824,-1, 4824,4706,4705,-1, 4824,4705,4704,-1, 4824,4701,4700,-1, 4718,4717,4824,-1, 4824,4717,4716,-1, 
          4824,4716,4715,-1, 4715,4714,4824,-1, 4824,4714,4821,-1, 4700,4699,4824,-1, 4824,4699,4698,-1, 4824,4698,4719,-1, 
          4824,4719,4718,-1, 4714,4713,4821,-1, 4821,4713,4712,-1, 4821,4711,4710,-1, 4821,4710,4709,-1, 3771,3817,3821,-1, 
          3821,3817,4824,-1, 3821,4824,4697,-1, 4697,4824,4822,-1, 4697,4822,3850,-1, 4697,3850,3848,-1, 3803,4830,4805,-1, 
          4805,4830,4823,-1, 4805,4823,4827,-1, 4827,4823,4801,-1, 4822,4825,4803,-1, 4803,4816,4817,-1, 4816,4807,4791,-1, 
          4342,4791,4343,-1, 4755,4347,4813,-1, 4824,4347,4821,-1, 4821,4347,4825,-1, 4825,4347,4344,-1, 4825,4344,4808,-1, 
          4808,4344,4576,-1, 4576,4344,4577,-1, 4792,4813,4347,-1, 4824,4704,4703,-1, 4825,4809,4803,-1, 4803,4809,4637,-1, 
          4803,4637,4636,-1, 4801,4826,4346,-1, 4801,4346,4827,-1, 4809,4816,4803,-1, 4825,4822,4824,-1, 4824,4810,4347,-1, 
          4347,4810,4792,-1, 4792,4810,4689,-1, 4399,4398,4827,-1, 4827,4398,4397,-1, 4397,4396,4827,-1, 4827,4396,4395,-1, 
          4827,4401,4400,-1, 4827,4400,4399,-1, 4395,4394,4827,-1, 4827,4394,4415,-1, 4827,4415,4414,-1, 4414,4413,4827,-1, 
          4827,4413,4412,-1, 4827,4412,4411,-1, 4408,4407,4806,-1, 4407,4406,4806,-1, 4827,4806,4405,-1, 4827,4405,4404,-1, 
          4411,4410,4827,-1, 4806,4827,4409,-1, 4806,4409,4408,-1, 4404,4403,4827,-1, 4827,4403,4402,-1, 4827,4402,4401,-1, 
          4777,4776,4347,-1, 4769,4768,4347,-1, 4347,4768,4767,-1, 4347,4767,4766,-1, 4347,4771,4770,-1, 4347,4770,4769,-1, 
          4765,4764,4812,-1, 4812,4764,4787,-1, 4347,4776,4775,-1, 4347,4775,4774,-1, 4774,4773,4347,-1, 4347,4773,4772,-1, 
          4347,4772,4771,-1, 4787,4786,4812,-1, 4812,4786,4785,-1, 4812,4785,4784,-1, 4784,4783,4812,-1, 4812,4783,4782,-1, 
          4812,4782,4347,-1, 4347,4782,4781,-1, 4347,4781,4780,-1, 4780,4779,4347,-1, 4347,4779,4778,-1, 4347,4778,4777,-1, 
          4811,4346,4689,-1, 4689,4346,4792,-1, 4792,4346,4812,-1, 4812,4346,4347,-1, 4812,4347,4765,-1, 4765,4347,4766,-1, 
          4802,4790,4823,-1, 4802,4823,4697,-1, 4487,4797,4789,-1, 4789,4797,4790,-1, 4823,4517,4697,-1, 4697,4517,4829,-1, 
          4828,4829,4346,-1, 4797,4801,4823,-1, 4829,4830,4804,-1, 4829,4804,4346,-1, 4827,4346,3674,-1, 3674,4346,3672,-1, 
          4366,4815,4387,-1, 4387,4815,4831,-1, 4800,4346,4826,-1, 4335,4333,4815,-1, 4815,4333,4831,-1, 4831,4333,4334,-1, 
          4831,4334,4832,-1, 4832,4334,4346,-1, 4837,4833,4835,-1, 4834,4836,4835,-1, 4837,4835,4836,-1, 4833,4914,4835,-1, 
          4838,4842,4841,-1, 4841,4842,4843,-1, 4844,4840,4839,-1, 4840,4841,4839,-1, 4846,4847,4848,-1, 4848,4847,4849,-1, 
          4851,4852,4862,-1, 4867,4854,4853,-1, 4869,4854,4836,-1, 4857,4855,4856,-1, 4857,4858,5009,-1, 5009,4858,4859,-1, 
          4925,4870,4923,-1, 4923,4870,4834,-1, 4923,4834,4835,-1, 4850,4870,4860,-1, 4851,4862,4861,-1, 4861,4862,4864,-1, 
          4864,4862,4863,-1, 4864,4863,4865,-1, 4864,4865,4866,-1, 4856,4855,4867,-1, 4856,4867,4866,-1, 4856,4866,4865,-1, 
          4867,4853,4866,-1, 4866,4853,4868,-1, 4866,4868,4864,-1, 4864,4868,4850,-1, 4864,4850,4861,-1, 4861,4850,4860,-1, 
          4861,4860,4851,-1, 4869,4834,4870,-1, 4869,4836,4834,-1, 4871,4885,4872,-1, 4872,4885,4874,-1, 4872,4874,4873,-1, 
          4873,4874,4875,-1, 4876,4859,4875,-1, 4876,4875,4877,-1, 4877,4875,4874,-1, 5028,5009,4878,-1, 4878,5009,4859,-1, 
          4878,4859,4876,-1, 4849,4879,4848,-1, 4848,4879,4880,-1, 4848,4880,4881,-1, 4881,4880,4882,-1, 4881,4882,4883,-1, 
          4883,4882,4884,-1, 4883,4884,4871,-1, 4871,4884,4885,-1, 4851,4925,4921,-1, 4851,4921,4887,-1, 4887,4921,4920,-1, 
          4887,4920,4888,-1, 4858,4889,4890,-1, 4890,4889,4892,-1, 4892,4889,4891,-1, 4892,4891,4893,-1, 4893,4891,4894,-1, 
          4893,4894,4895,-1, 4895,4894,4896,-1, 4895,4896,4897,-1, 4897,4896,4899,-1, 4897,4899,4898,-1, 4898,4899,4900,-1, 
          4860,4870,4925,-1, 4860,4925,4851,-1, 4852,4851,4887,-1, 4852,4887,4886,-1, 4886,4887,4888,-1, 4886,4888,4901,-1, 
          4859,4858,4875,-1, 4875,4858,4890,-1, 4875,4890,4873,-1, 4873,4890,4892,-1, 4873,4892,4872,-1, 4872,4892,4893,-1, 
          4872,4893,4871,-1, 4871,4893,4895,-1, 4871,4895,4883,-1, 4883,4895,4897,-1, 4883,4897,4881,-1, 4881,4897,4898,-1, 
          4881,4898,4848,-1, 4848,4898,4900,-1, 4848,4900,4846,-1, 4846,4900,4901,-1, 4853,4854,4869,-1, 4853,4869,4868,-1, 
          4868,4869,4850,-1, 4850,4869,4870,-1, 4858,4857,4889,-1, 4889,4857,4856,-1, 4889,4856,4891,-1, 4891,4856,4865,-1, 
          4891,4865,4894,-1, 4894,4865,4863,-1, 4894,4863,4896,-1, 4896,4863,4862,-1, 4896,4862,4899,-1, 4899,4862,4852,-1, 
          4899,4852,4886,-1, 4899,4886,4900,-1, 4900,4886,4901,-1, 4905,4906,4849,-1, 4911,4915,4910,-1, 4969,4911,4912,-1, 
          4912,4913,4909,-1, 4914,4909,4913,-1, 4915,4916,4917,-1, 4910,4915,4917,-1, 4910,4917,4918,-1, 4924,4835,4914,-1, 
          4924,4914,4918,-1, 4918,4914,4913,-1, 4918,4913,4910,-1, 4910,4913,4912,-1, 4910,4912,4911,-1, 4919,4934,4917,-1, 
          4919,4917,4916,-1, 4924,4918,4922,-1, 4922,4918,4917,-1, 4922,4917,4934,-1, 4923,4835,4924,-1, 4926,4927,4905,-1, 
          4905,4927,4928,-1, 4905,4928,4906,-1, 4901,4929,4930,-1, 4926,4905,4931,-1, 4931,4905,4930,-1, 4931,4930,4932,-1, 
          4932,4930,4929,-1, 4932,4929,4933,-1, 4849,4847,4905,-1, 4905,4847,4846,-1, 4905,4846,4930,-1, 4930,4846,4901,-1, 
          4934,4919,4933,-1, 4933,4919,4943,-1, 4933,4943,4932,-1, 4932,4943,4944,-1, 4932,4944,4931,-1, 4931,4944,4908,-1, 
          4931,4908,4926,-1, 4926,4908,4907,-1, 4926,4907,4927,-1, 4904,4935,4936,-1, 4935,4938,4936,-1, 4936,4938,4937,-1, 
          4937,4938,4939,-1, 4937,4939,4940,-1, 4940,4939,4942,-1, 4940,4942,4941,-1, 4941,4942,4908,-1, 4908,4942,4907,-1, 
          4944,4943,4945,-1, 4944,4945,4946,-1, 4946,4945,4947,-1, 4947,4945,4948,-1, 4947,4948,4949,-1, 4949,4948,4950,-1, 
          4949,4950,4951,-1, 4949,4951,4902,-1, 4902,4951,4982,-1, 4908,4944,4941,-1, 4941,4944,4946,-1, 4941,4946,4940,-1, 
          4940,4946,4947,-1, 4940,4947,4937,-1, 4937,4947,4949,-1, 4937,4949,4936,-1, 4936,4949,4902,-1, 4936,4902,4904,-1, 
          4904,4902,4903,-1, 4903,4902,4982,-1, 4922,4923,4924,-1, 4901,4888,4929,-1, 4929,4888,4920,-1, 4929,4920,4933,-1, 
          4933,4920,4921,-1, 4933,4921,4934,-1, 4934,4921,4925,-1, 4934,4925,4922,-1, 4922,4925,4923,-1, 4943,4919,4945,-1, 
          4945,4919,4948,-1, 4948,4919,4916,-1, 4948,4916,4950,-1, 4950,4916,4915,-1, 4950,4915,4951,-1, 4951,4915,4911,-1, 
          4951,4911,4982,-1, 4982,4911,4969,-1, 4952,4954,4953,-1, 4956,4957,4958,-1, 4959,4833,4837,-1, 4957,4956,4959,-1, 
          4960,4964,4961,-1, 4964,4962,4961,-1, 4961,4962,4963,-1, 4962,4964,4966,-1, 4962,4966,4965,-1, 4965,4966,4967,-1, 
          4965,4967,4968,-1, 4969,4968,4967,-1, 4968,4970,4965,-1, 4965,4970,4971,-1, 4965,4971,4962,-1, 4962,4971,4963,-1, 
          4963,4971,4955,-1, 4986,4973,4972,-1, 4972,4973,4974,-1, 4974,4973,4975,-1, 4974,4975,4976,-1, 4976,4975,4978,-1, 
          4977,4978,4979,-1, 4979,4978,4975,-1, 4977,4980,4981,-1, 4903,4981,4904,-1, 4904,4981,4980,-1, 4904,4980,4935,-1, 
          4953,4954,4984,-1, 4953,4984,4983,-1, 4983,4984,4985,-1, 4983,4985,4986,-1, 4986,4985,4987,-1, 4986,4987,4973,-1, 
          4988,4991,4989,-1, 4958,4957,4990,-1, 4958,4990,4991,-1, 4992,4993,4994,-1, 4994,4993,4995,-1, 4994,4995,4997,-1, 
          4997,4995,4996,-1, 4997,4996,4998,-1, 4997,4998,4999,-1, 4999,4998,5000,-1, 4999,5000,5001,-1, 5001,5000,4988,-1, 
          5001,4988,5002,-1, 4955,4833,4959,-1, 4955,4959,4963,-1, 4963,4959,4956,-1, 4963,4956,4961,-1, 4961,4956,4958,-1, 
          4961,4958,4960,-1, 4960,4958,4991,-1, 4960,4991,4988,-1, 4978,4992,4976,-1, 4976,4992,4994,-1, 4976,4994,4974,-1, 
          4974,4994,4972,-1, 4972,4994,4997,-1, 4972,4997,4986,-1, 4986,4997,4999,-1, 4986,4999,4983,-1, 4983,4999,5001,-1, 
          4983,5001,4953,-1, 4953,5001,5002,-1, 4953,5002,4952,-1, 4909,4914,4833,-1, 4909,4833,4955,-1, 4970,4909,4971,-1, 
          4971,4909,4955,-1, 4968,4969,4912,-1, 4968,4912,4970,-1, 4970,4912,4909,-1, 4977,4981,4978,-1, 4978,4981,4903,-1, 
          4978,4903,4992,-1, 4992,4903,4982,-1, 4992,4982,4993,-1, 4993,4982,4969,-1, 4993,4969,4967,-1, 4993,4967,4995,-1, 
          4995,4967,4966,-1, 4995,4966,4996,-1, 4996,4966,4964,-1, 4996,4964,4998,-1, 4998,4964,5000,-1, 5000,4964,4960,-1, 
          5000,4960,4988,-1, 5002,4988,4989,-1, 5003,5004,4954,-1, 5005,5021,5006,-1, 5020,5007,5008,-1, 4867,4855,5010,-1, 
          4855,5011,5010,-1, 5007,5012,4854,-1, 5010,5011,5013,-1, 5010,5013,5015,-1, 5015,5013,5014,-1, 5015,5014,5016,-1, 
          5015,5016,5018,-1, 5007,5020,5012,-1, 5012,5020,4837,-1, 4836,4854,5012,-1, 4836,5012,4837,-1, 5017,5018,5016,-1, 
          5019,4991,4990,-1, 4867,5010,4854,-1, 4854,5010,5007,-1, 5007,5010,5015,-1, 5007,5015,5008,-1, 5008,5015,5018,-1, 
          5006,5021,5003,-1, 5003,5021,5022,-1, 5003,5022,5004,-1, 4991,5023,4989,-1, 4989,5023,5024,-1, 5006,5003,5025,-1, 
          5025,5003,5024,-1, 5025,5024,5026,-1, 5026,5024,5023,-1, 5026,5023,5017,-1, 5003,4954,4952,-1, 5003,4952,5024,-1, 
          5024,4952,5002,-1, 5024,5002,4989,-1, 5008,5018,5027,-1, 5027,5018,5017,-1, 5017,5042,5026,-1, 5026,5042,5041,-1, 
          5026,5041,5025,-1, 5025,5041,5006,-1, 5009,5028,5030,-1, 5030,5028,5029,-1, 5030,5029,5031,-1, 5030,5031,5032,-1, 
          5032,5031,5033,-1, 5032,5033,5034,-1, 5033,5035,5034,-1, 5034,5035,5036,-1, 5036,5035,5037,-1, 5036,5037,5038,-1, 
          5038,5037,5040,-1, 5038,5040,5039,-1, 5039,5040,5005,-1, 5041,5042,5044,-1, 5044,5042,5043,-1, 5044,5043,5045,-1, 
          5045,5043,5046,-1, 5045,5046,5047,-1, 5047,5046,5048,-1, 5047,5048,5049,-1, 5049,5048,5050,-1, 5049,5050,5052,-1, 
          5052,5050,5051,-1, 5052,5051,4857,-1, 5039,5041,5038,-1, 5038,5041,5044,-1, 5038,5044,5036,-1, 5036,5044,5045,-1, 
          5036,5045,5034,-1, 5034,5045,5047,-1, 5034,5047,5032,-1, 5032,5047,5049,-1, 5032,5049,5030,-1, 5030,5049,5052,-1, 
          5030,5052,5009,-1, 5009,5052,4857,-1, 5023,4991,5019,-1, 5023,5019,5017,-1, 5017,5019,4990,-1, 5017,4990,5027,-1, 
          5027,4990,4957,-1, 5027,4957,5008,-1, 5008,4957,4959,-1, 5008,4959,5020,-1, 5020,4959,4837,-1, 5005,5006,5039,-1, 
          5039,5006,5041,-1, 5042,5017,5016,-1, 5042,5016,5043,-1, 5043,5016,5046,-1, 5046,5016,5014,-1, 5046,5014,5048,-1, 
          5048,5014,5013,-1, 5048,5013,5050,-1, 5050,5013,5011,-1, 5050,5011,5051,-1, 5051,5011,4855,-1, 5051,4855,4857,-1, 
          5089,4839,4841,-1, 5073,5054,5055,-1, 5103,5057,5056,-1, 5056,5057,5063,-1, 5063,5064,5058,-1, 5058,5064,5059,-1, 
          5058,5059,5060,-1, 5064,5062,5059,-1, 5066,5065,5067,-1, 5067,5065,5068,-1, 5066,5085,5055,-1, 5074,5081,5075,-1, 
          5076,5054,5077,-1, 5077,5054,5073,-1, 5077,5073,5078,-1, 5083,5079,5080,-1, 5075,5081,5082,-1, 5075,5082,5080,-1, 
          5080,5082,5083,-1, 5084,5092,5085,-1, 5055,5085,5086,-1, 5055,5086,5073,-1, 5073,5086,5087,-1, 5073,5087,5088,-1, 
          5089,4841,4843,-1, 5089,4843,5090,-1, 5091,5092,5093,-1, 5085,5092,5091,-1, 5085,5091,5086,-1, 5086,5091,5094,-1, 
          5086,5094,5087,-1, 5095,4839,5096,-1, 5097,5096,5089,-1, 5097,5089,5098,-1, 5098,5089,5090,-1, 5098,5090,5093,-1, 
          5096,4839,5089,-1, 5099,5254,5100,-1, 5100,5254,5095,-1, 5100,5095,5096,-1, 5056,5101,5103,-1, 5103,5101,5099,-1, 
          5099,5101,5254,-1, 5102,5053,5084,-1, 5102,5066,5103,-1, 5103,5066,5067,-1, 5067,5068,5104,-1, 5104,5068,5069,-1, 
          5104,5069,5061,-1, 5061,5069,5070,-1, 5061,5070,5062,-1, 5096,5053,5100,-1, 5100,5053,5102,-1, 5100,5102,5099,-1, 
          5099,5102,5103,-1, 5103,5067,5057,-1, 5057,5067,5104,-1, 5057,5104,5063,-1, 5063,5104,5061,-1, 5063,5061,5064,-1, 
          5064,5061,5062,-1, 5053,5096,5097,-1, 5053,5097,5084,-1, 5084,5097,5098,-1, 5084,5098,5092,-1, 5092,5098,5093,-1, 
          5083,5105,5079,-1, 5079,5105,5106,-1, 5078,5106,5107,-1, 5078,5107,5108,-1, 5078,5108,5077,-1, 5077,5108,5109,-1, 
          5077,5109,5076,-1, 5076,5109,5110,-1, 5066,5055,5065,-1, 5065,5055,5054,-1, 5065,5054,5071,-1, 5071,5054,5076,-1, 
          5071,5076,5072,-1, 5072,5076,5110,-1, 5072,5110,5070,-1, 5093,5074,5091,-1, 5091,5074,5075,-1, 5091,5075,5094,-1, 
          5094,5075,5080,-1, 5094,5080,5087,-1, 5087,5080,5079,-1, 5087,5079,5088,-1, 5088,5079,5106,-1, 5088,5106,5078,-1, 
          5088,5078,5073,-1, 5084,5085,5066,-1, 5084,5066,5102,-1, 5065,5071,5068,-1, 5068,5071,5072,-1, 5068,5072,5069,-1, 
          5069,5072,5070,-1, 5074,5093,5112,-1, 5090,4843,5114,-1, 5162,5151,5148,-1, 5117,5118,5105,-1, 5126,5120,5121,-1, 
          5121,5120,5117,-1, 5121,5117,5122,-1, 5105,5083,5117,-1, 5117,5083,5122,-1, 5122,5083,5082,-1, 5124,5126,5121,-1, 
          5124,5121,5125,-1, 5125,5121,5122,-1, 5125,5122,5119,-1, 5119,5122,5082,-1, 5119,5082,5081,-1, 5125,5138,5124,-1, 
          5124,5138,5139,-1, 5124,5139,5126,-1, 5126,5139,5140,-1, 5126,5140,5127,-1, 5127,5140,5145,-1, 5126,5128,5120,-1, 
          5120,5128,5129,-1, 5120,5129,5117,-1, 5117,5129,5130,-1, 5117,5130,5118,-1, 5135,5134,5136,-1, 5135,5136,5137,-1, 
          5137,5136,5143,-1, 5146,5147,5141,-1, 5141,5147,5116,-1, 5131,5132,5153,-1, 5123,5133,5138,-1, 5138,5133,5134,-1, 
          5138,5134,5139,-1, 5139,5134,5135,-1, 5139,5135,5140,-1, 5140,5135,5137,-1, 5125,5123,5138,-1, 5153,5141,5131,-1, 
          5131,5141,5142,-1, 5115,5116,5166,-1, 5143,5144,5137,-1, 5137,5144,5145,-1, 5137,5145,5140,-1, 5116,5147,5166,-1, 
          4843,4842,5154,-1, 5154,4842,5148,-1, 5132,5149,5150,-1, 4838,5162,5148,-1, 4838,5148,4842,-1, 5152,5111,5153,-1, 
          5157,5154,5155,-1, 5155,5154,5148,-1, 5155,5148,5156,-1, 5156,5148,5151,-1, 5132,5150,5152,-1, 5132,5152,5153,-1, 
          5093,5090,5113,-1, 5113,5090,5114,-1, 5113,5114,5157,-1, 5112,5093,5113,-1, 5112,5113,5158,-1, 5158,5113,5157,-1, 
          5158,5157,5149,-1, 5114,4843,5154,-1, 5114,5154,5157,-1, 5149,5157,5155,-1, 5149,5155,5150,-1, 5150,5155,5156,-1, 
          5150,5156,5152,-1, 5152,5156,5111,-1, 5111,5156,5151,-1, 5115,5159,5160,-1, 5127,5128,5126,-1, 5123,5125,5119,-1, 
          5123,5119,5161,-1, 5161,5119,5081,-1, 5111,5146,5153,-1, 5153,5146,5141,-1, 5141,5116,5142,-1, 5142,5116,5115,-1, 
          5142,5115,5143,-1, 5143,5115,5160,-1, 5143,5160,5144,-1, 5081,5074,5161,-1, 5161,5074,5112,-1, 5161,5112,5123,-1, 
          5123,5112,5158,-1, 5123,5158,5133,-1, 5133,5158,5149,-1, 5133,5149,5132,-1, 5133,5132,5134,-1, 5134,5132,5131,-1, 
          5134,5131,5136,-1, 5136,5131,5142,-1, 5136,5142,5143,-1, 5203,5202,5162,-1, 4838,4841,5162,-1, 5147,5146,5165,-1, 
          5165,5146,5208,-1, 5147,5165,5166,-1, 5166,5170,5115,-1, 5115,5170,5159,-1, 5167,5176,5168,-1, 5165,5169,5166,-1, 
          5166,5169,5170,-1, 5171,5172,5173,-1, 5173,5172,5174,-1, 5174,5175,5167,-1, 5167,5175,5176,-1, 5196,5183,5177,-1, 
          5177,5183,5164,-1, 5177,5164,5178,-1, 5178,5164,5179,-1, 5178,5179,5180,-1, 5179,5181,5180,-1, 5180,5181,5182,-1, 
          5164,5183,5184,-1, 5185,5192,5186,-1, 5186,5192,5187,-1, 5179,5164,5188,-1, 5188,5164,5184,-1, 5188,5184,5189,-1, 
          5194,5190,5191,-1, 5187,5192,5193,-1, 5187,5193,5191,-1, 5191,5193,5194,-1, 5196,5195,5197,-1, 5196,5197,5198,-1, 
          5163,4840,4845,-1, 4845,4840,4844,-1, 5195,5201,5197,-1, 5151,5162,5202,-1, 5203,5163,5204,-1, 5204,5163,4845,-1, 
          5204,4845,5200,-1, 5205,5151,5202,-1, 5208,5146,5111,-1, 5208,5111,5205,-1, 5205,5111,5151,-1, 5206,5202,5207,-1, 
          5207,5202,5203,-1, 5207,5203,5195,-1, 5207,5171,5206,-1, 5206,5171,5208,-1, 5208,5171,5173,-1, 5173,5174,5169,-1, 
          5169,5174,5167,-1, 5202,5206,5205,-1, 5205,5206,5208,-1, 5208,5173,5165,-1, 5165,5173,5169,-1, 5169,5167,5170,-1, 
          5170,5167,5168,-1, 5170,5168,5159,-1, 4841,4840,5162,-1, 5162,4840,5163,-1, 5162,5163,5203,-1, 5195,5203,5204,-1, 
          5195,5204,5201,-1, 5201,5204,5200,-1, 5194,5209,5190,-1, 5190,5209,5210,-1, 5210,5211,5189,-1, 5189,5211,5188,-1, 
          5188,5211,5212,-1, 5188,5212,5179,-1, 5179,5212,5213,-1, 5179,5213,5181,-1, 5200,5185,5201,-1, 5201,5185,5186,-1, 
          5201,5186,5197,-1, 5197,5186,5187,-1, 5197,5187,5198,-1, 5198,5187,5191,-1, 5198,5191,5199,-1, 5199,5191,5190,-1, 
          5199,5190,5189,-1, 5189,5190,5210,-1, 5199,5189,5184,-1, 5199,5184,5198,-1, 5198,5184,5183,-1, 5198,5183,5196,-1, 
          5195,5196,5207,-1, 5207,5196,5171,-1, 5171,5196,5177,-1, 5171,5177,5172,-1, 5172,5177,5178,-1, 5172,5178,5174,-1, 
          5174,5178,5180,-1, 5174,5180,5175,-1, 5175,5180,5182,-1, 5175,5182,5176,-1, 5185,5200,5214,-1, 5215,5233,5209,-1, 
          5217,5218,5219,-1, 5219,5218,5215,-1, 5219,5215,5220,-1, 5209,5194,5215,-1, 5215,5194,5220,-1, 5220,5194,5193,-1, 
          5221,5222,5223,-1, 5224,5217,5225,-1, 5225,5217,5219,-1, 5225,5219,5226,-1, 5226,5219,5220,-1, 5226,5220,5216,-1, 
          5216,5220,5193,-1, 5216,5193,5192,-1, 5221,5243,5227,-1, 5229,5230,5224,-1, 5224,5230,5217,-1, 5217,5230,5231,-1, 
          5217,5231,5218,-1, 5218,5231,5232,-1, 5218,5232,5215,-1, 5215,5232,5233,-1, 5234,5235,5242,-1, 5223,5235,5236,-1, 
          5244,5236,5237,-1, 5244,5237,5245,-1, 5245,5237,5238,-1, 5056,5239,5101,-1, 5101,5239,5256,-1, 5238,5237,5240,-1, 
          5240,5237,5234,-1, 5240,5234,5241,-1, 5241,5234,5242,-1, 5243,5223,5236,-1, 5243,5236,5244,-1, 5221,5223,5243,-1, 
          5227,5243,5244,-1, 5227,5244,5228,-1, 5228,5244,5245,-1, 5228,5245,5229,-1, 5246,5240,5247,-1, 5240,5246,5238,-1, 
          5238,5246,5249,-1, 5246,5248,5249,-1, 5249,5250,5238,-1, 5238,5250,5245,-1, 5245,5250,5229,-1, 5056,5063,5247,-1, 
          5056,5247,5239,-1, 5239,5247,5240,-1, 5251,5257,4844,-1, 5235,5252,5253,-1, 4844,4839,5251,-1, 5251,4839,5095,-1, 
          5258,5257,5251,-1, 5258,5251,5259,-1, 5259,5251,5095,-1, 5259,5095,5254,-1, 5235,5253,5242,-1, 5242,5253,5255,-1, 
          5242,5255,5256,-1, 5242,5256,5241,-1, 5200,4845,5260,-1, 5214,5200,5260,-1, 5214,5260,5261,-1, 5261,5260,5252,-1, 
          4845,4844,5257,-1, 4845,5257,5260,-1, 5260,5257,5258,-1, 5260,5258,5252,-1, 5252,5258,5253,-1, 5253,5258,5259,-1, 
          5253,5259,5255,-1, 5255,5259,5254,-1, 5255,5254,5101,-1, 5060,5248,5058,-1, 5058,5248,5246,-1, 5058,5246,5247,-1, 
          5058,5247,5063,-1, 5228,5229,5224,-1, 5228,5224,5227,-1, 5227,5224,5225,-1, 5227,5225,5221,-1, 5221,5225,5226,-1, 
          5221,5226,5222,-1, 5222,5226,5216,-1, 5222,5216,5262,-1, 5262,5216,5192,-1, 5255,5101,5256,-1, 5256,5239,5241,-1, 
          5241,5239,5240,-1, 5192,5185,5262,-1, 5262,5185,5214,-1, 5262,5214,5222,-1, 5222,5214,5261,-1, 5222,5261,5223,-1, 
          5223,5261,5252,-1, 5223,5252,5235,-1, 5236,5235,5234,-1, 5236,5234,5237,-1, 5031,5029,5263,-1, 5040,5037,5264,-1, 
          4907,5265,4927,-1, 4927,5265,5266,-1, 4927,5266,4928,-1, 4942,5267,5265,-1, 4942,5265,4907,-1, 5267,4942,5268,-1, 
          5268,4942,4939,-1, 4939,4938,5268,-1, 5268,4938,5269,-1, 5269,4938,4935,-1, 5269,4935,5270,-1, 5270,4935,4980,-1, 
          5270,4980,5271,-1, 5271,4980,4977,-1, 5271,4977,4979,-1, 4975,5272,5271,-1, 4975,5271,4979,-1, 5272,4975,4973,-1, 
          5272,4973,5273,-1, 4987,5274,5273,-1, 4987,5273,4973,-1, 4987,4985,5274,-1, 5274,4985,4984,-1, 5274,4984,5275,-1, 
          5275,4984,4954,-1, 5275,4954,5276,-1, 5276,4954,5004,-1, 5276,5004,5277,-1, 5021,5278,5277,-1, 5021,5277,5022,-1, 
          5022,5277,5004,-1, 5021,5005,5278,-1, 5278,5005,5040,-1, 5278,5040,5264,-1, 5264,5037,5279,-1, 5037,5035,5279,-1, 
          5279,5035,5263,-1, 5263,5035,5033,-1, 5263,5033,5031,-1, 5029,5028,5263,-1, 5263,5028,5280,-1, 5280,5028,4878,-1, 
          5280,4878,5281,-1, 5281,4878,4876,-1, 4874,5282,5281,-1, 4874,5281,4877,-1, 4877,5281,4876,-1, 5282,4874,5283,-1, 
          5283,4874,4885,-1, 4884,5284,5283,-1, 4884,5283,4885,-1, 4884,4882,5284,-1, 5284,4882,5285,-1, 4882,4880,5285,-1, 
          5285,4880,4879,-1, 5285,4879,5286,-1, 5286,4879,4849,-1, 5286,4849,5266,-1, 5266,4849,4906,-1, 5266,4906,4928,-1, 
          5231,5230,5287,-1, 5070,5110,5288,-1, 5159,5289,5290,-1, 5159,5290,5160,-1, 5291,5144,5290,-1, 5290,5144,5160,-1, 
          5292,5145,5291,-1, 5291,5145,5144,-1, 5293,5128,5292,-1, 5292,5128,5127,-1, 5292,5127,5145,-1, 5118,5130,5294,-1, 
          5294,5130,5129,-1, 5294,5129,5293,-1, 5293,5129,5128,-1, 5118,5294,5105,-1, 5105,5294,5295,-1, 5105,5295,5106,-1, 
          5106,5295,5296,-1, 5297,5107,5106,-1, 5297,5106,5296,-1, 5288,5110,5109,-1, 5288,5109,5297,-1, 5297,5109,5108,-1, 
          5297,5108,5107,-1, 5070,5288,5298,-1, 5299,5062,5070,-1, 5299,5070,5298,-1, 5300,5059,5299,-1, 5299,5059,5062,-1, 
          5301,5249,5248,-1, 5301,5248,5300,-1, 5300,5248,5060,-1, 5300,5060,5059,-1, 5302,5250,5249,-1, 5302,5249,5301,-1, 
          5303,5229,5302,-1, 5302,5229,5250,-1, 5287,5230,5229,-1, 5287,5229,5303,-1, 5231,5287,5232,-1, 5232,5287,5304,-1, 
          5232,5304,5233,-1, 5305,5210,5306,-1, 5306,5210,5209,-1, 5306,5209,5304,-1, 5304,5209,5233,-1, 5210,5305,5211,-1, 
          5211,5305,5307,-1, 5213,5212,5308,-1, 5308,5212,5307,-1, 5307,5212,5211,-1, 5213,5308,5181,-1, 5181,5308,5309,-1, 
          5181,5309,5182,-1, 5176,5309,5310,-1, 5309,5176,5182,-1, 5289,5159,5310,-1, 5310,5159,5168,-1, 5310,5168,5176,-1, 
          5273,5311,5272,-1, 5272,5311,5312,-1, 5272,5312,5271,-1, 5271,5312,5313,-1, 5271,5313,5270,-1, 5277,5314,5276,-1, 
          5276,5314,5315,-1, 5276,5315,5275,-1, 5275,5315,5316,-1, 5275,5316,5274,-1, 5274,5316,5317,-1, 5274,5317,5273,-1, 
          5273,5317,5318,-1, 5273,5318,5311,-1, 5279,5319,5264,-1, 5264,5319,5320,-1, 5264,5320,5278,-1, 5278,5320,5321,-1, 
          5278,5321,5277,-1, 5277,5321,5322,-1, 5277,5322,5314,-1, 5281,5323,5280,-1, 5280,5323,5324,-1, 5280,5324,5263,-1, 
          5263,5324,5325,-1, 5263,5325,5279,-1, 5279,5325,5326,-1, 5279,5326,5319,-1, 5285,5327,5284,-1, 5284,5327,5328,-1, 
          5284,5328,5283,-1, 5283,5328,5329,-1, 5283,5329,5282,-1, 5282,5329,5330,-1, 5282,5330,5281,-1, 5281,5330,5331,-1, 
          5281,5331,5323,-1, 5265,5332,5266,-1, 5266,5332,5333,-1, 5266,5333,5286,-1, 5286,5333,5334,-1, 5286,5334,5285,-1, 
          5285,5334,5335,-1, 5285,5335,5327,-1, 5313,5336,5270,-1, 5270,5336,5337,-1, 5270,5337,5269,-1, 5269,5337,5338,-1, 
          5269,5338,5268,-1, 5268,5338,5339,-1, 5268,5339,5267,-1, 5267,5339,5340,-1, 5267,5340,5265,-1, 5265,5340,5341,-1, 
          5265,5341,5332,-1, 5297,5342,5288,-1, 5288,5342,5343,-1, 5288,5343,5298,-1, 5298,5343,5344,-1, 5298,5344,5299,-1, 
          5299,5344,5345,-1, 5299,5345,5300,-1, 5303,5346,5287,-1, 5287,5346,5347,-1, 5287,5347,5304,-1, 5304,5347,5348,-1, 
          5304,5348,5306,-1, 5345,5349,5300,-1, 5300,5349,5350,-1, 5300,5350,5301,-1, 5301,5350,5351,-1, 5301,5351,5302,-1, 
          5302,5351,5352,-1, 5302,5352,5303,-1, 5303,5352,5353,-1, 5303,5353,5346,-1, 5294,5354,5295,-1, 5295,5354,5355,-1, 
          5295,5355,5296,-1, 5296,5355,5356,-1, 5296,5356,5297,-1, 5297,5356,5357,-1, 5297,5357,5342,-1, 5290,5358,5291,-1, 
          5291,5358,5359,-1, 5291,5359,5292,-1, 5292,5359,5360,-1, 5292,5360,5293,-1, 5293,5360,5361,-1, 5293,5361,5294,-1, 
          5294,5361,5362,-1, 5294,5362,5354,-1, 5309,5363,5310,-1, 5310,5363,5364,-1, 5310,5364,5289,-1, 5289,5364,5365,-1, 
          5289,5365,5290,-1, 5290,5365,5366,-1, 5290,5366,5358,-1, 5348,5367,5306,-1, 5306,5367,5368,-1, 5306,5368,5305,-1, 
          5305,5368,5369,-1, 5305,5369,5307,-1, 5307,5369,5370,-1, 5307,5370,5308,-1, 5308,5370,5371,-1, 5308,5371,5309,-1, 
          5309,5371,5372,-1, 5309,5372,5363,-1, 5334,5364,5335,-1, 5335,5364,5363,-1, 5335,5363,5327,-1, 5327,5363,5372,-1, 
          5327,5372,5328,-1, 5328,5372,5371,-1, 5328,5371,5329,-1, 5329,5371,5370,-1, 5329,5370,5330,-1, 5330,5370,5369,-1, 
          5330,5369,5331,-1, 5331,5369,5368,-1, 5331,5368,5323,-1, 5323,5368,5367,-1, 5323,5367,5324,-1, 5324,5367,5348,-1, 
          5324,5348,5325,-1, 5325,5348,5347,-1, 5325,5347,5326,-1, 5326,5347,5346,-1, 5326,5346,5319,-1, 5319,5346,5353,-1, 
          5319,5353,5320,-1, 5320,5353,5352,-1, 5320,5352,5321,-1, 5321,5352,5351,-1, 5321,5351,5322,-1, 5322,5351,5350,-1, 
          5322,5350,5314,-1, 5314,5350,5349,-1, 5314,5349,5315,-1, 5315,5349,5345,-1, 5315,5345,5316,-1, 5316,5345,5344,-1, 
          5316,5344,5317,-1, 5317,5344,5343,-1, 5317,5343,5318,-1, 5318,5343,5342,-1, 5318,5342,5311,-1, 5311,5342,5357,-1, 
          5311,5357,5312,-1, 5312,5357,5356,-1, 5312,5356,5313,-1, 5313,5356,5355,-1, 5313,5355,5336,-1, 5336,5355,5354,-1, 
          5336,5354,5337,-1, 5337,5354,5362,-1, 5337,5362,5338,-1, 5338,5362,5361,-1, 5338,5361,5339,-1, 5339,5361,5360,-1, 
          5339,5360,5340,-1, 5340,5360,5359,-1, 5340,5359,5341,-1, 5341,5359,5358,-1, 5341,5358,5332,-1, 5332,5358,5366,-1, 
          5332,5366,5333,-1, 5333,5366,5365,-1, 5333,5365,5334,-1, 5334,5365,5364,-1, 5374,5450,5373,-1, 5375,5376,5418,-1, 
          5378,5379,5380,-1, 5449,5386,5381,-1, 5384,5385,5449,-1, 5449,5385,5386,-1, 5387,5388,5389,-1, 5389,5388,5390,-1, 
          5389,5390,5384,-1, 5384,5390,5385,-1, 5391,5392,5387,-1, 5387,5392,5388,-1, 5393,5394,5395,-1, 5395,5394,5396,-1, 
          5395,5396,5397,-1, 5397,5396,5398,-1, 5397,5398,5399,-1, 5399,5398,5400,-1, 5399,5400,5401,-1, 5401,5400,5402,-1, 
          5401,5402,5403,-1, 5403,5402,5404,-1, 5403,5404,5405,-1, 5449,5393,5384,-1, 5384,5393,5395,-1, 5384,5395,5389,-1, 
          5389,5395,5397,-1, 5389,5397,5387,-1, 5387,5397,5399,-1, 5387,5399,5391,-1, 5391,5399,5401,-1, 5391,5401,5406,-1, 
          5406,5401,5403,-1, 5406,5403,5407,-1, 5407,5403,5405,-1, 5407,5405,5408,-1, 5408,5409,5410,-1, 5408,5410,5407,-1, 
          5407,5410,5411,-1, 5407,5411,5406,-1, 5406,5411,5412,-1, 5406,5412,5391,-1, 5391,5412,5413,-1, 5391,5413,5392,-1, 
          5379,5409,5380,-1, 5380,5409,5408,-1, 5380,5408,5414,-1, 5414,5408,5405,-1, 5414,5405,5415,-1, 5415,5405,5404,-1, 
          5377,5378,5416,-1, 5416,5378,5380,-1, 5416,5380,5414,-1, 5416,5414,5417,-1, 5417,5414,5415,-1, 5376,5377,5418,-1, 
          5418,5377,5416,-1, 5418,5416,5419,-1, 5419,5416,5417,-1, 5420,5375,5418,-1, 5420,5418,5421,-1, 5421,5418,5419,-1, 
          5439,5451,5602,-1, 5602,5451,5422,-1, 5602,5422,5423,-1, 5423,5422,5424,-1, 5423,5424,5425,-1, 5425,5424,5426,-1, 
          5425,5426,5427,-1, 5427,5426,5428,-1, 5427,5428,5429,-1, 5429,5428,5430,-1, 5429,5430,5431,-1, 5431,5430,5432,-1, 
          5431,5432,5433,-1, 5433,5432,5434,-1, 5433,5434,5435,-1, 5435,5434,5436,-1, 5435,5436,5437,-1, 5437,5436,5438,-1, 
          5451,5440,5422,-1, 5422,5440,5441,-1, 5422,5441,5424,-1, 5424,5441,5442,-1, 5424,5442,5426,-1, 5426,5442,5443,-1, 
          5426,5443,5428,-1, 5428,5443,5444,-1, 5428,5444,5430,-1, 5430,5444,5445,-1, 5430,5445,5432,-1, 5432,5445,5446,-1, 
          5432,5446,5434,-1, 5434,5446,5447,-1, 5434,5447,5436,-1, 5436,5447,5448,-1, 5436,5448,5438,-1, 5438,5448,5383,-1, 
          5373,5450,5439,-1, 5439,5450,5451,-1, 5441,5452,5442,-1, 5442,5452,5453,-1, 5442,5453,5443,-1, 5443,5453,5454,-1, 
          5443,5454,5444,-1, 5444,5454,5455,-1, 5444,5455,5445,-1, 5445,5455,5456,-1, 5445,5456,5446,-1, 5446,5456,5457,-1, 
          5446,5457,5447,-1, 5447,5457,5394,-1, 5447,5394,5448,-1, 5448,5394,5393,-1, 5448,5393,5383,-1, 5383,5393,5449,-1, 
          5374,5375,5450,-1, 5450,5375,5420,-1, 5450,5420,5421,-1, 5394,5457,5396,-1, 5396,5457,5456,-1, 5396,5456,5398,-1, 
          5398,5456,5455,-1, 5398,5455,5400,-1, 5400,5455,5454,-1, 5400,5454,5402,-1, 5402,5454,5453,-1, 5402,5453,5404,-1, 
          5404,5453,5452,-1, 5404,5452,5415,-1, 5415,5452,5441,-1, 5415,5441,5417,-1, 5417,5441,5440,-1, 5417,5440,5419,-1, 
          5419,5440,5451,-1, 5419,5451,5421,-1, 5421,5451,5450,-1, 5382,5383,5449,-1, 5382,5449,5381,-1, 5459,5535,5458,-1, 
          5459,5460,5504,-1, 5461,5462,5502,-1, 5462,5463,5500,-1, 5478,5466,5467,-1, 5469,5470,5478,-1, 5478,5470,5471,-1, 
          5478,5471,5466,-1, 5472,5473,5474,-1, 5474,5473,5475,-1, 5474,5475,5469,-1, 5469,5475,5470,-1, 5476,5497,5472,-1, 
          5472,5497,5477,-1, 5472,5477,5473,-1, 5544,5479,5480,-1, 5480,5479,5481,-1, 5480,5481,5482,-1, 5482,5481,5483,-1, 
          5482,5483,5484,-1, 5484,5483,5485,-1, 5484,5485,5486,-1, 5486,5485,5487,-1, 5486,5487,5488,-1, 5488,5487,5489,-1, 
          5488,5489,5490,-1, 5478,5544,5469,-1, 5469,5544,5480,-1, 5469,5480,5474,-1, 5474,5480,5482,-1, 5474,5482,5472,-1, 
          5472,5482,5484,-1, 5472,5484,5476,-1, 5476,5484,5486,-1, 5476,5486,5491,-1, 5491,5486,5488,-1, 5491,5488,5492,-1, 
          5492,5488,5490,-1, 5492,5490,5493,-1, 5464,5494,5493,-1, 5493,5494,5495,-1, 5493,5495,5492,-1, 5492,5495,5496,-1, 
          5492,5496,5491,-1, 5491,5496,5497,-1, 5491,5497,5476,-1, 5465,5464,5493,-1, 5465,5493,5498,-1, 5498,5493,5490,-1, 
          5498,5490,5499,-1, 5499,5490,5489,-1, 5463,5464,5500,-1, 5500,5464,5465,-1, 5500,5465,5498,-1, 5500,5498,5501,-1, 
          5501,5498,5499,-1, 5502,5462,5500,-1, 5502,5500,5503,-1, 5503,5500,5501,-1, 5460,5461,5504,-1, 5504,5461,5502,-1, 
          5504,5502,5536,-1, 5536,5502,5503,-1, 5458,5535,5505,-1, 5505,5535,5506,-1, 5505,5506,5507,-1, 5507,5506,5508,-1, 
          5507,5508,5509,-1, 5509,5508,5510,-1, 5509,5510,5511,-1, 5511,5510,5512,-1, 5511,5512,5513,-1, 5513,5512,5514,-1, 
          5513,5514,5515,-1, 5515,5514,5516,-1, 5515,5516,5517,-1, 5517,5516,5518,-1, 5517,5518,5519,-1, 5519,5518,5520,-1, 
          5519,5520,5521,-1, 5521,5520,5522,-1, 5521,5522,5523,-1, 5523,5522,5524,-1, 5506,5526,5508,-1, 5508,5526,5527,-1, 
          5508,5527,5510,-1, 5510,5527,5528,-1, 5510,5528,5512,-1, 5512,5528,5529,-1, 5512,5529,5514,-1, 5514,5529,5530,-1, 
          5514,5530,5516,-1, 5516,5530,5531,-1, 5516,5531,5518,-1, 5518,5531,5532,-1, 5518,5532,5520,-1, 5520,5532,5543,-1, 
          5520,5543,5522,-1, 5522,5543,5533,-1, 5522,5533,5524,-1, 5524,5533,5534,-1, 5524,5534,5525,-1, 5525,5534,5468,-1, 
          5535,5536,5506,-1, 5506,5536,5526,-1, 5526,5537,5527,-1, 5527,5537,5538,-1, 5527,5538,5528,-1, 5528,5538,5539,-1, 
          5528,5539,5529,-1, 5529,5539,5540,-1, 5529,5540,5530,-1, 5530,5540,5541,-1, 5530,5541,5531,-1, 5531,5541,5542,-1, 
          5531,5542,5532,-1, 5532,5542,5543,-1, 5543,5479,5533,-1, 5533,5479,5544,-1, 5533,5544,5534,-1, 5534,5544,5478,-1, 
          5534,5478,5468,-1, 5468,5478,5467,-1, 5535,5459,5504,-1, 5535,5504,5536,-1, 5479,5543,5481,-1, 5481,5543,5542,-1, 
          5481,5542,5483,-1, 5483,5542,5541,-1, 5483,5541,5485,-1, 5485,5541,5540,-1, 5485,5540,5487,-1, 5487,5540,5539,-1, 
          5487,5539,5489,-1, 5489,5539,5538,-1, 5489,5538,5499,-1, 5499,5538,5537,-1, 5499,5537,5501,-1, 5501,5537,5526,-1, 
          5501,5526,5503,-1, 5503,5526,5536,-1, 5381,5546,5545,-1, 5547,5546,5381,-1, 5548,5549,5550,-1, 5551,5553,5554,-1, 
          5555,5556,5557,-1, 5622,5558,5373,-1, 5559,5564,5622,-1, 5622,5564,5560,-1, 5622,5560,5558,-1, 5561,5566,5562,-1, 
          5562,5566,5563,-1, 5562,5563,5559,-1, 5559,5563,5564,-1, 5565,5566,5561,-1, 5568,5569,5570,-1, 5570,5569,5571,-1, 
          5570,5571,5572,-1, 5572,5571,5573,-1, 5572,5573,5574,-1, 5574,5573,5575,-1, 5574,5575,5576,-1, 5576,5575,5577,-1, 
          5576,5577,5578,-1, 5622,5567,5559,-1, 5559,5567,5568,-1, 5559,5568,5562,-1, 5562,5568,5570,-1, 5562,5570,5561,-1, 
          5561,5570,5572,-1, 5561,5572,5565,-1, 5565,5572,5574,-1, 5565,5574,5579,-1, 5579,5574,5576,-1, 5579,5576,5580,-1, 
          5580,5576,5578,-1, 5580,5578,5581,-1, 5582,5583,5581,-1, 5581,5583,5584,-1, 5581,5584,5580,-1, 5580,5584,5585,-1, 
          5580,5585,5579,-1, 5579,5585,5586,-1, 5579,5586,5565,-1, 5565,5586,5587,-1, 5565,5587,5566,-1, 5556,5582,5557,-1, 
          5557,5582,5581,-1, 5557,5581,5588,-1, 5588,5581,5578,-1, 5588,5578,5589,-1, 5589,5578,5577,-1, 5553,5555,5554,-1, 
          5554,5555,5557,-1, 5554,5557,5590,-1, 5590,5557,5588,-1, 5590,5588,5613,-1, 5613,5588,5589,-1, 5552,5551,5554,-1, 
          5552,5554,5591,-1, 5591,5554,5590,-1, 5591,5590,5592,-1, 5592,5590,5613,-1, 5549,5551,5550,-1, 5550,5551,5552,-1, 
          5550,5552,5593,-1, 5593,5552,5591,-1, 5593,5591,5594,-1, 5594,5591,5592,-1, 5381,5545,5382,-1, 5382,5545,5603,-1, 
          5382,5603,5383,-1, 5383,5603,5595,-1, 5383,5595,5438,-1, 5438,5595,5596,-1, 5438,5596,5437,-1, 5437,5596,5597,-1, 
          5437,5597,5435,-1, 5435,5597,5598,-1, 5435,5598,5433,-1, 5433,5598,5599,-1, 5433,5599,5431,-1, 5431,5599,5600,-1, 
          5431,5600,5429,-1, 5429,5600,5601,-1, 5429,5601,5427,-1, 5427,5601,5611,-1, 5427,5611,5425,-1, 5425,5611,5612,-1, 
          5425,5612,5423,-1, 5423,5612,5602,-1, 5603,5604,5595,-1, 5595,5604,5605,-1, 5595,5605,5596,-1, 5596,5605,5606,-1, 
          5596,5606,5597,-1, 5597,5606,5607,-1, 5597,5607,5598,-1, 5598,5607,5608,-1, 5598,5608,5599,-1, 5599,5608,5609,-1, 
          5599,5609,5600,-1, 5600,5609,5610,-1, 5600,5610,5601,-1, 5601,5610,5611,-1, 5612,5621,5602,-1, 5602,5621,5622,-1, 
          5604,5613,5605,-1, 5605,5613,5614,-1, 5605,5614,5606,-1, 5606,5614,5615,-1, 5606,5615,5607,-1, 5607,5615,5616,-1, 
          5607,5616,5608,-1, 5608,5616,5617,-1, 5608,5617,5609,-1, 5609,5617,5618,-1, 5609,5618,5610,-1, 5610,5618,5619,-1, 
          5610,5619,5611,-1, 5611,5619,5620,-1, 5611,5620,5612,-1, 5612,5620,5621,-1, 5547,5548,5546,-1, 5546,5548,5550,-1, 
          5546,5550,5593,-1, 5546,5593,5545,-1, 5545,5593,5594,-1, 5622,5621,5567,-1, 5567,5621,5620,-1, 5567,5620,5568,-1, 
          5568,5620,5619,-1, 5568,5619,5569,-1, 5569,5619,5618,-1, 5569,5618,5571,-1, 5571,5618,5617,-1, 5571,5617,5573,-1, 
          5573,5617,5616,-1, 5573,5616,5575,-1, 5575,5616,5615,-1, 5575,5615,5577,-1, 5577,5615,5614,-1, 5577,5614,5589,-1, 
          5589,5614,5613,-1, 5613,5604,5592,-1, 5592,5604,5603,-1, 5592,5603,5594,-1, 5594,5603,5545,-1, 5439,5602,5622,-1, 
          5439,5622,5373,-1, 5467,5623,5704,-1, 5624,5623,5467,-1, 5625,5626,5627,-1, 5630,5631,5632,-1, 5633,5634,5458,-1, 
          5637,5638,5633,-1, 5633,5638,5639,-1, 5633,5639,5634,-1, 5640,5642,5641,-1, 5641,5642,5637,-1, 5637,5642,5643,-1, 
          5637,5643,5638,-1, 5644,5645,5640,-1, 5640,5645,5646,-1, 5640,5646,5642,-1, 5648,5649,5650,-1, 5650,5649,5651,-1, 
          5650,5651,5652,-1, 5652,5651,5653,-1, 5652,5653,5654,-1, 5654,5653,5655,-1, 5654,5655,5656,-1, 5656,5655,5657,-1, 
          5656,5657,5658,-1, 5458,5703,5633,-1, 5633,5703,5647,-1, 5633,5647,5637,-1, 5637,5647,5648,-1, 5637,5648,5641,-1, 
          5641,5648,5650,-1, 5641,5650,5640,-1, 5640,5650,5652,-1, 5640,5652,5644,-1, 5644,5652,5654,-1, 5644,5654,5659,-1, 
          5659,5654,5656,-1, 5659,5656,5660,-1, 5660,5656,5658,-1, 5660,5658,5661,-1, 5662,5663,5661,-1, 5661,5663,5664,-1, 
          5661,5664,5660,-1, 5660,5664,5665,-1, 5660,5665,5659,-1, 5659,5665,5644,-1, 5644,5665,5666,-1, 5644,5666,5645,-1, 
          5631,5662,5632,-1, 5632,5662,5661,-1, 5632,5661,5667,-1, 5667,5661,5658,-1, 5667,5658,5668,-1, 5668,5658,5657,-1, 
          5629,5630,5669,-1, 5669,5630,5632,-1, 5669,5632,5667,-1, 5669,5667,5670,-1, 5670,5667,5668,-1, 5628,5629,5671,-1, 
          5671,5629,5669,-1, 5671,5669,5672,-1, 5672,5669,5670,-1, 5626,5628,5627,-1, 5627,5628,5671,-1, 5627,5671,5673,-1, 
          5673,5671,5672,-1, 5467,5704,5674,-1, 5674,5704,5675,-1, 5674,5675,5676,-1, 5676,5675,5677,-1, 5676,5677,5678,-1, 
          5678,5677,5679,-1, 5678,5679,5680,-1, 5680,5679,5681,-1, 5680,5681,5682,-1, 5682,5681,5683,-1, 5682,5683,5684,-1, 
          5684,5683,5685,-1, 5684,5685,5517,-1, 5517,5685,5686,-1, 5517,5686,5687,-1, 5687,5686,5688,-1, 5687,5688,5689,-1, 
          5689,5688,5690,-1, 5689,5690,5691,-1, 5691,5690,5702,-1, 5691,5702,5692,-1, 5692,5702,5711,-1, 5692,5711,5636,-1, 
          5704,5693,5675,-1, 5675,5693,5694,-1, 5675,5694,5677,-1, 5677,5694,5695,-1, 5677,5695,5679,-1, 5679,5695,5696,-1, 
          5679,5696,5681,-1, 5681,5696,5697,-1, 5681,5697,5683,-1, 5683,5697,5698,-1, 5683,5698,5685,-1, 5685,5698,5699,-1, 
          5685,5699,5686,-1, 5686,5699,5700,-1, 5686,5700,5688,-1, 5688,5700,5701,-1, 5688,5701,5690,-1, 5690,5701,5702,-1, 
          5695,5705,5696,-1, 5696,5705,5706,-1, 5696,5706,5697,-1, 5697,5706,5707,-1, 5697,5707,5698,-1, 5698,5707,5708,-1, 
          5698,5708,5699,-1, 5699,5708,5709,-1, 5699,5709,5700,-1, 5700,5709,5649,-1, 5700,5649,5701,-1, 5701,5649,5710,-1, 
          5701,5710,5702,-1, 5702,5710,5711,-1, 5624,5625,5623,-1, 5623,5625,5627,-1, 5623,5627,5673,-1, 5623,5673,5704,-1, 
          5703,5711,5647,-1, 5647,5711,5710,-1, 5647,5710,5648,-1, 5648,5710,5649,-1, 5649,5709,5651,-1, 5651,5709,5708,-1, 
          5651,5708,5653,-1, 5653,5708,5707,-1, 5653,5707,5655,-1, 5655,5707,5706,-1, 5655,5706,5657,-1, 5657,5706,5705,-1, 
          5657,5705,5668,-1, 5668,5705,5695,-1, 5668,5695,5670,-1, 5670,5695,5694,-1, 5670,5694,5672,-1, 5672,5694,5693,-1, 
          5672,5693,5673,-1, 5673,5693,5704,-1, 5636,5711,5635,-1, 5635,5711,5703,-1, 5635,5703,5458,-1, 5409,5379,5712,-1, 
          5712,5379,5713,-1, 5379,5378,5713,-1, 5713,5378,5377,-1, 5713,5377,5714,-1, 5714,5377,5376,-1, 5714,5376,5715,-1, 
          5376,5375,5715,-1, 5715,5375,5716,-1, 5716,5375,5374,-1, 5716,5374,5717,-1, 5374,5373,5717,-1, 5717,5373,5558,-1, 
          5717,5558,5718,-1, 5558,5560,5718,-1, 5718,5560,5564,-1, 5718,5564,5719,-1, 5719,5564,5563,-1, 5719,5563,5720,-1, 
          5563,5566,5720,-1, 5720,5566,5721,-1, 5721,5566,5587,-1, 5721,5587,5722,-1, 5587,5586,5722,-1, 5722,5586,5585,-1, 
          5722,5585,5723,-1, 5585,5584,5723,-1, 5723,5584,5583,-1, 5723,5583,5724,-1, 5583,5582,5724,-1, 5724,5582,5556,-1, 
          5724,5556,5725,-1, 5556,5555,5725,-1, 5725,5555,5553,-1, 5725,5553,5726,-1, 5553,5551,5726,-1, 5726,5551,5727,-1, 
          5727,5551,5549,-1, 5727,5549,5728,-1, 5549,5548,5728,-1, 5728,5548,5547,-1, 5728,5547,5729,-1, 5547,5381,5729,-1, 
          5729,5381,5386,-1, 5729,5386,5730,-1, 5730,5386,5385,-1, 5730,5385,5731,-1, 5385,5390,5731,-1, 5731,5390,5732,-1, 
          5390,5388,5732,-1, 5732,5388,5392,-1, 5732,5392,5733,-1, 5733,5392,5413,-1, 5733,5413,5734,-1, 5413,5412,5734,-1, 
          5734,5412,5411,-1, 5734,5411,5735,-1, 5735,5411,5410,-1, 5735,5410,5712,-1, 5712,5410,5409,-1, 5663,5662,5736,-1, 
          5737,5461,5460,-1, 5737,5460,5738,-1, 5461,5737,5462,-1, 5462,5737,5739,-1, 5462,5739,5463,-1, 5463,5739,5740,-1, 
          5463,5740,5464,-1, 5464,5740,5741,-1, 5464,5741,5494,-1, 5494,5741,5742,-1, 5494,5742,5495,-1, 5495,5742,5496,-1, 
          5496,5742,5743,-1, 5496,5743,5497,-1, 5497,5743,5744,-1, 5497,5744,5477,-1, 5477,5744,5745,-1, 5477,5745,5473,-1, 
          5473,5745,5475,-1, 5475,5745,5746,-1, 5475,5746,5470,-1, 5470,5746,5747,-1, 5470,5747,5471,-1, 5471,5747,5466,-1, 
          5466,5747,5748,-1, 5466,5748,5467,-1, 5467,5748,5624,-1, 5624,5748,5749,-1, 5624,5749,5625,-1, 5625,5749,5626,-1, 
          5626,5749,5750,-1, 5626,5750,5628,-1, 5628,5750,5751,-1, 5628,5751,5629,-1, 5736,5662,5752,-1, 5662,5631,5752,-1, 
          5752,5631,5630,-1, 5752,5630,5751,-1, 5751,5630,5629,-1, 5663,5736,5664,-1, 5664,5736,5753,-1, 5664,5753,5665,-1, 
          5665,5753,5754,-1, 5665,5754,5666,-1, 5666,5754,5755,-1, 5666,5755,5645,-1, 5645,5755,5646,-1, 5646,5755,5756,-1, 
          5646,5756,5642,-1, 5757,5758,5639,-1, 5639,5638,5757,-1, 5757,5638,5643,-1, 5757,5643,5756,-1, 5756,5643,5642,-1, 
          5460,5459,5738,-1, 5738,5459,5759,-1, 5759,5459,5458,-1, 5759,5458,5758,-1, 5758,5458,5634,-1, 5758,5634,5639,-1, 
          5721,5760,5720,-1, 5720,5760,5761,-1, 5720,5761,5719,-1, 5719,5761,5762,-1, 5719,5762,5718,-1, 5718,5762,5763,-1, 
          5718,5763,5717,-1, 5717,5763,5764,-1, 5717,5764,5716,-1, 5716,5764,5765,-1, 5716,5765,5715,-1, 5715,5765,5766,-1, 
          5715,5766,5714,-1, 5766,5767,5714,-1, 5714,5767,5768,-1, 5714,5768,5713,-1, 5713,5768,5769,-1, 5713,5769,5712,-1, 
          5712,5769,5770,-1, 5712,5770,5735,-1, 5735,5770,5771,-1, 5735,5771,5734,-1, 5734,5771,5772,-1, 5734,5772,5733,-1, 
          5772,5773,5733,-1, 5733,5773,5774,-1, 5733,5774,5732,-1, 5732,5774,5775,-1, 5732,5775,5731,-1, 5731,5775,5776,-1, 
          5731,5776,5730,-1, 5730,5776,5777,-1, 5730,5777,5729,-1, 5729,5777,5778,-1, 5729,5778,5728,-1, 5728,5778,5779,-1, 
          5728,5779,5727,-1, 5727,5779,5780,-1, 5727,5780,5726,-1, 5780,5781,5726,-1, 5726,5781,5782,-1, 5726,5782,5725,-1, 
          5725,5782,5783,-1, 5725,5783,5724,-1, 5724,5783,5784,-1, 5724,5784,5723,-1, 5723,5784,5785,-1, 5723,5785,5722,-1, 
          5722,5785,5786,-1, 5722,5786,5721,-1, 5721,5786,5787,-1, 5721,5787,5760,-1, 5750,5788,5751,-1, 5751,5788,5789,-1, 
          5751,5789,5752,-1, 5752,5789,5790,-1, 5752,5790,5736,-1, 5736,5790,5791,-1, 5736,5791,5753,-1, 5753,5791,5792,-1, 
          5753,5792,5754,-1, 5754,5792,5793,-1, 5754,5793,5755,-1, 5755,5793,5794,-1, 5755,5794,5756,-1, 5737,5795,5739,-1, 
          5739,5795,5796,-1, 5739,5796,5740,-1, 5740,5796,5797,-1, 5740,5797,5741,-1, 5741,5797,5798,-1, 5741,5798,5742,-1, 
          5742,5798,5799,-1, 5742,5799,5743,-1, 5743,5799,5800,-1, 5743,5800,5744,-1, 5744,5800,5801,-1, 5744,5801,5745,-1, 
          5794,5802,5756,-1, 5756,5802,5803,-1, 5756,5803,5757,-1, 5757,5803,5804,-1, 5757,5804,5758,-1, 5758,5804,5805,-1, 
          5758,5805,5759,-1, 5759,5805,5806,-1, 5759,5806,5738,-1, 5738,5806,5807,-1, 5738,5807,5737,-1, 5737,5807,5808,-1, 
          5737,5808,5795,-1, 5801,5809,5745,-1, 5745,5809,5810,-1, 5745,5810,5746,-1, 5746,5810,5811,-1, 5746,5811,5747,-1, 
          5747,5811,5812,-1, 5747,5812,5748,-1, 5748,5812,5813,-1, 5748,5813,5749,-1, 5749,5813,5814,-1, 5749,5814,5750,-1, 
          5750,5814,5815,-1, 5750,5815,5788,-1, 5771,5805,5772,-1, 5772,5805,5804,-1, 5772,5804,5773,-1, 5773,5804,5803,-1, 
          5773,5803,5774,-1, 5774,5803,5802,-1, 5774,5802,5775,-1, 5775,5802,5794,-1, 5775,5794,5776,-1, 5776,5794,5793,-1, 
          5776,5793,5777,-1, 5777,5793,5792,-1, 5777,5792,5778,-1, 5778,5792,5791,-1, 5778,5791,5779,-1, 5779,5791,5790,-1, 
          5779,5790,5780,-1, 5780,5790,5789,-1, 5780,5789,5781,-1, 5781,5789,5788,-1, 5781,5788,5782,-1, 5782,5788,5815,-1, 
          5782,5815,5783,-1, 5783,5815,5814,-1, 5783,5814,5784,-1, 5784,5814,5813,-1, 5784,5813,5785,-1, 5785,5813,5812,-1, 
          5785,5812,5786,-1, 5786,5812,5811,-1, 5786,5811,5787,-1, 5787,5811,5810,-1, 5787,5810,5760,-1, 5760,5810,5809,-1, 
          5760,5809,5761,-1, 5761,5809,5801,-1, 5761,5801,5762,-1, 5762,5801,5800,-1, 5762,5800,5763,-1, 5763,5800,5799,-1, 
          5763,5799,5764,-1, 5764,5799,5798,-1, 5764,5798,5765,-1, 5765,5798,5797,-1, 5765,5797,5766,-1, 5766,5797,5796,-1, 
          5766,5796,5767,-1, 5767,5796,5795,-1, 5767,5795,5768,-1, 5768,5795,5808,-1, 5768,5808,5769,-1, 5769,5808,5807,-1, 
          5769,5807,5770,-1, 5770,5807,5806,-1, 5770,5806,5771,-1, 5771,5806,5805,-1, 5817,5859,5877,-1, 5877,5859,5816,-1, 
          5877,5816,5878,-1, 5877,5818,5817,-1, 5817,5818,5874,-1, 5878,5858,5856,-1, 5858,5878,5816,-1, 5874,5881,5817,-1, 
          5858,5857,5856,-1, 5821,5822,5819,-1, 5820,5821,5823,-1, 5824,5823,5865,-1, 5826,5827,5828,-1, 5832,5830,5831,-1, 
          5833,5864,5834,-1, 5834,5864,5835,-1, 5835,5864,5868,-1, 5835,5868,5836,-1, 5838,5842,5839,-1, 5840,5841,5843,-1, 
          5819,5852,5876,-1, 5876,5852,5853,-1, 5855,5818,5877,-1, 5881,5874,5882,-1, 5821,5819,5879,-1, 5821,5879,5823,-1, 
          5823,5879,5865,-1, 5824,5865,5825,-1, 5825,5865,5866,-1, 5825,5866,5867,-1, 5828,5867,5872,-1, 5830,5832,5861,-1, 
          5833,5863,5864,-1, 5842,5838,5870,-1, 5842,5870,5841,-1, 5846,5844,5871,-1, 5849,5847,5884,-1, 5849,5884,5850,-1, 
          5876,5877,5819,-1, 5819,5878,5879,-1, 5826,5828,5880,-1, 5826,5880,5860,-1, 5830,5861,5862,-1, 5862,5861,5863,-1, 
          5836,5868,5869,-1, 5837,5869,5873,-1, 5837,5873,5838,-1, 5838,5873,5870,-1, 5845,5846,5875,-1, 5845,5875,5848,-1, 
          5848,5875,5847,-1, 5847,5875,5884,-1, 5851,5850,5855,-1, 5851,5855,5854,-1, 5854,5855,5876,-1, 5854,5876,5853,-1, 
          5819,5877,5878,-1, 5867,5866,5872,-1, 5828,5872,5880,-1, 5832,5859,5861,-1, 5864,5863,5817,-1, 5869,5881,5873,-1, 
          5870,5883,5841,-1, 5843,5841,5883,-1, 5843,5883,5844,-1, 5844,5883,5874,-1, 5844,5874,5871,-1, 5846,5871,5875,-1, 
          5850,5884,5855,-1, 5865,5879,5856,-1, 5865,5856,5866,-1, 5872,5857,5880,-1, 5860,5880,5858,-1, 5860,5858,5816,-1, 
          5860,5816,5829,-1, 5829,5816,5832,-1, 5832,5816,5859,-1, 5861,5859,5817,-1, 5861,5817,5863,-1, 5864,5817,5868,-1, 
          5869,5868,5881,-1, 5873,5882,5870,-1, 5870,5882,5883,-1, 5875,5871,5818,-1, 5875,5818,5884,-1, 5876,5855,5877,-1, 
          5879,5878,5856,-1, 5866,5856,5857,-1, 5866,5857,5872,-1, 5880,5857,5858,-1, 5868,5817,5881,-1, 5873,5881,5882,-1, 
          5883,5882,5874,-1, 5871,5874,5818,-1, 5884,5818,5855,-1, 5827,5885,5828,-1, 5828,5885,5886,-1, 5828,5886,5867,-1, 
          5867,5886,5912,-1, 5867,5912,5825,-1, 5825,5912,5887,-1, 5825,5887,5824,-1, 5824,5887,5888,-1, 5824,5888,5823,-1, 
          5823,5888,5941,-1, 5823,5941,5820,-1, 5820,5941,5889,-1, 5820,5889,5821,-1, 5821,5889,5822,-1, 5822,5889,5940,-1, 
          5822,5940,5819,-1, 5819,5940,5890,-1, 5819,5890,5852,-1, 5852,5890,5939,-1, 5852,5939,5853,-1, 5946,5832,5831,-1, 
          5946,5831,5893,-1, 5946,5945,5832,-1, 5832,5945,5829,-1, 5829,5945,5891,-1, 5829,5891,5860,-1, 5860,5891,5925,-1, 
          5860,5925,5826,-1, 5826,5925,5892,-1, 5826,5892,5827,-1, 5827,5892,5885,-1, 5831,5830,5893,-1, 5893,5830,5947,-1, 
          5947,5830,5862,-1, 5947,5862,5894,-1, 5894,5862,5863,-1, 5894,5863,5833,-1, 5895,5896,5849,-1, 5849,5896,5847,-1, 
          5847,5896,5951,-1, 5847,5951,5848,-1, 5848,5951,5897,-1, 5848,5897,5845,-1, 5845,5897,5913,-1, 5845,5913,5846,-1, 
          5846,5913,5898,-1, 5846,5898,5844,-1, 5844,5898,5899,-1, 5844,5899,5843,-1, 5843,5899,5914,-1, 5843,5914,5840,-1, 
          5840,5914,5900,-1, 5840,5900,5841,-1, 5841,5900,5842,-1, 5842,5900,5936,-1, 5842,5936,5839,-1, 5838,5839,5950,-1, 
          5838,5950,5837,-1, 5837,5950,5901,-1, 5837,5901,5869,-1, 5869,5901,5836,-1, 5836,5901,5949,-1, 5836,5949,5835,-1, 
          5835,5949,5902,-1, 5835,5902,5834,-1, 5834,5902,5903,-1, 5834,5903,5833,-1, 5833,5903,5904,-1, 5833,5904,5894,-1, 
          5939,5954,5853,-1, 5853,5954,5854,-1, 5854,5954,5905,-1, 5854,5905,5851,-1, 5851,5905,5906,-1, 5851,5906,5953,-1, 
          5851,5953,5850,-1, 5850,5953,5895,-1, 5850,5895,5849,-1, 5910,5909,5935,-1, 5885,5892,5943,-1, 5886,5885,5943,-1, 
          5929,5889,5941,-1, 5929,5940,5889,-1, 5954,5938,5905,-1, 5953,5906,5938,-1, 5938,5906,5905,-1, 5952,5896,5895,-1, 
          5952,5895,5953,-1, 5915,5901,5950,-1, 5950,5839,5936,-1, 5901,5915,5949,-1, 5893,5947,5946,-1, 5916,5930,5907,-1, 
          5924,5943,5944,-1, 5924,5944,5917,-1, 5932,5933,5918,-1, 5911,5915,5935,-1, 5909,5910,5919,-1, 5909,5919,5926,-1, 
          5909,5926,5920,-1, 5908,5921,5922,-1, 5908,5922,5927,-1, 5928,5908,5923,-1, 5944,5925,5917,-1, 5934,5949,5911,-1, 
          5920,5926,5937,-1, 5920,5937,5921,-1, 5921,5937,5951,-1, 5908,5927,5923,-1, 5916,5928,5940,-1, 5916,5940,5929,-1, 
          5916,5929,5930,-1, 5907,5912,5942,-1, 5907,5942,5924,-1, 5924,5942,5943,-1, 5931,5946,5932,-1, 5933,5894,5948,-1, 
          5933,5948,5918,-1, 5918,5948,5934,-1, 5911,5949,5915,-1, 5935,5936,5910,-1, 5921,5951,5896,-1, 5921,5896,5922,-1, 
          5922,5896,5952,-1, 5922,5952,5927,-1, 5927,5952,5953,-1, 5927,5953,5938,-1, 5927,5938,5923,-1, 5928,5939,5940,-1, 
          5930,5929,5941,-1, 5930,5888,5907,-1, 5907,5888,5887,-1, 5907,5887,5912,-1, 5917,5925,5891,-1, 5917,5891,5931,-1, 
          5931,5891,5945,-1, 5931,5945,5946,-1, 5932,5946,5933,-1, 5933,5946,5947,-1, 5933,5947,5894,-1, 5934,5948,5903,-1, 
          5934,5903,5902,-1, 5934,5902,5949,-1, 5915,5950,5935,-1, 5935,5950,5936,-1, 5910,5936,5900,-1, 5910,5900,5919,-1, 
          5919,5900,5914,-1, 5919,5914,5926,-1, 5926,5914,5899,-1, 5937,5926,5913,-1, 5951,5937,5897,-1, 5923,5938,5954,-1, 
          5923,5954,5928,-1, 5928,5954,5939,-1, 5939,5890,5940,-1, 5930,5941,5888,-1, 5942,5912,5886,-1, 5942,5886,5943,-1, 
          5944,5943,5892,-1, 5944,5892,5925,-1, 5948,5894,5904,-1, 5948,5904,5903,-1, 5926,5899,5898,-1, 5926,5898,5913,-1, 
          5937,5913,5897,-1, 6037,5955,5981,-1, 5980,6037,5981,-1, 5956,5921,5957,-1, 5921,5956,5958,-1, 5921,5958,5920,-1, 
          5920,5958,5959,-1, 5920,5959,5909,-1, 5909,5959,5960,-1, 5909,5960,5961,-1, 5909,5961,5935,-1, 5935,5961,5962,-1, 
          5935,5962,5911,-1, 5911,5962,5963,-1, 5911,5963,5964,-1, 5911,5964,5934,-1, 5934,5964,5965,-1, 5967,5968,5931,-1, 
          5966,5916,5969,-1, 5934,5965,5918,-1, 5918,5965,5970,-1, 5918,5970,5932,-1, 5921,5908,5957,-1, 5957,5908,5971,-1, 
          5967,5931,5932,-1, 5967,5932,5970,-1, 5972,5931,5968,-1, 5973,5931,5972,-1, 5974,5917,5973,-1, 5973,5917,5931,-1, 
          5975,5924,5974,-1, 5974,5924,5917,-1, 5976,5924,5975,-1, 5977,5907,5976,-1, 5976,5907,5924,-1, 5978,5907,5977,-1, 
          5969,5916,5978,-1, 5978,5916,5907,-1, 5916,5966,5928,-1, 5928,5966,5979,-1, 5928,5979,5908,-1, 5971,5908,5979,-1, 
          6036,6037,5980,-1, 5981,5955,6035,-1, 6038,5955,6037,-1, 6043,5982,6030,-1, 6043,6030,6050,-1, 5982,6043,5983,-1, 
          5983,6043,5984,-1, 5984,6043,5985,-1, 5984,5985,5986,-1, 5986,5985,5987,-1, 5988,5989,5990,-1, 5990,5989,5992,-1, 
          5990,5992,5991,-1, 5991,5992,5985,-1, 5985,5992,5987,-1, 5993,5994,5988,-1, 5988,5994,5995,-1, 5988,5995,5989,-1, 
          5996,5993,5997,-1, 5996,5997,5998,-1, 5998,5997,6040,-1, 5998,6040,5999,-1, 6000,6001,6003,-1, 6003,6001,6002,-1, 
          6003,6002,6004,-1, 6003,6004,6040,-1, 6040,6004,5999,-1, 6000,6005,6001,-1, 6008,6006,6007,-1, 6008,6007,6009,-1, 
          6000,6009,6010,-1, 6000,6010,6005,-1, 6006,6008,6011,-1, 6011,6008,6053,-1, 6011,6053,6012,-1, 6012,6053,6013,-1, 
          6013,6053,6018,-1, 6014,6015,6052,-1, 6052,6015,6016,-1, 6052,6016,6017,-1, 6052,6017,6053,-1, 6053,6017,6018,-1, 
          6022,6019,6046,-1, 6046,6019,6020,-1, 6046,6020,6014,-1, 6014,6020,6021,-1, 6014,6021,6015,-1, 6022,6046,6023,-1, 
          6022,6023,6024,-1, 6024,6023,6051,-1, 6024,6051,6025,-1, 6044,6026,6045,-1, 6045,6026,6027,-1, 6045,6027,6051,-1, 
          6051,6027,6028,-1, 6051,6028,6025,-1, 6044,6029,6026,-1, 6050,6030,6031,-1, 6050,6031,6044,-1, 6044,6031,6032,-1, 
          6044,6032,6029,-1, 5981,6033,5980,-1, 5980,6033,6042,-1, 5980,6042,6036,-1, 6036,6034,6037,-1, 5955,6048,6035,-1, 
          5981,6035,6039,-1, 6034,6044,6037,-1, 6038,6046,5955,-1, 5955,6046,6047,-1, 5955,6047,6048,-1, 5981,6039,6003,-1, 
          5981,6003,6033,-1, 6033,6003,6040,-1, 6033,6040,6041,-1, 6033,6041,6042,-1, 6042,5991,6036,-1, 6036,5991,5985,-1, 
          6036,6043,6034,-1, 6037,6044,6045,-1, 6037,6045,6038,-1, 6038,6045,6051,-1, 6035,6008,6039,-1, 6039,6000,6003,-1, 
          6041,5997,6049,-1, 6041,6049,6042,-1, 6042,6049,5991,-1, 5991,6049,5990,-1, 6036,5985,6043,-1, 6043,6050,6034,-1, 
          6034,6050,6044,-1, 6038,6051,6023,-1, 6038,6023,6046,-1, 6046,6014,6047,-1, 6047,6014,6052,-1, 6047,6052,6048,-1, 
          6048,6052,6053,-1, 6048,6053,6035,-1, 6035,6053,6008,-1, 6039,6008,6009,-1, 6039,6009,6000,-1, 6041,6040,5997,-1, 
          6049,5997,5993,-1, 6049,5993,5988,-1, 6049,5988,5990,-1, 5969,6029,6032,-1, 5969,6032,5966,-1, 5977,6028,5978,-1, 
          5978,6028,6027,-1, 5978,6027,5969,-1, 5969,6027,6026,-1, 5969,6026,6029,-1, 6024,6025,5977,-1, 5977,6025,6028,-1, 
          6024,5977,5976,-1, 6024,5976,6022,-1, 6022,5976,5975,-1, 6022,5975,6019,-1, 6019,5975,5974,-1, 6019,5974,6020,-1, 
          6020,5974,6021,-1, 6021,5974,5973,-1, 6021,5973,6015,-1, 5972,6018,6017,-1, 5972,6017,5973,-1, 5973,6017,6016,-1, 
          5973,6016,6015,-1, 5967,6011,5968,-1, 5968,6011,6012,-1, 5968,6012,5972,-1, 5972,6012,6013,-1, 5972,6013,6018,-1, 
          5970,6006,5967,-1, 5967,6006,6011,-1, 5965,6009,5970,-1, 5970,6009,6007,-1, 5970,6007,6006,-1, 5964,6005,6010,-1, 
          5964,6010,5965,-1, 5965,6010,6009,-1, 5962,6004,5963,-1, 5963,6004,6002,-1, 5963,6002,5964,-1, 5964,6002,6001,-1, 
          5964,6001,6005,-1, 5998,5999,5962,-1, 5962,5999,6004,-1, 5998,5962,5961,-1, 5998,5961,5996,-1, 5996,5961,5960,-1, 
          5996,5960,5993,-1, 5993,5960,5959,-1, 5993,5959,5994,-1, 5994,5959,5995,-1, 5995,5959,5958,-1, 5995,5958,5989,-1, 
          5987,5992,5956,-1, 5956,5992,5958,-1, 5958,5992,5989,-1, 5971,5982,5983,-1, 5971,5983,5957,-1, 5957,5983,5984,-1, 
          5957,5984,5956,-1, 5956,5984,5986,-1, 5956,5986,5987,-1, 6032,6031,5966,-1, 5966,6031,5979,-1, 5979,6031,6030,-1, 
          5979,6030,5971,-1, 5971,6030,5982,-1, 6054,6055,6127,-1, 6055,6056,6098,-1, 6057,6058,6094,-1, 6058,6059,6060,-1, 
          6063,6064,6061,-1, 6065,6066,6067,-1, 6067,6066,6068,-1, 6067,6068,6063,-1, 6063,6068,6064,-1, 6069,6091,6065,-1, 
          6065,6091,6070,-1, 6065,6070,6066,-1, 6072,6073,6074,-1, 6074,6073,6075,-1, 6074,6075,6076,-1, 6076,6075,6077,-1, 
          6076,6077,6078,-1, 6078,6077,6079,-1, 6078,6079,6080,-1, 6080,6079,6081,-1, 6080,6081,6082,-1, 6082,6081,6083,-1, 
          6082,6083,6084,-1, 6062,6071,6061,-1, 6061,6071,6072,-1, 6061,6072,6063,-1, 6063,6072,6074,-1, 6063,6074,6067,-1, 
          6067,6074,6076,-1, 6067,6076,6065,-1, 6065,6076,6078,-1, 6065,6078,6069,-1, 6069,6078,6080,-1, 6069,6080,6085,-1, 
          6085,6080,6082,-1, 6085,6082,6086,-1, 6086,6082,6084,-1, 6086,6084,6087,-1, 6087,6088,6089,-1, 6087,6089,6086,-1, 
          6086,6089,6090,-1, 6086,6090,6085,-1, 6085,6090,6091,-1, 6085,6091,6069,-1, 6059,6088,6060,-1, 6060,6088,6087,-1, 
          6060,6087,6092,-1, 6092,6087,6084,-1, 6092,6084,6093,-1, 6093,6084,6083,-1, 6094,6058,6060,-1, 6094,6060,6092,-1, 
          6094,6092,6095,-1, 6095,6092,6093,-1, 6096,6057,6094,-1, 6096,6094,6097,-1, 6097,6094,6095,-1, 6056,6057,6098,-1, 
          6098,6057,6096,-1, 6098,6096,6097,-1, 6127,6117,6281,-1, 6281,6117,6099,-1, 6281,6099,6100,-1, 6100,6099,6101,-1, 
          6100,6101,6102,-1, 6102,6101,6103,-1, 6102,6103,6104,-1, 6104,6103,6105,-1, 6104,6105,6106,-1, 6106,6105,6107,-1, 
          6106,6107,6108,-1, 6108,6107,6109,-1, 6108,6109,6110,-1, 6110,6109,6111,-1, 6110,6111,6112,-1, 6112,6111,6113,-1, 
          6112,6113,6114,-1, 6114,6113,6115,-1, 6117,6118,6099,-1, 6099,6118,6119,-1, 6099,6119,6101,-1, 6101,6119,6120,-1, 
          6101,6120,6103,-1, 6103,6120,6121,-1, 6103,6121,6105,-1, 6105,6121,6122,-1, 6105,6122,6107,-1, 6107,6122,6123,-1, 
          6107,6123,6109,-1, 6109,6123,6124,-1, 6109,6124,6111,-1, 6111,6124,6125,-1, 6111,6125,6113,-1, 6113,6125,6126,-1, 
          6113,6126,6115,-1, 6115,6126,6134,-1, 6115,6134,6116,-1, 6116,6134,6071,-1, 6119,6128,6120,-1, 6120,6128,6129,-1, 
          6120,6129,6121,-1, 6121,6129,6130,-1, 6121,6130,6122,-1, 6122,6130,6131,-1, 6122,6131,6123,-1, 6123,6131,6132,-1, 
          6123,6132,6124,-1, 6124,6132,6133,-1, 6124,6133,6125,-1, 6125,6133,6073,-1, 6125,6073,6126,-1, 6126,6073,6134,-1, 
          6055,6098,6127,-1, 6071,6134,6072,-1, 6072,6134,6073,-1, 6073,6133,6075,-1, 6075,6133,6132,-1, 6075,6132,6077,-1, 
          6077,6132,6131,-1, 6077,6131,6079,-1, 6079,6131,6130,-1, 6079,6130,6081,-1, 6081,6130,6129,-1, 6081,6129,6083,-1, 
          6083,6129,6128,-1, 6083,6128,6093,-1, 6093,6128,6119,-1, 6093,6119,6095,-1, 6095,6119,6118,-1, 6095,6118,6097,-1, 
          6097,6118,6117,-1, 6097,6117,6098,-1, 6098,6117,6127,-1, 6221,6116,6071,-1, 6221,6071,6062,-1, 6136,6211,6135,-1, 
          6137,6136,6135,-1, 6137,6138,6139,-1, 6140,6141,6176,-1, 6149,6151,6150,-1, 6150,6151,6148,-1, 6152,6173,6149,-1, 
          6149,6173,6153,-1, 6149,6153,6151,-1, 6210,6154,6155,-1, 6155,6154,6156,-1, 6155,6156,6150,-1, 6150,6156,6157,-1, 
          6150,6157,6158,-1, 6158,6157,6159,-1, 6158,6159,6160,-1, 6160,6159,6161,-1, 6160,6161,6162,-1, 6162,6161,6163,-1, 
          6162,6163,6164,-1, 6164,6163,6165,-1, 6164,6165,6166,-1, 6145,6210,6144,-1, 6144,6210,6155,-1, 6144,6155,6148,-1, 
          6148,6155,6150,-1, 6150,6158,6149,-1, 6149,6158,6160,-1, 6149,6160,6152,-1, 6152,6160,6162,-1, 6152,6162,6167,-1, 
          6167,6162,6164,-1, 6167,6164,6168,-1, 6168,6164,6166,-1, 6168,6166,6169,-1, 6142,6170,6169,-1, 6169,6170,6171,-1, 
          6169,6171,6168,-1, 6168,6171,6172,-1, 6168,6172,6167,-1, 6167,6172,6173,-1, 6167,6173,6152,-1, 6143,6142,6169,-1, 
          6143,6169,6174,-1, 6174,6169,6166,-1, 6174,6166,6175,-1, 6175,6166,6165,-1, 6141,6142,6176,-1, 6176,6142,6143,-1, 
          6176,6143,6174,-1, 6176,6174,6177,-1, 6177,6174,6175,-1, 6178,6140,6176,-1, 6178,6176,6179,-1, 6179,6176,6177,-1, 
          6138,6140,6139,-1, 6139,6140,6178,-1, 6139,6178,6180,-1, 6180,6178,6179,-1, 6182,6183,6184,-1, 6184,6183,6185,-1, 
          6184,6185,6186,-1, 6186,6185,6187,-1, 6186,6187,6188,-1, 6188,6187,6189,-1, 6188,6189,6190,-1, 6190,6189,6191,-1, 
          6190,6191,6192,-1, 6192,6191,6193,-1, 6192,6193,6194,-1, 6194,6193,6195,-1, 6194,6195,6196,-1, 6196,6195,6197,-1, 
          6196,6197,6198,-1, 6198,6197,6199,-1, 6198,6199,6200,-1, 6200,6199,6201,-1, 6200,6201,6147,-1, 6135,6211,6181,-1, 
          6181,6211,6202,-1, 6181,6202,6182,-1, 6182,6202,6183,-1, 6183,6203,6185,-1, 6185,6203,6204,-1, 6185,6204,6187,-1, 
          6187,6204,6205,-1, 6187,6205,6189,-1, 6189,6205,6206,-1, 6189,6206,6191,-1, 6191,6206,6207,-1, 6191,6207,6193,-1, 
          6193,6207,6208,-1, 6193,6208,6195,-1, 6195,6208,6209,-1, 6195,6209,6197,-1, 6197,6209,6220,-1, 6197,6220,6199,-1, 
          6199,6220,6201,-1, 6211,6180,6202,-1, 6202,6180,6212,-1, 6202,6212,6183,-1, 6183,6212,6213,-1, 6183,6213,6203,-1, 
          6203,6213,6214,-1, 6203,6214,6204,-1, 6204,6214,6215,-1, 6204,6215,6205,-1, 6205,6215,6216,-1, 6205,6216,6206,-1, 
          6206,6216,6217,-1, 6206,6217,6207,-1, 6207,6217,6218,-1, 6207,6218,6208,-1, 6208,6218,6219,-1, 6208,6219,6209,-1, 
          6209,6219,6220,-1, 6136,6137,6139,-1, 6136,6139,6211,-1, 6211,6139,6180,-1, 6210,6201,6154,-1, 6154,6201,6220,-1, 
          6154,6220,6156,-1, 6156,6220,6219,-1, 6156,6219,6157,-1, 6157,6219,6218,-1, 6157,6218,6159,-1, 6159,6218,6217,-1, 
          6159,6217,6161,-1, 6161,6217,6216,-1, 6161,6216,6163,-1, 6163,6216,6215,-1, 6163,6215,6165,-1, 6165,6215,6214,-1, 
          6165,6214,6175,-1, 6175,6214,6213,-1, 6175,6213,6177,-1, 6177,6213,6212,-1, 6177,6212,6179,-1, 6179,6212,6180,-1, 
          6147,6201,6146,-1, 6146,6201,6210,-1, 6146,6210,6145,-1, 6222,6221,6062,-1, 6222,6223,6263,-1, 6223,6224,6225,-1, 
          6226,6227,6228,-1, 6230,6231,6229,-1, 6232,6236,6233,-1, 6233,6236,6234,-1, 6233,6234,6230,-1, 6230,6234,6231,-1, 
          6235,6236,6232,-1, 6238,6239,6240,-1, 6240,6239,6241,-1, 6240,6241,6242,-1, 6242,6241,6243,-1, 6242,6243,6244,-1, 
          6244,6243,6245,-1, 6244,6245,6246,-1, 6246,6245,6247,-1, 6246,6247,6248,-1, 6248,6247,6249,-1, 6248,6249,6250,-1, 
          6054,6237,6229,-1, 6229,6237,6238,-1, 6229,6238,6230,-1, 6230,6238,6240,-1, 6230,6240,6233,-1, 6233,6240,6242,-1, 
          6233,6242,6232,-1, 6232,6242,6244,-1, 6232,6244,6235,-1, 6235,6244,6246,-1, 6235,6246,6251,-1, 6251,6246,6248,-1, 
          6251,6248,6252,-1, 6252,6248,6250,-1, 6252,6250,6253,-1, 6253,6254,6255,-1, 6253,6255,6252,-1, 6252,6255,6256,-1, 
          6252,6256,6251,-1, 6251,6256,6235,-1, 6235,6256,6257,-1, 6235,6257,6236,-1, 6227,6254,6228,-1, 6228,6254,6253,-1, 
          6228,6253,6258,-1, 6258,6253,6250,-1, 6258,6250,6259,-1, 6259,6250,6249,-1, 6260,6226,6228,-1, 6260,6228,6258,-1, 
          6260,6258,6261,-1, 6261,6258,6259,-1, 6224,6226,6225,-1, 6225,6226,6260,-1, 6225,6260,6262,-1, 6262,6260,6261,-1, 
          6263,6223,6225,-1, 6263,6225,6262,-1, 6221,6264,6116,-1, 6116,6264,6265,-1, 6116,6265,6266,-1, 6266,6265,6267,-1, 
          6266,6267,6268,-1, 6268,6267,6269,-1, 6268,6269,6270,-1, 6270,6269,6271,-1, 6270,6271,6272,-1, 6272,6271,6273,-1, 
          6272,6273,6108,-1, 6108,6273,6274,-1, 6108,6274,6275,-1, 6275,6274,6276,-1, 6275,6276,6277,-1, 6277,6276,6278,-1, 
          6277,6278,6279,-1, 6279,6278,6280,-1, 6265,6282,6267,-1, 6267,6282,6283,-1, 6267,6283,6269,-1, 6269,6283,6284,-1, 
          6269,6284,6271,-1, 6271,6284,6285,-1, 6271,6285,6273,-1, 6273,6285,6286,-1, 6273,6286,6274,-1, 6274,6286,6287,-1, 
          6274,6287,6276,-1, 6276,6287,6288,-1, 6276,6288,6278,-1, 6278,6288,6289,-1, 6278,6289,6280,-1, 6280,6289,6297,-1, 
          6280,6297,6281,-1, 6281,6297,6237,-1, 6221,6263,6264,-1, 6264,6263,6290,-1, 6264,6290,6265,-1, 6265,6290,6291,-1, 
          6265,6291,6282,-1, 6282,6291,6292,-1, 6282,6292,6283,-1, 6283,6292,6293,-1, 6283,6293,6284,-1, 6284,6293,6294,-1, 
          6284,6294,6285,-1, 6285,6294,6295,-1, 6285,6295,6286,-1, 6286,6295,6296,-1, 6286,6296,6287,-1, 6287,6296,6241,-1, 
          6287,6241,6288,-1, 6288,6241,6239,-1, 6288,6239,6289,-1, 6289,6239,6297,-1, 6222,6263,6221,-1, 6237,6297,6238,-1, 
          6238,6297,6239,-1, 6241,6296,6243,-1, 6243,6296,6295,-1, 6243,6295,6245,-1, 6245,6295,6294,-1, 6245,6294,6247,-1, 
          6247,6294,6293,-1, 6247,6293,6249,-1, 6249,6293,6292,-1, 6249,6292,6259,-1, 6259,6292,6291,-1, 6259,6291,6261,-1, 
          6261,6291,6290,-1, 6261,6290,6262,-1, 6262,6290,6263,-1, 6127,6281,6237,-1, 6127,6237,6054,-1, 6298,6299,6371,-1, 
          6300,6301,6302,-1, 6303,6304,6305,-1, 6308,6309,6310,-1, 6311,6316,6312,-1, 6312,6316,6313,-1, 6312,6313,6308,-1, 
          6308,6313,6314,-1, 6308,6314,6309,-1, 6315,6316,6311,-1, 6370,6317,6308,-1, 6308,6317,6318,-1, 6318,6319,6320,-1, 
          6320,6319,6321,-1, 6320,6321,6322,-1, 6322,6321,6323,-1, 6322,6323,6324,-1, 6324,6323,6325,-1, 6324,6325,6326,-1, 
          6326,6325,6327,-1, 6326,6327,6328,-1, 6135,6370,6310,-1, 6310,6370,6308,-1, 6308,6318,6312,-1, 6312,6318,6320,-1, 
          6312,6320,6311,-1, 6311,6320,6322,-1, 6311,6322,6315,-1, 6315,6322,6324,-1, 6315,6324,6329,-1, 6329,6324,6326,-1, 
          6329,6326,6330,-1, 6330,6326,6328,-1, 6330,6328,6331,-1, 6331,6332,6333,-1, 6331,6333,6330,-1, 6330,6333,6334,-1, 
          6330,6334,6329,-1, 6329,6334,6315,-1, 6315,6334,6335,-1, 6315,6335,6316,-1, 6304,6332,6305,-1, 6305,6332,6331,-1, 
          6305,6331,6336,-1, 6336,6331,6328,-1, 6336,6328,6337,-1, 6337,6328,6327,-1, 6301,6303,6302,-1, 6302,6303,6305,-1, 
          6302,6305,6338,-1, 6338,6305,6336,-1, 6338,6336,6339,-1, 6339,6336,6337,-1, 6340,6300,6302,-1, 6340,6302,6338,-1, 
          6340,6338,6372,-1, 6372,6338,6339,-1, 6299,6300,6371,-1, 6371,6300,6340,-1, 6371,6340,6372,-1, 6361,6341,6342,-1, 
          6342,6341,6343,-1, 6342,6343,6344,-1, 6344,6343,6345,-1, 6344,6345,6346,-1, 6346,6345,6347,-1, 6346,6347,6348,-1, 
          6348,6347,6349,-1, 6348,6349,6350,-1, 6350,6349,6351,-1, 6350,6351,6192,-1, 6192,6351,6352,-1, 6192,6352,6353,-1, 
          6353,6352,6354,-1, 6353,6354,6355,-1, 6355,6354,6356,-1, 6355,6356,6357,-1, 6357,6356,6358,-1, 6357,6358,6359,-1, 
          6359,6358,6360,-1, 6359,6360,6307,-1, 6345,6362,6347,-1, 6347,6362,6363,-1, 6347,6363,6349,-1, 6349,6363,6364,-1, 
          6349,6364,6351,-1, 6351,6364,6365,-1, 6351,6365,6352,-1, 6352,6365,6366,-1, 6352,6366,6354,-1, 6354,6366,6367,-1, 
          6354,6367,6356,-1, 6356,6367,6368,-1, 6356,6368,6358,-1, 6358,6368,6369,-1, 6358,6369,6360,-1, 6360,6369,6370,-1, 
          6145,6298,6361,-1, 6361,6298,6371,-1, 6361,6371,6341,-1, 6341,6371,6372,-1, 6341,6372,6343,-1, 6343,6372,6373,-1, 
          6343,6373,6345,-1, 6345,6373,6374,-1, 6345,6374,6362,-1, 6362,6374,6375,-1, 6362,6375,6363,-1, 6363,6375,6376,-1, 
          6363,6376,6364,-1, 6364,6376,6377,-1, 6364,6377,6365,-1, 6365,6377,6378,-1, 6365,6378,6366,-1, 6366,6378,6319,-1, 
          6366,6319,6367,-1, 6367,6319,6379,-1, 6367,6379,6368,-1, 6368,6379,6317,-1, 6368,6317,6369,-1, 6369,6317,6370,-1, 
          6317,6379,6318,-1, 6318,6379,6319,-1, 6319,6378,6321,-1, 6321,6378,6377,-1, 6321,6377,6323,-1, 6323,6377,6376,-1, 
          6323,6376,6325,-1, 6325,6376,6375,-1, 6325,6375,6327,-1, 6327,6375,6374,-1, 6327,6374,6337,-1, 6337,6374,6373,-1, 
          6337,6373,6339,-1, 6339,6373,6372,-1, 6307,6360,6306,-1, 6306,6360,6370,-1, 6306,6370,6135,-1, 6088,6059,6380,-1, 
          6380,6059,6381,-1, 6059,6058,6381,-1, 6381,6058,6382,-1, 6058,6057,6382,-1, 6382,6057,6383,-1, 6383,6057,6056,-1, 
          6383,6056,6384,-1, 6056,6055,6384,-1, 6384,6055,6385,-1, 6055,6054,6385,-1, 6385,6054,6229,-1, 6385,6229,6386,-1, 
          6229,6231,6386,-1, 6386,6231,6387,-1, 6387,6231,6234,-1, 6387,6234,6388,-1, 6234,6236,6388,-1, 6388,6236,6389,-1, 
          6389,6236,6257,-1, 6389,6257,6390,-1, 6257,6256,6390,-1, 6390,6256,6391,-1, 6256,6255,6391,-1, 6391,6255,6254,-1, 
          6391,6254,6392,-1, 6392,6254,6227,-1, 6392,6227,6393,-1, 6227,6226,6393,-1, 6393,6226,6394,-1, 6394,6226,6224,-1, 
          6394,6224,6395,-1, 6224,6223,6395,-1, 6395,6223,6396,-1, 6223,6222,6396,-1, 6396,6222,6397,-1, 6222,6062,6397,-1, 
          6397,6062,6061,-1, 6397,6061,6398,-1, 6061,6064,6398,-1, 6398,6064,6399,-1, 6399,6064,6068,-1, 6399,6068,6400,-1, 
          6068,6066,6400,-1, 6400,6066,6070,-1, 6400,6070,6401,-1, 6070,6091,6401,-1, 6401,6091,6402,-1, 6402,6091,6090,-1, 
          6402,6090,6403,-1, 6403,6090,6089,-1, 6403,6089,6380,-1, 6380,6089,6088,-1, 6405,6140,6138,-1, 6405,6138,6406,-1, 
          6140,6405,6407,-1, 6140,6407,6141,-1, 6141,6407,6408,-1, 6141,6408,6142,-1, 6142,6408,6409,-1, 6142,6409,6170,-1, 
          6170,6409,6410,-1, 6170,6410,6171,-1, 6171,6410,6172,-1, 6172,6410,6411,-1, 6172,6411,6173,-1, 6173,6411,6412,-1, 
          6173,6412,6153,-1, 6153,6412,6413,-1, 6153,6413,6151,-1, 6151,6413,6414,-1, 6151,6414,6148,-1, 6148,6414,6415,-1, 
          6148,6415,6144,-1, 6144,6415,6416,-1, 6144,6416,6145,-1, 6145,6416,6298,-1, 6298,6416,6417,-1, 6298,6417,6299,-1, 
          6299,6417,6418,-1, 6299,6418,6300,-1, 6300,6418,6419,-1, 6404,6332,6420,-1, 6332,6304,6420,-1, 6420,6304,6303,-1, 
          6420,6303,6419,-1, 6419,6303,6301,-1, 6419,6301,6300,-1, 6332,6404,6333,-1, 6333,6404,6421,-1, 6333,6421,6334,-1, 
          6334,6421,6422,-1, 6334,6422,6335,-1, 6335,6422,6423,-1, 6335,6423,6316,-1, 6316,6423,6424,-1, 6425,6426,6310,-1, 
          6310,6309,6425,-1, 6425,6309,6314,-1, 6425,6314,6424,-1, 6424,6314,6313,-1, 6424,6313,6316,-1, 6138,6137,6406,-1, 
          6406,6137,6427,-1, 6427,6137,6135,-1, 6427,6135,6426,-1, 6426,6135,6310,-1, 6388,6428,6387,-1, 6387,6428,6429,-1, 
          6387,6429,6386,-1, 6386,6429,6430,-1, 6386,6430,6385,-1, 6385,6430,6431,-1, 6385,6431,6384,-1, 6384,6431,6432,-1, 
          6384,6432,6383,-1, 6383,6432,6433,-1, 6383,6433,6382,-1, 6394,6434,6393,-1, 6393,6434,6435,-1, 6393,6435,6392,-1, 
          6392,6435,6436,-1, 6392,6436,6391,-1, 6391,6436,6437,-1, 6391,6437,6390,-1, 6390,6437,6438,-1, 6390,6438,6389,-1, 
          6389,6438,6439,-1, 6389,6439,6388,-1, 6388,6439,6440,-1, 6388,6440,6428,-1, 6400,6441,6399,-1, 6399,6441,6442,-1, 
          6399,6442,6398,-1, 6398,6442,6443,-1, 6398,6443,6397,-1, 6397,6443,6444,-1, 6397,6444,6396,-1, 6396,6444,6445,-1, 
          6396,6445,6395,-1, 6395,6445,6446,-1, 6395,6446,6394,-1, 6394,6446,6447,-1, 6394,6447,6434,-1, 6433,6448,6382,-1, 
          6382,6448,6449,-1, 6382,6449,6381,-1, 6381,6449,6450,-1, 6381,6450,6380,-1, 6380,6450,6451,-1, 6380,6451,6403,-1, 
          6403,6451,6452,-1, 6403,6452,6402,-1, 6402,6452,6453,-1, 6402,6453,6401,-1, 6401,6453,6454,-1, 6401,6454,6400,-1, 
          6400,6454,6455,-1, 6400,6455,6441,-1, 6413,6456,6414,-1, 6414,6456,6457,-1, 6414,6457,6415,-1, 6415,6457,6458,-1, 
          6415,6458,6416,-1, 6416,6458,6459,-1, 6416,6459,6417,-1, 6417,6459,6460,-1, 6417,6460,6418,-1, 6418,6460,6461,-1, 
          6418,6461,6419,-1, 6407,6462,6408,-1, 6408,6462,6463,-1, 6408,6463,6409,-1, 6409,6463,6464,-1, 6409,6464,6410,-1, 
          6410,6464,6465,-1, 6410,6465,6411,-1, 6411,6465,6466,-1, 6411,6466,6412,-1, 6412,6466,6467,-1, 6412,6467,6413,-1, 
          6413,6467,6468,-1, 6413,6468,6456,-1, 6461,6469,6419,-1, 6419,6469,6470,-1, 6419,6470,6420,-1, 6420,6470,6471,-1, 
          6420,6471,6404,-1, 6404,6471,6472,-1, 6404,6472,6421,-1, 6421,6472,6473,-1, 6421,6473,6422,-1, 6422,6473,6474,-1, 
          6422,6474,6423,-1, 6423,6474,6475,-1, 6423,6475,6424,-1, 6475,6476,6424,-1, 6424,6476,6477,-1, 6424,6477,6425,-1, 
          6425,6477,6478,-1, 6425,6478,6426,-1, 6426,6478,6479,-1, 6426,6479,6427,-1, 6427,6479,6480,-1, 6427,6480,6406,-1, 
          6406,6480,6481,-1, 6406,6481,6405,-1, 6405,6481,6482,-1, 6405,6482,6407,-1, 6407,6482,6483,-1, 6407,6483,6462,-1, 
          6452,6479,6453,-1, 6453,6479,6478,-1, 6453,6478,6454,-1, 6454,6478,6477,-1, 6454,6477,6455,-1, 6455,6477,6476,-1, 
          6455,6476,6441,-1, 6441,6476,6475,-1, 6441,6475,6442,-1, 6442,6475,6474,-1, 6442,6474,6443,-1, 6443,6474,6473,-1, 
          6443,6473,6444,-1, 6444,6473,6472,-1, 6444,6472,6445,-1, 6445,6472,6471,-1, 6445,6471,6446,-1, 6446,6471,6470,-1, 
          6446,6470,6447,-1, 6447,6470,6469,-1, 6447,6469,6434,-1, 6434,6469,6461,-1, 6434,6461,6435,-1, 6435,6461,6460,-1, 
          6435,6460,6436,-1, 6436,6460,6459,-1, 6436,6459,6437,-1, 6437,6459,6458,-1, 6437,6458,6438,-1, 6438,6458,6457,-1, 
          6438,6457,6439,-1, 6439,6457,6456,-1, 6439,6456,6440,-1, 6440,6456,6468,-1, 6440,6468,6428,-1, 6428,6468,6467,-1, 
          6428,6467,6429,-1, 6429,6467,6466,-1, 6429,6466,6430,-1, 6430,6466,6465,-1, 6430,6465,6431,-1, 6431,6465,6464,-1, 
          6431,6464,6432,-1, 6432,6464,6463,-1, 6432,6463,6433,-1, 6433,6463,6462,-1, 6433,6462,6448,-1, 6448,6462,6483,-1, 
          6448,6483,6449,-1, 6449,6483,6482,-1, 6449,6482,6450,-1, 6450,6482,6481,-1, 6450,6481,6451,-1, 6451,6481,6480,-1, 
          6451,6480,6452,-1, 6452,6480,6479,-1, 6548,6517,6484,-1, 6545,6518,6548,-1, 6548,6518,6517,-1, 6545,6547,6546,-1, 
          6545,6546,6519,-1, 6547,6545,6548,-1, 6519,6485,6545,-1, 6492,6493,6494,-1, 6535,6505,6506,-1, 6535,6506,6503,-1, 
          6503,6506,6507,-1, 6508,6509,6510,-1, 6511,6512,6521,-1, 6521,6512,6508,-1, 6523,6537,6514,-1, 6514,6537,6515,-1, 
          6484,6517,6552,-1, 6484,6550,6548,-1, 6504,6536,6510,-1, 6510,6536,6508,-1, 6508,6536,6520,-1, 6508,6520,6521,-1, 
          6511,6521,6522,-1, 6511,6522,6513,-1, 6513,6522,6537,-1, 6513,6537,6523,-1, 6487,6486,6526,-1, 6487,6526,6488,-1, 
          6527,6528,6489,-1, 6489,6528,6490,-1, 6490,6528,6529,-1, 6490,6529,6491,-1, 6491,6530,6492,-1, 6495,6496,6544,-1, 
          6495,6544,6497,-1, 6497,6544,6531,-1, 6532,6551,6533,-1, 6503,6534,6535,-1, 6505,6535,6536,-1, 6505,6536,6504,-1, 
          6515,6537,6545,-1, 6515,6545,6524,-1, 6516,6524,6542,-1, 6516,6542,6525,-1, 6486,6525,6538,-1, 6488,6526,6539,-1, 
          6488,6539,6527,-1, 6491,6529,6530,-1, 6492,6530,6543,-1, 6492,6543,6493,-1, 6500,6499,6540,-1, 6500,6540,6501,-1, 
          6501,6540,6532,-1, 6532,6540,6541,-1, 6532,6541,6551,-1, 6533,6551,6502,-1, 6525,6542,6538,-1, 6527,6539,6519,-1, 
          6527,6519,6528,-1, 6498,6531,6549,-1, 6498,6549,6499,-1, 6502,6551,6552,-1, 6502,6552,6534,-1, 6536,6517,6520,-1, 
          6537,6522,6518,-1, 6537,6518,6545,-1, 6524,6545,6542,-1, 6486,6538,6526,-1, 6529,6546,6530,-1, 6493,6543,6547,-1, 
          6493,6547,6496,-1, 6544,6496,6548,-1, 6531,6544,6548,-1, 6531,6548,6549,-1, 6499,6549,6550,-1, 6499,6550,6540,-1, 
          6540,6550,6541,-1, 6534,6552,6535,-1, 6535,6517,6536,-1, 6520,6517,6518,-1, 6520,6518,6521,-1, 6521,6518,6522,-1, 
          6542,6545,6485,-1, 6542,6485,6538,-1, 6538,6485,6526,-1, 6526,6485,6519,-1, 6526,6519,6539,-1, 6528,6519,6529,-1, 
          6529,6519,6546,-1, 6530,6546,6547,-1, 6530,6547,6543,-1, 6496,6547,6548,-1, 6549,6548,6550,-1, 6541,6550,6484,-1, 
          6541,6484,6551,-1, 6551,6484,6552,-1, 6535,6552,6517,-1, 6614,6553,6488,-1, 6488,6553,6487,-1, 6487,6553,6554,-1, 
          6487,6554,6486,-1, 6486,6554,6555,-1, 6486,6555,6525,-1, 6525,6555,6556,-1, 6525,6556,6516,-1, 6516,6556,6612,-1, 
          6516,6612,6611,-1, 6516,6611,6524,-1, 6524,6611,6589,-1, 6524,6589,6515,-1, 6515,6589,6588,-1, 6515,6588,6514,-1, 
          6514,6588,6590,-1, 6514,6590,6523,-1, 6523,6590,6513,-1, 6513,6590,6557,-1, 6513,6557,6511,-1, 6511,6557,6558,-1, 
          6511,6558,6512,-1, 6512,6558,6559,-1, 6512,6559,6508,-1, 6508,6559,6560,-1, 6508,6560,6509,-1, 6509,6560,6561,-1, 
          6509,6561,6510,-1, 6510,6561,6575,-1, 6510,6575,6504,-1, 6614,6488,6527,-1, 6614,6527,6615,-1, 6615,6527,6593,-1, 
          6593,6527,6489,-1, 6593,6489,6562,-1, 6562,6489,6490,-1, 6562,6490,6574,-1, 6574,6490,6491,-1, 6563,6564,6502,-1, 
          6502,6564,6533,-1, 6533,6564,6565,-1, 6533,6565,6532,-1, 6532,6565,6566,-1, 6532,6566,6501,-1, 6501,6566,6567,-1, 
          6501,6567,6500,-1, 6500,6567,6568,-1, 6500,6568,6499,-1, 6499,6568,6569,-1, 6499,6569,6498,-1, 6498,6569,6570,-1, 
          6498,6570,6531,-1, 6531,6570,6571,-1, 6531,6571,6497,-1, 6497,6571,6591,-1, 6497,6591,6495,-1, 6495,6591,6572,-1, 
          6495,6572,6496,-1, 6496,6572,6493,-1, 6493,6572,6608,-1, 6493,6608,6494,-1, 6492,6494,6573,-1, 6492,6573,6592,-1, 
          6492,6592,6491,-1, 6491,6592,6574,-1, 6504,6575,6610,-1, 6504,6610,6505,-1, 6505,6610,6576,-1, 6505,6576,6506,-1, 
          6506,6576,6577,-1, 6506,6577,6507,-1, 6507,6577,6578,-1, 6507,6578,6503,-1, 6503,6578,6579,-1, 6503,6579,6534,-1, 
          6534,6579,6563,-1, 6534,6563,6502,-1, 6590,6604,6557,-1, 6561,6560,6575,-1, 6575,6560,6603,-1, 6575,6603,6610,-1, 
          6610,6619,6576,-1, 6602,6578,6619,-1, 6619,6578,6577,-1, 6619,6577,6576,-1, 6602,6563,6579,-1, 6602,6579,6578,-1, 
          6617,6566,6565,-1, 6617,6565,6618,-1, 6618,6565,6564,-1, 6566,6617,6567,-1, 6570,6569,6616,-1, 6570,6616,6571,-1, 
          6494,6608,6573,-1, 6562,6574,6607,-1, 6595,6555,6554,-1, 6584,6601,6594,-1, 6594,6604,6583,-1, 6581,6595,6605,-1, 
          6581,6605,6580,-1, 6580,6605,6614,-1, 6600,6618,6586,-1, 6586,6602,6585,-1, 6594,6601,6558,-1, 6594,6558,6604,-1, 
          6581,6582,6613,-1, 6580,6614,6606,-1, 6580,6606,6596,-1, 6596,6606,6562,-1, 6596,6562,6607,-1, 6596,6607,6597,-1, 
          6598,6597,6573,-1, 6600,6599,6617,-1, 6600,6617,6618,-1, 6584,6585,6610,-1, 6584,6603,6601,-1, 6583,6589,6611,-1, 
          6583,6611,6582,-1, 6582,6611,6612,-1, 6582,6612,6613,-1, 6581,6613,6595,-1, 6597,6607,6592,-1, 6597,6592,6573,-1, 
          6598,6573,6608,-1, 6598,6608,6587,-1, 6587,6608,6572,-1, 6587,6572,6591,-1, 6587,6591,6609,-1, 6599,6609,6568,-1, 
          6618,6564,6586,-1, 6586,6564,6563,-1, 6586,6563,6602,-1, 6602,6619,6585,-1, 6585,6619,6610,-1, 6584,6610,6603,-1, 
          6601,6603,6560,-1, 6601,6560,6559,-1, 6601,6559,6558,-1, 6604,6558,6557,-1, 6583,6604,6588,-1, 6583,6588,6589,-1, 
          6605,6595,6554,-1, 6605,6554,6553,-1, 6606,6614,6615,-1, 6609,6591,6616,-1, 6609,6616,6568,-1, 6599,6568,6567,-1, 
          6599,6567,6617,-1, 6604,6590,6588,-1, 6612,6556,6613,-1, 6613,6556,6555,-1, 6613,6555,6595,-1, 6605,6553,6614,-1, 
          6606,6615,6593,-1, 6606,6593,6562,-1, 6607,6574,6592,-1, 6591,6571,6616,-1, 6568,6616,6569,-1, 6621,6697,6693,-1, 
          6620,6621,6693,-1, 6693,6697,6622,-1, 6623,6600,6624,-1, 6600,6623,6625,-1, 6600,6625,6626,-1, 6600,6626,6599,-1, 
          6599,6626,6627,-1, 6599,6627,6609,-1, 6609,6627,6628,-1, 6609,6628,6587,-1, 6587,6628,6629,-1, 6587,6629,6630,-1, 
          6587,6630,6598,-1, 6598,6630,6631,-1, 6598,6631,6597,-1, 6597,6631,6632,-1, 6634,6635,6580,-1, 6633,6584,6636,-1, 
          6597,6632,6596,-1, 6596,6632,6637,-1, 6596,6637,6580,-1, 6600,6586,6624,-1, 6624,6586,6638,-1, 6634,6580,6637,-1, 
          6639,6581,6635,-1, 6635,6581,6580,-1, 6640,6581,6639,-1, 6641,6581,6640,-1, 6642,6582,6641,-1, 6641,6582,6581,-1, 
          6643,6582,6642,-1, 6644,6594,6643,-1, 6643,6594,6583,-1, 6643,6583,6582,-1, 6645,6594,6644,-1, 6584,6594,6636,-1, 
          6636,6594,6645,-1, 6584,6633,6585,-1, 6585,6633,6646,-1, 6586,6585,6638,-1, 6638,6585,6646,-1, 6713,6647,6648,-1, 
          6713,6648,6714,-1, 6647,6713,6649,-1, 6649,6713,6650,-1, 6650,6713,6706,-1, 6650,6706,6651,-1, 6651,6706,6705,-1, 
          6651,6705,6652,-1, 6704,6653,6654,-1, 6704,6654,6705,-1, 6705,6654,6655,-1, 6705,6655,6652,-1, 6658,6656,6703,-1, 
          6703,6656,6657,-1, 6703,6657,6704,-1, 6704,6657,6653,-1, 6658,6703,6659,-1, 6659,6703,6660,-1, 6659,6660,6661,-1, 
          6661,6660,6662,-1, 6661,6662,6663,-1, 6712,6664,6665,-1, 6712,6665,6662,-1, 6662,6665,6666,-1, 6662,6666,6667,-1, 
          6662,6667,6663,-1, 6711,6668,6712,-1, 6712,6668,6664,-1, 6710,6669,6670,-1, 6710,6670,6711,-1, 6711,6670,6671,-1, 
          6711,6671,6672,-1, 6711,6672,6668,-1, 6669,6710,6673,-1, 6673,6710,6674,-1, 6674,6710,6717,-1, 6674,6717,6675,-1, 
          6675,6717,6676,-1, 6677,6678,6716,-1, 6716,6678,6679,-1, 6716,6679,6717,-1, 6717,6679,6680,-1, 6717,6680,6676,-1, 
          6683,6681,6677,-1, 6677,6681,6682,-1, 6677,6682,6678,-1, 6683,6677,6708,-1, 6683,6708,6684,-1, 6684,6708,6689,-1, 
          6685,6686,6707,-1, 6707,6686,6687,-1, 6707,6687,6688,-1, 6707,6688,6708,-1, 6708,6688,6689,-1, 6648,6690,6714,-1, 
          6714,6690,6691,-1, 6714,6691,6715,-1, 6715,6691,6692,-1, 6715,6692,6685,-1, 6620,6693,6695,-1, 6620,6696,6621,-1, 
          6621,6696,6700,-1, 6621,6700,6697,-1, 6697,6701,6702,-1, 6697,6702,6622,-1, 6622,6702,6698,-1, 6622,6698,6709,-1, 
          6622,6709,6699,-1, 6622,6699,6693,-1, 6693,6694,6695,-1, 6620,6695,6703,-1, 6620,6703,6704,-1, 6620,6704,6696,-1, 
          6697,6700,6701,-1, 6693,6699,6694,-1, 6696,6704,6705,-1, 6696,6705,6706,-1, 6696,6706,6700,-1, 6701,6707,6702,-1, 
          6702,6708,6698,-1, 6709,6698,6716,-1, 6694,6699,6711,-1, 6694,6711,6712,-1, 6694,6712,6695,-1, 6695,6712,6662,-1, 
          6695,6662,6660,-1, 6695,6660,6703,-1, 6706,6713,6700,-1, 6700,6713,6714,-1, 6700,6714,6715,-1, 6700,6715,6701,-1, 
          6701,6715,6707,-1, 6702,6707,6708,-1, 6698,6708,6677,-1, 6698,6677,6716,-1, 6709,6716,6699,-1, 6699,6716,6717,-1, 
          6699,6717,6710,-1, 6699,6710,6711,-1, 6707,6715,6685,-1, 6636,6685,6692,-1, 6636,6692,6633,-1, 6644,6688,6645,-1, 
          6645,6688,6687,-1, 6645,6687,6636,-1, 6636,6687,6686,-1, 6636,6686,6685,-1, 6684,6689,6644,-1, 6644,6689,6688,-1, 
          6684,6644,6643,-1, 6684,6643,6683,-1, 6683,6643,6642,-1, 6683,6642,6681,-1, 6681,6642,6641,-1, 6681,6641,6682,-1, 
          6682,6641,6640,-1, 6682,6640,6678,-1, 6676,6680,6639,-1, 6639,6680,6679,-1, 6639,6679,6640,-1, 6640,6679,6678,-1, 
          6634,6673,6635,-1, 6635,6673,6674,-1, 6635,6674,6639,-1, 6639,6674,6675,-1, 6639,6675,6676,-1, 6637,6669,6634,-1, 
          6634,6669,6673,-1, 6632,6671,6637,-1, 6637,6671,6670,-1, 6637,6670,6669,-1, 6631,6668,6672,-1, 6631,6672,6632,-1, 
          6632,6672,6671,-1, 6629,6666,6630,-1, 6630,6666,6665,-1, 6630,6665,6631,-1, 6631,6665,6664,-1, 6631,6664,6668,-1, 
          6661,6663,6629,-1, 6629,6663,6667,-1, 6629,6667,6666,-1, 6661,6629,6659,-1, 6659,6629,6628,-1, 6659,6628,6658,-1, 
          6658,6628,6627,-1, 6658,6627,6656,-1, 6656,6627,6626,-1, 6656,6626,6657,-1, 6657,6626,6625,-1, 6657,6625,6653,-1, 
          6652,6655,6623,-1, 6623,6655,6654,-1, 6623,6654,6625,-1, 6625,6654,6653,-1, 6638,6647,6649,-1, 6638,6649,6624,-1, 
          6624,6649,6650,-1, 6624,6650,6623,-1, 6623,6650,6651,-1, 6623,6651,6652,-1, 6692,6691,6633,-1, 6633,6691,6646,-1, 
          6646,6691,6690,-1, 6646,6690,6638,-1, 6638,6690,6648,-1, 6638,6648,6647,-1, 6721,6718,6720,-1, 6720,6718,6719,-1, 
          6718,6721,6722,-1, 6723,6728,6725,-1, 6723,6724,6726,-1, 6723,6726,6727,-1, 6788,6729,6730,-1, 6787,6731,6732,-1, 
          6732,6731,6759,-1, 6729,6895,6735,-1, 6740,6812,6736,-1, 6812,6740,6810,-1, 6738,6737,6739,-1, 6737,6741,6739,-1, 
          6739,6741,6742,-1, 6739,6742,6740,-1, 6740,6742,6810,-1, 6737,6743,6741,-1, 6741,6743,6745,-1, 6743,6744,6745,-1, 
          6730,6729,6735,-1, 6730,6735,6744,-1, 6744,6735,6745,-1, 6747,6719,6718,-1, 6735,6895,6748,-1, 6735,6748,6745,-1, 
          6745,6748,6749,-1, 6745,6749,6741,-1, 6741,6749,6742,-1, 6742,6749,6747,-1, 6742,6747,6810,-1, 6810,6747,6718,-1, 
          6750,6751,6753,-1, 6753,6751,6752,-1, 6753,6752,6758,-1, 6753,6758,6754,-1, 6755,6733,6756,-1, 6756,6733,6734,-1, 
          6756,6734,6757,-1, 6757,6734,6754,-1, 6757,6754,6758,-1, 6732,6759,6760,-1, 6732,6760,6761,-1, 6761,6760,6762,-1, 
          6761,6762,6763,-1, 6761,6763,6764,-1, 6764,6763,6765,-1, 6764,6765,6766,-1, 6766,6765,6751,-1, 6766,6751,6750,-1, 
          6767,6771,6768,-1, 6736,6812,6769,-1, 6736,6769,6770,-1, 6770,6769,6771,-1, 6772,6773,6774,-1, 6774,6773,6775,-1, 
          6774,6775,6776,-1, 6776,6775,6777,-1, 6776,6777,6778,-1, 6778,6777,6779,-1, 6778,6779,6780,-1, 6780,6779,6781,-1, 
          6780,6781,6782,-1, 6782,6781,6784,-1, 6782,6784,6783,-1, 6783,6784,6785,-1, 6783,6785,6786,-1, 6739,6740,6736,-1, 
          6739,6736,6738,-1, 6738,6736,6770,-1, 6738,6770,6767,-1, 6767,6770,6771,-1, 6734,6733,6772,-1, 6734,6772,6774,-1, 
          6734,6774,6754,-1, 6754,6774,6776,-1, 6754,6776,6753,-1, 6753,6776,6750,-1, 6750,6776,6778,-1, 6750,6778,6766,-1, 
          6766,6778,6780,-1, 6766,6780,6764,-1, 6764,6780,6782,-1, 6764,6782,6761,-1, 6761,6782,6783,-1, 6761,6783,6732,-1, 
          6732,6783,6786,-1, 6732,6786,6787,-1, 6746,6719,6747,-1, 6748,6895,6746,-1, 6748,6746,6747,-1, 6748,6747,6749,-1, 
          6772,6788,6773,-1, 6773,6788,6730,-1, 6773,6730,6775,-1, 6775,6730,6744,-1, 6775,6744,6777,-1, 6777,6744,6779,-1, 
          6779,6744,6743,-1, 6779,6743,6781,-1, 6781,6743,6737,-1, 6781,6737,6784,-1, 6784,6737,6738,-1, 6784,6738,6785,-1, 
          6785,6738,6767,-1, 6785,6767,6786,-1, 6786,6767,6768,-1, 6786,6768,6787,-1, 6792,6793,6794,-1, 6803,6799,6796,-1, 
          6800,6797,6798,-1, 6795,6722,6721,-1, 6797,6800,6795,-1, 6796,6799,6806,-1, 6722,6795,6789,-1, 6806,6801,6796,-1, 
          6796,6801,6802,-1, 6796,6802,6800,-1, 6800,6802,6795,-1, 6796,6800,6798,-1, 6796,6798,6803,-1, 6804,6805,6806,-1, 
          6806,6805,6801,-1, 6807,6771,6769,-1, 6789,6795,6802,-1, 6789,6802,6808,-1, 6808,6802,6801,-1, 6808,6801,6809,-1, 
          6809,6801,6805,-1, 6811,6718,6722,-1, 6813,6814,6791,-1, 6791,6814,6815,-1, 6791,6815,6759,-1, 6771,6816,6768,-1, 
          6768,6816,6817,-1, 6813,6791,6818,-1, 6818,6791,6817,-1, 6818,6817,6830,-1, 6830,6817,6816,-1, 6830,6816,6804,-1, 
          6759,6731,6791,-1, 6791,6731,6787,-1, 6791,6787,6817,-1, 6817,6787,6768,-1, 6830,6831,6818,-1, 6818,6831,6794,-1, 
          6818,6794,6813,-1, 6813,6794,6793,-1, 6813,6793,6814,-1, 6790,6820,6819,-1, 6819,6820,6822,-1, 6819,6822,6821,-1, 
          6821,6822,6823,-1, 6821,6823,6824,-1, 6824,6823,6827,-1, 6824,6827,6825,-1, 6825,6827,6826,-1, 6826,6827,6792,-1, 
          6798,6797,6828,-1, 6798,6828,6803,-1, 6803,6828,6829,-1, 6831,6830,6832,-1, 6831,6832,6833,-1, 6833,6832,6834,-1, 
          6833,6834,6835,-1, 6835,6834,6836,-1, 6835,6836,6837,-1, 6837,6836,6838,-1, 6838,6836,6839,-1, 6838,6839,6790,-1, 
          6790,6839,6840,-1, 6826,6831,6825,-1, 6825,6831,6833,-1, 6825,6833,6824,-1, 6824,6833,6835,-1, 6824,6835,6821,-1, 
          6821,6835,6837,-1, 6821,6837,6838,-1, 6821,6838,6819,-1, 6819,6838,6790,-1, 6809,6811,6808,-1, 6808,6811,6789,-1, 
          6789,6811,6722,-1, 6816,6771,6807,-1, 6816,6807,6804,-1, 6804,6807,6769,-1, 6804,6769,6805,-1, 6805,6769,6812,-1, 
          6805,6812,6809,-1, 6809,6812,6810,-1, 6809,6810,6811,-1, 6811,6810,6718,-1, 6792,6794,6826,-1, 6826,6794,6831,-1, 
          6830,6804,6832,-1, 6832,6804,6806,-1, 6832,6806,6834,-1, 6834,6806,6836,-1, 6836,6806,6799,-1, 6836,6799,6839,-1, 
          6839,6799,6803,-1, 6839,6803,6840,-1, 6840,6803,6829,-1, 6841,6870,6842,-1, 6828,6797,6854,-1, 6721,6720,6843,-1, 
          6844,6845,6846,-1, 6845,6844,6847,-1, 6848,6851,6849,-1, 6851,6850,6849,-1, 6849,6850,6844,-1, 6850,6851,6852,-1, 
          6850,6852,6853,-1, 6853,6852,6855,-1, 6853,6855,6854,-1, 6854,6855,6856,-1, 6854,6856,6828,-1, 6854,6797,6858,-1, 
          6854,6858,6853,-1, 6853,6858,6859,-1, 6853,6859,6850,-1, 6850,6859,6844,-1, 6844,6859,6843,-1, 6873,6860,6861,-1, 
          6861,6860,6863,-1, 6861,6863,6862,-1, 6862,6863,6864,-1, 6865,6864,6866,-1, 6866,6864,6863,-1, 6865,6867,6868,-1, 
          6840,6879,6869,-1, 6840,6869,6790,-1, 6790,6869,6868,-1, 6790,6868,6867,-1, 6790,6867,6820,-1, 6842,6870,6872,-1, 
          6842,6872,6871,-1, 6871,6872,6874,-1, 6871,6874,6873,-1, 6873,6874,6860,-1, 6875,6878,6876,-1, 6846,6845,6877,-1, 
          6846,6877,6878,-1, 6880,6879,6881,-1, 6880,6881,6882,-1, 6882,6881,6883,-1, 6882,6883,6884,-1, 6884,6883,6886,-1, 
          6884,6886,6885,-1, 6885,6886,6887,-1, 6887,6886,6888,-1, 6887,6888,6889,-1, 6889,6888,6875,-1, 6889,6875,6890,-1, 
          6843,6720,6847,-1, 6843,6847,6844,-1, 6849,6844,6846,-1, 6849,6846,6848,-1, 6848,6846,6878,-1, 6848,6878,6875,-1, 
          6864,6880,6862,-1, 6862,6880,6882,-1, 6862,6882,6861,-1, 6861,6882,6884,-1, 6861,6884,6873,-1, 6873,6884,6885,-1, 
          6873,6885,6887,-1, 6873,6887,6871,-1, 6871,6887,6889,-1, 6871,6889,6842,-1, 6842,6889,6890,-1, 6842,6890,6841,-1, 
          6857,6797,6795,-1, 6721,6857,6795,-1, 6858,6797,6857,-1, 6858,6857,6859,-1, 6859,6857,6843,-1, 6843,6857,6721,-1, 
          6840,6829,6879,-1, 6879,6829,6856,-1, 6856,6829,6828,-1, 6865,6868,6864,-1, 6864,6868,6869,-1, 6864,6869,6880,-1, 
          6880,6869,6879,-1, 6879,6856,6881,-1, 6881,6856,6855,-1, 6881,6855,6883,-1, 6883,6855,6852,-1, 6883,6852,6886,-1, 
          6886,6852,6851,-1, 6886,6851,6888,-1, 6888,6851,6848,-1, 6888,6848,6875,-1, 6890,6875,6876,-1, 6720,6719,6908,-1, 
          6733,6755,6891,-1, 6894,6896,6893,-1, 6895,6729,6893,-1, 6893,6729,6894,-1, 6896,6897,6898,-1, 6893,6896,6898,-1, 
          6893,6898,6899,-1, 6898,6905,6899,-1, 6899,6905,6908,-1, 6908,6719,6746,-1, 6908,6746,6899,-1, 6899,6746,6895,-1, 
          6899,6895,6893,-1, 6900,6901,6902,-1, 6902,6901,6898,-1, 6902,6898,6897,-1, 6903,6878,6877,-1, 6903,6877,6904,-1, 
          6905,6898,6901,-1, 6905,6901,6906,-1, 6907,6720,6908,-1, 6877,6845,6904,-1, 6909,6910,6892,-1, 6892,6910,6911,-1, 
          6892,6911,6870,-1, 6878,6912,6876,-1, 6876,6912,6913,-1, 6909,6892,6914,-1, 6914,6892,6913,-1, 6914,6913,6932,-1, 
          6932,6913,6912,-1, 6932,6912,6900,-1, 6892,6870,6841,-1, 6892,6841,6913,-1, 6913,6841,6890,-1, 6913,6890,6876,-1, 
          6906,6901,6904,-1, 6904,6901,6900,-1, 6932,6915,6914,-1, 6914,6915,6916,-1, 6914,6916,6909,-1, 6909,6916,6917,-1, 
          6909,6917,6910,-1, 6918,6733,6891,-1, 6918,6891,6920,-1, 6891,6919,6920,-1, 6920,6919,6921,-1, 6920,6921,6922,-1, 
          6922,6921,6923,-1, 6922,6923,6924,-1, 6923,6925,6924,-1, 6924,6925,6927,-1, 6927,6925,6926,-1, 6927,6926,6928,-1, 
          6928,6926,6929,-1, 6928,6929,6916,-1, 6916,6929,6930,-1, 6788,6931,6729,-1, 6915,6932,6933,-1, 6933,6932,6934,-1, 
          6933,6934,6935,-1, 6935,6934,6936,-1, 6935,6936,6937,-1, 6937,6936,6938,-1, 6937,6938,6939,-1, 6939,6938,6940,-1, 
          6939,6940,6941,-1, 6941,6940,6931,-1, 6941,6931,6772,-1, 6772,6931,6788,-1, 6916,6915,6928,-1, 6928,6915,6933,-1, 
          6928,6933,6927,-1, 6927,6933,6935,-1, 6927,6935,6924,-1, 6924,6935,6937,-1, 6924,6937,6922,-1, 6922,6937,6939,-1, 
          6922,6939,6920,-1, 6920,6939,6941,-1, 6920,6941,6918,-1, 6918,6941,6772,-1, 6918,6772,6733,-1, 6906,6907,6905,-1, 
          6905,6907,6908,-1, 6912,6878,6903,-1, 6912,6903,6900,-1, 6900,6903,6904,-1, 6904,6845,6906,-1, 6906,6845,6847,-1, 
          6906,6847,6907,-1, 6907,6847,6720,-1, 6894,6729,6931,-1, 6894,6931,6940,-1, 6894,6940,6896,-1, 6896,6940,6938,-1, 
          6896,6938,6897,-1, 6897,6938,6936,-1, 6897,6936,6902,-1, 6902,6936,6934,-1, 6902,6934,6900,-1, 6900,6934,6932,-1, 
          6916,6930,6917,-1, 7042,6980,6943,-1, 6947,6948,6946,-1, 6950,6946,6949,-1, 6950,6949,6951,-1, 6951,6952,6953,-1, 
          6946,6948,6949,-1, 6949,6955,6951,-1, 6951,6955,6954,-1, 6951,6954,6952,-1, 6956,6957,6959,-1, 6959,6957,6962,-1, 
          6959,6962,6989,-1, 6989,6962,6960,-1, 6976,6958,6957,-1, 6957,6958,6962,-1, 6944,6945,6964,-1, 6965,6967,6966,-1, 
          6966,6967,6968,-1, 6969,6944,6970,-1, 6970,6944,6964,-1, 6974,6971,6972,-1, 6968,6967,6973,-1, 6968,6973,6972,-1, 
          6972,6973,6974,-1, 6988,6975,6976,-1, 6976,6975,6981,-1, 6976,6981,6977,-1, 6726,7042,6943,-1, 6975,6982,6981,-1, 
          6984,6983,6943,-1, 6984,6943,6980,-1, 6983,6727,6943,-1, 6943,6727,6726,-1, 6986,6985,7135,-1, 6986,7135,6983,-1, 
          6983,7135,6727,-1, 6946,7123,6947,-1, 6947,7123,6985,-1, 6987,6942,6988,-1, 6988,6956,6987,-1, 6987,6956,6947,-1, 
          6947,6956,6959,-1, 6989,6960,6955,-1, 6955,6960,6961,-1, 6955,6961,6954,-1, 6983,6942,6986,-1, 6986,6942,6987,-1, 
          6986,6987,6985,-1, 6985,6987,6947,-1, 6947,6959,6948,-1, 6948,6959,6989,-1, 6948,6989,6949,-1, 6949,6989,6955,-1, 
          6942,6983,6984,-1, 6942,6984,6988,-1, 6988,6984,6975,-1, 6975,6984,6982,-1, 6982,6984,6980,-1, 6974,6990,6971,-1, 
          6971,6990,6991,-1, 6970,6991,6992,-1, 6970,6992,6969,-1, 6969,6992,6993,-1, 6976,6945,6958,-1, 6958,6945,6944,-1, 
          6958,6944,6962,-1, 6962,6944,6969,-1, 6962,6969,6963,-1, 6963,6969,6993,-1, 6963,6993,6961,-1, 6980,6965,6982,-1, 
          6982,6965,6966,-1, 6982,6966,6981,-1, 6981,6966,6968,-1, 6981,6968,6977,-1, 6977,6968,6972,-1, 6977,6972,6978,-1, 
          6978,6972,6971,-1, 6978,6971,6979,-1, 6979,6971,6991,-1, 6979,6991,6970,-1, 6979,6970,6978,-1, 6978,6970,6964,-1, 
          6978,6964,6977,-1, 6977,6964,6945,-1, 6977,6945,6976,-1, 6988,6976,6956,-1, 6956,6976,6957,-1, 6962,6963,6960,-1, 
          6960,6963,6961,-1, 6999,7014,6990,-1, 7001,7002,7003,-1, 7003,7002,6999,-1, 7003,6999,7004,-1, 6990,6974,6999,-1, 
          6999,6974,7004,-1, 7004,6974,6973,-1, 7007,7005,7017,-1, 7006,7001,7003,-1, 7006,7003,7007,-1, 7007,7003,7004,-1, 
          7007,7004,7000,-1, 7000,7004,6973,-1, 7000,6973,6967,-1, 7007,7024,7006,-1, 7006,7024,7025,-1, 7006,7025,7008,-1, 
          7008,7025,7026,-1, 7008,7026,7009,-1, 7009,7026,7032,-1, 7001,7010,7011,-1, 7001,7011,7012,-1, 7001,7012,7002,-1, 
          7002,7012,7013,-1, 7002,7013,6999,-1, 6999,7013,7014,-1, 7024,7017,7018,-1, 7024,7018,7025,-1, 7025,7018,7019,-1, 
          7025,7019,7020,-1, 7020,7019,7022,-1, 7089,7050,6994,-1, 6994,7050,7021,-1, 6994,7021,7027,-1, 7027,7021,6998,-1, 
          7015,7016,7039,-1, 7026,7025,7020,-1, 7007,7017,7024,-1, 7039,7027,7015,-1, 7015,7027,7023,-1, 7023,7028,7022,-1, 
          7022,7028,7030,-1, 7028,6998,7029,-1, 7022,7030,7031,-1, 7022,7031,7020,-1, 7020,7031,7032,-1, 7020,7032,7026,-1, 
          7050,7033,7021,-1, 7021,7033,6998,-1, 6998,7033,7029,-1, 7016,7034,7035,-1, 6724,6996,6997,-1, 6724,6997,7040,-1, 
          6724,7040,6726,-1, 7037,7038,7039,-1, 7043,7040,7041,-1, 7041,7040,6997,-1, 7041,6997,7036,-1, 7036,6997,6996,-1, 
          7016,7035,7037,-1, 7016,7037,7039,-1, 6995,6980,7042,-1, 6995,7042,7043,-1, 6965,6980,6995,-1, 6965,6995,7044,-1, 
          7044,6995,7043,-1, 7044,7043,7034,-1, 7042,6726,7040,-1, 7042,7040,7043,-1, 7034,7043,7041,-1, 7034,7041,7035,-1, 
          7035,7041,7037,-1, 7037,7041,7036,-1, 7037,7036,7038,-1, 7038,7036,7089,-1, 7029,7045,7028,-1, 7028,7045,7030,-1, 
          7009,7010,7008,-1, 7008,7010,7001,-1, 7008,7001,7006,-1, 7005,7007,7000,-1, 7005,7000,6967,-1, 7038,7089,6994,-1, 
          7038,6994,7039,-1, 7039,6994,7027,-1, 7027,6998,7023,-1, 7023,6998,7028,-1, 6967,6965,7005,-1, 7005,6965,7044,-1, 
          7005,7044,7017,-1, 7017,7044,7034,-1, 7017,7034,7016,-1, 7017,7016,7018,-1, 7018,7016,7015,-1, 7018,7015,7019,-1, 
          7019,7015,7023,-1, 7019,7023,7022,-1, 6724,6723,7047,-1, 7053,7033,7050,-1, 7033,7053,7051,-1, 7033,7051,7029,-1, 
          7029,7051,7054,-1, 7029,7054,7045,-1, 7060,7061,7052,-1, 7092,7055,7056,-1, 7092,7056,7057,-1, 7057,7056,7058,-1, 
          7058,7059,7060,-1, 7060,7059,7061,-1, 7080,7068,7062,-1, 7062,7068,7049,-1, 7062,7049,7063,-1, 7063,7049,7064,-1, 
          7063,7064,7065,-1, 7064,7066,7065,-1, 7065,7066,7067,-1, 7049,7068,7069,-1, 7085,7071,7070,-1, 7070,7071,7072,-1, 
          7064,7049,7073,-1, 7073,7049,7069,-1, 7073,7069,7074,-1, 7078,7075,7076,-1, 7072,7071,7077,-1, 7072,7077,7076,-1, 
          7076,7077,7078,-1, 7091,7079,7080,-1, 7080,7079,7081,-1, 7080,7081,7082,-1, 7087,6725,7048,-1, 6728,7048,6725,-1, 
          7081,7079,7085,-1, 7047,6725,7087,-1, 7047,7087,7088,-1, 7088,7087,7048,-1, 7088,7048,7084,-1, 7089,7036,7086,-1, 
          7086,7036,6996,-1, 7090,7046,7091,-1, 7091,7055,7090,-1, 7090,7055,7092,-1, 7057,7058,7051,-1, 7051,7058,7060,-1, 
          6724,7047,6996,-1, 6996,7047,7046,-1, 6996,7046,7086,-1, 7086,7046,7090,-1, 7086,7090,7089,-1, 7089,7090,7092,-1, 
          7089,7092,7050,-1, 7050,7092,7057,-1, 7050,7057,7053,-1, 7053,7057,7051,-1, 7051,7060,7054,-1, 7054,7060,7052,-1, 
          7054,7052,7045,-1, 6723,6725,7047,-1, 7046,7047,7088,-1, 7046,7088,7091,-1, 7091,7088,7079,-1, 7079,7088,7084,-1, 
          7079,7084,7085,-1, 7078,7093,7075,-1, 7075,7093,7094,-1, 7094,7095,7074,-1, 7074,7095,7073,-1, 7073,7095,7096,-1, 
          7073,7096,7064,-1, 7064,7096,7097,-1, 7064,7097,7066,-1, 7085,7070,7081,-1, 7081,7070,7072,-1, 7081,7072,7082,-1, 
          7082,7072,7076,-1, 7082,7076,7083,-1, 7083,7076,7075,-1, 7083,7075,7074,-1, 7074,7075,7094,-1, 7083,7074,7069,-1, 
          7083,7069,7082,-1, 7082,7069,7068,-1, 7082,7068,7080,-1, 7091,7080,7055,-1, 7055,7080,7062,-1, 7055,7062,7056,-1, 
          7056,7062,7063,-1, 7056,7063,7058,-1, 7058,7063,7065,-1, 7058,7065,7059,-1, 7059,7065,7067,-1, 7059,7067,7061,-1, 
          7085,7084,7098,-1, 7099,7113,7093,-1, 7101,7102,7103,-1, 7103,7102,7099,-1, 7103,7099,7104,-1, 7093,7078,7099,-1, 
          7099,7078,7104,-1, 7104,7078,7077,-1, 7106,7103,7104,-1, 7106,7104,7100,-1, 7100,7104,7077,-1, 7100,7077,7071,-1, 
          7106,7125,7107,-1, 7109,7110,7101,-1, 7101,7110,7111,-1, 7101,7111,7102,-1, 7102,7111,7112,-1, 7102,7112,7099,-1, 
          7099,7112,7113,-1, 7114,7115,7116,-1, 7116,7115,7117,-1, 7116,7117,7137,-1, 7120,7119,7121,-1, 6946,7122,7123,-1, 
          7124,7114,7126,-1, 7126,7114,7116,-1, 7126,7116,7122,-1, 7122,7116,7137,-1, 7105,7132,7125,-1, 7125,7132,7118,-1, 
          7125,7118,7119,-1, 7106,7105,7125,-1, 7107,7125,7119,-1, 7107,7119,7108,-1, 7108,7119,7120,-1, 7108,7120,7109,-1, 
          7127,7126,6950,-1, 7126,7127,7124,-1, 7124,7127,7129,-1, 7127,7128,7129,-1, 7130,7131,7121,-1, 7121,7131,7120,-1, 
          7120,7131,7109,-1, 6946,6950,7122,-1, 7122,6950,7126,-1, 7138,6728,7134,-1, 6728,6723,7134,-1, 7134,6723,6727,-1, 
          7135,7134,6727,-1, 7141,7138,7139,-1, 7139,7138,7134,-1, 7139,7134,7135,-1, 7115,7132,7117,-1, 7117,7132,7133,-1, 
          7117,7133,7137,-1, 7137,7133,7136,-1, 7084,7048,7140,-1, 7140,7048,7141,-1, 7098,7084,7140,-1, 7098,7140,7142,-1, 
          7142,7140,7141,-1, 7142,7141,7133,-1, 7048,6728,7138,-1, 7048,7138,7141,-1, 7133,7141,7139,-1, 7133,7139,7136,-1, 
          7136,7139,7135,-1, 7136,7135,6985,-1, 7136,6985,7123,-1, 6953,7128,6951,-1, 6951,7128,7127,-1, 6951,7127,6950,-1, 
          7108,7109,7101,-1, 7108,7101,7107,-1, 7107,7101,7103,-1, 7107,7103,7106,-1, 7105,7106,7100,-1, 7105,7100,7143,-1, 
          7143,7100,7071,-1, 7136,7123,7137,-1, 7137,7123,7122,-1, 7071,7085,7143,-1, 7143,7085,7098,-1, 7143,7098,7105,-1, 
          7105,7098,7142,-1, 7105,7142,7132,-1, 7132,7142,7133,-1, 7118,7132,7115,-1, 7118,7115,7119,-1, 7119,7115,7114,-1, 
          7119,7114,7121,-1, 7121,7114,7124,-1, 7121,7124,7130,-1, 7130,7124,7129,-1, 6793,6792,7144,-1, 6793,7144,6814,-1, 
          6814,7144,7145,-1, 6814,7145,6815,-1, 6827,7146,7144,-1, 6827,7144,6792,-1, 7146,6827,7147,-1, 7147,6827,6823,-1, 
          6823,6822,7147,-1, 7147,6822,7148,-1, 6822,6820,7148,-1, 7148,6820,7149,-1, 7149,6820,6867,-1, 7149,6867,7150,-1, 
          7150,6867,6865,-1, 7150,6865,6866,-1, 6863,7151,7150,-1, 6863,7150,6866,-1, 7151,6863,7152,-1, 7152,6863,6860,-1, 
          6874,7153,7152,-1, 6874,7152,6860,-1, 7153,6874,6872,-1, 7153,6872,7154,-1, 7154,6872,6870,-1, 7154,6870,7155,-1, 
          7155,6870,7156,-1, 6917,7157,6910,-1, 6910,7157,7156,-1, 6910,7156,6911,-1, 6911,7156,6870,-1, 6917,6930,7157,-1, 
          7157,6930,7158,-1, 7158,6930,6929,-1, 7158,6929,6926,-1, 7158,6926,7159,-1, 7159,6926,6925,-1, 7159,6925,6923,-1, 
          7159,6923,7160,-1, 7160,6923,6921,-1, 7160,6921,6919,-1, 7160,6919,6891,-1, 7160,6891,7161,-1, 6891,6755,7161,-1, 
          7161,6755,6756,-1, 7161,6756,7162,-1, 7162,6756,6757,-1, 6758,7163,7162,-1, 6758,7162,6757,-1, 6758,6752,7163,-1, 
          7163,6752,6751,-1, 7163,6751,7164,-1, 6765,7165,6751,-1, 6751,7165,7164,-1, 6765,6763,7165,-1, 7165,6763,6762,-1, 
          7165,6762,7166,-1, 6762,6760,7166,-1, 7166,6760,6759,-1, 7166,6759,7167,-1, 7167,6759,7145,-1, 7145,6759,6815,-1, 
          6961,6993,7168,-1, 7045,7169,7170,-1, 7045,7170,7030,-1, 7031,7030,7171,-1, 7171,7030,7170,-1, 7172,7032,7171,-1, 
          7171,7032,7031,-1, 7011,7010,7173,-1, 7173,7010,7172,-1, 7172,7010,7009,-1, 7172,7009,7032,-1, 7174,7014,7013,-1, 
          7174,7013,7173,-1, 7173,7013,7012,-1, 7173,7012,7011,-1, 7014,7174,6990,-1, 6990,7174,7175,-1, 6990,7175,6991,-1, 
          6991,7175,7176,-1, 7177,6992,6991,-1, 7177,6991,7176,-1, 7168,6993,6992,-1, 7168,6992,7177,-1, 6961,7168,7178,-1, 
          7179,6954,6961,-1, 7179,6961,7178,-1, 7180,6952,7179,-1, 7179,6952,6954,-1, 7181,7129,7128,-1, 7181,7128,7180,-1, 
          7180,7128,6953,-1, 7180,6953,6952,-1, 7182,7131,7130,-1, 7182,7130,7181,-1, 7181,7130,7129,-1, 7183,7109,7182,-1, 
          7182,7109,7131,-1, 7184,7110,7109,-1, 7184,7109,7183,-1, 7185,7113,7112,-1, 7185,7112,7184,-1, 7184,7112,7111,-1, 
          7184,7111,7110,-1, 7113,7185,7093,-1, 7093,7185,7186,-1, 7093,7186,7094,-1, 7094,7186,7187,-1, 7188,7095,7187,-1, 
          7187,7095,7094,-1, 7189,7097,7096,-1, 7189,7096,7188,-1, 7188,7096,7095,-1, 7097,7189,7066,-1, 7066,7189,7190,-1, 
          7061,7190,7191,-1, 7190,7061,7067,-1, 7190,7067,7066,-1, 7169,7045,7191,-1, 7191,7045,7052,-1, 7191,7052,7061,-1, 
          7152,7192,7151,-1, 7151,7192,7193,-1, 7151,7193,7150,-1, 7150,7193,7194,-1, 7150,7194,7149,-1, 7159,7195,7158,-1, 
          7158,7195,7196,-1, 7158,7196,7157,-1, 7157,7196,7197,-1, 7157,7197,7156,-1, 7156,7197,7198,-1, 7156,7198,7155,-1, 
          7166,7199,7165,-1, 7165,7199,7200,-1, 7165,7200,7164,-1, 7164,7200,7201,-1, 7164,7201,7163,-1, 7163,7201,7202,-1, 
          7163,7202,7162,-1, 7194,7203,7149,-1, 7149,7203,7204,-1, 7149,7204,7148,-1, 7148,7204,7205,-1, 7148,7205,7147,-1, 
          7147,7205,7206,-1, 7147,7206,7146,-1, 7146,7206,7207,-1, 7146,7207,7144,-1, 7198,7208,7155,-1, 7155,7208,7209,-1, 
          7155,7209,7154,-1, 7154,7209,7210,-1, 7154,7210,7153,-1, 7153,7210,7211,-1, 7153,7211,7152,-1, 7152,7211,7212,-1, 
          7152,7212,7192,-1, 7207,7213,7144,-1, 7144,7213,7214,-1, 7144,7214,7145,-1, 7145,7214,7215,-1, 7145,7215,7167,-1, 
          7167,7215,7216,-1, 7167,7216,7166,-1, 7166,7216,7217,-1, 7166,7217,7199,-1, 7202,7218,7162,-1, 7162,7218,7219,-1, 
          7162,7219,7161,-1, 7161,7219,7220,-1, 7161,7220,7160,-1, 7160,7220,7221,-1, 7160,7221,7159,-1, 7159,7221,7222,-1, 
          7159,7222,7195,-1, 7186,7223,7187,-1, 7187,7223,7224,-1, 7187,7224,7188,-1, 7188,7224,7225,-1, 7188,7225,7189,-1, 
          7189,7225,7226,-1, 7189,7226,7190,-1, 7183,7227,7184,-1, 7184,7227,7228,-1, 7184,7228,7185,-1, 7185,7228,7229,-1, 
          7185,7229,7186,-1, 7186,7229,7230,-1, 7186,7230,7223,-1, 7170,7231,7171,-1, 7171,7231,7232,-1, 7171,7232,7172,-1, 
          7172,7232,7233,-1, 7172,7233,7173,-1, 7173,7233,7234,-1, 7173,7234,7174,-1, 7226,7235,7190,-1, 7190,7235,7236,-1, 
          7190,7236,7191,-1, 7191,7236,7237,-1, 7191,7237,7169,-1, 7169,7237,7238,-1, 7169,7238,7170,-1, 7170,7238,7239,-1, 
          7170,7239,7231,-1, 7179,7240,7180,-1, 7180,7240,7241,-1, 7180,7241,7181,-1, 7181,7241,7242,-1, 7181,7242,7182,-1, 
          7182,7242,7243,-1, 7182,7243,7183,-1, 7183,7243,7244,-1, 7183,7244,7227,-1, 7177,7245,7168,-1, 7168,7245,7246,-1, 
          7168,7246,7178,-1, 7178,7246,7247,-1, 7178,7247,7179,-1, 7179,7247,7248,-1, 7179,7248,7240,-1, 7234,7249,7174,-1, 
          7174,7249,7250,-1, 7174,7250,7175,-1, 7175,7250,7251,-1, 7175,7251,7176,-1, 7176,7251,7252,-1, 7176,7252,7177,-1, 
          7177,7252,7253,-1, 7177,7253,7245,-1, 7216,7237,7217,-1, 7217,7237,7236,-1, 7217,7236,7199,-1, 7199,7236,7235,-1, 
          7199,7235,7200,-1, 7200,7235,7226,-1, 7200,7226,7201,-1, 7201,7226,7225,-1, 7201,7225,7202,-1, 7202,7225,7224,-1, 
          7202,7224,7218,-1, 7218,7224,7223,-1, 7218,7223,7219,-1, 7219,7223,7230,-1, 7219,7230,7220,-1, 7220,7230,7229,-1, 
          7220,7229,7221,-1, 7221,7229,7228,-1, 7221,7228,7222,-1, 7222,7228,7227,-1, 7222,7227,7195,-1, 7195,7227,7244,-1, 
          7195,7244,7196,-1, 7196,7244,7243,-1, 7196,7243,7197,-1, 7197,7243,7242,-1, 7197,7242,7198,-1, 7198,7242,7241,-1, 
          7198,7241,7208,-1, 7208,7241,7240,-1, 7208,7240,7209,-1, 7209,7240,7248,-1, 7209,7248,7210,-1, 7210,7248,7247,-1, 
          7210,7247,7211,-1, 7211,7247,7246,-1, 7211,7246,7212,-1, 7212,7246,7245,-1, 7212,7245,7192,-1, 7192,7245,7253,-1, 
          7192,7253,7193,-1, 7193,7253,7252,-1, 7193,7252,7194,-1, 7194,7252,7251,-1, 7194,7251,7203,-1, 7203,7251,7250,-1, 
          7203,7250,7204,-1, 7204,7250,7249,-1, 7204,7249,7205,-1, 7205,7249,7234,-1, 7205,7234,7206,-1, 7206,7234,7233,-1, 
          7206,7233,7207,-1, 7207,7233,7232,-1, 7207,7232,7213,-1, 7213,7232,7231,-1, 7213,7231,7214,-1, 7214,7231,7239,-1, 
          7214,7239,7215,-1, 7215,7239,7238,-1, 7215,7238,7216,-1, 7216,7238,7237,-1, 7254,7263,7255,-1, 7256,7257,7258,-1, 
          7276,7255,7259,-1, 7276,7259,7258,-1, 7258,7259,7260,-1, 7258,7260,7256,-1, 7261,7262,7263,-1, 7261,7263,7264,-1, 
          7265,7266,7267,-1, 7264,7263,7267,-1, 7267,7263,7268,-1, 7267,7268,7265,-1, 7269,7277,7270,-1, 7270,7277,7276,-1, 
          7271,7270,7272,-1, 7272,7270,7273,-1, 7271,7274,7270,-1, 7270,7274,7275,-1, 7270,7275,7269,-1, 7262,7255,7263,-1, 
          7276,7277,7255,-1, 7255,7277,7254,-1, 7254,7277,7278,-1, 7254,7278,7279,-1, 7279,7278,7280,-1, 7279,7280,7281,-1, 
          7281,7280,7282,-1, 7281,7282,7283,-1, 7299,7296,7284,-1, 7299,7284,7297,-1, 7297,7286,7299,-1, 7299,7285,7296,-1, 
          7299,7286,7300,-1, 7299,7298,7285,-1, 7397,7287,7288,-1, 7396,7287,7397,-1, 7288,7287,7393,-1, 7288,7393,7395,-1, 
          7394,7395,7393,-1, 7289,7292,7496,-1, 7289,7496,7497,-1, 7289,7497,7293,-1, 7289,7291,7290,-1, 7290,7292,7289,-1, 
          7293,7294,7289,-1, 7285,7295,7296,-1, 7284,7296,7349,-1, 7352,7300,7286,-1, 7301,7302,7303,-1, 7303,7302,7304,-1, 
          7303,7304,7305,-1, 7305,7304,7306,-1, 7305,7306,7307,-1, 7307,7306,7308,-1, 7307,7308,7309,-1, 7309,7308,7310,-1, 
          7309,7310,7311,-1, 7311,7310,7312,-1, 7311,7312,7313,-1, 7313,7312,7314,-1, 7313,7314,7315,-1, 7315,7314,7316,-1, 
          7315,7316,7389,-1, 7389,7316,7317,-1, 7389,7317,7318,-1, 7318,7317,7319,-1, 7318,7319,7320,-1, 7320,7319,7321,-1, 
          7320,7321,7322,-1, 7322,7321,7323,-1, 7322,7323,7324,-1, 7324,7323,7325,-1, 7324,7325,7326,-1, 7326,7325,7327,-1, 
          7326,7327,7390,-1, 7390,7327,7328,-1, 7390,7328,7329,-1, 7329,7328,7330,-1, 7329,7330,7331,-1, 7331,7330,7332,-1, 
          7331,7332,7333,-1, 7333,7332,7334,-1, 7333,7334,7335,-1, 7335,7334,7336,-1, 7335,7336,7337,-1, 7337,7336,7338,-1, 
          7337,7338,7339,-1, 7339,7338,7340,-1, 7339,7340,7391,-1, 7391,7340,7341,-1, 7391,7341,7342,-1, 7342,7341,7343,-1, 
          7342,7343,7344,-1, 7344,7343,7345,-1, 7344,7345,7301,-1, 7301,7345,7302,-1, 7285,7346,7295,-1, 7295,7346,7347,-1, 
          7295,7347,7296,-1, 7296,7347,7348,-1, 7296,7348,7349,-1, 7284,7349,7350,-1, 7284,7350,7297,-1, 7297,7350,7358,-1, 
          7297,7358,7359,-1, 7297,7359,7286,-1, 7286,7359,7351,-1, 7286,7351,7352,-1, 7300,7352,7360,-1, 7300,7360,7361,-1, 
          7300,7361,7362,-1, 7300,7362,7299,-1, 7299,7362,7363,-1, 7299,7363,7353,-1, 7299,7353,7298,-1, 7298,7353,7354,-1, 
          7298,7354,7355,-1, 7298,7355,7285,-1, 7285,7355,7346,-1, 7346,7356,7347,-1, 7347,7356,7369,-1, 7347,7369,7357,-1, 
          7347,7357,7348,-1, 7348,7357,7371,-1, 7348,7371,7372,-1, 7348,7372,7349,-1, 7349,7372,7373,-1, 7349,7373,7350,-1, 
          7350,7373,7374,-1, 7350,7374,7375,-1, 7350,7375,7358,-1, 7351,7359,7378,-1, 7351,7378,7379,-1, 7351,7379,7352,-1, 
          7352,7379,7380,-1, 7352,7380,7381,-1, 7352,7381,7360,-1, 7353,7363,7364,-1, 7353,7364,7365,-1, 7353,7365,7354,-1, 
          7354,7365,7386,-1, 7354,7386,7366,-1, 7354,7366,7355,-1, 7355,7366,7367,-1, 7355,7367,7368,-1, 7355,7368,7346,-1, 
          7346,7368,7356,-1, 7357,7369,7370,-1, 7357,7370,7371,-1, 7358,7375,7376,-1, 7358,7376,7359,-1, 7359,7376,7377,-1, 
          7359,7377,7378,-1, 7360,7381,7382,-1, 7360,7382,7361,-1, 7361,7382,7383,-1, 7361,7383,7362,-1, 7362,7383,7384,-1, 
          7362,7384,7363,-1, 7363,7384,7385,-1, 7363,7385,7364,-1, 7366,7386,7387,-1, 7366,7387,7367,-1, 7367,7387,7388,-1, 
          7367,7388,7368,-1, 7356,7301,7369,-1, 7369,7301,7303,-1, 7369,7303,7370,-1, 7370,7303,7305,-1, 7370,7305,7371,-1, 
          7371,7305,7307,-1, 7371,7307,7372,-1, 7372,7307,7309,-1, 7372,7309,7373,-1, 7373,7309,7311,-1, 7373,7311,7374,-1, 
          7374,7311,7313,-1, 7374,7313,7375,-1, 7375,7313,7315,-1, 7375,7315,7376,-1, 7376,7315,7389,-1, 7376,7389,7377,-1, 
          7378,7377,7320,-1, 7378,7320,7379,-1, 7379,7320,7322,-1, 7379,7322,7380,-1, 7380,7322,7324,-1, 7380,7324,7381,-1, 
          7381,7324,7326,-1, 7381,7326,7382,-1, 7382,7326,7390,-1, 7382,7390,7383,-1, 7364,7385,7335,-1, 7364,7335,7365,-1, 
          7365,7335,7337,-1, 7365,7337,7386,-1, 7386,7337,7339,-1, 7386,7339,7387,-1, 7387,7339,7391,-1, 7387,7391,7388,-1, 
          7368,7388,7344,-1, 7368,7344,7356,-1, 7356,7344,7301,-1, 7377,7389,7318,-1, 7377,7318,7320,-1, 7383,7390,7329,-1, 
          7383,7329,7384,-1, 7384,7329,7331,-1, 7384,7331,7385,-1, 7385,7331,7333,-1, 7385,7333,7335,-1, 7388,7391,7342,-1, 
          7388,7342,7344,-1, 7287,7392,7393,-1, 7446,7288,7395,-1, 7450,7287,7396,-1, 7450,7396,7449,-1, 7398,7399,7400,-1, 
          7400,7399,7401,-1, 7400,7401,7402,-1, 7402,7401,7403,-1, 7402,7403,7404,-1, 7404,7403,7405,-1, 7404,7405,7406,-1, 
          7406,7405,7407,-1, 7406,7407,7408,-1, 7408,7407,7409,-1, 7408,7409,7489,-1, 7489,7409,7410,-1, 7489,7410,7411,-1, 
          7411,7410,7412,-1, 7411,7412,7413,-1, 7413,7412,7414,-1, 7413,7414,7415,-1, 7415,7414,7416,-1, 7415,7416,7417,-1, 
          7417,7416,7418,-1, 7417,7418,7419,-1, 7419,7418,7420,-1, 7420,7421,7491,-1, 7491,7421,7422,-1, 7491,7422,7492,-1, 
          7492,7422,7423,-1, 7492,7423,7424,-1, 7424,7423,7425,-1, 7424,7425,7426,-1, 7426,7425,7427,-1, 7426,7427,7428,-1, 
          7428,7427,7429,-1, 7428,7429,7430,-1, 7430,7429,7431,-1, 7430,7431,7432,-1, 7432,7431,7433,-1, 7432,7433,7493,-1, 
          7493,7433,7434,-1, 7493,7434,7435,-1, 7435,7434,7436,-1, 7435,7436,7437,-1, 7437,7436,7438,-1, 7437,7438,7439,-1, 
          7439,7438,7440,-1, 7439,7440,7398,-1, 7398,7440,7399,-1, 7287,7441,7392,-1, 7393,7392,7442,-1, 7393,7442,7443,-1, 
          7393,7443,7394,-1, 7394,7443,7454,-1, 7394,7454,7455,-1, 7394,7455,7444,-1, 7394,7444,7395,-1, 7395,7444,7445,-1, 
          7395,7445,7446,-1, 7288,7446,7457,-1, 7288,7457,7447,-1, 7288,7447,7397,-1, 7397,7447,7458,-1, 7397,7458,7459,-1, 
          7397,7459,7396,-1, 7396,7459,7460,-1, 7396,7460,7448,-1, 7396,7448,7449,-1, 7450,7451,7287,-1, 7287,7451,7441,-1, 
          7441,7467,7452,-1, 7441,7452,7392,-1, 7392,7452,7453,-1, 7392,7453,7442,-1, 7442,7453,7470,-1, 7442,7470,7443,-1, 
          7443,7470,7471,-1, 7443,7471,7472,-1, 7443,7472,7454,-1, 7444,7455,7456,-1, 7444,7456,7476,-1, 7444,7476,7445,-1, 
          7445,7476,7477,-1, 7445,7477,7446,-1, 7446,7477,7478,-1, 7446,7478,7457,-1, 7447,7457,7479,-1, 7447,7479,7480,-1, 
          7447,7480,7458,-1, 7448,7460,7461,-1, 7448,7461,7462,-1, 7448,7462,7449,-1, 7449,7462,7463,-1, 7449,7463,7450,-1, 
          7450,7463,7464,-1, 7450,7464,7451,-1, 7451,7464,7465,-1, 7451,7465,7466,-1, 7451,7466,7441,-1, 7441,7466,7467,-1, 
          7452,7467,7468,-1, 7452,7468,7453,-1, 7453,7468,7469,-1, 7453,7469,7470,-1, 7454,7472,7473,-1, 7454,7473,7455,-1, 
          7455,7473,7474,-1, 7455,7474,7456,-1, 7456,7474,7475,-1, 7456,7475,7476,-1, 7457,7478,7490,-1, 7457,7490,7479,-1, 
          7458,7480,7481,-1, 7458,7481,7459,-1, 7459,7481,7482,-1, 7459,7482,7460,-1, 7460,7482,7483,-1, 7460,7483,7461,-1, 
          7461,7483,7484,-1, 7461,7484,7462,-1, 7462,7484,7485,-1, 7462,7485,7463,-1, 7463,7485,7486,-1, 7463,7486,7464,-1, 
          7464,7486,7487,-1, 7464,7487,7465,-1, 7465,7487,7488,-1, 7465,7488,7466,-1, 7467,7398,7468,-1, 7468,7398,7400,-1, 
          7468,7400,7469,-1, 7469,7400,7402,-1, 7469,7402,7470,-1, 7470,7402,7404,-1, 7470,7404,7471,-1, 7471,7404,7406,-1, 
          7471,7406,7472,-1, 7472,7406,7408,-1, 7472,7408,7473,-1, 7473,7408,7489,-1, 7473,7489,7474,-1, 7476,7475,7415,-1, 
          7476,7415,7477,-1, 7477,7415,7417,-1, 7477,7417,7478,-1, 7478,7417,7419,-1, 7478,7419,7490,-1, 7479,7490,7491,-1, 
          7479,7491,7480,-1, 7480,7491,7492,-1, 7480,7492,7481,-1, 7482,7481,7426,-1, 7482,7426,7483,-1, 7483,7426,7428,-1, 
          7483,7428,7484,-1, 7484,7428,7430,-1, 7484,7430,7485,-1, 7485,7430,7432,-1, 7485,7432,7486,-1, 7486,7432,7493,-1, 
          7486,7493,7487,-1, 7466,7488,7439,-1, 7466,7439,7467,-1, 7467,7439,7398,-1, 7474,7489,7411,-1, 7474,7411,7475,-1, 
          7475,7411,7413,-1, 7475,7413,7415,-1, 7490,7419,7420,-1, 7490,7420,7491,-1, 7481,7492,7424,-1, 7481,7424,7426,-1, 
          7487,7493,7435,-1, 7487,7435,7488,-1, 7488,7435,7437,-1, 7488,7437,7439,-1, 7292,7494,7495,-1, 7292,7495,7496,-1, 
          7497,7546,7293,-1, 7498,7291,7289,-1, 7499,7294,7293,-1, 7500,7501,7502,-1, 7502,7501,7503,-1, 7502,7503,7504,-1, 
          7504,7503,7505,-1, 7504,7505,7506,-1, 7506,7505,7507,-1, 7506,7507,7508,-1, 7508,7507,7509,-1, 7508,7509,7510,-1, 
          7510,7509,7511,-1, 7510,7511,7512,-1, 7512,7511,7513,-1, 7512,7513,7514,-1, 7514,7513,7515,-1, 7514,7515,7516,-1, 
          7516,7515,7517,-1, 7516,7517,7518,-1, 7518,7517,7519,-1, 7518,7519,7520,-1, 7520,7519,7521,-1, 7520,7521,7522,-1, 
          7522,7521,7523,-1, 7522,7523,7524,-1, 7524,7523,7525,-1, 7524,7525,7585,-1, 7585,7525,7526,-1, 7585,7526,7527,-1, 
          7527,7526,7528,-1, 7527,7528,7529,-1, 7529,7528,7530,-1, 7529,7530,7531,-1, 7531,7530,7532,-1, 7531,7532,7533,-1, 
          7533,7532,7534,-1, 7533,7534,7535,-1, 7535,7534,7536,-1, 7535,7536,7586,-1, 7586,7536,7537,-1, 7586,7537,7538,-1, 
          7538,7537,7539,-1, 7538,7539,7540,-1, 7540,7539,7541,-1, 7540,7541,7587,-1, 7587,7541,7542,-1, 7587,7542,7543,-1, 
          7543,7542,7544,-1, 7543,7544,7500,-1, 7500,7544,7501,-1, 7496,7495,7553,-1, 7496,7553,7554,-1, 7496,7554,7497,-1, 
          7497,7554,7555,-1, 7497,7555,7545,-1, 7497,7545,7546,-1, 7293,7546,7547,-1, 7293,7547,7499,-1, 7294,7499,7556,-1, 
          7294,7556,7557,-1, 7294,7557,7289,-1, 7289,7557,7548,-1, 7289,7548,7498,-1, 7498,7548,7549,-1, 7498,7549,7291,-1, 
          7291,7549,7550,-1, 7291,7550,7551,-1, 7291,7551,7290,-1, 7290,7551,7558,-1, 7290,7558,7552,-1, 7290,7552,7292,-1, 
          7292,7552,7560,-1, 7292,7560,7494,-1, 7494,7561,7562,-1, 7494,7562,7495,-1, 7495,7562,7563,-1, 7495,7563,7564,-1, 
          7495,7564,7553,-1, 7545,7555,7568,-1, 7545,7568,7569,-1, 7545,7569,7546,-1, 7546,7569,7570,-1, 7546,7570,7547,-1, 
          7547,7570,7571,-1, 7547,7571,7572,-1, 7547,7572,7499,-1, 7499,7572,7573,-1, 7499,7573,7556,-1, 7548,7557,7576,-1, 
          7548,7576,7577,-1, 7548,7577,7549,-1, 7549,7577,7578,-1, 7549,7578,7550,-1, 7552,7558,7582,-1, 7552,7582,7559,-1, 
          7552,7559,7560,-1, 7494,7560,7561,-1, 7553,7564,7565,-1, 7553,7565,7554,-1, 7554,7565,7566,-1, 7554,7566,7555,-1, 
          7555,7566,7567,-1, 7555,7567,7568,-1, 7556,7573,7574,-1, 7556,7574,7557,-1, 7557,7574,7575,-1, 7557,7575,7576,-1, 
          7550,7578,7579,-1, 7550,7579,7551,-1, 7551,7579,7580,-1, 7551,7580,7558,-1, 7558,7580,7581,-1, 7558,7581,7582,-1, 
          7559,7582,7583,-1, 7559,7583,7560,-1, 7560,7583,7584,-1, 7560,7584,7561,-1, 7561,7500,7562,-1, 7562,7500,7502,-1, 
          7562,7502,7563,-1, 7563,7502,7504,-1, 7563,7504,7564,-1, 7564,7504,7506,-1, 7564,7506,7565,-1, 7565,7506,7508,-1, 
          7565,7508,7566,-1, 7566,7508,7510,-1, 7566,7510,7567,-1, 7567,7510,7512,-1, 7567,7512,7568,-1, 7568,7512,7514,-1, 
          7568,7514,7569,-1, 7569,7514,7516,-1, 7569,7516,7570,-1, 7570,7516,7518,-1, 7570,7518,7571,-1, 7571,7518,7520,-1, 
          7571,7520,7572,-1, 7572,7520,7522,-1, 7572,7522,7573,-1, 7573,7522,7524,-1, 7573,7524,7574,-1, 7574,7524,7585,-1, 
          7574,7585,7575,-1, 7576,7575,7529,-1, 7576,7529,7577,-1, 7577,7529,7531,-1, 7577,7531,7578,-1, 7578,7531,7533,-1, 
          7578,7533,7579,-1, 7579,7533,7535,-1, 7579,7535,7580,-1, 7580,7535,7586,-1, 7580,7586,7581,-1, 7582,7581,7540,-1, 
          7582,7540,7583,-1, 7583,7540,7587,-1, 7583,7587,7584,-1, 7561,7584,7500,-1, 7575,7585,7527,-1, 7575,7527,7529,-1, 
          7581,7586,7538,-1, 7581,7538,7540,-1, 7584,7587,7543,-1, 7584,7543,7500,-1, 7588,7343,7589,-1, 7589,7343,7341,-1, 
          7589,7341,7590,-1, 7590,7341,7340,-1, 7590,7340,7591,-1, 7591,7340,7338,-1, 7591,7338,7592,-1, 7592,7338,7336,-1, 
          7592,7336,7593,-1, 7593,7336,7334,-1, 7593,7334,7594,-1, 7594,7334,7332,-1, 7594,7332,7595,-1, 7595,7332,7330,-1, 
          7595,7330,7596,-1, 7596,7330,7328,-1, 7596,7328,7597,-1, 7597,7328,7327,-1, 7597,7327,7598,-1, 7598,7327,7325,-1, 
          7598,7325,7599,-1, 7599,7325,7323,-1, 7599,7323,7600,-1, 7600,7323,7321,-1, 7600,7321,7601,-1, 7601,7321,7319,-1, 
          7601,7319,7602,-1, 7602,7319,7317,-1, 7602,7317,7603,-1, 7603,7317,7316,-1, 7603,7316,7604,-1, 7604,7316,7314,-1, 
          7604,7314,7605,-1, 7605,7314,7312,-1, 7605,7312,7606,-1, 7606,7312,7310,-1, 7606,7310,7607,-1, 7607,7310,7308,-1, 
          7607,7308,7608,-1, 7608,7308,7306,-1, 7608,7306,7609,-1, 7609,7306,7304,-1, 7609,7304,7610,-1, 7610,7304,7302,-1, 
          7610,7302,7611,-1, 7611,7302,7345,-1, 7611,7345,7588,-1, 7588,7345,7343,-1, 7612,7438,7613,-1, 7613,7438,7436,-1, 
          7613,7436,7614,-1, 7614,7436,7434,-1, 7614,7434,7615,-1, 7615,7434,7433,-1, 7615,7433,7616,-1, 7616,7433,7431,-1, 
          7616,7431,7617,-1, 7617,7431,7429,-1, 7617,7429,7618,-1, 7618,7429,7427,-1, 7618,7427,7619,-1, 7619,7427,7425,-1, 
          7619,7425,7620,-1, 7620,7425,7423,-1, 7620,7423,7621,-1, 7621,7423,7422,-1, 7621,7422,7622,-1, 7622,7422,7421,-1, 
          7622,7421,7623,-1, 7623,7421,7420,-1, 7623,7420,7624,-1, 7624,7420,7418,-1, 7624,7418,7625,-1, 7625,7418,7416,-1, 
          7625,7416,7626,-1, 7626,7416,7414,-1, 7626,7414,7627,-1, 7627,7414,7412,-1, 7627,7412,7628,-1, 7628,7412,7410,-1, 
          7628,7410,7629,-1, 7629,7410,7409,-1, 7629,7409,7630,-1, 7630,7409,7407,-1, 7630,7407,7631,-1, 7631,7407,7405,-1, 
          7631,7405,7632,-1, 7632,7405,7403,-1, 7632,7403,7633,-1, 7633,7403,7401,-1, 7633,7401,7634,-1, 7634,7401,7399,-1, 
          7634,7399,7635,-1, 7635,7399,7440,-1, 7635,7440,7612,-1, 7612,7440,7438,-1, 7636,7542,7637,-1, 7637,7542,7541,-1, 
          7637,7541,7638,-1, 7638,7541,7539,-1, 7638,7539,7639,-1, 7639,7539,7537,-1, 7639,7537,7640,-1, 7640,7537,7536,-1, 
          7640,7536,7641,-1, 7641,7536,7534,-1, 7641,7534,7642,-1, 7642,7534,7532,-1, 7642,7532,7643,-1, 7643,7532,7530,-1, 
          7643,7530,7644,-1, 7644,7530,7528,-1, 7644,7528,7645,-1, 7645,7528,7526,-1, 7645,7526,7646,-1, 7646,7526,7525,-1, 
          7646,7525,7647,-1, 7647,7525,7523,-1, 7647,7523,7648,-1, 7648,7523,7521,-1, 7648,7521,7649,-1, 7649,7521,7519,-1, 
          7649,7519,7650,-1, 7650,7519,7517,-1, 7650,7517,7651,-1, 7651,7517,7515,-1, 7651,7515,7652,-1, 7652,7515,7513,-1, 
          7652,7513,7653,-1, 7653,7513,7511,-1, 7653,7511,7654,-1, 7654,7511,7509,-1, 7654,7509,7655,-1, 7655,7509,7507,-1, 
          7655,7507,7656,-1, 7656,7507,7505,-1, 7656,7505,7657,-1, 7657,7505,7503,-1, 7657,7503,7658,-1, 7658,7503,7501,-1, 
          7658,7501,7659,-1, 7659,7501,7544,-1, 7659,7544,7636,-1, 7636,7544,7542,-1, 7660,7661,7662,-1, 7662,7661,7663,-1, 
          7662,7663,7664,-1, 7664,7663,7665,-1, 7666,7667,7668,-1, 7668,7667,7669,-1, 7668,7669,7670,-1, 7670,7669,7671,-1, 
          7609,7672,7608,-1, 7608,7672,7673,-1, 7608,7673,7607,-1, 7607,7673,7674,-1, 7607,7674,7606,-1, 7606,7674,7675,-1, 
          7606,7675,7605,-1, 7605,7675,7676,-1, 7605,7676,7604,-1, 7604,7676,7677,-1, 7604,7677,7603,-1, 7603,7677,7678,-1, 
          7603,7678,7602,-1, 7602,7678,7679,-1, 7602,7679,7601,-1, 7601,7679,7680,-1, 7601,7680,7600,-1, 7600,7680,7681,-1, 
          7600,7681,7599,-1, 7599,7681,7682,-1, 7599,7682,7598,-1, 7598,7682,7683,-1, 7598,7683,7597,-1, 7597,7683,7684,-1, 
          7597,7684,7596,-1, 7596,7684,7685,-1, 7596,7685,7595,-1, 7595,7685,7686,-1, 7595,7686,7594,-1, 7594,7686,7687,-1, 
          7594,7687,7593,-1, 7593,7687,7688,-1, 7593,7688,7592,-1, 7592,7688,7689,-1, 7592,7689,7591,-1, 7591,7689,7690,-1, 
          7591,7690,7590,-1, 7590,7690,7691,-1, 7590,7691,7589,-1, 7589,7691,7692,-1, 7589,7692,7588,-1, 7588,7692,7693,-1, 
          7588,7693,7611,-1, 7611,7693,7694,-1, 7611,7694,7610,-1, 7610,7694,7695,-1, 7610,7695,7609,-1, 7609,7695,7672,-1, 
          7624,7696,7623,-1, 7623,7696,7697,-1, 7623,7697,7622,-1, 7622,7697,7698,-1, 7622,7698,7621,-1, 7621,7698,7699,-1, 
          7621,7699,7620,-1, 7620,7699,7700,-1, 7620,7700,7619,-1, 7619,7700,7701,-1, 7619,7701,7618,-1, 7618,7701,7702,-1, 
          7618,7702,7617,-1, 7617,7702,7703,-1, 7617,7703,7616,-1, 7616,7703,7704,-1, 7616,7704,7615,-1, 7615,7704,7705,-1, 
          7615,7705,7614,-1, 7614,7705,7706,-1, 7614,7706,7613,-1, 7613,7706,7707,-1, 7613,7707,7612,-1, 7612,7707,7708,-1, 
          7612,7708,7635,-1, 7635,7708,7709,-1, 7635,7709,7634,-1, 7634,7709,7710,-1, 7634,7710,7633,-1, 7633,7710,7711,-1, 
          7633,7711,7632,-1, 7632,7711,7712,-1, 7632,7712,7631,-1, 7631,7712,7713,-1, 7631,7713,7630,-1, 7630,7713,7714,-1, 
          7630,7714,7629,-1, 7629,7714,7715,-1, 7629,7715,7628,-1, 7628,7715,7716,-1, 7628,7716,7627,-1, 7627,7716,7717,-1, 
          7627,7717,7626,-1, 7626,7717,7718,-1, 7626,7718,7625,-1, 7625,7718,7719,-1, 7625,7719,7624,-1, 7624,7719,7696,-1, 
          7646,7720,7645,-1, 7645,7720,7721,-1, 7645,7721,7644,-1, 7644,7721,7722,-1, 7644,7722,7643,-1, 7643,7722,7723,-1, 
          7643,7723,7642,-1, 7642,7723,7724,-1, 7642,7724,7641,-1, 7641,7724,7725,-1, 7641,7725,7640,-1, 7640,7725,7726,-1, 
          7640,7726,7639,-1, 7639,7726,7727,-1, 7639,7727,7638,-1, 7638,7727,7728,-1, 7638,7728,7637,-1, 7637,7728,7729,-1, 
          7637,7729,7636,-1, 7636,7729,7730,-1, 7636,7730,7659,-1, 7659,7730,7731,-1, 7659,7731,7658,-1, 7658,7731,7732,-1, 
          7658,7732,7657,-1, 7657,7732,7733,-1, 7657,7733,7656,-1, 7656,7733,7734,-1, 7656,7734,7655,-1, 7655,7734,7735,-1, 
          7655,7735,7654,-1, 7654,7735,7736,-1, 7654,7736,7653,-1, 7653,7736,7737,-1, 7653,7737,7652,-1, 7652,7737,7738,-1, 
          7652,7738,7651,-1, 7651,7738,7739,-1, 7651,7739,7650,-1, 7650,7739,7740,-1, 7650,7740,7649,-1, 7649,7740,7741,-1, 
          7649,7741,7648,-1, 7648,7741,7742,-1, 7648,7742,7647,-1, 7647,7742,7743,-1, 7647,7743,7646,-1, 7646,7743,7720,-1, 
          7744,7745,7746,-1, 7744,7746,7747,-1, 7747,7746,7748,-1, 7747,7748,7749,-1, 7749,7748,7750,-1, 7749,7750,7751,-1, 
          7751,7750,7752,-1, 7751,7752,7753,-1, 7753,7752,7754,-1, 7753,7754,7755,-1, 7755,7754,7756,-1, 7755,7756,7757,-1, 
          7757,7756,7758,-1, 7758,7756,7759,-1, 7760,7758,7759,-1, 7759,7761,7760,-1, 7760,7761,7762,-1, 7760,7762,7763,-1, 
          7762,7764,7763,-1, 7763,7764,7765,-1, 7764,7766,7765,-1, 7765,7766,7767,-1, 7765,7767,7768,-1, 7767,7769,7768,-1, 
          7768,7769,7770,-1, 7769,7771,7770,-1, 7770,7771,7772,-1, 7770,7772,7773,-1, 7774,7775,7776,-1, 7776,7775,7773,-1, 
          7776,7773,7772,-1, 7745,7777,7778,-1, 7745,7778,7746,-1, 7746,7778,7779,-1, 7746,7779,7748,-1, 7748,7779,7780,-1, 
          7748,7780,7750,-1, 7750,7780,7781,-1, 7750,7781,7752,-1, 7752,7781,7782,-1, 7752,7782,7754,-1, 7754,7782,7783,-1, 
          7754,7783,7756,-1, 7784,7785,7744,-1, 7744,7785,7745,-1, 7786,7787,7788,-1, 7788,7787,7789,-1, 7788,7789,7790,-1, 
          7790,7789,7791,-1, 7791,7789,7792,-1, 7791,7792,7793,-1, 7793,7792,7794,-1, 7794,7792,7795,-1, 7794,7795,7796,-1, 
          7796,7795,7797,-1, 7796,7797,7798,-1, 7798,7797,7799,-1, 7799,7797,7800,-1, 7799,7800,7802,-1, 7802,7800,7801,-1, 
          7802,7801,7803,-1, 7802,7803,7804,-1, 7805,7806,7807,-1, 7805,7807,7808,-1, 7808,7807,7809,-1, 7808,7809,7810,-1, 
          7810,7809,7811,-1, 7810,7811,7812,-1, 7812,7811,7813,-1, 7812,7813,7814,-1, 7814,7813,7815,-1, 7814,7815,7816,-1, 
          7816,7815,7817,-1, 7816,7817,7818,-1, 7818,7817,7819,-1, 7819,7817,7786,-1, 7820,7819,7786,-1, 7786,7788,7820,-1, 
          7820,7788,7790,-1, 7820,7790,7821,-1, 7821,7790,7791,-1, 7821,7791,7822,-1, 7791,7793,7822,-1, 7822,7793,7794,-1, 
          7822,7794,7823,-1, 7794,7796,7823,-1, 7823,7796,7824,-1, 7796,7798,7824,-1, 7824,7798,7799,-1, 7824,7799,7825,-1, 
          7804,7826,7802,-1, 7802,7826,7825,-1, 7802,7825,7799,-1, 7827,7826,7828,-1, 7828,7826,7804,-1, 7806,7829,7830,-1, 
          7806,7830,7807,-1, 7807,7830,7831,-1, 7807,7831,7809,-1, 7809,7831,7832,-1, 7809,7832,7811,-1, 7811,7832,7833,-1, 
          7811,7833,7813,-1, 7813,7833,7834,-1, 7813,7834,7815,-1, 7815,7834,7847,-1, 7815,7847,7817,-1, 7835,7836,7805,-1, 
          7805,7836,7806,-1, 7775,7774,7837,-1, 7837,7774,7838,-1, 7839,7840,7764,-1, 7839,7764,7762,-1, 7839,7762,7841,-1, 
          7841,7762,7761,-1, 7841,7761,7759,-1, 7842,7843,7769,-1, 7842,7769,7767,-1, 7842,7767,7840,-1, 7840,7767,7766,-1, 
          7840,7766,7764,-1, 7844,7776,7772,-1, 7844,7772,7843,-1, 7843,7772,7771,-1, 7843,7771,7769,-1, 7844,7845,7776,-1, 
          7776,7845,7846,-1, 7776,7846,7774,-1, 7756,7783,7759,-1, 7759,7783,7841,-1, 7787,7786,7847,-1, 7847,7786,7817,-1, 
          7848,7663,7849,-1, 7849,7663,7661,-1, 7849,7661,7850,-1, 7850,7661,7660,-1, 7851,7850,7662,-1, 7662,7850,7660,-1, 
          7851,7662,7852,-1, 7852,7662,7664,-1, 7853,7852,7665,-1, 7665,7852,7664,-1, 7848,7853,7663,-1, 7663,7853,7665,-1, 
          7859,7669,7854,-1, 7854,7669,7667,-1, 7854,7667,7855,-1, 7855,7667,7666,-1, 7856,7855,7668,-1, 7668,7855,7666,-1, 
          7856,7668,7670,-1, 7856,7670,7857,-1, 7858,7857,7671,-1, 7671,7857,7670,-1, 7858,7671,7859,-1, 7859,7671,7669,-1, 
          7860,7692,7861,-1, 7861,7692,7691,-1, 7861,7691,7862,-1, 7862,7691,7690,-1, 7862,7690,7863,-1, 7863,7690,7689,-1, 
          7863,7689,7864,-1, 7864,7689,7688,-1, 7864,7688,7865,-1, 7865,7688,7687,-1, 7865,7687,7866,-1, 7866,7687,7686,-1, 
          7866,7686,7867,-1, 7867,7686,7685,-1, 7867,7685,7868,-1, 7868,7685,7684,-1, 7868,7684,7869,-1, 7869,7684,7683,-1, 
          7869,7683,7870,-1, 7870,7683,7682,-1, 7870,7682,7871,-1, 7871,7682,7681,-1, 7871,7681,7872,-1, 7872,7681,7680,-1, 
          7872,7680,7873,-1, 7873,7680,7679,-1, 7873,7679,7874,-1, 7874,7679,7678,-1, 7874,7678,7875,-1, 7875,7678,7677,-1, 
          7875,7677,7876,-1, 7876,7677,7676,-1, 7876,7676,7877,-1, 7877,7676,7675,-1, 7877,7675,7878,-1, 7878,7675,7674,-1, 
          7878,7674,7879,-1, 7879,7674,7673,-1, 7879,7673,7880,-1, 7880,7673,7672,-1, 7880,7672,7881,-1, 7881,7672,7695,-1, 
          7881,7695,7882,-1, 7882,7695,7694,-1, 7882,7694,7883,-1, 7883,7694,7693,-1, 7883,7693,7860,-1, 7860,7693,7692,-1, 
          7884,7707,7885,-1, 7885,7707,7706,-1, 7885,7706,7886,-1, 7886,7706,7705,-1, 7886,7705,7887,-1, 7887,7705,7704,-1, 
          7887,7704,7888,-1, 7888,7704,7703,-1, 7888,7703,7889,-1, 7889,7703,7702,-1, 7889,7702,7890,-1, 7890,7702,7701,-1, 
          7890,7701,7891,-1, 7891,7701,7700,-1, 7891,7700,7892,-1, 7892,7700,7699,-1, 7892,7699,7893,-1, 7893,7699,7698,-1, 
          7893,7698,7894,-1, 7894,7698,7697,-1, 7894,7697,7895,-1, 7895,7697,7696,-1, 7895,7696,7896,-1, 7896,7696,7719,-1, 
          7896,7719,7897,-1, 7897,7719,7718,-1, 7897,7718,7898,-1, 7898,7718,7717,-1, 7898,7717,7899,-1, 7899,7717,7716,-1, 
          7899,7716,7900,-1, 7900,7716,7715,-1, 7900,7715,7901,-1, 7901,7715,7714,-1, 7901,7714,7902,-1, 7902,7714,7713,-1, 
          7902,7713,7903,-1, 7903,7713,7712,-1, 7903,7712,7904,-1, 7904,7712,7711,-1, 7904,7711,7905,-1, 7905,7711,7710,-1, 
          7905,7710,7906,-1, 7906,7710,7709,-1, 7906,7709,7907,-1, 7907,7709,7708,-1, 7907,7708,7884,-1, 7884,7708,7707,-1, 
          7908,7729,7909,-1, 7909,7729,7728,-1, 7909,7728,7910,-1, 7910,7728,7727,-1, 7910,7727,7911,-1, 7911,7727,7726,-1, 
          7911,7726,7912,-1, 7912,7726,7725,-1, 7912,7725,7913,-1, 7913,7725,7724,-1, 7913,7724,7914,-1, 7914,7724,7723,-1, 
          7914,7723,7915,-1, 7915,7723,7722,-1, 7915,7722,7916,-1, 7916,7722,7721,-1, 7916,7721,7917,-1, 7917,7721,7720,-1, 
          7917,7720,7918,-1, 7918,7720,7743,-1, 7918,7743,7919,-1, 7919,7743,7742,-1, 7919,7742,7920,-1, 7920,7742,7741,-1, 
          7920,7741,7921,-1, 7921,7741,7740,-1, 7921,7740,7922,-1, 7922,7740,7739,-1, 7922,7739,7923,-1, 7923,7739,7738,-1, 
          7923,7738,7924,-1, 7924,7738,7737,-1, 7924,7737,7925,-1, 7925,7737,7736,-1, 7925,7736,7926,-1, 7926,7736,7735,-1, 
          7926,7735,7927,-1, 7927,7735,7734,-1, 7927,7734,7928,-1, 7928,7734,7733,-1, 7928,7733,7929,-1, 7929,7733,7732,-1, 
          7929,7732,7930,-1, 7930,7732,7731,-1, 7930,7731,7931,-1, 7931,7731,7730,-1, 7931,7730,7908,-1, 7908,7730,7729,-1, 
          7784,7744,7758,-1, 7837,7932,7933,-1, 7933,7932,7934,-1, 7933,7934,7935,-1, 7936,7937,7938,-1, 7938,7937,7939,-1, 
          7938,7939,7784,-1, 7936,7940,7937,-1, 7937,7940,7941,-1, 7937,7941,7942,-1, 7747,7749,7751,-1, 7763,7765,7768,-1, 
          7935,7943,7933,-1, 7933,7943,7944,-1, 7933,7944,7945,-1, 7751,7753,7747,-1, 7747,7753,7755,-1, 7747,7755,7744,-1, 
          7744,7755,7757,-1, 7744,7757,7758,-1, 7768,7770,7763,-1, 7763,7770,7773,-1, 7763,7773,7760,-1, 7760,7773,7775,-1, 
          7760,7775,7758,-1, 7758,7775,7837,-1, 7758,7837,7784,-1, 7784,7837,7933,-1, 7784,7933,7938,-1, 7777,7745,7785,-1, 
          7777,7785,7946,-1, 7938,7947,7948,-1, 7938,7948,7936,-1, 7936,7948,7940,-1, 7948,7949,7940,-1, 7940,7949,7950,-1, 
          7940,7950,7941,-1, 7941,7950,7942,-1, 7950,7951,7942,-1, 7942,7951,7952,-1, 7942,7952,7937,-1, 7785,7784,7953,-1, 
          7953,7784,7939,-1, 7953,7939,7937,-1, 7953,7937,7954,-1, 7954,7937,7952,-1, 7955,7827,7828,-1, 7828,7956,7955,-1, 
          7955,7956,7957,-1, 7956,7958,7957,-1, 7957,7958,7960,-1, 7957,7960,7959,-1, 7959,7960,7961,-1, 7960,7962,7961,-1, 
          7961,7962,7964,-1, 7961,7964,7963,-1, 7963,7964,7965,-1, 7963,7965,7966,-1, 7965,7967,7966,-1, 7966,7967,7968,-1, 
          7966,7968,7969,-1, 7804,7803,7828,-1, 7828,7803,7970,-1, 7971,7835,7972,-1, 7972,7835,7969,-1, 7835,7805,7819,-1, 
          7969,7827,7955,-1, 7821,7822,7826,-1, 7822,7823,7826,-1, 7826,7823,7824,-1, 7826,7824,7825,-1, 7973,7972,7974,-1, 
          7974,7972,7975,-1, 7973,7976,7972,-1, 7972,7976,7977,-1, 7972,7977,7971,-1, 7808,7810,7812,-1, 7969,7835,7827,-1, 
          7827,7835,7819,-1, 7827,7819,7826,-1, 7826,7819,7820,-1, 7826,7820,7821,-1, 7961,7955,7959,-1, 7959,7955,7957,-1, 
          7961,7963,7955,-1, 7955,7963,7966,-1, 7955,7966,7969,-1, 7812,7814,7808,-1, 7808,7814,7816,-1, 7808,7816,7805,-1, 
          7805,7816,7818,-1, 7805,7818,7819,-1, 7829,7806,7978,-1, 7978,7806,7836,-1, 7972,7979,7980,-1, 7972,7980,7975,-1, 
          7975,7980,7981,-1, 7975,7981,7974,-1, 7981,7982,7974,-1, 7974,7982,7973,-1, 7982,7983,7973,-1, 7973,7983,7984,-1, 
          7973,7984,7976,-1, 7976,7984,7977,-1, 7836,7835,7985,-1, 7985,7835,7971,-1, 7985,7971,7977,-1, 7985,7977,7986,-1, 
          7986,7977,7984,-1, 7932,7837,7838,-1, 7838,7987,7932,-1, 7932,7987,7934,-1, 7987,7988,7934,-1, 7934,7988,7989,-1, 
          7934,7989,7935,-1, 7935,7989,7943,-1, 7989,7990,7943,-1, 7943,7990,7991,-1, 7943,7991,7944,-1, 7944,7991,7992,-1, 
          7944,7992,7945,-1, 7992,7993,7945,-1, 7945,7993,7994,-1, 7945,7994,7933,-1, 7774,7846,7838,-1, 7838,7846,7995,-1, 
          7996,7997,7999,-1, 7996,7999,7998,-1, 7998,7999,8000,-1, 7999,8001,8000,-1, 8000,8001,8002,-1, 8000,8002,8003,-1, 
          8002,8004,8003,-1, 8003,8004,8006,-1, 8003,8006,8005,-1, 8005,8006,8007,-1, 8008,8009,8010,-1, 8010,8009,8011,-1, 
          8010,8011,8012,-1, 8012,8011,8007,-1, 8012,8007,8013,-1, 8013,8007,8006,-1, 8014,8015,8016,-1, 8016,8017,8014,-1, 
          8014,8017,8018,-1, 8014,8018,8019,-1, 8018,8020,8019,-1, 8019,8020,8022,-1, 8019,8022,8021,-1, 8021,8022,8023,-1, 
          8022,8024,8023,-1, 8023,8024,8025,-1, 8023,8025,8026,-1, 8027,8028,8030,-1, 8030,8028,8029,-1, 8030,8029,8026,-1, 
          8030,8026,8031,-1, 8031,8026,8025,-1, 7780,7779,7857,-1, 7777,7856,7857,-1, 7777,7857,7778,-1, 7778,7857,7779,-1, 
          8032,7857,7858,-1, 7845,7844,8033,-1, 7780,7857,7781,-1, 7781,7857,8032,-1, 7781,8032,7782,-1, 8032,7800,7797,-1, 
          7840,7839,8032,-1, 7789,8034,7792,-1, 7792,8034,8032,-1, 7792,8032,7795,-1, 7795,8032,7797,-1, 7844,7843,8033,-1, 
          8033,7843,7842,-1, 8033,7842,8035,-1, 7840,8032,7842,-1, 7839,7841,8032,-1, 8032,7841,7783,-1, 8032,7783,7782,-1, 
          8032,8036,7842,-1, 7842,8036,8037,-1, 7842,8037,8038,-1, 8038,8039,7842,-1, 7842,8039,8040,-1, 7842,8040,8035,-1, 
          7848,7849,7978,-1, 7875,7876,7852,-1, 7852,7876,7850,-1, 7852,7850,7851,-1, 7978,7849,7829,-1, 7829,7849,7850,-1, 
          7829,7850,7830,-1, 7876,7877,7850,-1, 7850,7877,7878,-1, 7850,7878,7879,-1, 7789,8041,8034,-1, 8034,8041,8042,-1, 
          8015,7870,7871,-1, 7861,7862,8034,-1, 8034,7862,7863,-1, 8034,7863,7864,-1, 8028,7868,8029,-1, 8029,7868,7869,-1, 
          7870,8015,7869,-1, 7871,7872,8015,-1, 8015,7872,7873,-1, 8015,7873,8043,-1, 8043,7873,7874,-1, 8043,7874,7875,-1, 
          7861,8034,7860,-1, 7860,8034,8042,-1, 7860,8042,7883,-1, 7883,8042,7834,-1, 7883,7834,7833,-1, 7879,7880,7850,-1, 
          7850,7880,7881,-1, 7850,7881,7830,-1, 7830,7881,7882,-1, 7830,7882,7831,-1, 7831,7882,7883,-1, 7831,7883,7832,-1, 
          7832,7883,7833,-1, 7864,7865,8034,-1, 8034,7865,7866,-1, 8034,7866,8028,-1, 8028,7866,7867,-1, 8028,7867,7868,-1, 
          8015,8014,7869,-1, 7869,8014,8019,-1, 7869,8019,8021,-1, 8021,8023,7869,-1, 7869,8023,8026,-1, 7869,8026,8029,-1, 
          7900,7901,7996,-1, 7996,7901,7902,-1, 7996,7902,8044,-1, 7885,7886,7978,-1, 7978,7886,7887,-1, 7978,7887,7888,-1, 
          7889,7890,8043,-1, 8000,8003,7899,-1, 7899,8011,7898,-1, 7898,8011,8009,-1, 7898,8009,7897,-1, 7902,7903,8044,-1, 
          8044,7903,7904,-1, 8044,7904,7905,-1, 7890,7891,8043,-1, 8043,7891,7892,-1, 8043,7892,7893,-1, 7900,7996,7899,-1, 
          7899,7996,7998,-1, 7899,7998,8000,-1, 7888,7889,7978,-1, 7978,7889,8043,-1, 7978,8043,7848,-1, 7848,8043,7875,-1, 
          7848,7875,7853,-1, 7853,7875,7852,-1, 8003,8005,7899,-1, 7899,8005,8007,-1, 7899,8007,8011,-1, 7907,8045,8046,-1, 
          7885,7978,7884,-1, 7884,7978,7907,-1, 7907,7978,8047,-1, 7907,8047,8045,-1, 7905,7906,8044,-1, 8044,7906,7907,-1, 
          8044,7907,8048,-1, 8048,7907,8046,-1, 7893,7894,8043,-1, 8043,7894,7895,-1, 8043,7895,8009,-1, 8009,7895,7896,-1, 
          8009,7896,7897,-1, 7854,8049,7859,-1, 7859,8049,8050,-1, 7859,8050,8051,-1, 8052,8049,8053,-1, 8053,8049,7854,-1, 
          8053,7854,8054,-1, 8051,8055,7859,-1, 7859,8055,7970,-1, 7859,7970,7858,-1, 7858,7970,7803,-1, 7858,7803,8032,-1, 
          8032,7803,7801,-1, 8032,7801,7800,-1, 8056,8057,7854,-1, 7854,8057,8058,-1, 7854,8058,8054,-1, 7855,7856,7777,-1, 
          7855,7777,7854,-1, 7854,7777,7946,-1, 7854,7946,8056,-1, 7929,8059,7928,-1, 7928,8059,8060,-1, 7916,7917,7846,-1, 
          8064,7910,7911,-1, 7911,7912,8064,-1, 8064,7912,7913,-1, 8064,7913,7914,-1, 7916,7846,7915,-1, 8061,8062,7929,-1, 
          7929,8062,8063,-1, 7929,8063,8059,-1, 7930,7931,8064,-1, 8064,7931,7908,-1, 8064,7908,7909,-1, 8064,7909,7910,-1, 
          7922,7923,8065,-1, 8065,7923,7924,-1, 7930,8064,7929,-1, 7929,8064,8066,-1, 7929,8066,8061,-1, 7845,8033,7846,-1, 
          7846,8033,8064,-1, 7846,8064,7914,-1, 7846,7914,7915,-1, 7922,8065,7921,-1, 7921,8065,8067,-1, 7921,8067,8068,-1, 
          7924,7925,8065,-1, 8065,7925,7926,-1, 8065,7926,8060,-1, 8060,7926,7927,-1, 8060,7927,7928,-1, 7917,7918,7846,-1, 
          7846,7918,7919,-1, 7846,7919,7995,-1, 7995,7919,7920,-1, 7995,7920,8069,-1, 8069,7920,7921,-1, 8069,7921,8070,-1, 
          8070,7921,8068,-1, 8064,8071,8072,-1, 8064,8072,8066,-1, 8066,8072,8073,-1, 8066,8073,8061,-1, 8061,8073,8074,-1, 
          8061,8074,8062,-1, 8062,8074,8075,-1, 8062,8075,8063,-1, 8063,8075,8076,-1, 8063,8076,8059,-1, 8059,8076,8077,-1, 
          8059,8077,8060,-1, 8036,8032,8078,-1, 8078,8079,8036,-1, 8036,8079,8037,-1, 8079,8080,8037,-1, 8037,8080,8081,-1, 
          8037,8081,8038,-1, 8038,8081,8039,-1, 8081,8082,8039,-1, 8039,8082,8083,-1, 8039,8083,8040,-1, 8040,8083,8035,-1, 
          8083,8084,8035,-1, 8035,8084,8085,-1, 8035,8085,8033,-1, 7933,7994,7938,-1, 7938,7994,7947,-1, 7946,7785,8056,-1, 
          8056,7785,7953,-1, 8056,7953,7954,-1, 8056,7954,8057,-1, 7954,7952,8057,-1, 8057,7952,7951,-1, 8057,7951,8058,-1, 
          7951,7950,8058,-1, 8058,7950,8054,-1, 8054,7950,7949,-1, 8054,7949,8053,-1, 8053,7949,7948,-1, 8053,7948,8086,-1, 
          8086,7948,8087,-1, 8087,7948,7947,-1, 8087,7947,8088,-1, 8087,8088,8089,-1, 8087,8089,8086,-1, 8086,8089,8090,-1, 
          8086,8090,8053,-1, 8053,8090,8091,-1, 8053,8091,8052,-1, 7962,8050,8049,-1, 7962,7960,8050,-1, 8050,7960,8051,-1, 
          8051,7960,7958,-1, 8051,7958,8055,-1, 7828,7970,7956,-1, 7956,7970,8055,-1, 7956,8055,7958,-1, 8089,7968,8090,-1, 
          8090,7968,7967,-1, 8090,7967,8091,-1, 8091,7967,7965,-1, 8091,7965,8052,-1, 8052,7965,7964,-1, 8052,7964,8049,-1, 
          8049,7964,7962,-1, 7969,7968,7972,-1, 7972,7968,7979,-1, 7978,7836,8047,-1, 8047,7836,7985,-1, 8047,7985,7986,-1, 
          8047,7986,8045,-1, 7986,7984,8045,-1, 8045,7984,8046,-1, 8046,7984,7983,-1, 8046,7983,8048,-1, 7983,7982,8048,-1, 
          8048,7982,8044,-1, 8044,7982,7981,-1, 8044,7981,8092,-1, 8092,7981,7980,-1, 8092,7980,8093,-1, 8093,7980,7979,-1, 
          8093,7979,8094,-1, 7997,7996,8044,-1, 8044,8092,7997,-1, 7997,8092,8093,-1, 7997,8093,8094,-1, 8065,8060,8095,-1, 
          8095,8060,8077,-1, 8095,8077,8096,-1, 8096,8077,8097,-1, 7990,8068,8067,-1, 7990,7989,8068,-1, 8068,7989,8070,-1, 
          8070,7989,7988,-1, 8070,7988,8069,-1, 7838,7995,7987,-1, 7987,7995,8069,-1, 7987,8069,7988,-1, 8097,7994,8096,-1, 
          8096,7994,7993,-1, 8096,7993,8095,-1, 8095,7993,7992,-1, 8095,7992,8065,-1, 8065,7992,7991,-1, 8065,7991,8067,-1, 
          8067,7991,7990,-1, 7997,8098,8099,-1, 8099,8098,8100,-1, 8099,8100,8101,-1, 8099,8101,8102,-1, 8101,8103,8102,-1, 
          8102,8103,8104,-1, 8102,8104,8105,-1, 8104,8106,8105,-1, 8105,8106,8107,-1, 8107,8106,8108,-1, 8107,8108,8109,-1, 
          8110,8008,8111,-1, 8111,8008,8109,-1, 8111,8109,8108,-1, 8009,8008,8043,-1, 8043,8008,8016,-1, 8043,8016,8015,-1, 
          8016,8112,8113,-1, 8016,8113,8114,-1, 8114,8113,8115,-1, 8114,8115,8116,-1, 8116,8115,8117,-1, 8116,8117,8118,-1, 
          8118,8117,8119,-1, 8118,8119,8120,-1, 8120,8119,8121,-1, 8120,8121,8122,-1, 8122,8121,8123,-1, 8122,8123,8027,-1, 
          8028,8027,8034,-1, 8034,8027,8078,-1, 8034,8078,8032,-1, 8033,8085,8064,-1, 8064,8085,8071,-1, 8071,8124,8125,-1, 
          8071,8125,8072,-1, 8072,8125,8126,-1, 8072,8126,8073,-1, 8073,8126,8127,-1, 8073,8127,8074,-1, 8074,8127,8128,-1, 
          8074,8128,8075,-1, 8075,8128,8129,-1, 8075,8129,8076,-1, 8076,8129,8130,-1, 8076,8130,8077,-1, 8079,8078,8131,-1, 
          8131,8132,8079,-1, 8079,8132,8133,-1, 8079,8133,8080,-1, 8080,8133,8134,-1, 8080,8134,8081,-1, 8081,8134,8135,-1, 
          8081,8135,8082,-1, 8082,8135,8136,-1, 8082,8136,8083,-1, 8083,8136,8137,-1, 8083,8137,8084,-1, 8084,8137,8138,-1, 
          8084,8138,8085,-1, 8088,7947,7994,-1, 8077,8130,8097,-1, 8097,8130,8098,-1, 8098,7997,8094,-1, 7994,8097,8088,-1, 
          8088,8097,8098,-1, 8088,8098,8089,-1, 8089,8098,8094,-1, 8089,8094,7968,-1, 7968,8094,7979,-1, 8008,8110,8016,-1, 
          8016,8110,8112,-1, 8027,8123,8078,-1, 8078,8123,8131,-1, 8071,8085,8124,-1, 8124,8085,8138,-1, 8139,8130,8129,-1, 
          8139,8129,7259,-1, 7259,8129,8128,-1, 7259,8128,7260,-1, 7260,8128,8127,-1, 7260,8127,7256,-1, 7256,8127,8126,-1, 
          7256,8126,7257,-1, 7257,8126,8125,-1, 7257,8125,7258,-1, 7258,8125,8124,-1, 7258,8124,8142,-1, 8130,8139,7262,-1, 
          8130,7262,8098,-1, 8140,8110,8111,-1, 7261,8100,7262,-1, 7262,8100,8098,-1, 8140,8111,7268,-1, 7268,8111,7265,-1, 
          8111,8108,7265,-1, 7265,8108,8106,-1, 7265,8106,7266,-1, 7266,8106,7267,-1, 7267,8106,8104,-1, 7267,8104,7264,-1, 
          8104,8103,7264,-1, 7264,8103,8101,-1, 7264,8101,7261,-1, 7261,8101,8100,-1, 7254,8112,8140,-1, 8140,8112,8110,-1, 
          7278,8123,8121,-1, 7278,8121,7280,-1, 7280,8121,8119,-1, 7280,8119,7282,-1, 7282,8119,8117,-1, 7282,8117,7283,-1, 
          7283,8117,8115,-1, 7283,8115,7281,-1, 7281,8115,8113,-1, 7281,8113,7279,-1, 7279,8113,8112,-1, 7279,8112,7254,-1, 
          8141,8131,8123,-1, 8141,8123,7278,-1, 8132,8131,8141,-1, 8141,7269,8132,-1, 8132,7269,7275,-1, 8132,7275,8133,-1, 
          8133,7275,7274,-1, 8133,7274,8134,-1, 8134,7274,7271,-1, 8134,7271,8135,-1, 8135,7271,7272,-1, 8135,7272,8136,-1, 
          8136,7272,7273,-1, 8136,7273,8137,-1, 8137,7273,7270,-1, 8137,7270,8138,-1, 8142,8124,8138,-1, 8142,8138,7270,-1, 
          8143,8144,8145,-1, 8143,8145,8146,-1, 8146,8145,8147,-1, 8146,8147,8148,-1, 8148,8147,8149,-1, 8148,8149,8150,-1, 
          8150,8149,8151,-1, 8150,8151,8152,-1, 8152,8151,8153,-1, 8152,8153,8154,-1, 8154,8153,8155,-1, 8154,8155,8156,-1, 
          8156,8155,8157,-1, 8156,8157,8158,-1, 8159,8160,8161,-1, 8159,8161,8162,-1, 8162,8161,8163,-1, 8162,8163,8164,-1, 
          8164,8163,8165,-1, 8164,8165,8166,-1, 8166,8165,8167,-1, 8166,8167,8168,-1, 8168,8167,8169,-1, 8168,8169,8170,-1, 
          8170,8169,8171,-1, 8170,8171,8172,-1, 8172,8171,8173,-1, 8172,8173,8174,-1, 8176,8177,8178,-1, 8175,8179,8178,-1, 
          8178,8179,8176,-1, 8177,8180,8178,-1, 8178,8180,8184,-1, 8178,8184,8181,-1, 8181,8184,8182,-1, 8183,8185,8184,-1, 
          8184,8185,8182,-1, 8186,8187,8194,-1, 8184,8188,8183,-1, 8183,8188,8189,-1, 8183,8189,8187,-1, 8187,8189,8190,-1, 
          8187,8190,8194,-1, 8191,8192,8193,-1, 8186,8194,8195,-1, 8195,8194,8193,-1, 8193,8194,8196,-1, 8193,8196,8191,-1, 
          8197,8198,8192,-1, 8192,8198,8199,-1, 8192,8199,8200,-1, 8192,8200,8193,-1, 8197,8201,8198,-1, 8198,8201,8202,-1, 
          8198,8202,8203,-1, 8210,8211,8202,-1, 8202,8211,8204,-1, 8202,8204,8203,-1, 8205,8206,8207,-1, 8207,8206,8208,-1, 
          8207,8208,8209,-1, 8211,8210,8206,-1, 8211,8206,8205,-1, 8206,8213,8208,-1, 8208,8213,8214,-1, 8208,8214,8209,-1, 
          8209,8214,8215,-1, 8215,8214,8216,-1, 8215,8216,8217,-1, 8201,8197,8218,-1, 8206,8210,8213,-1, 8213,8210,8218,-1, 
          8218,8210,8202,-1, 8218,8202,8201,-1, 8197,8192,8218,-1, 8218,8192,8191,-1, 8218,8191,8219,-1, 8219,8191,8196,-1, 
          8219,8196,8194,-1, 8219,8194,8190,-1, 8219,8190,8220,-1, 8220,8190,8189,-1, 8220,8189,8221,-1, 8221,8189,8188,-1, 
          8221,8188,8184,-1, 8221,8184,8180,-1, 8221,8180,8222,-1, 8222,8180,8177,-1, 8222,8177,8223,-1, 8223,8177,8212,-1, 
          8212,8177,8176,-1, 8212,8176,8179,-1, 8175,8224,8225,-1, 8175,8225,8226,-1, 8175,8178,8224,-1, 8224,8178,8181,-1, 
          8224,8181,8227,-1, 8227,8181,8228,-1, 8181,8182,8228,-1, 8228,8182,8185,-1, 8228,8185,8183,-1, 8228,8183,8187,-1, 
          8195,8229,8228,-1, 8195,8228,8186,-1, 8186,8228,8187,-1, 8203,8204,8230,-1, 8203,8230,8198,-1, 8195,8193,8229,-1, 
          8229,8193,8200,-1, 8229,8200,8231,-1, 8231,8200,8199,-1, 8231,8199,8230,-1, 8230,8199,8198,-1, 8204,8211,8230,-1, 
          8230,8211,8232,-1, 8232,8211,8205,-1, 8232,8205,8207,-1, 8207,8233,8232,-1, 8232,8233,8234,-1, 8232,8234,8235,-1, 
          8236,8237,8238,-1, 8239,8240,8241,-1, 8241,8240,8242,-1, 8241,8242,8243,-1, 8241,8244,8239,-1, 8239,8244,8245,-1, 
          8239,8245,8246,-1, 8243,8248,8241,-1, 8241,8248,8247,-1, 8248,8249,8247,-1, 8247,8249,8250,-1, 8247,8250,8251,-1, 
          8251,8252,8247,-1, 8247,8252,8253,-1, 8247,8253,8254,-1, 8254,8253,8255,-1, 8254,8255,8256,-1, 8256,8257,8254,-1, 
          8254,8257,8258,-1, 8258,8257,8259,-1, 8258,8259,8260,-1, 8260,8259,8261,-1, 8260,8261,8262,-1, 8236,8238,8263,-1, 
          8262,8264,8260,-1, 8260,8264,8265,-1, 8260,8265,8266,-1, 8266,8265,8263,-1, 8266,8263,8267,-1, 8267,8263,8238,-1, 
          8270,8268,8269,-1, 8270,8269,8271,-1, 8270,8271,8272,-1, 8268,8273,8269,-1, 8269,8273,8274,-1, 8269,8274,8275,-1, 
          8275,8278,8269,-1, 8269,8278,8276,-1, 8269,8276,8279,-1, 8279,8276,8277,-1, 8276,8280,8277,-1, 8277,8280,8281,-1, 
          8277,8281,8282,-1, 8283,8284,8285,-1, 8285,8284,8282,-1, 8285,8282,8281,-1, 8283,8286,8284,-1, 8284,8286,8288,-1, 
          8284,8288,8287,-1, 8288,8289,8287,-1, 8287,8289,8290,-1, 8287,8290,8291,-1, 8291,8292,8287,-1, 8287,8292,8293,-1, 
          8287,8293,8294,-1, 8294,8293,8295,-1, 8294,8295,8296,-1, 8296,8297,8294,-1, 8294,8297,8298,-1, 8294,8298,8299,-1, 
          8293,8292,8243,-1, 8242,8240,8296,-1, 8242,8296,8243,-1, 8243,8296,8295,-1, 8243,8295,8293,-1, 8249,8248,8292,-1, 
          8292,8248,8243,-1, 8251,8290,8252,-1, 8252,8290,8289,-1, 8252,8289,8288,-1, 8292,8291,8249,-1, 8249,8291,8290,-1, 
          8249,8290,8250,-1, 8250,8290,8251,-1, 8257,8285,8259,-1, 8252,8288,8286,-1, 8252,8286,8253,-1, 8253,8286,8283,-1, 
          8253,8283,8255,-1, 8255,8283,8285,-1, 8255,8285,8256,-1, 8256,8285,8257,-1, 8285,8281,8259,-1, 8259,8281,8280,-1, 
          8259,8280,8261,-1, 8261,8280,8276,-1, 8264,8278,8265,-1, 8265,8278,8275,-1, 8265,8275,8263,-1, 8261,8276,8278,-1, 
          8261,8278,8262,-1, 8262,8278,8264,-1, 8275,8274,8263,-1, 8263,8274,8273,-1, 8263,8273,8236,-1, 8236,8273,8237,-1, 
          8237,8273,8268,-1, 8237,8268,8270,-1, 8300,8301,8143,-1, 8143,8301,8144,-1, 8173,8302,8174,-1, 8174,8302,8303,-1, 
          8233,8207,8209,-1, 8215,8304,8209,-1, 8209,8304,8234,-1, 8209,8234,8233,-1, 8305,8306,8307,-1, 8308,8309,8307,-1, 
          8307,8309,8310,-1, 8307,8310,8305,-1, 8215,8217,8304,-1, 8304,8217,8311,-1, 8304,8311,8312,-1, 8312,8311,8313,-1, 
          8312,8313,8314,-1, 8314,8313,8315,-1, 8314,8315,8316,-1, 8316,8315,8317,-1, 8316,8317,8318,-1, 8318,8317,8319,-1, 
          8318,8319,8320,-1, 8320,8319,8309,-1, 8320,8309,8321,-1, 8321,8309,8308,-1, 8322,8321,8323,-1, 8323,8321,8324,-1, 
          8325,8326,8234,-1, 8322,8327,8321,-1, 8321,8327,8328,-1, 8321,8328,8320,-1, 8320,8328,8329,-1, 8320,8329,8318,-1, 
          8318,8329,8330,-1, 8325,8234,8331,-1, 8326,8332,8234,-1, 8234,8332,8333,-1, 8234,8333,8235,-1, 8234,8304,8331,-1, 
          8331,8304,8312,-1, 8331,8312,8334,-1, 8334,8312,8314,-1, 8334,8314,8330,-1, 8330,8314,8316,-1, 8330,8316,8318,-1, 
          8335,8336,8310,-1, 8335,8310,8337,-1, 8336,8338,8310,-1, 8310,8338,8339,-1, 8310,8339,8340,-1, 8341,8217,8342,-1, 
          8342,8217,8216,-1, 8310,8309,8337,-1, 8337,8309,8319,-1, 8337,8319,8343,-1, 8343,8319,8317,-1, 8343,8317,8344,-1, 
          8341,8345,8217,-1, 8217,8345,8346,-1, 8217,8346,8311,-1, 8311,8346,8347,-1, 8311,8347,8313,-1, 8313,8347,8344,-1, 
          8313,8344,8315,-1, 8315,8344,8317,-1, 8175,8160,8179,-1, 8179,8160,8159,-1, 8179,8159,8212,-1, 8159,8158,8212,-1, 
          8212,8158,8272,-1, 8212,8272,8226,-1, 8226,8272,8238,-1, 8175,8226,8160,-1, 8160,8226,8238,-1, 8160,8238,8157,-1, 
          8157,8238,8237,-1, 8157,8237,8158,-1, 8158,8237,8270,-1, 8158,8270,8272,-1, 8348,8349,8350,-1, 8351,8246,8352,-1, 
          8352,8246,8245,-1, 8351,8353,8246,-1, 8246,8353,8354,-1, 8246,8354,8355,-1, 8355,8354,8356,-1, 8355,8356,8357,-1, 
          8357,8356,8358,-1, 8359,8360,8350,-1, 8360,8361,8350,-1, 8350,8361,8362,-1, 8350,8362,8348,-1, 8350,8363,8359,-1, 
          8359,8363,8364,-1, 8359,8364,8365,-1, 8365,8364,8366,-1, 8365,8366,8358,-1, 8358,8366,8367,-1, 8358,8367,8357,-1, 
          8368,8369,8298,-1, 8298,8369,8370,-1, 8371,8372,8373,-1, 8373,8372,8374,-1, 8370,8375,8298,-1, 8298,8375,8376,-1, 
          8298,8376,8299,-1, 8298,8377,8368,-1, 8368,8377,8378,-1, 8368,8378,8379,-1, 8379,8378,8380,-1, 8379,8380,8381,-1, 
          8371,8382,8372,-1, 8372,8382,8383,-1, 8372,8383,8384,-1, 8384,8383,8385,-1, 8384,8385,8386,-1, 8386,8385,8381,-1, 
          8386,8381,8387,-1, 8387,8381,8380,-1, 8297,8296,8240,-1, 8239,8377,8240,-1, 8240,8377,8298,-1, 8240,8298,8297,-1, 
          8388,8389,8390,-1, 8391,8363,8390,-1, 8390,8363,8350,-1, 8390,8350,8388,-1, 8239,8246,8377,-1, 8377,8246,8355,-1, 
          8377,8355,8378,-1, 8378,8355,8357,-1, 8378,8357,8380,-1, 8380,8357,8367,-1, 8380,8367,8387,-1, 8387,8367,8366,-1, 
          8387,8366,8386,-1, 8386,8366,8364,-1, 8386,8364,8384,-1, 8384,8364,8363,-1, 8384,8363,8372,-1, 8372,8363,8391,-1, 
          8392,8160,8393,-1, 8393,8160,8157,-1, 8394,8395,8301,-1, 8301,8395,8393,-1, 8301,8393,8144,-1, 8144,8393,8157,-1, 
          8144,8157,8145,-1, 8145,8157,8147,-1, 8396,8397,8398,-1, 8399,8302,8400,-1, 8400,8302,8392,-1, 8392,8302,8160,-1, 
          8160,8302,8173,-1, 8160,8173,8161,-1, 8161,8173,8171,-1, 8161,8171,8169,-1, 8153,8151,8149,-1, 8399,8401,8302,-1, 
          8302,8401,8402,-1, 8302,8402,8403,-1, 8403,8402,8404,-1, 8169,8167,8161,-1, 8161,8167,8165,-1, 8161,8165,8163,-1, 
          8394,8301,8398,-1, 8398,8301,8405,-1, 8398,8405,8396,-1, 8147,8157,8149,-1, 8149,8157,8155,-1, 8149,8155,8153,-1, 
          8301,8300,8406,-1, 8301,8406,8405,-1, 8405,8406,8407,-1, 8405,8407,8396,-1, 8396,8407,8408,-1, 8396,8408,8397,-1, 
          8397,8408,8409,-1, 8397,8409,8398,-1, 8398,8409,8410,-1, 8398,8410,8394,-1, 8394,8410,8411,-1, 8394,8411,8395,-1, 
          8395,8411,8412,-1, 8395,8412,8393,-1, 8172,8174,8162,-1, 8162,8174,8159,-1, 8159,8413,8158,-1, 8158,8413,8412,-1, 
          8162,8164,8166,-1, 8414,8415,8416,-1, 8146,8156,8143,-1, 8143,8156,8158,-1, 8143,8158,8300,-1, 8300,8158,8412,-1, 
          8300,8412,8406,-1, 8406,8412,8411,-1, 8166,8168,8162,-1, 8162,8168,8170,-1, 8162,8170,8172,-1, 8146,8148,8156,-1, 
          8156,8148,8150,-1, 8156,8150,8154,-1, 8154,8150,8152,-1, 8159,8174,8413,-1, 8413,8174,8303,-1, 8413,8303,8417,-1, 
          8417,8303,8418,-1, 8417,8418,8416,-1, 8416,8418,8419,-1, 8416,8419,8414,-1, 8411,8410,8406,-1, 8406,8410,8409,-1, 
          8406,8409,8407,-1, 8407,8409,8408,-1, 8392,8413,8417,-1, 8392,8417,8400,-1, 8400,8417,8416,-1, 8400,8416,8399,-1, 
          8399,8416,8415,-1, 8399,8415,8401,-1, 8401,8415,8414,-1, 8401,8414,8402,-1, 8402,8414,8419,-1, 8402,8419,8404,-1, 
          8404,8419,8418,-1, 8404,8418,8403,-1, 8403,8418,8303,-1, 8403,8303,8302,-1, 8420,8421,8422,-1, 8308,8307,8423,-1, 
          8423,8307,8424,-1, 8423,8424,8425,-1, 8423,8426,8308,-1, 8308,8426,8324,-1, 8308,8324,8321,-1, 8425,8427,8423,-1, 
          8423,8427,8429,-1, 8423,8429,8428,-1, 8429,8430,8428,-1, 8428,8430,8431,-1, 8428,8431,8432,-1, 8432,8433,8428,-1, 
          8428,8433,8434,-1, 8428,8434,8435,-1, 8435,8434,8436,-1, 8436,8437,8435,-1, 8435,8437,8438,-1, 8435,8438,8439,-1, 
          8439,8438,8440,-1, 8439,8440,8441,-1, 8441,8440,8442,-1, 8420,8422,8443,-1, 8442,8444,8441,-1, 8441,8444,8445,-1, 
          8441,8445,8446,-1, 8446,8445,8443,-1, 8446,8443,8447,-1, 8447,8443,8422,-1, 8449,8450,8425,-1, 8424,8307,8306,-1, 
          8424,8306,8425,-1, 8425,8306,8451,-1, 8425,8451,8449,-1, 8429,8450,8430,-1, 8430,8450,8455,-1, 8450,8429,8427,-1, 
          8450,8427,8425,-1, 8432,8452,8433,-1, 8433,8452,8453,-1, 8433,8453,8454,-1, 8430,8455,8452,-1, 8430,8452,8431,-1, 
          8431,8452,8432,-1, 8454,8456,8433,-1, 8433,8456,8434,-1, 8434,8456,8457,-1, 8434,8457,8436,-1, 8458,8440,8438,-1, 
          8458,8438,8457,-1, 8457,8438,8437,-1, 8457,8437,8436,-1, 8458,8459,8440,-1, 8440,8459,8460,-1, 8440,8460,8461,-1, 
          8440,8461,8442,-1, 8462,8443,8463,-1, 8463,8443,8464,-1, 8464,8443,8465,-1, 8465,8443,8445,-1, 8465,8445,8461,-1, 
          8461,8445,8444,-1, 8461,8444,8442,-1, 8448,8421,8462,-1, 8462,8421,8420,-1, 8462,8420,8443,-1, 8448,8466,8467,-1, 
          8448,8467,8468,-1, 8448,8462,8466,-1, 8466,8462,8463,-1, 8466,8463,8469,-1, 8469,8463,8470,-1, 8463,8464,8470,-1, 
          8470,8464,8465,-1, 8470,8465,8461,-1, 8461,8460,8470,-1, 8470,8460,8459,-1, 8456,8471,8457,-1, 8457,8471,8470,-1, 
          8457,8470,8458,-1, 8458,8470,8459,-1, 8455,8472,8452,-1, 8471,8456,8473,-1, 8473,8456,8454,-1, 8473,8454,8472,-1, 
          8472,8454,8453,-1, 8472,8453,8452,-1, 8455,8450,8472,-1, 8472,8450,8449,-1, 8472,8449,8474,-1, 8474,8449,8451,-1, 
          8474,8451,8306,-1, 8306,8305,8474,-1, 8474,8305,8310,-1, 8474,8310,8340,-1, 8423,8428,8468,-1, 8423,8468,8426,-1, 
          8426,8468,8467,-1, 8426,8467,8324,-1, 8428,8435,8468,-1, 8468,8435,8439,-1, 8468,8439,8441,-1, 8441,8446,8468,-1, 
          8468,8446,8447,-1, 8468,8447,8422,-1, 8324,8467,8323,-1, 8323,8467,8466,-1, 8323,8466,8469,-1, 8469,8470,8323,-1, 
          8323,8470,8471,-1, 8323,8471,8473,-1, 8473,8472,8323,-1, 8323,8472,8474,-1, 8323,8474,8340,-1, 8340,8339,8323,-1, 
          8323,8339,8338,-1, 8323,8338,8322,-1, 8322,8338,8336,-1, 8322,8336,8327,-1, 8327,8336,8335,-1, 8327,8335,8328,-1, 
          8328,8335,8337,-1, 8328,8337,8329,-1, 8329,8337,8343,-1, 8329,8343,8330,-1, 8330,8343,8344,-1, 8330,8344,8334,-1, 
          8334,8344,8347,-1, 8334,8347,8331,-1, 8331,8347,8346,-1, 8331,8346,8325,-1, 8325,8346,8345,-1, 8325,8345,8326,-1, 
          8326,8345,8341,-1, 8326,8341,8332,-1, 8332,8341,8342,-1, 8332,8342,8333,-1, 8213,8218,8226,-1, 8213,8226,8214,-1, 
          8214,8226,8225,-1, 8214,8225,8216,-1, 8218,8219,8226,-1, 8226,8219,8220,-1, 8226,8220,8221,-1, 8221,8222,8226,-1, 
          8226,8222,8223,-1, 8226,8223,8212,-1, 8227,8228,8342,-1, 8216,8225,8342,-1, 8342,8225,8224,-1, 8342,8224,8227,-1, 
          8228,8229,8342,-1, 8342,8229,8231,-1, 8342,8231,8230,-1, 8230,8232,8342,-1, 8342,8232,8235,-1, 8342,8235,8333,-1, 
          8477,8475,8476,-1, 8477,8476,8478,-1, 8477,8478,8479,-1, 8475,8480,8476,-1, 8476,8480,8481,-1, 8481,8484,8476,-1, 
          8476,8484,8482,-1, 8476,8482,8485,-1, 8485,8482,8483,-1, 8482,8486,8483,-1, 8483,8486,8487,-1, 8483,8487,8488,-1, 
          8488,8487,8489,-1, 8488,8489,8490,-1, 8490,8489,8491,-1, 8491,8492,8490,-1, 8490,8492,8494,-1, 8490,8494,8493,-1, 
          8494,8495,8493,-1, 8493,8495,8496,-1, 8493,8496,8497,-1, 8497,8498,8493,-1, 8493,8498,8499,-1, 8493,8499,8500,-1, 
          8500,8499,8501,-1, 8500,8501,8389,-1, 8389,8388,8500,-1, 8500,8388,8350,-1, 8500,8350,8349,-1, 8502,8503,8479,-1, 
          8502,8479,8504,-1, 8504,8479,8478,-1, 8504,8478,8374,-1, 8503,8505,8479,-1, 8479,8505,8506,-1, 8479,8506,8507,-1, 
          8507,8508,8479,-1, 8479,8508,8509,-1, 8479,8509,8510,-1, 8374,8478,8373,-1, 8373,8478,8476,-1, 8373,8476,8485,-1, 
          8485,8483,8373,-1, 8373,8483,8488,-1, 8373,8488,8490,-1, 8490,8493,8373,-1, 8373,8493,8500,-1, 8373,8500,8349,-1, 
          8349,8348,8373,-1, 8373,8348,8362,-1, 8373,8362,8371,-1, 8371,8362,8361,-1, 8371,8361,8382,-1, 8382,8361,8360,-1, 
          8382,8360,8383,-1, 8383,8360,8359,-1, 8383,8359,8385,-1, 8385,8359,8365,-1, 8385,8365,8381,-1, 8381,8365,8358,-1, 
          8381,8358,8379,-1, 8379,8358,8356,-1, 8379,8356,8368,-1, 8368,8356,8354,-1, 8368,8354,8369,-1, 8369,8354,8353,-1, 
          8369,8353,8370,-1, 8370,8353,8351,-1, 8370,8351,8375,-1, 8375,8351,8352,-1, 8375,8352,8376,-1, 8241,8247,8272,-1, 
          8241,8272,8244,-1, 8244,8272,8271,-1, 8244,8271,8245,-1, 8247,8254,8272,-1, 8272,8254,8258,-1, 8272,8258,8260,-1, 
          8260,8266,8272,-1, 8272,8266,8267,-1, 8272,8267,8238,-1, 8279,8277,8352,-1, 8245,8271,8352,-1, 8352,8271,8269,-1, 
          8352,8269,8279,-1, 8277,8282,8352,-1, 8352,8282,8284,-1, 8352,8284,8287,-1, 8287,8294,8352,-1, 8352,8294,8299,-1, 
          8352,8299,8376,-1, 8511,8512,8510,-1, 8391,8390,8502,-1, 8502,8390,8513,-1, 8502,8513,8514,-1, 8502,8504,8391,-1, 
          8391,8504,8374,-1, 8391,8374,8372,-1, 8514,8515,8502,-1, 8502,8515,8516,-1, 8502,8516,8503,-1, 8516,8517,8503,-1, 
          8503,8517,8518,-1, 8503,8518,8519,-1, 8519,8520,8503,-1, 8503,8520,8521,-1, 8503,8521,8505,-1, 8505,8521,8522,-1, 
          8522,8523,8505,-1, 8505,8523,8524,-1, 8505,8524,8506,-1, 8506,8524,8507,-1, 8507,8524,8525,-1, 8507,8525,8526,-1, 
          8511,8510,8527,-1, 8526,8528,8507,-1, 8507,8528,8529,-1, 8507,8529,8508,-1, 8508,8529,8527,-1, 8508,8527,8509,-1, 
          8509,8527,8510,-1, 8497,8496,8517,-1, 8511,8527,8480,-1, 8511,8480,8512,-1, 8512,8480,8475,-1, 8512,8475,8477,-1, 
          8528,8526,8484,-1, 8484,8526,8525,-1, 8484,8525,8482,-1, 8528,8484,8529,-1, 8529,8484,8481,-1, 8529,8481,8527,-1, 
          8527,8481,8480,-1, 8523,8530,8524,-1, 8524,8530,8487,-1, 8524,8487,8486,-1, 8524,8486,8525,-1, 8525,8486,8482,-1, 
          8517,8496,8518,-1, 8495,8494,8520,-1, 8523,8522,8530,-1, 8530,8522,8491,-1, 8491,8522,8521,-1, 8491,8521,8492,-1, 
          8492,8521,8520,-1, 8492,8520,8494,-1, 8495,8520,8496,-1, 8496,8520,8519,-1, 8496,8519,8518,-1, 8497,8517,8498,-1, 
          8498,8517,8516,-1, 8501,8514,8389,-1, 8389,8514,8513,-1, 8389,8513,8390,-1, 8516,8515,8498,-1, 8498,8515,8514,-1, 
          8498,8514,8499,-1, 8499,8514,8501,-1, 8422,8421,8392,-1, 8468,8412,8413,-1, 8392,8421,8413,-1, 8413,8421,8448,-1, 
          8413,8448,8468,-1, 8392,8393,8422,-1, 8422,8393,8479,-1, 8422,8479,8468,-1, 8468,8479,8510,-1, 8468,8510,8412,-1, 
          8412,8510,8512,-1, 8412,8512,8393,-1, 8393,8512,8477,-1, 8393,8477,8479,-1, 8531,8532,8533,-1, 8533,8532,8534,-1, 
          8535,8536,8537,-1, 8537,8536,8538,-1, 8539,8540,8541,-1, 8541,8540,8542,-1, 8543,8544,8545,-1, 8545,8544,8546,-1, 
          8532,8531,8547,-1, 8532,8547,8548,-1, 8548,8547,8549,-1, 8548,8549,8550,-1, 8550,8549,8551,-1, 8550,8551,8552,-1, 
          8552,8551,8553,-1, 8552,8553,8554,-1, 8554,8553,8555,-1, 8554,8555,8556,-1, 8556,8555,8557,-1, 8556,8557,8558,-1, 
          8544,8543,8559,-1, 8544,8559,8560,-1, 8560,8559,8561,-1, 8560,8561,8562,-1, 8562,8561,8563,-1, 8562,8563,8564,-1, 
          8564,8563,8565,-1, 8564,8565,8566,-1, 8566,8565,8567,-1, 8566,8567,8568,-1, 8568,8567,8569,-1, 8568,8569,8570,-1, 
          8571,8572,8573,-1, 8571,8573,8574,-1, 8574,8573,8575,-1, 8574,8575,8576,-1, 8576,8575,8577,-1, 8576,8577,8578,-1, 
          8578,8577,8579,-1, 8578,8579,8580,-1, 8580,8579,8581,-1, 8580,8581,8582,-1, 8582,8581,8535,-1, 8582,8535,8537,-1, 
          8583,8584,8585,-1, 8583,8585,8586,-1, 8586,8585,8587,-1, 8586,8587,8588,-1, 8588,8587,8589,-1, 8588,8589,8590,-1, 
          8590,8589,8591,-1, 8590,8591,8592,-1, 8592,8591,8593,-1, 8592,8593,8594,-1, 8594,8593,8539,-1, 8594,8539,8541,-1, 
          8595,8596,8534,-1, 8534,8596,8533,-1, 8597,8538,8598,-1, 8598,8538,8536,-1, 8599,8600,8601,-1, 8601,8600,8602,-1, 
          8603,8604,8605,-1, 8605,8604,8606,-1, 8607,8608,8606,-1, 8606,8608,8605,-1, 8609,8610,8611,-1, 8611,8610,8612,-1, 
          8613,8542,8614,-1, 8614,8542,8540,-1, 8615,8616,8546,-1, 8546,8616,8545,-1, 8617,8618,8612,-1, 8612,8618,8611,-1, 
          8619,8620,8621,-1, 8621,8620,8622,-1, 8623,8622,8624,-1, 8624,8622,8620,-1, 8557,8625,8558,-1, 8558,8625,8626,-1, 
          8570,8569,8627,-1, 8627,8569,8628,-1, 8571,8629,8572,-1, 8572,8629,8630,-1, 8584,8583,8631,-1, 8631,8583,8632,-1, 
          8633,8602,8634,-1, 8634,8602,8600,-1, 8596,8595,8635,-1, 8635,8595,8636,-1, 8635,8636,8637,-1, 8637,8636,8638,-1, 
          8637,8638,8639,-1, 8639,8638,8640,-1, 8639,8640,8641,-1, 8641,8640,8642,-1, 8641,8642,8643,-1, 8643,8642,8644,-1, 
          8643,8644,8645,-1, 8645,8644,8646,-1, 8645,8646,8647,-1, 8647,8646,8648,-1, 8647,8648,8649,-1, 8649,8648,8650,-1, 
          8649,8650,8651,-1, 8651,8650,8652,-1, 8653,8654,8655,-1, 8655,8654,8656,-1, 8655,8656,8657,-1, 8657,8656,8658,-1, 
          8657,8658,8659,-1, 8659,8658,8660,-1, 8659,8660,8661,-1, 8661,8660,8662,-1, 8661,8662,8663,-1, 8663,8662,8664,-1, 
          8663,8664,8665,-1, 8665,8664,8666,-1, 8665,8666,8667,-1, 8667,8666,8668,-1, 8667,8668,8669,-1, 8669,8668,8670,-1, 
          8669,8670,8598,-1, 8598,8670,8597,-1, 8599,8601,8671,-1, 8671,8601,8672,-1, 8671,8672,8673,-1, 8673,8672,8674,-1, 
          8673,8674,8675,-1, 8675,8674,8676,-1, 8675,8676,8677,-1, 8677,8676,8678,-1, 8677,8678,8679,-1, 8679,8678,8680,-1, 
          8679,8680,8681,-1, 8681,8680,8682,-1, 8681,8682,8683,-1, 8683,8682,8684,-1, 8683,8684,8685,-1, 8685,8684,8686,-1, 
          8685,8686,8687,-1, 8687,8686,8688,-1, 8689,8690,8691,-1, 8691,8690,8692,-1, 8691,8692,8693,-1, 8693,8692,8694,-1, 
          8693,8694,8695,-1, 8695,8694,8696,-1, 8695,8696,8697,-1, 8697,8696,8698,-1, 8697,8698,8699,-1, 8699,8698,8700,-1, 
          8699,8700,8701,-1, 8701,8700,8702,-1, 8701,8702,8703,-1, 8703,8702,8704,-1, 8703,8704,8705,-1, 8705,8704,8706,-1, 
          8705,8706,8603,-1, 8603,8706,8604,-1, 8707,8708,8709,-1, 8707,8709,8710,-1, 8710,8709,8711,-1, 8710,8711,8712,-1, 
          8712,8711,8713,-1, 8712,8713,8714,-1, 8714,8713,8715,-1, 8714,8715,8716,-1, 8716,8715,8717,-1, 8716,8717,8718,-1, 
          8718,8717,8608,-1, 8718,8608,8607,-1, 8719,8720,8721,-1, 8719,8721,8722,-1, 8722,8721,8723,-1, 8722,8723,8724,-1, 
          8724,8723,8725,-1, 8724,8725,8726,-1, 8726,8725,8727,-1, 8726,8727,8728,-1, 8728,8727,8729,-1, 8728,8729,8730,-1, 
          8730,8729,8731,-1, 8730,8731,8732,-1, 8732,8731,8733,-1, 8732,8733,8734,-1, 8734,8733,8735,-1, 8734,8735,8736,-1, 
          8737,8738,8739,-1, 8737,8739,8740,-1, 8740,8739,8741,-1, 8740,8741,8742,-1, 8742,8741,8743,-1, 8742,8743,8744,-1, 
          8744,8743,8745,-1, 8744,8745,8746,-1, 8746,8745,8747,-1, 8746,8747,8748,-1, 8748,8747,8749,-1, 8748,8749,8750,-1, 
          8750,8749,8751,-1, 8750,8751,8752,-1, 8753,8754,8755,-1, 8753,8755,8756,-1, 8756,8755,8757,-1, 8756,8757,8758,-1, 
          8758,8757,8759,-1, 8758,8759,8760,-1, 8760,8759,8761,-1, 8760,8761,8762,-1, 8762,8761,8763,-1, 8762,8763,8764,-1, 
          8764,8763,8765,-1, 8764,8765,8766,-1, 8766,8765,8767,-1, 8766,8767,8768,-1, 8768,8767,8769,-1, 8768,8769,8770,-1, 
          8771,8772,8773,-1, 8771,8773,8774,-1, 8774,8773,8775,-1, 8774,8775,8776,-1, 8776,8775,8777,-1, 8776,8777,8778,-1, 
          8778,8777,8779,-1, 8778,8779,8780,-1, 8780,8779,8781,-1, 8780,8781,8782,-1, 8782,8781,8783,-1, 8782,8783,8784,-1, 
          8784,8783,8785,-1, 8784,8785,8786,-1, 8787,8788,8789,-1, 8787,8789,8790,-1, 8790,8789,8791,-1, 8790,8791,8792,-1, 
          8792,8791,8793,-1, 8792,8793,8794,-1, 8794,8793,8795,-1, 8794,8795,8796,-1, 8796,8795,8797,-1, 8796,8797,8798,-1, 
          8798,8797,8610,-1, 8798,8610,8609,-1, 8770,8769,8799,-1, 8799,8769,8800,-1, 8736,8735,8625,-1, 8625,8735,8626,-1, 
          8801,8736,8802,-1, 8802,8736,8625,-1, 8802,8625,8803,-1, 8803,8625,8804,-1, 8803,8804,8805,-1, 8805,8804,8806,-1, 
          8805,8806,8807,-1, 8807,8806,8808,-1, 8807,8808,8809,-1, 8809,8808,8810,-1, 8809,8810,8811,-1, 8811,8810,8812,-1, 
          8811,8812,8813,-1, 8813,8812,8814,-1, 8813,8814,8815,-1, 8815,8814,8816,-1, 8815,8816,8817,-1, 8817,8816,8818,-1, 
          8817,8818,8799,-1, 8799,8818,8627,-1, 8799,8627,8770,-1, 8770,8627,8628,-1, 8613,8819,8820,-1, 8821,8822,8823,-1, 
          8822,8824,8823,-1, 8823,8824,8825,-1, 8823,8825,8826,-1, 8820,8819,8827,-1, 8827,8819,8828,-1, 8827,8828,8829,-1, 
          8829,8828,8830,-1, 8829,8830,8831,-1, 8653,8655,8832,-1, 8832,8655,8657,-1, 8832,8657,8833,-1, 8833,8657,8659,-1, 
          8833,8659,8661,-1, 8632,8583,8542,-1, 8820,8834,8613,-1, 8613,8834,8835,-1, 8613,8835,8542,-1, 8542,8835,8836,-1, 
          8542,8836,8632,-1, 8661,8663,8833,-1, 8833,8663,8665,-1, 8833,8665,8667,-1, 8586,8588,8583,-1, 8583,8588,8590,-1, 
          8583,8590,8592,-1, 8592,8594,8583,-1, 8583,8594,8541,-1, 8583,8541,8542,-1, 8598,8536,8573,-1, 8573,8536,8535,-1, 
          8837,8831,8838,-1, 8838,8831,8839,-1, 8837,8840,8831,-1, 8831,8840,8841,-1, 8831,8841,8842,-1, 8839,8831,8843,-1, 
          8843,8831,8830,-1, 8843,8830,8823,-1, 8823,8830,8844,-1, 8823,8844,8821,-1, 8667,8669,8833,-1, 8833,8669,8831,-1, 
          8833,8831,8845,-1, 8845,8831,8842,-1, 8573,8572,8598,-1, 8598,8572,8630,-1, 8598,8630,8669,-1, 8669,8630,8846,-1, 
          8669,8846,8831,-1, 8535,8581,8573,-1, 8573,8581,8579,-1, 8573,8579,8575,-1, 8575,8579,8577,-1, 8847,8826,8848,-1, 
          8848,8826,8825,-1, 8848,8825,8849,-1, 8849,8825,8824,-1, 8849,8824,8850,-1, 8850,8824,8822,-1, 8850,8822,8851,-1, 
          8851,8822,8821,-1, 8851,8821,8852,-1, 8852,8821,8844,-1, 8852,8844,8853,-1, 8853,8844,8830,-1, 8853,8830,8854,-1, 
          8854,8830,8828,-1, 8854,8828,8855,-1, 8855,8828,8819,-1, 8855,8819,8614,-1, 8614,8819,8613,-1, 8616,8615,8856,-1, 
          8856,8615,8857,-1, 8856,8857,8858,-1, 8858,8857,8859,-1, 8858,8859,8860,-1, 8860,8859,8861,-1, 8860,8861,8862,-1, 
          8862,8861,8863,-1, 8862,8863,8864,-1, 8864,8863,8865,-1, 8864,8865,8866,-1, 8866,8865,8867,-1, 8866,8867,8868,-1, 
          8868,8867,8869,-1, 8868,8869,8870,-1, 8870,8869,8871,-1, 8870,8871,8872,-1, 8872,8871,8873,-1, 8651,8874,8649,-1, 
          8649,8874,8647,-1, 8531,8533,8557,-1, 8568,8615,8546,-1, 8557,8533,8625,-1, 8596,8806,8533,-1, 8533,8806,8804,-1, 
          8533,8804,8625,-1, 8875,8873,8871,-1, 8871,8869,8875,-1, 8875,8869,8867,-1, 8875,8867,8865,-1, 8859,8876,8861,-1, 
          8861,8876,8875,-1, 8861,8875,8863,-1, 8863,8875,8865,-1, 8568,8570,8615,-1, 8615,8570,8627,-1, 8615,8627,8857,-1, 
          8857,8627,8818,-1, 8857,8818,8816,-1, 8551,8557,8553,-1, 8553,8557,8555,-1, 8551,8549,8557,-1, 8557,8549,8547,-1, 
          8557,8547,8531,-1, 8877,8816,8639,-1, 8639,8816,8814,-1, 8639,8814,8637,-1, 8637,8814,8812,-1, 8637,8812,8635,-1, 
          8635,8812,8810,-1, 8635,8810,8596,-1, 8596,8810,8808,-1, 8596,8808,8806,-1, 8877,8878,8816,-1, 8816,8878,8879,-1, 
          8816,8879,8880,-1, 8546,8544,8568,-1, 8568,8544,8560,-1, 8568,8560,8566,-1, 8566,8560,8562,-1, 8566,8562,8564,-1, 
          8639,8641,8877,-1, 8877,8641,8643,-1, 8877,8643,8874,-1, 8874,8643,8645,-1, 8874,8645,8647,-1, 8880,8881,8816,-1, 
          8816,8881,8882,-1, 8816,8882,8883,-1, 8859,8857,8876,-1, 8876,8857,8816,-1, 8876,8816,8884,-1, 8884,8816,8883,-1, 
          8885,8886,8887,-1, 8887,8888,8885,-1, 8885,8888,8889,-1, 8885,8889,8890,-1, 8817,8799,8611,-1, 8611,8799,8787,-1, 
          8817,8611,8815,-1, 8815,8611,8618,-1, 8815,8618,8813,-1, 8697,8699,8891,-1, 8891,8699,8701,-1, 8891,8701,8703,-1, 
          8689,8691,8892,-1, 8892,8691,8693,-1, 8892,8693,8891,-1, 8891,8693,8695,-1, 8891,8695,8697,-1, 8796,8798,8787,-1, 
          8787,8798,8609,-1, 8787,8609,8611,-1, 8893,8894,8805,-1, 8790,8792,8787,-1, 8787,8792,8794,-1, 8787,8794,8796,-1, 
          8895,8896,8805,-1, 8897,8898,8885,-1, 8885,8898,8899,-1, 8885,8899,8886,-1, 8813,8618,8811,-1, 8811,8618,8900,-1, 
          8811,8900,8809,-1, 8809,8900,8901,-1, 8809,8901,8807,-1, 8807,8901,8898,-1, 8807,8898,8805,-1, 8805,8898,8897,-1, 
          8805,8897,8895,-1, 8703,8705,8891,-1, 8891,8705,8805,-1, 8891,8805,8902,-1, 8902,8805,8894,-1, 8715,8713,8711,-1, 
          8709,8708,8603,-1, 8603,8708,8802,-1, 8603,8802,8705,-1, 8705,8802,8803,-1, 8705,8803,8805,-1, 8896,8903,8805,-1, 
          8805,8903,8904,-1, 8805,8904,8893,-1, 8603,8605,8709,-1, 8709,8605,8608,-1, 8709,8608,8711,-1, 8711,8608,8717,-1, 
          8711,8717,8715,-1, 8905,8890,8906,-1, 8906,8890,8889,-1, 8906,8889,8907,-1, 8907,8889,8888,-1, 8907,8888,8908,-1, 
          8908,8888,8887,-1, 8908,8887,8909,-1, 8909,8887,8886,-1, 8909,8886,8910,-1, 8910,8886,8899,-1, 8910,8899,8911,-1, 
          8911,8899,8898,-1, 8911,8898,8912,-1, 8912,8898,8901,-1, 8912,8901,8913,-1, 8913,8901,8900,-1, 8913,8900,8617,-1, 
          8617,8900,8618,-1, 8619,8621,8914,-1, 8914,8621,8915,-1, 8914,8915,8916,-1, 8916,8915,8917,-1, 8916,8917,8918,-1, 
          8918,8917,8919,-1, 8918,8919,8920,-1, 8920,8919,8921,-1, 8920,8921,8922,-1, 8922,8921,8923,-1, 8922,8923,8924,-1, 
          8924,8923,8925,-1, 8924,8925,8926,-1, 8926,8925,8927,-1, 8926,8927,8928,-1, 8928,8927,8929,-1, 8928,8929,8930,-1, 
          8930,8929,8931,-1, 8623,8624,8932,-1, 8623,8932,8933,-1, 8933,8932,8934,-1, 8933,8934,8935,-1, 8935,8934,8936,-1, 
          8935,8936,8937,-1, 8937,8936,8938,-1, 8937,8938,8939,-1, 8939,8938,8940,-1, 8939,8940,8941,-1, 8941,8940,8942,-1, 
          8941,8942,8943,-1, 8944,8945,8946,-1, 8944,8946,8947,-1, 8947,8946,8948,-1, 8947,8948,8949,-1, 8949,8948,8950,-1, 
          8949,8950,8951,-1, 8951,8950,8952,-1, 8951,8952,8953,-1, 8953,8952,8954,-1, 8953,8954,8955,-1, 8955,8954,8956,-1, 
          8955,8956,8957,-1, 8957,8956,8958,-1, 8957,8958,8959,-1, 8959,8958,8960,-1, 8959,8960,8961,-1, 8962,8963,8964,-1, 
          8962,8964,8965,-1, 8965,8964,8966,-1, 8965,8966,8967,-1, 8967,8966,8968,-1, 8967,8968,8969,-1, 8969,8968,8970,-1, 
          8969,8970,8971,-1, 8971,8970,8972,-1, 8971,8972,8973,-1, 8973,8972,8974,-1, 8973,8974,8975,-1, 8975,8974,8976,-1, 
          8975,8976,8977,-1, 8770,8628,8785,-1, 8785,8783,8772,-1, 8772,8783,8781,-1, 8772,8781,8779,-1, 8779,8777,8772,-1, 
          8772,8777,8775,-1, 8772,8775,8773,-1, 8785,8772,8770,-1, 8770,8772,8753,-1, 8770,8753,8756,-1, 8756,8758,8770,-1, 
          8770,8758,8760,-1, 8770,8760,8762,-1, 8737,8740,8752,-1, 8752,8740,8742,-1, 8752,8742,8744,-1, 8744,8746,8752,-1, 
          8752,8746,8748,-1, 8752,8748,8750,-1, 8762,8764,8770,-1, 8770,8764,8766,-1, 8770,8766,8768,-1, 8978,8979,8980,-1, 
          8980,8979,8981,-1, 8980,8981,8982,-1, 8640,8785,8642,-1, 8642,8785,8628,-1, 8642,8628,8644,-1, 8644,8628,8569,-1, 
          8644,8569,8646,-1, 8976,8974,8963,-1, 8963,8974,8972,-1, 8733,8720,8735,-1, 8735,8720,8737,-1, 8735,8737,8626,-1, 
          8626,8737,8752,-1, 8626,8752,8785,-1, 8733,8731,8720,-1, 8720,8731,8729,-1, 8720,8729,8727,-1, 8727,8725,8720,-1, 
          8720,8725,8723,-1, 8720,8723,8721,-1, 8983,8984,8985,-1, 8985,8984,8986,-1, 8983,8987,8984,-1, 8984,8987,8988,-1, 
          8984,8988,8989,-1, 8989,8990,8984,-1, 8984,8990,8991,-1, 8984,8991,8992,-1, 8992,8991,8993,-1, 8992,8993,8982,-1, 
          8982,8993,8994,-1, 8982,8994,8980,-1, 8966,8964,8968,-1, 8968,8964,8963,-1, 8968,8963,8970,-1, 8970,8963,8972,-1, 
          8995,8996,8849,-1, 8849,8996,8848,-1, 8991,8629,8993,-1, 8993,8629,8852,-1, 8993,8852,8853,-1, 8858,8860,8646,-1, 
          8640,8638,8785,-1, 8785,8638,8636,-1, 8785,8636,8626,-1, 8626,8636,8595,-1, 8626,8595,8558,-1, 8558,8595,8556,-1, 
          8958,8945,8960,-1, 8960,8945,8976,-1, 8960,8976,8631,-1, 8631,8976,8963,-1, 8631,8963,8993,-1, 8958,8956,8945,-1, 
          8945,8956,8954,-1, 8945,8954,8952,-1, 8952,8950,8945,-1, 8945,8950,8948,-1, 8945,8948,8946,-1, 8858,8646,8856,-1, 
          8595,8534,8556,-1, 8556,8534,8532,-1, 8556,8532,8548,-1, 8648,8997,8650,-1, 8650,8997,8998,-1, 8998,8999,8650,-1, 
          8650,8999,9000,-1, 8650,9000,8652,-1, 8849,8658,8656,-1, 8849,8656,8995,-1, 8995,8656,8654,-1, 8995,8654,9001,-1, 
          8853,8854,8993,-1, 8993,8854,8855,-1, 8993,8855,8631,-1, 8631,8855,8614,-1, 8631,8614,8584,-1, 8584,8614,8585,-1, 
          8860,8862,8646,-1, 8646,8862,8864,-1, 8646,8864,8648,-1, 8648,8864,8866,-1, 8866,8868,8648,-1, 8648,8868,8870,-1, 
          8648,8870,8997,-1, 8997,8870,8872,-1, 8997,8872,9002,-1, 8996,9003,8848,-1, 8848,9003,9004,-1, 8848,9004,8847,-1, 
          8847,9004,9005,-1, 8847,9005,9006,-1, 9006,9005,8652,-1, 9006,8652,9007,-1, 9007,8652,9000,-1, 8666,8664,8850,-1, 
          8850,8664,8662,-1, 8850,8662,8849,-1, 8849,8662,8660,-1, 8849,8660,8658,-1, 8614,8540,8585,-1, 8585,8540,8539,-1, 
          8585,8539,8593,-1, 8548,8550,8556,-1, 8556,8550,8552,-1, 8556,8552,8554,-1, 8597,8670,8850,-1, 8850,8670,8668,-1, 
          8850,8668,8666,-1, 8593,8591,8585,-1, 8585,8591,8589,-1, 8585,8589,8587,-1, 8856,8646,8616,-1, 8616,8646,8569,-1, 
          8616,8569,8545,-1, 8537,8538,8571,-1, 8537,8571,8582,-1, 8538,8597,8571,-1, 8571,8597,8850,-1, 8571,8850,8629,-1, 
          8629,8850,8851,-1, 8629,8851,8852,-1, 8545,8569,8543,-1, 8543,8569,8567,-1, 8543,8567,8565,-1, 8571,8574,8576,-1, 
          8563,8561,8565,-1, 8565,8561,8559,-1, 8565,8559,8543,-1, 8576,8578,8571,-1, 8571,8578,8580,-1, 8571,8580,8582,-1, 
          8993,9008,9009,-1, 8993,9009,8994,-1, 8994,9009,9010,-1, 8994,9010,8980,-1, 8980,9010,9011,-1, 8980,9011,8978,-1, 
          8978,9011,9012,-1, 8978,9012,8979,-1, 8979,9012,9013,-1, 8979,9013,8981,-1, 8981,9013,9014,-1, 8981,9014,8982,-1, 
          8982,9014,9015,-1, 8982,9015,8992,-1, 8984,9016,9017,-1, 8984,9017,8986,-1, 8986,9017,9018,-1, 8986,9018,8985,-1, 
          8985,9018,9019,-1, 8985,9019,8983,-1, 8983,9019,9020,-1, 8983,9020,8987,-1, 8987,9020,9021,-1, 8987,9021,8988,-1, 
          8988,9021,9022,-1, 8988,9022,8989,-1, 8989,9022,9023,-1, 8989,9023,8990,-1, 8990,9023,9024,-1, 8990,9024,8991,-1, 
          8685,8687,9025,-1, 8679,8681,9026,-1, 8599,8671,9027,-1, 9027,8671,9028,-1, 9028,8671,8673,-1, 9028,8673,9029,-1, 
          9029,8673,8675,-1, 9029,8675,9030,-1, 9026,8681,9025,-1, 9025,8681,8683,-1, 9025,8683,8685,-1, 9027,9031,8599,-1, 
          8599,9031,9032,-1, 8599,9032,8600,-1, 8600,9032,9033,-1, 8600,9033,8634,-1, 8634,9033,9034,-1, 8634,9034,9035,-1, 
          8931,8929,9036,-1, 9036,8929,8927,-1, 9036,8927,8925,-1, 8925,8923,9036,-1, 9036,8923,8921,-1, 9036,8921,9037,-1, 
          9037,8921,8919,-1, 9037,8919,8917,-1, 9038,8634,9039,-1, 9039,8634,9040,-1, 8941,8621,8622,-1, 9035,9041,8634,-1, 
          8634,9041,9042,-1, 8634,9042,9040,-1, 9026,9043,9030,-1, 9030,9043,9044,-1, 9030,9044,9045,-1, 9045,9046,9030,-1, 
          9030,9046,9047,-1, 9030,9047,9048,-1, 9030,8675,9026,-1, 9026,8675,8677,-1, 9026,8677,8679,-1, 8941,8943,8621,-1, 
          8621,8943,9049,-1, 8621,9049,8915,-1, 8915,9049,9050,-1, 8915,9050,9030,-1, 8917,8915,9037,-1, 9037,8915,9030,-1, 
          9037,9030,9051,-1, 9051,9030,9048,-1, 8622,8623,8941,-1, 8941,8623,8933,-1, 8941,8933,8939,-1, 8939,8933,8935,-1, 
          8939,8935,8937,-1, 8961,8960,8632,-1, 8632,8960,8631,-1, 8991,9024,9034,-1, 9034,9024,9052,-1, 8629,8991,8630,-1, 
          8630,8991,9034,-1, 8630,9034,8846,-1, 8846,9034,9033,-1, 8846,9033,8831,-1, 8831,9033,9032,-1, 8831,9032,8829,-1, 
          8829,9032,9031,-1, 8829,9031,8827,-1, 8827,9031,9027,-1, 8827,9027,8820,-1, 8820,9027,9028,-1, 8820,9028,8834,-1, 
          8834,9028,9029,-1, 8834,9029,8835,-1, 8835,9029,9030,-1, 8835,9030,8836,-1, 8836,9030,9050,-1, 8836,9050,8632,-1, 
          8632,9050,9049,-1, 8632,9049,8961,-1, 8961,9049,9053,-1, 8633,8634,9038,-1, 8633,9038,9054,-1, 9054,9038,9039,-1, 
          9054,9039,9055,-1, 9055,9039,9040,-1, 9055,9040,9056,-1, 9056,9040,9042,-1, 9056,9042,9057,-1, 9057,9042,9041,-1, 
          9057,9041,9058,-1, 9058,9041,9035,-1, 9058,9035,9059,-1, 8707,8801,8708,-1, 8708,8801,8802,-1, 8737,8720,8738,-1, 
          8738,8720,8719,-1, 8785,8752,8786,-1, 8786,8752,8751,-1, 8754,8753,8771,-1, 8771,8753,8772,-1, 8788,8787,8800,-1, 
          8800,8787,8799,-1, 8651,8652,9005,-1, 8687,8688,9060,-1, 8826,8847,9006,-1, 8890,8905,9061,-1, 9002,8872,8873,-1, 
          9062,8930,8931,-1, 9001,8654,8653,-1, 8931,9036,8823,-1, 8823,9036,9037,-1, 8823,9037,8843,-1, 8843,9037,9051,-1, 
          8843,9051,8839,-1, 8839,9051,9048,-1, 8839,9048,8838,-1, 8838,9048,9047,-1, 8838,9047,8837,-1, 8837,9047,9046,-1, 
          8837,9046,8840,-1, 8840,9046,9045,-1, 8840,9045,8841,-1, 8841,9045,9044,-1, 8841,9044,8842,-1, 8842,9044,9043,-1, 
          8842,9043,8845,-1, 8845,9043,9026,-1, 8845,9026,8833,-1, 8833,9026,9025,-1, 8833,9025,8832,-1, 8832,9025,8653,-1, 
          9063,8690,8689,-1, 8873,8875,8885,-1, 8885,8875,8876,-1, 8885,8876,8897,-1, 8897,8876,8884,-1, 8897,8884,8895,-1, 
          8895,8884,8883,-1, 8895,8883,8896,-1, 8896,8883,8882,-1, 8896,8882,8903,-1, 8903,8882,8881,-1, 8903,8881,8904,-1, 
          8904,8881,8880,-1, 8904,8880,8893,-1, 8893,8880,8879,-1, 8893,8879,8894,-1, 8894,8879,8878,-1, 8894,8878,8902,-1, 
          8902,8878,8877,-1, 8902,8877,8891,-1, 8891,8877,8874,-1, 8891,8874,8892,-1, 8892,8874,8689,-1, 8874,8651,8689,-1, 
          8689,8651,9005,-1, 8689,9005,9063,-1, 9063,9005,9004,-1, 9063,9004,9064,-1, 9064,9004,9003,-1, 9064,9003,9065,-1, 
          9065,9003,8996,-1, 9065,8996,9066,-1, 9066,8996,8995,-1, 9066,8995,9067,-1, 9067,8995,9001,-1, 9067,9001,9060,-1, 
          9060,9001,8653,-1, 9060,8653,8687,-1, 8687,8653,9025,-1, 8823,8826,8931,-1, 8931,8826,9006,-1, 8931,9006,9062,-1, 
          9062,9006,9007,-1, 9062,9007,9068,-1, 9068,9007,9000,-1, 9068,9000,9069,-1, 9069,9000,8999,-1, 9069,8999,9070,-1, 
          9070,8999,8998,-1, 9070,8998,9071,-1, 9071,8998,8997,-1, 9071,8997,9072,-1, 9072,8997,9002,-1, 9072,9002,9061,-1, 
          9061,9002,8873,-1, 9061,8873,8890,-1, 8890,8873,8885,-1, 8943,8942,9049,-1, 9049,8942,9053,-1, 8977,8976,8944,-1, 
          8944,8976,8945,-1, 9008,8993,8962,-1, 8962,8993,8963,-1, 8984,8992,9016,-1, 9016,8992,9015,-1, 9035,9034,9059,-1, 
          9059,9034,9052,-1, 8736,8801,8751,-1, 9052,9024,9015,-1, 8975,8962,8965,-1, 8975,8977,8962,-1, 8962,8977,8961,-1, 
          8962,8961,9053,-1, 9012,9011,9010,-1, 8800,8769,8771,-1, 9023,9017,9024,-1, 9024,9017,9016,-1, 9024,9016,9015,-1, 
          8965,8967,8975,-1, 8975,8967,8969,-1, 8975,8969,8973,-1, 8973,8969,8971,-1, 8778,8780,8782,-1, 8962,9052,9008,-1, 
          9008,9052,9015,-1, 9008,9015,9009,-1, 9009,9015,9014,-1, 9009,9014,9010,-1, 9010,9014,9013,-1, 9010,9013,9012,-1, 
          8947,8949,8951,-1, 8745,8743,8741,-1, 8736,8719,8722,-1, 8672,9052,8674,-1, 8674,9052,8962,-1, 8674,8962,8676,-1, 
          8672,8601,9052,-1, 9052,8601,8602,-1, 9052,8602,9059,-1, 8767,8755,8769,-1, 8769,8755,8754,-1, 8769,8754,8771,-1, 
          9021,9020,9019,-1, 8951,8953,8947,-1, 8947,8953,8955,-1, 8947,8955,8957,-1, 8977,8944,8961,-1, 8961,8944,8947,-1, 
          8961,8947,8959,-1, 8959,8947,8957,-1, 8914,8916,8682,-1, 9023,9022,9017,-1, 9017,9022,9021,-1, 9017,9021,9018,-1, 
          9018,9021,9019,-1, 8719,8736,8738,-1, 8738,8736,8751,-1, 8738,8751,8739,-1, 8739,8751,8749,-1, 8739,8749,8741,-1, 
          8741,8749,8747,-1, 8741,8747,8745,-1, 9070,9071,8686,-1, 8751,8800,8786,-1, 8786,8800,8771,-1, 8786,8771,8784,-1, 
          8784,8771,8774,-1, 8784,8774,8782,-1, 8782,8774,8776,-1, 8782,8776,8778,-1, 8914,8682,8619,-1, 8924,8926,8684,-1, 
          8722,8724,8736,-1, 8736,8724,8726,-1, 8736,8726,8728,-1, 8728,8730,8736,-1, 8736,8730,8732,-1, 8736,8732,8734,-1, 
          8916,8918,8682,-1, 8682,8918,8920,-1, 8682,8920,8684,-1, 8684,8920,8922,-1, 8684,8922,8924,-1, 9062,9068,8930,-1, 
          8930,9068,8928,-1, 8761,8767,8763,-1, 8763,8767,8765,-1, 8761,8759,8767,-1, 8767,8759,8757,-1, 8767,8757,8755,-1, 
          8686,9071,8688,-1, 8624,8620,8942,-1, 8926,8928,8684,-1, 8684,8928,9068,-1, 8684,9068,8686,-1, 8686,9068,9069,-1, 
          8686,9069,9070,-1, 8690,9063,9064,-1, 8911,8912,8751,-1, 8751,8912,8913,-1, 8751,8913,8800,-1, 8800,8913,8617,-1, 
          8800,8617,8788,-1, 8788,8617,8789,-1, 8624,8942,8932,-1, 8620,8619,8942,-1, 8942,8619,8682,-1, 8942,8682,9053,-1, 
          9053,8682,8680,-1, 9053,8680,8962,-1, 8962,8680,8678,-1, 8962,8678,8676,-1, 8602,8633,9059,-1, 9059,8633,9054,-1, 
          9059,9054,9055,-1, 9055,9056,9059,-1, 9059,9056,9057,-1, 9059,9057,9058,-1, 9071,9072,8688,-1, 8688,9072,9061,-1, 
          8688,9061,9060,-1, 9060,9061,8905,-1, 9060,8905,9067,-1, 9067,8905,8906,-1, 9067,8906,9066,-1, 8604,8706,8908,-1, 
          8706,8704,8908,-1, 8908,8704,8702,-1, 8908,8702,8700,-1, 8700,8698,8908,-1, 8908,8698,8696,-1, 8908,8696,8907,-1, 
          8907,8696,8694,-1, 8907,8694,8692,-1, 9066,8906,9065,-1, 9065,8906,8907,-1, 9065,8907,9064,-1, 9064,8907,8692,-1, 
          9064,8692,8690,-1, 8617,8612,8789,-1, 8789,8612,8610,-1, 8789,8610,8797,-1, 8797,8795,8789,-1, 8789,8795,8793,-1, 
          8789,8793,8791,-1, 8942,8940,8932,-1, 8932,8940,8938,-1, 8932,8938,8934,-1, 8934,8938,8936,-1, 8606,8604,8707,-1, 
          8707,8604,8908,-1, 8707,8908,8801,-1, 8801,8908,8909,-1, 8801,8909,8751,-1, 8751,8909,8910,-1, 8751,8910,8911,-1, 
          8606,8707,8607,-1, 8607,8707,8710,-1, 8607,8710,8712,-1, 8714,8716,8712,-1, 8712,8716,8718,-1, 8712,8718,8607,-1
        ]
      }
      appearance Appearance
      {
        material Material
        {
	       ambientIntensity 0.2
	       diffuseColor 0.9 0.9 0.9
	       specularColor .1 .1 .1
	       shininess .5
        }
      }
    }
  ]
}
