#VRML V2.0 utf8

# Generated by VCGLIB, (C)Copyright 1999-2001 VCG, IEI-CNR

NavigationInfo {
	type [ "EXAMINE", "ANY" ]
}
Transform {
  scale 1 1 1
  translation 0 0 0
  children
  [
    Shape
    {
      geometry IndexedFaceSet
      {
        creaseAngle .5
        solid FALSE
        coord Coordinate
        {
          point
          [
            -3.11024 -3.66142 5.29528, -3.11024 3.50394 5.29528, -3.11024 -3.66142 5.21654, -3.11024 3.50394 5.21654, 
            3.11024 -3.66142 5.29528, 3.11024 -3.66142 5.21654, 3.11024 3.50394 5.29528, 3.11024 3.50394 5.21654, 
            2.95276 3.50394 5.29528, 2.95276 3.50394 5.21654, 2.95276 3.63857 5.25657, 2.95276 3.66142 5.21654, 
            2.95276 3.6059 5.28125, 2.95276 3.57015 5.29389, 1.9685 3.50394 5.29528, 1.9685 3.56999 5.29432, 
            1.9685 3.50394 5.21654, 1.9685 3.62084 5.27271, 1.9685 3.64846 5.24249, 1.9685 3.66142 5.21654, 
            -1.9685 3.50394 5.29528, -1.9685 3.50394 5.21654, -1.9685 3.63857 5.25657, -1.9685 3.66142 5.21654, 
            -1.9685 3.6059 5.28125, -1.9685 3.57015 5.29389, -2.95276 3.50394 5.29528, -2.95276 3.56999 5.29432, 
            -2.95276 3.50394 5.21654, -2.95276 3.62084 5.27271, -2.95276 3.64846 5.24249, -2.95276 3.66142 5.21654, 
            -3.11024 -3.66142 0.019685, -3.11024 3.58268 0.019685, -3.0315 -3.66142 0.019685, -3.0315 3.58268 0.019685, 
            -3.0315 -3.66142 5.21654, -3.0315 3.50394 5.21654, -3.11024 3.50394 2.38189, -3.0315 3.50394 2.38189, 
            -3.11024 1.7126 2.38189, -3.0315 1.7126 2.38189, -3.11024 1.66165 2.37518, -3.0315 1.66165 2.37518, 
            -3.11024 1.61417 2.35552, -3.0315 1.61417 2.35552, -3.11024 1.55814 2.30946, -3.0315 1.55244 2.30203, 
            -3.11024 1.52246 2.23599, -3.0315 1.52246 2.23599, -3.11024 1.51575 2.18504, -3.0315 1.51575 2.18504, 
            -3.11024 1.52246 2.13409, -3.0315 1.5312 2.10483, -3.11024 1.55244 2.06804, -3.0315 1.5734 2.04584, 
            -3.11024 1.63791 2.00473, -3.0315 1.64104 2.00005, -3.11024 1.7126 1.98819, -3.0315 1.7126 1.98819, 
            -3.11024 3.58268 1.98819, -3.0315 3.58268 1.98819, 3.11024 3.58268 0.019685, 3.11024 -3.66142 0.019685, 
            3.0315 3.58268 0.019685, 3.0315 -3.66142 0.019685, 3.0315 -3.66142 5.21654, 3.0315 3.50394 5.21654, 
            3.11024 3.50394 2.38189, 3.0315 3.50394 2.38189, 3.11024 1.7126 2.38189, 3.0315 1.7126 2.38189, 
            3.11024 1.7126 1.98819, 3.11024 1.64104 2.00005, 3.0315 1.68267 1.98829, 3.0315 1.61417 2.01456, 
            3.11024 1.5734 2.04584, 3.11024 1.5312 2.10483, 3.0315 1.55244 2.06804, 3.0315 1.52246 2.13409, 
            3.11024 1.51575 2.18504, 3.0315 1.51575 2.18504, 3.11024 1.52246 2.23599, 3.0315 1.52246 2.23599, 
            3.11024 1.55244 2.30203, 3.0315 1.55814 2.30946, 3.11024 1.61417 2.35552, 3.0315 1.61417 2.35552, 
            3.11024 1.66165 2.37518, 3.0315 1.66165 2.37518, 3.11024 3.58268 1.98819, 3.0315 3.58268 1.98819, 
            3.11024 3.66142 0.019685, 1.5748 3.66142 0.019685, 3.11024 3.66142 1.98819, 1.5748 3.66142 0.413386, 
            2.95276 3.66142 1.98819, 1.9685 3.66142 5.09843, -1.5748 3.66142 0.019685, -3.11024 3.66142 0.019685, 
            -1.5748 3.66142 0.413386, -3.11024 3.66142 1.98819, -2.95276 3.66142 1.98819, -1.9685 3.66142 5.09843, 
            -2.07896 3.66143 3.84035, -2.19901 3.66156 3.37472, -2.0594 3.66145 3.28954, 2.25861 3.66143 3.49255, 
            2.0432 3.66142 1.90521, -2.00694 3.66142 1.90534, 2.95276 3.58268 1.98819, 1.5748 3.58268 0.019685, 
            1.5748 3.58268 0.413386, -1.5748 3.58268 0.413386, -1.5748 3.58268 0.019685, -2.95276 3.58268 1.98819, 
            -2.95276 3.58268 5.21654, -1.9685 3.58268 5.21654, -1.9685 3.58268 5.09843, 1.9685 3.58268 5.09843, 
            1.9685 3.58268 5.21654, 2.95276 3.58268 5.21654, 1.9685 3.74016 1.41522, -1.9685 3.74016 1.41522, 
            -1.96935 3.74012 1.78199, 1.96913 3.74007 1.78333, -1.9685 3.74016 3.74226, 1.9685 3.74016 3.74226, 
            1.9685 3.74016 3.38373, -1.99564 3.74016 3.38377, 1.96943 3.68752 3.30875, 2.09522 3.6615 3.30393, 
            2.16793 3.67351 3.38384, 2.21781 3.66148 3.70235, 2.07181 3.72924 3.76454, 1.9685 3.68752 3.81724, 
            1.9685 3.67651 3.82896, 1.9685 3.67651 3.29702, 1.9685 3.66826 3.84277, 2.24145 3.67196 3.52925, 
            1.9685 3.66826 3.28322, 1.969 3.66143 3.86472, 2.10459 3.66174 3.81862, 1.96911 3.66144 3.26012, 
            -1.96901 3.66143 3.26126, -1.9685 3.66826 3.28322, -1.9685 3.67651 3.29702, -1.9685 3.68752 3.30875, 
            -1.96911 3.66144 3.86585, -1.9685 3.66826 3.84277, -1.9685 3.67651 3.82896, -1.96943 3.68752 3.81724, 
            -2.12774 3.73234 3.41206, -2.05402 3.72783 3.35419, -2.20578 3.67912 3.448, -2.2413 3.66912 3.53723, 
            -2.191 3.66148 3.74241, 1.96943 3.68752 1.34024, 2.12101 3.68126 1.37435, 1.9685 3.68752 1.84873, 
            2.05927 3.73874 1.78779, 1.9685 3.67651 1.86046, 1.9685 3.67651 1.32852, 1.9685 3.66826 1.87426, 
            2.23361 3.68397 1.59614, 2.16488 3.66153 1.3564, 1.9685 3.66826 1.31471, 1.9685 3.66315 1.88952, 
            2.06712 3.67006 1.84974, 2.26442 3.66146 1.69703, 1.96911 3.66145 1.29167, -1.969 3.66144 1.29279, 
            -1.9685 3.66826 1.31471, -1.9685 3.67651 1.32852, -1.9685 3.68752 1.34024, -1.9685 3.66315 1.88952, 
            -1.9685 3.66826 1.87426, -1.9685 3.67651 1.86046, -1.96943 3.68752 1.84873, -2.03592 3.6699 1.85805, 
            -2.11317 3.6615 1.83916, -2.17043 3.68135 1.4185, -2.07773 3.73493 1.404, -2.11214 3.6616 1.33813, 
            1.9685 3.73332 1.805, 1.9685 3.72507 1.81881, 1.96851 3.71405 1.83053, 1.9685 3.71405 1.35844, 
            2.16022 3.68077 1.7747, 1.9685 3.72507 1.37017, 2.16449 3.73871 1.50899, 2.05214 3.73498 1.3925, 
            1.9685 3.73332 1.38398, 2.15566 3.73895 1.69434, 1.9685 3.73843 1.39923, -1.9685 3.71405 1.35844, 
            -1.9685 3.72507 1.37017, -1.9685 3.73332 1.38398, -1.9685 3.73843 1.39923, -1.9685 3.71405 1.83053, 
            -1.9685 3.72507 1.81881, -1.9685 3.73332 1.805, -2.24988 3.66213 1.56118, -2.22713 3.66201 1.72031, 
            -2.14376 3.73836 1.72013, -2.17232 3.73751 1.51914, -2.07147 3.73933 1.77798, 1.96851 3.71405 3.79904, 
            -1.9685 3.71405 3.79904, 1.9685 3.72507 3.78731, -1.9685 3.72507 3.78731, 1.9685 3.73332 3.7735, 
            -1.9685 3.73332 3.7735, 1.9685 3.73843 3.75825, -1.9685 3.73843 3.75825, 2.05017 3.73876 3.36467, 
            1.9685 3.71405 3.32695, 2.18383 3.73522 3.50201, 1.9685 3.72507 3.33867, 1.9685 3.73332 3.35248, 
            2.16535 3.7394 3.64812, 1.9685 3.73843 3.36773, -1.9685 3.73843 3.36773, -1.9685 3.73332 3.35248, 
            -1.9685 3.72507 3.33867, -1.9685 3.71405 3.32695, -2.22474 3.67366 3.64789, -2.18448 3.73961 3.56634, 
            -2.10336 3.73909 3.72801, -2.03307 3.70943 3.79184, 2.88215 -0.649606 -0.570866, 2.88589 -0.649653 -0.964309, 
            2.85826 -0.752168 -0.570866, 2.80741 -0.868661 -0.964327, 2.82062 -0.840466 -0.570866, 2.76592 -0.930906 -0.570866, 
            2.70304 -1.0029 -0.570866, 2.70325 -1.00295 -0.964355, 2.65324 -1.04786 -0.570866, 2.59922 -1.08738 -0.964406, 
            2.59901 -1.08736 -0.570866, 2.45131 -1.15988 -0.96502, 2.50579 -1.13847 -0.570866, 2.41588 -1.16906 -0.570866, 
            2.27222 -1.19277 -0.960875, 2.28366 -1.19182 -0.570868, 2.14973 -1.18304 -0.570866, 2.08412 -1.16906 -0.570866, 
            2.14855 -1.18285 -0.964567, 2.02032 -1.1483 -0.570866, 1.95906 -1.12096 -0.570866, 2.01998 -1.14825 -0.964464, 
            1.85118 -1.05434 -0.570866, 1.84265 -1.04927 -0.964527, 1.75215 -0.952977 -0.570866, 1.71252 -0.898615 -0.964309, 
            1.69708 -0.874677 -0.570866, 1.64174 -0.752166 -0.570866, 1.65184 -0.778917 -0.964269, 1.62913 -0.705513 -0.964567, 
            1.61785 -0.649606 -0.570866, 1.61785 -0.649606 -0.964567, 1.69048 -0.649606 -1.16142, 2.80953 -0.649606 -1.16142, 
            1.69866 -0.68823 -1.16142, 2.7766 -0.773696 -1.16142, 1.73543 -0.796765 -1.16142, 2.68017 -0.923405 -1.16142, 
            1.81983 -0.923404 -1.16142, 2.59229 -1.00552 -1.16142, 2.46403 -1.07962 -1.16142, 2.28025 -1.12106 -1.16143, 
            2.12472 -1.10605 -1.16142, 1.95337 -1.0402 -1.16152, 1.61785 -0.452756 -0.570866, 2.88488 -0.452713 -0.570867, 
            2.84778 -0.323244 -0.570866, 1.85118 -0.0480167 -0.570866, 1.65243 -0.316315 -0.570866, 1.99421 0.0361121 -0.570866, 
            2.69946 -0.0926802 -0.570866, 2.80292 -0.227684 -0.570866, 2.59901 -0.0150024 -0.570866, 2.47293 0.0509135 -0.570866, 
            2.3111 0.0864621 -0.570865, 1.73408 -0.171453 -0.570866, 2.14932 0.0823829 -0.570868, 1.68939 -0.452742 -1.16142, 
            1.61785 -0.452756 -0.964567, 1.64756 -0.329074 -0.964483, 1.73543 -0.305598 -1.16142, 1.73252 -0.172554 -0.963423, 
            1.81983 -0.178958 -1.16142, 1.87103 -0.033737 -0.964434, 1.92975 -0.0794711 -1.16142, 2.09299 -0.003129 -1.16152, 
            2.07261 0.0662222 -0.966153, 2.28022 0.0186898 -1.16144, 2.28384 0.0904984 -0.961846, 2.43323 -0.0126631 -1.16142, 
            2.49155 0.0440792 -0.966108, 2.54235 -0.0632078 -1.16142, 2.70748 -0.0986595 -0.964498, 2.68443 -0.179096 -1.16142, 
            2.78161 -0.347142 -1.16142, 2.82096 -0.261994 -0.964289, 2.88215 -0.452756 -0.964567, 2.80953 -0.452756 -1.16142, 
            2.86791 -0.38457 -0.963997, -1.61785 -0.649606 -0.964567, -1.61785 -0.649606 -0.570866, -1.63164 -0.715265 -0.570866, 
            -1.63225 -0.718379 -0.963752, -1.65222 -0.779118 -0.570866, -1.67938 -0.840466 -0.570866, -1.67904 -0.840371 -0.964288, 
            -1.71281 -0.898632 -0.570866, -1.79252 -1.0037 -0.964498, -1.80054 -1.00968 -0.570866, -1.90099 -1.08736 -0.570866, 
            -1.95583 -1.1193 -0.964567, -1.95906 -1.12096 -0.570866, -2.02032 -1.1483 -0.570866, -2.01999 -1.14825 -0.964464, 
            -2.08412 -1.16906 -0.570866, -2.17958 -1.18834 -0.964639, -2.18298 -1.18796 -0.570867, -2.36419 -1.18328 -0.96473, 
            -2.34235 -1.18653 -0.570864, -2.47968 -1.1483 -0.570866, -2.54094 -1.12096 -0.570866, -2.59901 -1.08736 -0.570866, 
            -2.5412 -1.12094 -0.964434, -2.70748 -1.0037 -0.964498, -2.69946 -1.00968 -0.570866, -2.78719 -0.898632 -0.570866, 
            -2.84757 -0.786048 -0.570866, -2.84923 -0.784495 -0.963615, -2.88215 -0.649606 -0.570866, -2.88215 -0.649606 -0.964567, 
            -2.81072 -0.649612 -1.16142, -1.68939 -0.64962 -1.16142, -2.77493 -0.770384 -1.16142, -1.88172 -0.986432 -1.16142, 
            -1.72507 -0.770382 -1.16142, -1.78289 -0.875848 -1.16142, -2.71711 -0.875849 -1.16142, -2.01087 -1.06732 -1.16142, 
            -2.15168 -1.11277 -1.16142, -2.31028 -1.11713 -1.16142, -2.43322 -1.0897 -1.16142, -2.59658 -1.00614 -1.16158, 
            -2.88215 -0.452756 -0.570866, -1.61512 -0.452713 -0.570867, -1.65222 -0.323244 -0.570866, -1.67938 -0.261896 -0.570866, 
            -2.84757 -0.316315 -0.570866, -2.47968 0.0459339 -0.570866, -1.80054 -0.0926801 -0.570866, -1.71281 -0.203731 -0.570866, 
            -2.59377 -0.00891881 -0.570866, -1.90099 -0.0150024 -0.570866, -2.02707 0.0509134 -0.570866, -2.1889 0.0864621 -0.570865, 
            -2.70304 -0.0994587 -0.570866, -2.76592 -0.171454 -0.570866, -2.35068 0.0823829 -0.570868, -2.81061 -0.452742 -1.16142, 
            -2.88215 -0.452756 -0.964567, -2.76457 -0.305595 -1.16142, -2.86775 -0.383987 -0.963752, -2.80741 -0.233702 -0.964327, 
            -2.70326 -0.0994182 -0.964355, -2.64272 -0.135312 -1.16143, -2.57253 0.00317324 -0.964464, -2.43735 -0.010763 -1.16144, 
            -2.35614 0.0829351 -0.964671, -2.21978 0.0186898 -1.16144, -2.17784 0.0853101 -0.963907, -2.00664 -0.0335533 -1.16142, 
            -2.00845 0.0440793 -0.966108, -1.81557 -0.179094 -1.16142, -1.79252 -0.0986594 -0.964498, -1.72507 -0.33198 -1.16142, 
            -1.67904 -0.261992 -0.964288, -1.68928 -0.45275 -1.16142, -1.61411 -0.452719 -0.96449, 3.0315 -1.98819 0.019685, 
            3.0315 -1.51575 0.019685, 3.0315 -1.51657 -0.978175, 3.0315 -1.64512 -1.14855, 3.0315 -1.84866 -1.14458, 
            3.0315 -1.95914 -1.04585, 3.0315 -1.98813 -0.944106, 3.11024 -1.51575 0.019685, 3.11024 -1.98819 0.019685, 
            3.11024 -1.72681 -1.16842, 3.11024 -1.59563 -1.10315, 3.11024 -1.51644 -0.987611, 3.11024 -1.98663 -0.993743, 
            3.11024 -1.88806 -1.12053, -3.11024 -1.98819 0.019685, -3.11024 -1.51575 0.019685, -3.11024 -1.54203 -1.03746, 
            -3.11024 -1.81315 -1.157, -3.11024 -1.51587 -0.947117, -3.11024 -1.90831 -1.10315, -3.11024 -1.98749 -0.987611, 
            -3.11024 -1.6473 -1.14328, -3.0315 -1.51575 0.019685, -3.0315 -1.5158 -0.944106, -3.0315 -1.98737 -0.978175, 
            -3.0315 -1.98819 0.019685, -3.0315 -1.91694 -1.09684, -3.0315 -1.53775 -1.02906, -3.0315 -1.80269 -1.15951, 
            -3.0315 -1.63706 -1.13806, -0.578105 1.99415 -1.16142, -0.591914 2.0298 0.019685, -0.605955 2.05247 -1.16142, 
            -0.631709 2.08072 0.019685, -0.652996 2.0968 -1.16142, -0.669939 2.10565 0.019685, -0.700087 2.11733 -1.16142, 
            -0.700087 2.11733 0.019685, -0.731867 2.12327 -1.16142, -0.75093 2.12466 0.019685, -0.777494 2.1222 -1.16142, 
            -0.795976 2.11733 0.019685, -0.826124 2.10565 -1.16142, -0.843069 2.0968 0.019685, -0.864353 2.08073 -1.16142, 
            -0.890108 2.05247 0.019685, -0.904149 2.0298 -1.16142, -0.911398 2.01211 0.019685, -0.92286 1.96793 -1.16142, 
            -0.923394 1.96216 0.019685, -0.920245 1.91663 -1.16142, -0.920245 1.91663 0.019685, -0.911398 1.88553 -1.16142, 
            -0.904149 1.86784 0.019685, -0.890108 1.84516 -1.16142, -0.864354 1.81691 0.019685, -0.843068 1.80084 -1.16142, 
            -0.826124 1.79199 0.019685, -0.795976 1.78031 -1.16142, -0.795976 1.78031 0.019685, -0.764196 1.77437 -1.16142, 
            -0.745133 1.77297 0.019685, -0.718568 1.77543 -1.16142, -0.700087 1.78031 0.019685, -0.669939 1.79199 -1.16142, 
            -0.652997 1.80084 0.019685, -0.631708 1.81691 -1.16142, -0.618559 1.83079 0.019685, -0.599076 1.85659 -1.16142, 
            -0.599076 1.85659 0.019685, -0.584665 1.88553 -1.16142, -0.578105 1.90349 0.019685, -0.573203 1.92971 -1.16142, 
            -0.573203 1.96793 0.019685, 0.426797 1.96793 0.019685, 0.421895 1.99415 -1.16142, 0.415335 2.01211 0.019685, 
            0.400924 2.04105 -1.16142, 0.400924 2.04105 0.019685, 0.381441 2.06685 -1.16142, 0.368291 2.08072 0.019685, 
            0.347004 2.0968 -1.16142, 0.312788 2.11384 0.019685, 0.28713 2.12114 -1.16142, 0.268133 2.12327 0.019685, 
            0.222506 2.1222 -1.16142, 0.216808 2.12114 0.019685, 0.173876 2.10565 -1.16142, 0.156933 2.0968 0.019685, 
            0.135646 2.08072 -1.16142, 0.109892 2.05247 0.019685, 0.0958509 2.0298 -1.16142, 0.0820422 1.99415 0.019685, 
            0.0771404 1.96793 -1.16142, 0.0820422 1.90349 -1.16142, 0.0958507 1.86784 0.019685, 0.109893 1.84516 -1.16142, 
            0.122496 1.83079 0.019685, 0.146389 1.80901 -1.16142, 0.146389 1.80901 0.019685, 0.173876 1.79199 -1.16142, 
            0.191149 1.7838 0.019685, 0.216807 1.7765 -1.16142, 0.235804 1.77437 0.019685, 0.281431 1.77543 -1.16142, 
            0.28713 1.7765 0.019685, 0.330061 1.79199 -1.16142, 0.347004 1.80084 0.019685, 0.368292 1.81691 -1.16142, 
            0.394044 1.84516 0.019685, 0.408086 1.86784 -1.16142, 0.421895 1.90349 0.019685, 0.426797 1.92971 -1.16142, 
            0.0771404 1.92971 0.019685, 1.42717 1.94882 0.019685, 1.42418 1.98101 -1.16142, 1.42418 1.98101 0.019685, 
            1.41067 2.02461 -1.16142, 1.40809 2.0298 0.019685, 1.38144 2.06685 -1.16142, 1.36829 2.08073 0.019685, 
            1.34701 2.0968 -1.16142, 1.33006 2.10565 0.019685, 1.28713 2.12114 -1.16142, 1.28143 2.1222 0.019685, 
            1.21681 2.12114 0.019685, 1.19115 2.11384 -1.16142, 1.17388 2.10565 0.019685, 1.14639 2.08863 -1.16142, 
            1.14639 2.08863 0.019685, 1.1225 2.06685 -1.16142, 1.10989 2.05247 0.019685, 1.09585 2.0298 -1.16142, 
            1.0886 2.01211 0.019685, 1.07975 1.98101 -1.16142, 1.07975 1.98101 0.019685, 1.07677 1.94882 -1.16142, 
            1.08204 1.90349 -1.16142, 1.0886 1.88553 0.019685, 1.10301 1.85659 -1.16142, 1.10301 1.85659 0.019685, 
            1.1225 1.83079 -1.16142, 1.13564 1.81691 0.019685, 1.15693 1.80084 -1.16142, 1.17388 1.79199 0.019685, 
            1.20402 1.78031 -1.16142, 1.22251 1.77543 0.019685, 1.24907 1.77297 -1.16142, 1.26813 1.77437 0.019685, 
            1.29991 1.78031 -1.16142, 1.29991 1.78031 0.019685, 1.33006 1.79199 -1.16142, 1.34701 1.80084 0.019685, 
            1.36829 1.81691 -1.16142, 1.38144 1.83079 0.019685, 1.40092 1.85659 -1.16142, 1.40092 1.85659 0.019685, 
            1.41533 1.88553 -1.16142, 1.42189 1.90349 0.019685, 1.4268 1.92971 -1.16142, 1.2358 2.12327 -1.16142, 
            1.07714 1.92971 0.019685, -1.57283 1.94882 0.019685, -1.57811 1.99415 -1.16142, -1.57969 1.99973 0.019685, 
            -1.59908 2.04105 -1.16142, -1.59908 2.04105 0.019685, -1.61856 2.06685 -1.16142, -1.63171 2.08072 0.019685, 
            -1.653 2.0968 -1.16142, -1.66994 2.10565 0.019685, -1.70009 2.11733 -1.16142, -1.70009 2.11733 0.019685, 
            -1.73187 2.12327 -1.16142, -1.73187 2.12327 0.019685, -1.7642 2.12327 -1.16142, -1.78319 2.12114 0.019685, 
            -1.80885 2.11384 -1.16142, -1.82612 2.10565 0.019685, -1.85361 2.08863 -1.16142, -1.8775 2.06685 -1.16142, 
            -1.89011 2.05247 0.019685, -1.90415 2.0298 -1.16142, -1.9114 2.01211 0.019685, -1.92025 1.98101 -1.16142, 
            -1.92025 1.98101 0.019685, -1.92339 1.93548 -1.16142, -1.92286 1.92971 0.019685, -1.9114 1.88553 -1.16142, 
            -1.90415 1.86784 0.019685, -1.89011 1.84516 -1.16142, -1.8775 1.83079 0.019685, -1.85361 1.80901 -1.16142, 
            -1.85361 1.80901 0.019685, -1.82612 1.79199 -1.16142, -1.80885 1.7838 0.019685, -1.78319 1.7765 -1.16142, 
            -1.7642 1.77437 0.019685, -1.73187 1.77437 -1.16142, -1.73187 1.77437 0.019685, -1.70009 1.78031 -1.16142, 
            -1.68181 1.78589 0.019685, -1.65793 1.79779 -1.16142, -1.64245 1.80901 0.019685, -1.61856 1.83079 0.019685, 
            -1.59908 1.85659 -1.16142, -1.59908 1.85659 0.019685, -1.58467 1.88553 -1.16142, -1.57811 1.90349 0.019685, 
            -1.5732 1.92971 -1.16142, -1.61856 1.83079 -1.16142, -1.85361 2.08863 0.019685, 0.923228 2.94882 0.019685, 
            0.920245 2.98101 -1.16142, 0.920245 2.98101 0.019685, 0.911398 3.01211 -1.16142, 0.90415 3.0298 0.019685, 
            0.890108 3.05247 -1.16142, 0.877504 3.06685 0.019685, 0.853611 3.08863 -1.16142, 0.838139 3.09985 0.019685, 
            0.814259 3.11174 -1.16142, 0.795976 3.11733 0.019685, 0.764196 3.12327 -1.16142, 0.745133 3.12466 0.019685, 
            0.718572 3.1222 -1.16142, 0.700087 3.11733 0.019685, 0.657925 3.09985 -1.16142, 0.652996 3.0968 0.019685, 
            0.618559 3.06685 -1.16142, 0.618559 3.06685 0.019685, 0.599076 3.04105 -1.16142, 0.599076 3.04105 0.019685, 
            0.584665 3.01211 -1.16142, 0.578105 2.99415 0.019685, 0.573203 2.96793 -1.16142, 0.572835 2.94882 0.019685, 
            0.579692 2.89791 0.019685, 0.589329 2.87303 -1.16142, 0.599076 2.85659 0.019685, 0.627424 2.82082 -1.16142, 
            0.631709 2.81691 0.019685, 0.669939 2.79199 -1.16142, 0.687211 2.7838 0.019685, 0.712871 2.7765 -1.16142, 
            0.75093 2.77297 0.019685, 0.777493 2.77543 -1.16142, 0.814257 2.78589 0.019685, 0.838139 2.79779 -1.16142, 
            0.853611 2.80901 0.019685, 0.886614 2.84054 -1.16142, 0.890108 2.84516 0.019685, 0.911398 2.88553 -1.16142, 
            0.917958 2.90348 0.019685, 0.92286 2.92971 -1.16142, 0.575818 2.91663 -1.16142, -0.0820424 2.99415 -1.16142, 
            -0.0787067 2.98542 0.019685, -0.109893 3.05248 -1.16142, -0.113387 3.0571 0.019685, -0.146389 3.08863 -1.16142, 
            -0.161863 3.09985 0.019685, -0.18574 3.11174 -1.16142, -0.204024 3.11733 0.019685, -0.235804 3.12327 -1.16142, 
            -0.254867 3.12466 0.019685, -0.281428 3.1222 -1.16142, -0.318196 3.11174 0.019685, -0.342074 3.09985 -1.16142, 
            -0.357548 3.08863 0.019685, -0.381441 3.06685 -1.16142, -0.394044 3.05247 0.019685, -0.408087 3.0298 -1.16142, 
            -0.415335 3.01211 0.019685, -0.426797 2.96793 -1.16142, -0.427332 2.96216 0.019685, -0.421895 2.90348 -1.16142, 
            -0.408087 2.86784 0.019685, -0.394044 2.84516 -1.16142, -0.381441 2.83079 0.019685, -0.357548 2.80901 -1.16142, 
            -0.342075 2.79779 0.019685, -0.318195 2.7859 -1.16142, -0.281429 2.77543 0.019685, -0.254868 2.77297 -1.16142, 
            -0.216808 2.7765 0.019685, -0.191148 2.7838 -1.16142, -0.156933 2.80084 0.019685, -0.135645 2.81691 -1.16142, 
            -0.109893 2.84516 0.019685, -0.09585 2.86784 -1.16142, -0.0820424 2.90348 0.019685, -0.0771404 2.92971 -1.16142, 
            -0.424182 2.91663 0.019685, -1.07661 2.96216 -1.16142, -1.07714 2.96793 0.019685, -1.0886 3.01211 -1.16142, 
            -1.0886 3.01211 0.019685, -1.10989 3.05248 -1.16142, -1.11339 3.0571 0.019685, -1.14639 3.08863 -1.16142, 
            -1.16186 3.09985 0.019685, -1.18574 3.11174 -1.16142, -1.20402 3.11733 0.019685, -1.2358 3.12327 -1.16142, 
            -1.2358 3.12327 0.019685, -1.28143 3.1222 -1.16142, -1.28713 3.12114 0.019685, -1.33006 3.10565 -1.16142, 
            -1.34701 3.0968 0.019685, -1.36829 3.08073 -1.16142, -1.38144 3.06685 0.019685, -1.40092 3.04105 -1.16142, 
            -1.40092 3.04105 0.019685, -1.41533 3.01211 -1.16142, -1.42418 2.98101 -1.16142, -1.42733 2.96216 0.019685, 
            -1.42733 2.93548 -1.16142, -1.42418 2.91663 0.019685, -1.41533 2.88553 -1.16142, -1.41533 2.88553 0.019685, 
            -1.39404 2.84516 -1.16142, -1.39055 2.84054 0.019685, -1.35755 2.80901 -1.16142, -1.34208 2.79779 0.019685, 
            -1.31819 2.7859 -1.16142, -1.29991 2.78031 0.019685, -1.26813 2.77437 -1.16142, -1.26813 2.77437 0.019685, 
            -1.21681 2.7765 0.019685, -1.19115 2.7838 -1.16142, -1.17388 2.79199 0.019685, -1.14639 2.80901 -1.16142, 
            -1.14639 2.80901 0.019685, -1.1225 2.83079 -1.16142, -1.1225 2.83079 0.019685, -1.10301 2.85659 -1.16142, 
            -1.09327 2.87303 0.019685, -1.08363 2.89791 -1.16142, -1.07975 2.91663 0.019685, -1.2358 2.77437 -1.16142, 
            -1.41533 3.01211 0.019685, 1.92286 2.96793 0.019685, 1.9114 3.01211 -1.16142, 1.90415 3.0298 0.019685, 
            1.89011 3.05248 -1.16142, 1.85361 3.08863 -1.16142, 1.83814 3.09985 0.019685, 1.81426 3.11174 -1.16142, 
            1.77749 3.1222 0.019685, 1.75093 3.12467 -1.16142, 1.73187 3.12327 0.019685, 1.68721 3.11384 -1.16142, 
            1.66541 3.10545 0.019685, 1.63171 3.08072 -1.16142, 1.60596 3.05248 0.019685, 1.59191 3.02979 -1.16142, 
            1.57811 2.99415 0.019685, 1.5732 2.96793 -1.16142, 1.5732 2.92971 0.019685, 1.57811 2.90348 -1.16142, 
            1.58467 2.88553 0.019685, 1.59908 2.85659 -1.16142, 1.60945 2.84054 0.019685, 1.62742 2.82082 -1.16142, 
            1.65793 2.79779 0.019685, 1.68181 2.7859 -1.16142, 1.71857 2.77543 0.019685, 1.74513 2.77297 -1.16142, 
            1.7642 2.77437 0.019685, 1.79598 2.78031 -1.16142, 1.81426 2.78589 0.019685, 1.83814 2.79779 -1.16142, 
            1.86864 2.82082 0.019685, 1.88661 2.84054 -1.16142, 1.90673 2.87303 0.019685, 1.91637 2.89791 -1.16142, 
            1.92025 2.91663 0.019685, 1.92339 2.96216 -1.16142, 1.8775 3.06685 0.019685, -3.0315 -3.58268 0.019685, 
            3.0315 -3.58268 0.019685, 1.93259 0.00428937 0.019685, 1.80065 -0.0957886 0.019685, 2.80118 -0.226378 0.019685, 
            2.69935 -0.0957886 0.019685, 2.56741 0.00428937 0.019685, 2.41421 0.0671504 0.019685, 2.25 0.0885827 0.019685, 
            2.08579 0.0671504 0.019685, 1.69882 -0.226378 0.019685, 1.69882 -0.452756 0.019685, 2.80118 -0.452756 0.019685, 
            -1.80065 -0.095789 0.019685, -2.41421 0.0671504 0.019685, -2.56741 0.00428937 0.019685, -2.69935 -0.0957886 0.019685, 
            -1.93259 0.00428937 0.019685, -2.08579 0.0671504 0.019685, -2.25 0.0885827 0.019685, -2.80118 -0.226378 0.019685, 
            -2.80118 -0.452756 0.019685, -1.69882 -0.452756 0.019685, -1.69882 -0.226378 0.019685, -0.74056 -3.58268 0.019685, 
            2.80118 -0.875984 0.019685, 2.80118 -0.649606 0.019685, 1.69882 -0.649606 0.019685, 1.69882 -0.875984 0.019685, 
            1.80065 -1.00657 0.019685, 2.41421 -1.16951 0.019685, 2.56741 -1.10665 0.019685, 2.69935 -1.00657 0.019685, 
            1.93259 -1.10665 0.019685, 2.08579 -1.16951 0.019685, 2.25 -1.19094 0.019685, -2.80118 -0.875984 0.019685, 
            -2.69935 -1.00657 0.019685, -2.56741 -1.10665 0.019685, -1.93259 -1.10665 0.019685, -1.80065 -1.00657 0.019685, 
            -1.69882 -0.875984 0.019685, -1.69882 -0.649606 0.019685, -2.80118 -0.649606 0.019685, -2.41421 -1.16951 0.019685, 
            -2.25 -1.19094 0.019685, -2.08579 -1.16951 0.019685, 2.61811 -3.58268 3.4252, 2.61811 -3.66142 3.4252, 
            2.61811 -3.58268 3.46457, 2.61811 -3.66142 4.45546, 2.61811 -3.58268 4.45546, -2.61811 -3.58268 2.51969, 
            -2.61811 -3.66142 2.51969, -2.61811 -3.58268 2.48031, -2.61811 -3.66142 1.46333, -2.61811 -3.58268 1.47638, 
            -2.61811 -3.58268 1.46333, 2.80118 -0.649606 -0.570866, 2.80118 -0.875984 -0.570866, 1.69882 -0.649606 -0.570866, 
            1.69882 -0.875984 -0.570866, 1.80065 -1.00657 -0.570866, 1.93259 -1.10665 -0.570866, 2.08579 -1.16951 -0.570866, 
            2.69935 -1.00657 -0.570866, 2.56741 -1.10665 -0.570866, 2.41421 -1.16951 -0.570866, 2.25 -1.19094 -0.570866, 
            -1.69882 -0.649606 -0.570866, -1.69882 -0.875984 -0.570866, -2.80118 -0.649606 -0.570866, -2.80118 -0.875984 -0.570866, 
            -1.93259 -1.10665 -0.570866, -1.80065 -1.00657 -0.570866, -2.08579 -1.16951 -0.570866, -2.25 -1.19094 -0.570866, 
            -2.41421 -1.16951 -0.570866, -2.69935 -1.00657 -0.570866, -2.56741 -1.10665 -0.570866, 2.69685 -3.58268 3.46457, 
            2.69685 -3.58268 2.48031, 2.61811 -3.58268 2.51969, 2.61811 -3.58268 2.48031, 2.59248 -3.58162 3.4252, 
            -2.61811 -3.58268 4.4685, 2.61811 -3.58268 4.4685, -2.61811 -3.58268 4.45546, 2.57263 -3.65782 3.4252, 
            2.57378 -3.65835 2.51969, 2.61811 -3.66142 2.51969, -1.10811 -3.66142 0.833679, -1.50481 -3.66142 0.833679, 
            -3.0315 -3.66142 0.124747, -1.50481 -3.66142 1.46333, 1.5052 -3.66142 1.46333, 1.5052 -3.66142 0.833679, 
            3.0315 -3.66142 0.124747, -1.10811 -3.66142 0.465175, 1.11506 -3.66142 0.465175, 1.11506 -3.66142 0.833679, 
            -2.57263 -3.65782 2.51969, -2.57378 -3.65835 3.4252, -2.61811 -3.66142 3.4252, -2.61811 -3.66142 4.45546, 
            2.61811 -3.66142 1.46333, -2.69685 -3.58268 2.48031, -2.69685 -3.58268 3.46457, -2.61811 -3.58268 3.4252, 
            -2.61811 -3.58268 3.46457, -2.59248 -3.58162 2.51969, -3.0315 -3.58268 0.124747, -3.0315 3.58268 5.21654, 
            3.0315 -3.58268 0.124747, 3.0315 3.58268 5.21654, 2.61811 -3.58268 1.46333, 2.61811 -3.58268 1.47638, 
            -1.50481 -3.58268 1.46333, -1.50481 -3.58268 0.833679, -1.10811 -3.58268 0.833679, -1.10811 -3.58268 0.465175, 
            1.11506 -3.58268 0.465175, 1.11506 -3.58268 0.833679, 1.5052 -3.58268 0.833679, 1.5052 -3.58268 1.46333, 
            2.5 -3.44192 1.59449, 2.5 0.748031 1.59449, 1.3189 -3.44192 1.59449, 1.3189 0.748031 1.59449, 
            1.3189 -3.44192 1.00394, 1.3189 0.748031 1.00394, 0.925197 -3.44192 1.00394, 0.925197 0.748031 1.00394, 
            0.925197 -3.44192 0.610236, 0.925197 0.748031 0.610236, -0.925197 -3.44192 0.610236, -0.925197 0.748031 0.610236, 
            -0.925197 -3.44192 1.00394, -0.925197 0.748031 1.00394, -1.3189 -3.44192 1.00394, -1.3189 0.748031 1.00394, 
            -1.3189 -3.44192 1.59449, -1.3189 0.748031 1.59449, -2.5 -3.44192 1.59449, -2.5 0.748031 1.59449, 
            1.44488 0.236888 3.10655, 1.42589 0.234001 3.09923, 1.40551 0.233016 3.09674, 1.38513 0.234001 3.09923, 
            1.48157 0.254434 3.15103, 1.4737 0.247465 3.13336, 1.46119 0.24148 3.11819, 1.4737 0.276361 3.20661, 
            1.48157 0.269392 3.18894, 1.48425 0.261913 3.16999, 1.42589 0.289825 3.24074, 1.44488 0.286938 3.23342, 
            1.46119 0.282346 3.22178, 1.36614 0.286938 3.23342, 1.38513 0.289825 3.24074, 1.40551 0.290809 3.24323, 
            1.32945 0.269392 3.18894, 1.33732 0.276361 3.20661, 1.34983 0.282346 3.22178, 1.33732 0.247465 3.13336, 
            1.32945 0.254434 3.15103, 1.32677 0.261913 3.16999, 1.36614 0.236888 3.10655, 1.34983 0.24148 3.11819, 
            2.5 -3.44192 2.48031, 2.5 0.748031 2.48031, -2.5 -3.44192 2.48031, -2.5 0.748031 2.48031, 
            -1.43701 -3.58268 1.47638, -1.43701 -3.58268 0.885827, -1.04331 -3.58268 0.885827, -1.04331 -3.58268 0.610236, 
            1.04331 -3.58268 0.610236, 1.04331 -3.58268 0.885827, 1.43701 -3.58268 0.885827, 1.43701 -3.58268 1.47638, 
            2.69685 0.748031 2.48031, 2.69685 0.748031 3.46457, 2.5 0.748031 3.46457, -2.69685 0.748031 3.46457, 
            -2.69685 0.748031 2.48031, -2.5 0.748031 3.46457, 2.5 0.748031 4.35039, -2.5 0.748031 4.35039, 
            -2.5 -3.44192 3.46457, 2.5 -3.44192 3.46457, 2.5 -3.44192 4.35039, 1.36754 -2.5417 4.35039, 
            1.34983 -2.88186 4.35039, 1.33732 -2.83743 4.35039, 1.32945 -2.78568 4.35039, 1.32677 -2.73015 4.35039, 
            1.32945 -2.67462 4.35039, 1.33732 -2.62287 4.35039, 1.34983 -2.57843 4.35039, 1.36614 -2.91596 4.35039, 
            1.4158 -2.94318 4.35039, 1.38736 -2.94096 4.35039, 1.44347 -2.91862 4.35039, 1.42589 -2.9374 4.35039, 
            1.46119 -2.88186 4.35039, 1.4737 -2.83743 4.35039, 1.48157 -2.78568 4.35039, 1.48425 -2.73015 4.35039, 
            1.48157 -2.67462 4.35039, 1.4737 -2.62287 4.35039, 1.46119 -2.57843 4.35039, 1.39038 -2.51904 4.35039, 
            1.41188 -2.51641 4.35039, 1.42589 -2.5229 4.35039, 1.44233 -2.53961 4.35039, 0.998787 -2.94425 4.35039, 
            -2.5 -3.44192 4.35039, 1.04189 -2.91862 4.35039, 1.05962 -2.57843 4.35039, 1.04331 -2.54434 4.35039, 
            0.96597 -2.5417 4.35039, 0.948259 -2.57843 4.35039, 0.935746 -2.62287 4.35039, 0.92788 -2.67462 4.35039, 
            0.925197 -2.73015 4.35039, 0.92788 -2.78568 4.35039, 0.935746 -2.83743 4.35039, 0.948259 -2.88186 4.35039, 
            0.964567 -2.91596 4.35039, 1.05962 -2.88186 4.35039, 1.07213 -2.83743 4.35039, 1.07999 -2.78568 4.35039, 
            1.03407 -2.53192 4.35039, 1.02432 -2.5229 4.35039, 0.988802 -2.51904 4.35039, 1.01167 -2.94424 4.35039, 
            0.982471 -2.93792 4.35039, 1.02432 -2.9374 4.35039, 1.08268 -2.73015 4.35039, 1.07999 -2.67462 4.35039, 
            1.07213 -2.62287 4.35039, 1.01031 -2.51641 4.35039, 0.632494 -2.92838 4.35039, 0.641732 -2.91596 4.35039, 
            0.65804 -2.57843 4.35039, 0.641732 -2.54434 4.35039, 0.564395 -2.5417 4.35039, 0.546685 -2.57843 4.35039, 
            0.534171 -2.62287 4.35039, 0.526305 -2.67462 4.35039, 0.523622 -2.73015 4.35039, 0.526305 -2.78568 4.35039, 
            0.534171 -2.83743 4.35039, 0.546685 -2.88186 4.35039, 0.567381 -2.92369 4.35039, 0.65804 -2.88186 4.35039, 
            0.670553 -2.83743 4.35039, 0.678419 -2.78568 4.35039, 0.632495 -2.53192 4.35039, 0.622742 -2.5229 4.35039, 
            0.587227 -2.51904 4.35039, 0.595176 -2.9441 4.35039, 0.612653 -2.94318 4.35039, 0.622742 -2.9374 4.35039, 
            0.681102 -2.73015 4.35039, 0.678419 -2.67462 4.35039, 0.670553 -2.62287 4.35039, 0.608733 -2.51641 4.35039, 
            0.238742 -2.91862 4.35039, 0.256465 -2.57843 4.35039, 0.16282 -2.5417 4.35039, 0.14511 -2.57843 4.35039, 
            0.132596 -2.62287 4.35039, 0.12473 -2.67462 4.35039, 0.122047 -2.73015 4.35039, 0.12473 -2.78568 4.35039, 
            0.132596 -2.83743 4.35039, 0.14511 -2.88186 4.35039, 0.161417 -2.91596 4.35039, 0.182632 -2.94096 4.35039, 
            0.185652 -2.51904 4.35039, 0.256465 -2.88186 4.35039, 0.268978 -2.83743 4.35039, 0.276845 -2.78568 4.35039, 
            0.237609 -2.53961 4.35039, 0.221167 -2.5229 4.35039, 0.211079 -2.94318 4.35039, 0.221167 -2.9374 4.35039, 
            0.279528 -2.73015 4.35039, 0.276845 -2.67462 4.35039, 0.268978 -2.62287 4.35039, 0.207157 -2.51641 4.35039, 
            -0.162833 -2.91862 4.35039, -0.14511 -2.57843 4.35039, -0.238755 -2.5417 4.35039, -0.256465 -2.57843 4.35039, 
            -0.268978 -2.62287 4.35039, -0.973804 -2.92838 4.35039, -0.276845 -2.67462 4.35039, -0.279528 -2.73015 4.35039, 
            -0.276845 -2.78568 4.35039, -0.268978 -2.83743 4.35039, -0.256465 -2.88186 4.35039, -0.240157 -2.91596 4.35039, 
            -0.215922 -2.51904 4.35039, -0.220907 -2.93921 4.35039, -0.200784 -2.94471 4.35039, -0.190497 -2.94318 4.35039, 
            -0.14511 -2.88186 4.35039, -0.132596 -2.83743 4.35039, -0.12473 -2.78568 4.35039, -0.163966 -2.53961 4.35039, 
            -0.180408 -2.5229 4.35039, -0.180408 -2.9374 4.35039, -0.122047 -2.73015 4.35039, -0.12473 -2.67462 4.35039, 
            -0.132596 -2.62287 4.35039, -0.194417 -2.51641 4.35039, -0.564408 -2.91862 4.35039, -0.546685 -2.57843 4.35039, 
            -0.64033 -2.5417 4.35039, -0.65804 -2.57843 4.35039, -0.670553 -2.62287 4.35039, -0.678419 -2.67462 4.35039, 
            -0.681102 -2.73015 4.35039, -0.678419 -2.78568 4.35039, -0.670553 -2.83743 4.35039, -0.65804 -2.88186 4.35039, 
            -0.637343 -2.92369 4.35039, -0.546685 -2.88186 4.35039, -0.534171 -2.83743 4.35039, -0.526305 -2.78568 4.35039, 
            -0.617497 -2.51904 4.35039, -0.609549 -2.9441 4.35039, -0.592072 -2.94318 4.35039, -0.565542 -2.5396 4.35039, 
            -0.581983 -2.5229 4.35039, -0.581983 -2.9374 4.35039, -0.523622 -2.73015 4.35039, -0.526305 -2.67462 4.35039, 
            -0.534171 -2.62287 4.35039, -0.595992 -2.51641 4.35039, -0.964567 -2.91596 4.35039, -0.948259 -2.57843 4.35039, 
            -0.964567 -2.54434 4.35039, -1.08268 -2.73015 4.35039, -1.07999 -2.78568 4.35039, -1.07213 -2.83743 4.35039, 
            -1.05962 -2.88186 4.35039, -1.04331 -2.91596 4.35039, -1.0419 -2.5417 4.35039, -1.05962 -2.57843 4.35039, 
            -1.07213 -2.62287 4.35039, -1.07999 -2.67462 4.35039, -0.948259 -2.88186 4.35039, -0.935746 -2.83743 4.35039, 
            -0.92788 -2.78568 4.35039, -1.00909 -2.94425 4.35039, -1.01907 -2.51904 4.35039, -1.0254 -2.93792 4.35039, 
            -0.991375 -2.94238 4.35039, -0.925197 -2.73015 4.35039, -0.92788 -2.67462 4.35039, -0.935746 -2.62287 4.35039, 
            -0.985099 -2.52044 4.35039, -1.00394 -2.51559 4.35039, -1.4737 -2.83743 4.35039, -1.46119 -2.88186 4.35039, 
            -1.36756 -2.91862 4.35039, -1.48157 -2.78568 4.35039, -1.34983 -2.57843 4.35039, -1.36614 -2.54434 4.35039, 
            -1.44227 -2.92082 4.35039, -1.46119 -2.57843 4.35039, -1.4737 -2.62287 4.35039, -1.48157 -2.67462 4.35039, 
            -1.48425 -2.73015 4.35039, -1.40551 -2.94471 4.35039, -1.34983 -2.88186 4.35039, -1.33732 -2.83743 4.35039, 
            -1.32945 -2.78568 4.35039, -1.42065 -2.51904 4.35039, -1.44348 -2.5417 4.35039, -1.42259 -2.94003 4.35039, 
            -1.41066 -2.94425 4.35039, -1.39522 -2.94318 4.35039, -1.38513 -2.9374 4.35039, -1.32677 -2.73015 4.35039, 
            -1.32945 -2.67462 4.35039, -1.33732 -2.62287 4.35039, -1.38667 -2.52044 4.35039, -1.40551 -2.51559 4.35039, 
            1.04331 0.236888 3.10655, 1.02432 0.234001 3.09923, 1.00394 0.233016 3.09674, 0.983557 0.234001 3.09923, 
            1.07999 0.254434 3.15103, 1.07213 0.247465 3.13336, 1.05962 0.24148 3.11819, 1.07213 0.276361 3.20661, 
            1.07999 0.269392 3.18894, 1.08268 0.261913 3.16999, 1.02432 0.289825 3.24074, 1.04331 0.286938 3.23342, 
            1.05962 0.282346 3.22178, 0.964567 0.286938 3.23342, 0.983557 0.289825 3.24074, 1.00394 0.290809 3.24323, 
            0.92788 0.269392 3.18894, 0.935746 0.276361 3.20661, 0.948259 0.282346 3.22178, 0.935746 0.247465 3.13336, 
            0.92788 0.254434 3.15103, 0.925197 0.261913 3.16999, 0.964567 0.236888 3.10655, 0.948259 0.24148 3.11819, 
            0.581983 0.289825 3.24074, 0.562992 0.236888 3.10655, 0.546685 0.24148 3.11819, 0.534171 0.247465 3.13336, 
            0.526305 0.254434 3.15103, 0.523622 0.261913 3.16999, 0.526305 0.269392 3.18894, 0.534171 0.276361 3.20661, 
            0.546685 0.282346 3.22178, 0.581983 0.234001 3.09923, 0.602362 0.233016 3.09674, 0.622742 0.234001 3.09923, 
            0.641732 0.236888 3.10655, 0.65804 0.24148 3.11819, 0.670553 0.247465 3.13336, 0.678419 0.254434 3.15103, 
            0.681102 0.261913 3.16999, 0.678419 0.269392 3.18894, 0.670553 0.276361 3.20661, 0.65804 0.282346 3.22178, 
            0.641732 0.286938 3.23342, 0.602362 0.290809 3.24323, 0.622742 0.289825 3.24074, 0.562992 0.286938 3.23342, 
            0.180408 0.289825 3.24074, 0.161417 0.236888 3.10655, 0.14511 0.24148 3.11819, 0.132596 0.247465 3.13336, 
            0.12473 0.254434 3.15103, 0.122047 0.261913 3.16999, 0.132596 0.276361 3.20661, 0.14511 0.282346 3.22178, 
            0.161417 0.286938 3.23342, 0.180408 0.234001 3.09923, 0.200787 0.233016 3.09674, 0.221167 0.234001 3.09923, 
            0.240157 0.236888 3.10655, 0.256465 0.24148 3.11819, 0.268978 0.247465 3.13336, 0.276845 0.254434 3.15103, 
            0.279528 0.261913 3.16999, 0.276845 0.269392 3.18894, 0.268978 0.276361 3.20661, 0.256465 0.282346 3.22178, 
            0.240157 0.286938 3.23342, 0.200787 0.290809 3.24323, 0.221167 0.289825 3.24074, 0.12473 0.269392 3.18894, 
            -0.221167 0.289825 3.24074, -0.240157 0.236888 3.10655, -0.256465 0.24148 3.11819, -0.268978 0.247465 3.13336, 
            -0.276845 0.254434 3.15103, -0.279528 0.261913 3.16999, -0.268978 0.276361 3.20661, -0.256465 0.282346 3.22178, 
            -0.240157 0.286938 3.23342, -0.221167 0.234001 3.09923, -0.200787 0.233016 3.09674, -0.180408 0.234001 3.09923, 
            -0.161417 0.236888 3.10655, -0.14511 0.24148 3.11819, -0.132596 0.247465 3.13336, -0.12473 0.254434 3.15103, 
            -0.122047 0.261913 3.16999, -0.12473 0.269392 3.18894, -0.132596 0.276361 3.20661, -0.14511 0.282346 3.22178, 
            -0.161417 0.286938 3.23342, -0.200787 0.290809 3.24323, -0.180408 0.289825 3.24074, -0.276845 0.269392 3.18894, 
            -0.622742 0.289825 3.24074, -0.641732 0.236888 3.10655, -0.65804 0.24148 3.11819, -0.670553 0.247465 3.13336, 
            -0.678419 0.254434 3.15103, -0.681102 0.261913 3.16999, -0.678419 0.269392 3.18894, -0.670553 0.276361 3.20661, 
            -0.65804 0.282346 3.22178, -0.622742 0.234001 3.09923, -0.602362 0.233016 3.09674, -0.581983 0.234001 3.09923, 
            -0.562992 0.236888 3.10655, -0.546685 0.24148 3.11819, -0.534171 0.247465 3.13336, -0.526305 0.254434 3.15103, 
            -0.523622 0.261913 3.16999, -0.526305 0.269392 3.18894, -0.534171 0.276361 3.20661, -0.546685 0.282346 3.22178, 
            -0.562992 0.286938 3.23342, -0.602362 0.290809 3.24323, -0.581983 0.289825 3.24074, -0.641733 0.286938 3.23342, 
            -1.02432 0.289825 3.24074, -1.04331 0.236888 3.10655, -1.05962 0.24148 3.11819, -1.07213 0.247465 3.13336, 
            -1.07999 0.254434 3.15103, -1.08268 0.261913 3.16999, -1.07999 0.269392 3.18894, -1.07213 0.276361 3.20661, 
            -1.05962 0.282346 3.22178, -1.02432 0.234001 3.09923, -1.00394 0.233016 3.09674, -0.983557 0.234001 3.09923, 
            -0.964567 0.236888 3.10655, -0.948259 0.24148 3.11819, -0.935746 0.247465 3.13336, -0.92788 0.254434 3.15103, 
            -0.925197 0.261913 3.16999, -0.92788 0.269392 3.18894, -0.935746 0.276361 3.20661, -0.948259 0.282346 3.22178, 
            -0.964567 0.286938 3.23342, -1.00394 0.290809 3.24323, -0.983557 0.289825 3.24074, -1.04331 0.286938 3.23342, 
            -1.42589 0.289825 3.24074, -1.44488 0.236888 3.10655, -1.46119 0.24148 3.11819, -1.4737 0.247465 3.13336, 
            -1.48157 0.254434 3.15103, -1.48425 0.261913 3.16999, -1.48157 0.269392 3.18894, -1.46119 0.282346 3.22178, 
            -1.44488 0.286938 3.23342, -1.42589 0.234001 3.09923, -1.40551 0.233016 3.09674, -1.38513 0.234001 3.09923, 
            -1.36614 0.236888 3.10655, -1.34983 0.24148 3.11819, -1.33732 0.247465 3.13336, -1.32945 0.254434 3.15103, 
            -1.32677 0.261913 3.16999, -1.32945 0.269392 3.18894, -1.33732 0.276361 3.20661, -1.34983 0.282346 3.22178, 
            -1.36614 0.286938 3.23342, -1.40551 0.290809 3.24323, -1.38513 0.289825 3.24074, -1.4737 0.276361 3.20661, 
            1.69882 -0.226378 -0.570866, 1.80065 -0.0957886 -0.570866, 1.93259 0.00428937 -0.570866, 2.08579 0.0671504 -0.570866, 
            2.25 0.0885827 -0.570866, 2.41421 0.0671504 -0.570866, 2.56741 0.00428937 -0.570866, 2.69935 -0.0957886 -0.570866, 
            2.80118 -0.226378 -0.570866, 2.80118 -0.452756 -0.570866, 1.69882 -0.452756 -0.570866, -2.80118 -0.226378 -0.570866, 
            -2.69935 -0.0957886 -0.570866, -2.56741 0.00428937 -0.570866, -2.41421 0.0671504 -0.570866, -2.25 0.0885827 -0.570866, 
            -2.08579 0.0671504 -0.570866, -1.93259 0.00428937 -0.570866, -1.80065 -0.0957886 -0.570866, -1.69882 -0.226378 -0.570866, 
            -1.69882 -0.452756 -0.570866, -2.80118 -0.452756 -0.570866, -2.30315 -2.24409 3.4252, -2.22441 -2.24409 3.4252, 
            -2.30315 -2.24409 2.51969, -2.22441 -2.24409 2.51969, -2.45229 -3.5429 2.51969, -2.52927 -3.52328 2.51969, 
            -2.4758 -3.59198 2.51969, -2.55458 -3.56518 2.51969, -2.51831 -3.63575 2.51969, -2.58061 -3.57948 3.4252, 
            -2.54542 -3.5546 3.4252, -2.52917 -3.52201 3.4252, -2.5126 -3.63175 3.4252, -2.4758 -3.59198 3.4252, 
            -2.45218 -3.54065 3.4252, -2.38963 -2.94695 3.4252, -2.38866 -2.93806 2.51969, -2.46587 -2.92061 2.51969, 
            -2.37722 -2.91144 2.51969, -2.44339 -2.86824 2.51969, -2.4452 -2.87084 3.4252, -2.46623 -2.92316 3.4252, 
            -2.38211 -2.91791 3.4252, -2.30347 -2.69494 2.51969, -2.2246 -2.68997 2.51969, -2.24729 -2.75169 2.51969, 
            -2.30379 -2.69631 3.4252, -2.24631 -2.75092 3.4252, -2.22473 -2.68801 3.4252, 2.22441 -2.24409 3.4252, 
            2.30315 -2.24409 3.4252, 2.22441 -2.24409 2.51969, 2.30315 -2.24409 2.51969, 2.45229 -3.5429 3.4252, 
            2.52927 -3.52328 3.4252, 2.4758 -3.59198 3.4252, 2.55458 -3.56518 3.4252, 2.51831 -3.63575 3.4252, 
            2.58061 -3.57948 2.51969, 2.54542 -3.5546 2.51969, 2.52917 -3.52201 2.51969, 2.5126 -3.63175 2.51969, 
            2.4758 -3.59198 2.51969, 2.45218 -3.54065 2.51969, 2.38963 -2.94695 2.51969, 2.38866 -2.93806 3.4252, 
            2.46587 -2.92061 3.4252, 2.37722 -2.91144 3.4252, 2.44339 -2.86824 3.4252, 2.4452 -2.87084 2.51969, 
            2.46623 -2.92316 2.51969, 2.38211 -2.91791 2.51969, 2.30347 -2.69494 3.4252, 2.2246 -2.68997 3.4252, 
            2.24729 -2.75169 3.4252, 2.30379 -2.69631 2.51969, 2.24631 -2.75092 2.51969, 2.22473 -2.68801 2.51969, 
            -3.0315 3.58268 0.019685, -3.0315 -3.66142 5.21654, 3.0315 3.58268 0.019685, 3.0315 -3.66142 5.21654, 
            -2.5 0.748031 4.35039
          ]
        }
        color Color
        {
          color
          [
            0.85098 0.85098 0.85098, 0.85098 0.85098 0.85098, 0.85098 0.85098 0.85098, 0.85098 0.85098 0.85098, 
            0.85098 0.85098 0.85098, 0.85098 0.85098 0.85098, 0.85098 0.85098 0.85098, 0.85098 0.85098 0.85098, 
            0.85098 0.85098 0.85098, 0.85098 0.85098 0.85098, 0.85098 0.85098 0.85098, 0.85098 0.85098 0.85098, 
            0.85098 0.85098 0.85098, 0.85098 0.85098 0.85098, 0.85098 0.85098 0.85098, 0.85098 0.85098 0.85098, 
            0.85098 0.85098 0.85098, 0.85098 0.85098 0.85098, 0.85098 0.85098 0.85098, 0.85098 0.85098 0.85098, 
            0.85098 0.85098 0.85098, 0.85098 0.85098 0.85098, 0.85098 0.85098 0.85098, 0.85098 0.85098 0.85098, 
            0.85098 0.85098 0.85098, 0.85098 0.85098 0.85098, 0.85098 0.85098 0.85098, 0.85098 0.85098 0.85098, 
            0.85098 0.85098 0.85098, 0.85098 0.85098 0.85098, 0.85098 0.85098 0.85098, 0.85098 0.85098 0.85098, 
            0.85098 0.85098 0.85098, 0.85098 0.85098 0.85098, 0.85098 0.85098 0.85098, 0.85098 0.85098 0.85098, 
            0.85098 0.85098 0.85098, 0.85098 0.85098 0.85098, 0.85098 0.85098 0.85098, 0.85098 0.85098 0.85098, 
            0.85098 0.85098 0.85098, 0.85098 0.85098 0.85098, 0.85098 0.85098 0.85098, 0.85098 0.85098 0.85098, 
            0.85098 0.85098 0.85098, 0.85098 0.85098 0.85098, 0.85098 0.85098 0.85098, 0.85098 0.85098 0.85098, 
            0.85098 0.85098 0.85098, 0.85098 0.85098 0.85098, 0.85098 0.85098 0.85098, 0.85098 0.85098 0.85098, 
            0.85098 0.85098 0.85098, 0.85098 0.85098 0.85098, 0.85098 0.85098 0.85098, 0.85098 0.85098 0.85098, 
            0.85098 0.85098 0.85098, 0.85098 0.85098 0.85098, 0.85098 0.85098 0.85098, 0.85098 0.85098 0.85098, 
            0.85098 0.85098 0.85098, 0.85098 0.85098 0.85098, 0.85098 0.85098 0.85098, 0.85098 0.85098 0.85098, 
            0.85098 0.85098 0.85098, 0.85098 0.85098 0.85098, 0.85098 0.85098 0.85098, 0.85098 0.85098 0.85098, 
            0.85098 0.85098 0.85098, 0.85098 0.85098 0.85098, 0.85098 0.85098 0.85098, 0.85098 0.85098 0.85098, 
            0.85098 0.85098 0.85098, 0.85098 0.85098 0.85098, 0.85098 0.85098 0.85098, 0.85098 0.85098 0.85098, 
            0.85098 0.85098 0.85098, 0.85098 0.85098 0.85098, 0.85098 0.85098 0.85098, 0.85098 0.85098 0.85098, 
            0.85098 0.85098 0.85098, 0.85098 0.85098 0.85098, 0.85098 0.85098 0.85098, 0.85098 0.85098 0.85098, 
            0.85098 0.85098 0.85098, 0.85098 0.85098 0.85098, 0.85098 0.85098 0.85098, 0.85098 0.85098 0.85098, 
            0.85098 0.85098 0.85098, 0.85098 0.85098 0.85098, 0.85098 0.85098 0.85098, 0.85098 0.85098 0.85098, 
            0.85098 0.85098 0.85098, 0.85098 0.85098 0.85098, 0.85098 0.85098 0.85098, 0.85098 0.85098 0.85098, 
            0.85098 0.85098 0.85098, 0.85098 0.85098 0.85098, 0.85098 0.85098 0.85098, 0.85098 0.85098 0.85098, 
            0.85098 0.85098 0.85098, 0.85098 0.85098 0.85098, 0.85098 0.85098 0.85098, 0.85098 0.85098 0.85098, 
            0.85098 0.85098 0.85098, 0.85098 0.85098 0.85098, 0.85098 0.85098 0.85098, 0.85098 0.85098 0.85098, 
            0.85098 0.85098 0.85098, 0.85098 0.85098 0.85098, 0.85098 0.85098 0.85098, 0.85098 0.85098 0.85098, 
            0.85098 0.85098 0.85098, 0.85098 0.85098 0.85098, 0.85098 0.85098 0.85098, 0.85098 0.85098 0.85098, 
            0.85098 0.85098 0.85098, 0.85098 0.85098 0.85098, 0.85098 0.85098 0.85098, 0.85098 0.85098 0.85098, 
            0.85098 0.85098 0.85098, 0.85098 0.85098 0.85098, 0.85098 0.85098 0.85098, 0.85098 0.85098 0.85098, 
            0.85098 0.85098 0.85098, 0.85098 0.85098 0.85098, 0.85098 0.85098 0.85098, 0.85098 0.85098 0.85098, 
            0.85098 0.85098 0.85098, 0.85098 0.85098 0.85098, 0.85098 0.85098 0.85098, 0.85098 0.85098 0.85098, 
            0.85098 0.85098 0.85098, 0.85098 0.85098 0.85098, 0.85098 0.85098 0.85098, 0.85098 0.85098 0.85098, 
            0.85098 0.85098 0.85098, 0.85098 0.85098 0.85098, 0.85098 0.85098 0.85098, 0.85098 0.85098 0.85098, 
            0.85098 0.85098 0.85098, 0.85098 0.85098 0.85098, 0.85098 0.85098 0.85098, 0.85098 0.85098 0.85098, 
            0.85098 0.85098 0.85098, 0.85098 0.85098 0.85098, 0.85098 0.85098 0.85098, 0.85098 0.85098 0.85098, 
            0.85098 0.85098 0.85098, 0.85098 0.85098 0.85098, 0.85098 0.85098 0.85098, 0.85098 0.85098 0.85098, 
            0.85098 0.85098 0.85098, 0.85098 0.85098 0.85098, 0.85098 0.85098 0.85098, 0.85098 0.85098 0.85098, 
            0.85098 0.85098 0.85098, 0.85098 0.85098 0.85098, 0.85098 0.85098 0.85098, 0.85098 0.85098 0.85098, 
            0.85098 0.85098 0.85098, 0.85098 0.85098 0.85098, 0.85098 0.85098 0.85098, 0.85098 0.85098 0.85098, 
            0.85098 0.85098 0.85098, 0.85098 0.85098 0.85098, 0.85098 0.85098 0.85098, 0.85098 0.85098 0.85098, 
            0.85098 0.85098 0.85098, 0.85098 0.85098 0.85098, 0.85098 0.85098 0.85098, 0.85098 0.85098 0.85098, 
            0.85098 0.85098 0.85098, 0.85098 0.85098 0.85098, 0.85098 0.85098 0.85098, 0.85098 0.85098 0.85098, 
            0.85098 0.85098 0.85098, 0.85098 0.85098 0.85098, 0.85098 0.85098 0.85098, 0.85098 0.85098 0.85098, 
            0.85098 0.85098 0.85098, 0.85098 0.85098 0.85098, 0.85098 0.85098 0.85098, 0.85098 0.85098 0.85098, 
            0.85098 0.85098 0.85098, 0.85098 0.85098 0.85098, 0.85098 0.85098 0.85098, 0.85098 0.85098 0.85098, 
            0.85098 0.85098 0.85098, 0.85098 0.85098 0.85098, 0.85098 0.85098 0.85098, 0.85098 0.85098 0.85098, 
            0.85098 0.85098 0.85098, 0.85098 0.85098 0.85098, 0.85098 0.85098 0.85098, 0.85098 0.85098 0.85098, 
            0.85098 0.85098 0.85098, 0.85098 0.85098 0.85098, 0.85098 0.85098 0.85098, 0.85098 0.85098 0.85098, 
            0.85098 0.85098 0.85098, 0.85098 0.85098 0.85098, 0.85098 0.85098 0.85098, 0.85098 0.85098 0.85098, 
            0.85098 0.85098 0.85098, 0.85098 0.85098 0.85098, 0.85098 0.85098 0.85098, 0.85098 0.85098 0.85098, 
            0.85098 0.85098 0.85098, 0.85098 0.85098 0.85098, 0.85098 0.85098 0.85098, 0.85098 0.85098 0.85098, 
            0.85098 0.85098 0.85098, 0.85098 0.85098 0.85098, 0.85098 0.85098 0.85098, 0.85098 0.85098 0.85098, 
            0.85098 0.85098 0.85098, 0.85098 0.85098 0.85098, 0.85098 0.85098 0.85098, 0.85098 0.85098 0.85098, 
            0.85098 0.85098 0.85098, 0.85098 0.85098 0.85098, 0.85098 0.85098 0.85098, 0.85098 0.85098 0.85098, 
            0.85098 0.85098 0.85098, 0.85098 0.85098 0.85098, 0.85098 0.85098 0.85098, 0.85098 0.85098 0.85098, 
            0.85098 0.85098 0.85098, 0.85098 0.85098 0.85098, 0.207843 0.207843 0.207843, 0.207843 0.207843 0.207843, 
            0.207843 0.207843 0.207843, 0.207843 0.207843 0.207843, 0.207843 0.207843 0.207843, 0.207843 0.207843 0.207843, 
            0.207843 0.207843 0.207843, 0.207843 0.207843 0.207843, 0.207843 0.207843 0.207843, 0.207843 0.207843 0.207843, 
            0.207843 0.207843 0.207843, 0.207843 0.207843 0.207843, 0.207843 0.207843 0.207843, 0.207843 0.207843 0.207843, 
            0.207843 0.207843 0.207843, 0.207843 0.207843 0.207843, 0.207843 0.207843 0.207843, 0.207843 0.207843 0.207843, 
            0.207843 0.207843 0.207843, 0.207843 0.207843 0.207843, 0.207843 0.207843 0.207843, 0.207843 0.207843 0.207843, 
            0.207843 0.207843 0.207843, 0.207843 0.207843 0.207843, 0.207843 0.207843 0.207843, 0.207843 0.207843 0.207843, 
            0.207843 0.207843 0.207843, 0.207843 0.207843 0.207843, 0.207843 0.207843 0.207843, 0.207843 0.207843 0.207843, 
            0.207843 0.207843 0.207843, 0.207843 0.207843 0.207843, 0.207843 0.207843 0.207843, 0.207843 0.207843 0.207843, 
            0.207843 0.207843 0.207843, 0.207843 0.207843 0.207843, 0.207843 0.207843 0.207843, 0.207843 0.207843 0.207843, 
            0.207843 0.207843 0.207843, 0.207843 0.207843 0.207843, 0.207843 0.207843 0.207843, 0.207843 0.207843 0.207843, 
            0.207843 0.207843 0.207843, 0.207843 0.207843 0.207843, 0.207843 0.207843 0.207843, 0.207843 0.207843 0.207843, 
            0.207843 0.207843 0.207843, 0.207843 0.207843 0.207843, 0.207843 0.207843 0.207843, 0.207843 0.207843 0.207843, 
            0.207843 0.207843 0.207843, 0.207843 0.207843 0.207843, 0.207843 0.207843 0.207843, 0.207843 0.207843 0.207843, 
            0.207843 0.207843 0.207843, 0.207843 0.207843 0.207843, 0.207843 0.207843 0.207843, 0.207843 0.207843 0.207843, 
            0.207843 0.207843 0.207843, 0.207843 0.207843 0.207843, 0.207843 0.207843 0.207843, 0.207843 0.207843 0.207843, 
            0.207843 0.207843 0.207843, 0.207843 0.207843 0.207843, 0.207843 0.207843 0.207843, 0.207843 0.207843 0.207843, 
            0.207843 0.207843 0.207843, 0.207843 0.207843 0.207843, 0.207843 0.207843 0.207843, 0.207843 0.207843 0.207843, 
            0.207843 0.207843 0.207843, 0.207843 0.207843 0.207843, 0.207843 0.207843 0.207843, 0.207843 0.207843 0.207843, 
            0.207843 0.207843 0.207843, 0.207843 0.207843 0.207843, 0.207843 0.207843 0.207843, 0.207843 0.207843 0.207843, 
            0.207843 0.207843 0.207843, 0.207843 0.207843 0.207843, 0.207843 0.207843 0.207843, 0.207843 0.207843 0.207843, 
            0.207843 0.207843 0.207843, 0.207843 0.207843 0.207843, 0.207843 0.207843 0.207843, 0.207843 0.207843 0.207843, 
            0.207843 0.207843 0.207843, 0.207843 0.207843 0.207843, 0.207843 0.207843 0.207843, 0.207843 0.207843 0.207843, 
            0.207843 0.207843 0.207843, 0.207843 0.207843 0.207843, 0.207843 0.207843 0.207843, 0.207843 0.207843 0.207843, 
            0.207843 0.207843 0.207843, 0.207843 0.207843 0.207843, 0.207843 0.207843 0.207843, 0.207843 0.207843 0.207843, 
            0.207843 0.207843 0.207843, 0.207843 0.207843 0.207843, 0.207843 0.207843 0.207843, 0.207843 0.207843 0.207843, 
            0.207843 0.207843 0.207843, 0.207843 0.207843 0.207843, 0.207843 0.207843 0.207843, 0.207843 0.207843 0.207843, 
            0.207843 0.207843 0.207843, 0.207843 0.207843 0.207843, 0.207843 0.207843 0.207843, 0.207843 0.207843 0.207843, 
            0.207843 0.207843 0.207843, 0.207843 0.207843 0.207843, 0.207843 0.207843 0.207843, 0.207843 0.207843 0.207843, 
            0.207843 0.207843 0.207843, 0.207843 0.207843 0.207843, 0.207843 0.207843 0.207843, 0.207843 0.207843 0.207843, 
            0.207843 0.207843 0.207843, 0.207843 0.207843 0.207843, 0.207843 0.207843 0.207843, 0.207843 0.207843 0.207843, 
            0.207843 0.207843 0.207843, 0.207843 0.207843 0.207843, 0.207843 0.207843 0.207843, 0.207843 0.207843 0.207843, 
            0.207843 0.207843 0.207843, 0.207843 0.207843 0.207843, 0.207843 0.207843 0.207843, 0.207843 0.207843 0.207843, 
            0.207843 0.207843 0.207843, 0.207843 0.207843 0.207843, 0.207843 0.207843 0.207843, 0.207843 0.207843 0.207843, 
            0.207843 0.207843 0.207843, 0.207843 0.207843 0.207843, 0.207843 0.207843 0.207843, 0.207843 0.207843 0.207843, 
            0.207843 0.207843 0.207843, 0.207843 0.207843 0.207843, 0.207843 0.207843 0.207843, 0.207843 0.207843 0.207843, 
            0.207843 0.207843 0.207843, 0.207843 0.207843 0.207843, 0.207843 0.207843 0.207843, 0.207843 0.207843 0.207843, 
            0.207843 0.207843 0.207843, 0.207843 0.207843 0.207843, 0.207843 0.207843 0.207843, 0.207843 0.207843 0.207843, 
            0.207843 0.207843 0.207843, 0.207843 0.207843 0.207843, 0.207843 0.207843 0.207843, 0.207843 0.207843 0.207843, 
            0.207843 0.207843 0.207843, 0.207843 0.207843 0.207843, 0.207843 0.207843 0.207843, 0.85098 0.85098 0.85098, 
            0.85098 0.85098 0.85098, 0.85098 0.85098 0.85098, 0.85098 0.85098 0.85098, 0.85098 0.85098 0.85098, 
            0.85098 0.85098 0.85098, 0.85098 0.85098 0.85098, 0.85098 0.85098 0.85098, 0.85098 0.85098 0.85098, 
            0.85098 0.85098 0.85098, 0.85098 0.85098 0.85098, 0.85098 0.85098 0.85098, 0.85098 0.85098 0.85098, 
            0.85098 0.85098 0.85098, 0.85098 0.85098 0.85098, 0.85098 0.85098 0.85098, 0.85098 0.85098 0.85098, 
            0.85098 0.85098 0.85098, 0.85098 0.85098 0.85098, 0.85098 0.85098 0.85098, 0.85098 0.85098 0.85098, 
            0.85098 0.85098 0.85098, 0.85098 0.85098 0.85098, 0.85098 0.85098 0.85098, 0.85098 0.85098 0.85098, 
            0.85098 0.85098 0.85098, 0.85098 0.85098 0.85098, 0.85098 0.85098 0.85098, 0.85098 0.85098 0.85098, 
            0.85098 0.85098 0.85098, 0.85098 0.85098 0.85098, 0.85098 0.85098 0.85098, 0.85098 0.85098 0.85098, 
            0.85098 0.85098 0.85098, 0.85098 0.85098 0.85098, 0.85098 0.85098 0.85098, 0.85098 0.85098 0.85098, 
            0.85098 0.85098 0.85098, 0.85098 0.85098 0.85098, 0.85098 0.85098 0.85098, 0.85098 0.85098 0.85098, 
            0.85098 0.85098 0.85098, 0.85098 0.85098 0.85098, 0.85098 0.85098 0.85098, 0.85098 0.85098 0.85098, 
            0.85098 0.85098 0.85098, 0.85098 0.85098 0.85098, 0.85098 0.85098 0.85098, 0.85098 0.85098 0.85098, 
            0.85098 0.85098 0.85098, 0.85098 0.85098 0.85098, 0.85098 0.85098 0.85098, 0.85098 0.85098 0.85098, 
            0.85098 0.85098 0.85098, 0.85098 0.85098 0.85098, 0.85098 0.85098 0.85098, 0.85098 0.85098 0.85098, 
            0.85098 0.85098 0.85098, 0.85098 0.85098 0.85098, 0.85098 0.85098 0.85098, 0.85098 0.85098 0.85098, 
            0.85098 0.85098 0.85098, 0.85098 0.85098 0.85098, 0.85098 0.85098 0.85098, 0.85098 0.85098 0.85098, 
            0.85098 0.85098 0.85098, 0.85098 0.85098 0.85098, 0.85098 0.85098 0.85098, 0.85098 0.85098 0.85098, 
            0.85098 0.85098 0.85098, 0.85098 0.85098 0.85098, 0.85098 0.85098 0.85098, 0.85098 0.85098 0.85098, 
            0.85098 0.85098 0.85098, 0.85098 0.85098 0.85098, 0.85098 0.85098 0.85098, 0.85098 0.85098 0.85098, 
            0.85098 0.85098 0.85098, 0.85098 0.85098 0.85098, 0.85098 0.85098 0.85098, 0.85098 0.85098 0.85098, 
            0.85098 0.85098 0.85098, 0.85098 0.85098 0.85098, 0.85098 0.85098 0.85098, 0.85098 0.85098 0.85098, 
            0.85098 0.85098 0.85098, 0.85098 0.85098 0.85098, 0.85098 0.85098 0.85098, 0.85098 0.85098 0.85098, 
            0.85098 0.85098 0.85098, 0.85098 0.85098 0.85098, 0.85098 0.85098 0.85098, 0.85098 0.85098 0.85098, 
            0.85098 0.85098 0.85098, 0.85098 0.85098 0.85098, 0.85098 0.85098 0.85098, 0.85098 0.85098 0.85098, 
            0.85098 0.85098 0.85098, 0.85098 0.85098 0.85098, 0.85098 0.85098 0.85098, 0.85098 0.85098 0.85098, 
            0.85098 0.85098 0.85098, 0.85098 0.85098 0.85098, 0.85098 0.85098 0.85098, 0.85098 0.85098 0.85098, 
            0.85098 0.85098 0.85098, 0.85098 0.85098 0.85098, 0.85098 0.85098 0.85098, 0.85098 0.85098 0.85098, 
            0.85098 0.85098 0.85098, 0.85098 0.85098 0.85098, 0.85098 0.85098 0.85098, 0.85098 0.85098 0.85098, 
            0.85098 0.85098 0.85098, 0.85098 0.85098 0.85098, 0.85098 0.85098 0.85098, 0.85098 0.85098 0.85098, 
            0.85098 0.85098 0.85098, 0.85098 0.85098 0.85098, 0.85098 0.85098 0.85098, 0.85098 0.85098 0.85098, 
            0.85098 0.85098 0.85098, 0.85098 0.85098 0.85098, 0.85098 0.85098 0.85098, 0.85098 0.85098 0.85098, 
            0.85098 0.85098 0.85098, 0.85098 0.85098 0.85098, 0.85098 0.85098 0.85098, 0.85098 0.85098 0.85098, 
            0.85098 0.85098 0.85098, 0.85098 0.85098 0.85098, 0.85098 0.85098 0.85098, 0.85098 0.85098 0.85098, 
            0.85098 0.85098 0.85098, 0.85098 0.85098 0.85098, 0.85098 0.85098 0.85098, 0.85098 0.85098 0.85098, 
            0.85098 0.85098 0.85098, 0.85098 0.85098 0.85098, 0.85098 0.85098 0.85098, 0.85098 0.85098 0.85098, 
            0.85098 0.85098 0.85098, 0.85098 0.85098 0.85098, 0.85098 0.85098 0.85098, 0.85098 0.85098 0.85098, 
            0.85098 0.85098 0.85098, 0.85098 0.85098 0.85098, 0.85098 0.85098 0.85098, 0.85098 0.85098 0.85098, 
            0.85098 0.85098 0.85098, 0.85098 0.85098 0.85098, 0.85098 0.85098 0.85098, 0.85098 0.85098 0.85098, 
            0.85098 0.85098 0.85098, 0.85098 0.85098 0.85098, 0.85098 0.85098 0.85098, 0.85098 0.85098 0.85098, 
            0.85098 0.85098 0.85098, 0.85098 0.85098 0.85098, 0.85098 0.85098 0.85098, 0.85098 0.85098 0.85098, 
            0.85098 0.85098 0.85098, 0.85098 0.85098 0.85098, 0.85098 0.85098 0.85098, 0.85098 0.85098 0.85098, 
            0.85098 0.85098 0.85098, 0.85098 0.85098 0.85098, 0.85098 0.85098 0.85098, 0.85098 0.85098 0.85098, 
            0.85098 0.85098 0.85098, 0.85098 0.85098 0.85098, 0.85098 0.85098 0.85098, 0.85098 0.85098 0.85098, 
            0.85098 0.85098 0.85098, 0.85098 0.85098 0.85098, 0.85098 0.85098 0.85098, 0.85098 0.85098 0.85098, 
            0.85098 0.85098 0.85098, 0.85098 0.85098 0.85098, 0.85098 0.85098 0.85098, 0.85098 0.85098 0.85098, 
            0.85098 0.85098 0.85098, 0.85098 0.85098 0.85098, 0.85098 0.85098 0.85098, 0.85098 0.85098 0.85098, 
            0.85098 0.85098 0.85098, 0.85098 0.85098 0.85098, 0.85098 0.85098 0.85098, 0.85098 0.85098 0.85098, 
            0.85098 0.85098 0.85098, 0.85098 0.85098 0.85098, 0.85098 0.85098 0.85098, 0.85098 0.85098 0.85098, 
            0.85098 0.85098 0.85098, 0.85098 0.85098 0.85098, 0.85098 0.85098 0.85098, 0.85098 0.85098 0.85098, 
            0.85098 0.85098 0.85098, 0.85098 0.85098 0.85098, 0.85098 0.85098 0.85098, 0.85098 0.85098 0.85098, 
            0.85098 0.85098 0.85098, 0.85098 0.85098 0.85098, 0.85098 0.85098 0.85098, 0.85098 0.85098 0.85098, 
            0.85098 0.85098 0.85098, 0.85098 0.85098 0.85098, 0.85098 0.85098 0.85098, 0.85098 0.85098 0.85098, 
            0.85098 0.85098 0.85098, 0.85098 0.85098 0.85098, 0.85098 0.85098 0.85098, 0.85098 0.85098 0.85098, 
            0.85098 0.85098 0.85098, 0.85098 0.85098 0.85098, 0.85098 0.85098 0.85098, 0.85098 0.85098 0.85098, 
            0.85098 0.85098 0.85098, 0.85098 0.85098 0.85098, 0.85098 0.85098 0.85098, 0.85098 0.85098 0.85098, 
            0.85098 0.85098 0.85098, 0.85098 0.85098 0.85098, 0.85098 0.85098 0.85098, 0.85098 0.85098 0.85098, 
            0.85098 0.85098 0.85098, 0.85098 0.85098 0.85098, 0.85098 0.85098 0.85098, 0.85098 0.85098 0.85098, 
            0.85098 0.85098 0.85098, 0.85098 0.85098 0.85098, 0.85098 0.85098 0.85098, 0.85098 0.85098 0.85098, 
            0.85098 0.85098 0.85098, 0.85098 0.85098 0.85098, 0.85098 0.85098 0.85098, 0.85098 0.85098 0.85098, 
            0.85098 0.85098 0.85098, 0.85098 0.85098 0.85098, 0.85098 0.85098 0.85098, 0.85098 0.85098 0.85098, 
            0.85098 0.85098 0.85098, 0.85098 0.85098 0.85098, 0.85098 0.85098 0.85098, 0.85098 0.85098 0.85098, 
            0.85098 0.85098 0.85098, 0.85098 0.85098 0.85098, 0.85098 0.85098 0.85098, 0.85098 0.85098 0.85098, 
            0.85098 0.85098 0.85098, 0.85098 0.85098 0.85098, 0.85098 0.85098 0.85098, 0.85098 0.85098 0.85098, 
            0.85098 0.85098 0.85098, 0.85098 0.85098 0.85098, 0.85098 0.85098 0.85098, 0.85098 0.85098 0.85098, 
            0.85098 0.85098 0.85098, 0.85098 0.85098 0.85098, 0.85098 0.85098 0.85098, 0.85098 0.85098 0.85098, 
            0.85098 0.85098 0.85098, 0.85098 0.85098 0.85098, 0.85098 0.85098 0.85098, 0.85098 0.85098 0.85098, 
            0.85098 0.85098 0.85098, 0.85098 0.85098 0.85098, 0.85098 0.85098 0.85098, 0.85098 0.85098 0.85098, 
            0.85098 0.85098 0.85098, 0.85098 0.85098 0.85098, 0.85098 0.85098 0.85098, 0.85098 0.85098 0.85098, 
            0.85098 0.85098 0.85098, 0.85098 0.85098 0.85098, 0.85098 0.85098 0.85098, 0.85098 0.85098 0.85098, 
            0.85098 0.85098 0.85098, 0.85098 0.85098 0.85098, 0.85098 0.85098 0.85098, 0.85098 0.85098 0.85098, 
            0.85098 0.85098 0.85098, 0.85098 0.85098 0.85098, 0.85098 0.85098 0.85098, 0.85098 0.85098 0.85098, 
            0.85098 0.85098 0.85098, 0.85098 0.85098 0.85098, 0.85098 0.85098 0.85098, 0.85098 0.85098 0.85098, 
            0.85098 0.85098 0.85098, 0.85098 0.85098 0.85098, 0.85098 0.85098 0.85098, 0.85098 0.85098 0.85098, 
            0.85098 0.85098 0.85098, 0.85098 0.85098 0.85098, 0.85098 0.85098 0.85098, 0.85098 0.85098 0.85098, 
            0.85098 0.85098 0.85098, 0.85098 0.85098 0.85098, 0.85098 0.85098 0.85098, 0.85098 0.85098 0.85098, 
            0.85098 0.85098 0.85098, 0.85098 0.85098 0.85098, 0.85098 0.85098 0.85098, 0.85098 0.85098 0.85098, 
            0.85098 0.85098 0.85098, 0.85098 0.85098 0.85098, 0.85098 0.85098 0.85098, 0.85098 0.85098 0.85098, 
            0.85098 0.85098 0.85098, 0.85098 0.85098 0.85098, 0.85098 0.85098 0.85098, 0.85098 0.85098 0.85098, 
            0.85098 0.85098 0.85098, 0.85098 0.85098 0.85098, 0.85098 0.85098 0.85098, 0.85098 0.85098 0.85098, 
            0.85098 0.85098 0.85098, 0.85098 0.85098 0.85098, 0.85098 0.85098 0.85098, 0.85098 0.85098 0.85098, 
            0.85098 0.85098 0.85098, 0.85098 0.85098 0.85098, 0.85098 0.85098 0.85098, 0.85098 0.85098 0.85098, 
            0.85098 0.85098 0.85098, 0.85098 0.85098 0.85098, 0.85098 0.85098 0.85098, 0.85098 0.85098 0.85098, 
            0.85098 0.85098 0.85098, 0.85098 0.85098 0.85098, 0.85098 0.85098 0.85098, 0.85098 0.85098 0.85098, 
            0.85098 0.85098 0.85098, 0.85098 0.85098 0.85098, 0.85098 0.85098 0.85098, 0.85098 0.85098 0.85098, 
            0.85098 0.85098 0.85098, 0.85098 0.85098 0.85098, 0.85098 0.85098 0.85098, 0.85098 0.85098 0.85098, 
            0.85098 0.85098 0.85098, 0.85098 0.85098 0.85098, 0.85098 0.85098 0.85098, 0.85098 0.85098 0.85098, 
            0.85098 0.85098 0.85098, 0.85098 0.85098 0.85098, 0.85098 0.85098 0.85098, 0.85098 0.85098 0.85098, 
            0.85098 0.85098 0.85098, 0.85098 0.85098 0.85098, 0.85098 0.85098 0.85098, 0.85098 0.85098 0.85098, 
            0.85098 0.85098 0.85098, 0.85098 0.85098 0.85098, 0.85098 0.85098 0.85098, 0.85098 0.85098 0.85098, 
            0.85098 0.85098 0.85098, 0.85098 0.85098 0.85098, 0.85098 0.85098 0.85098, 0.85098 0.85098 0.85098, 
            0.85098 0.85098 0.85098, 0.85098 0.85098 0.85098, 0.85098 0.85098 0.85098, 0.85098 0.85098 0.85098, 
            0.85098 0.85098 0.85098, 0.85098 0.85098 0.85098, 0.85098 0.85098 0.85098, 0.85098 0.85098 0.85098, 
            0.85098 0.85098 0.85098, 0.85098 0.85098 0.85098, 0.85098 0.85098 0.85098, 0.85098 0.85098 0.85098, 
            0.85098 0.85098 0.85098, 0.85098 0.85098 0.85098, 0.85098 0.85098 0.85098, 0.85098 0.85098 0.85098, 
            0.85098 0.85098 0.85098, 0.85098 0.85098 0.85098, 0.85098 0.85098 0.85098, 0.207843 0.207843 0.207843, 
            0.207843 0.207843 0.207843, 0.207843 0.207843 0.207843, 0.207843 0.207843 0.207843, 0.207843 0.207843 0.207843, 
            0.207843 0.207843 0.207843, 0.207843 0.207843 0.207843, 0.207843 0.207843 0.207843, 0.207843 0.207843 0.207843, 
            0.207843 0.207843 0.207843, 0.207843 0.207843 0.207843, 0.207843 0.207843 0.207843, 0.207843 0.207843 0.207843, 
            0.207843 0.207843 0.207843, 0.207843 0.207843 0.207843, 0.207843 0.207843 0.207843, 0.207843 0.207843 0.207843, 
            0.207843 0.207843 0.207843, 0.207843 0.207843 0.207843, 0.207843 0.207843 0.207843, 0.207843 0.207843 0.207843, 
            0.207843 0.207843 0.207843, 0.207843 0.207843 0.207843, 0.207843 0.207843 0.207843, 0.207843 0.207843 0.207843, 
            0.207843 0.207843 0.207843, 0.207843 0.207843 0.207843, 0.207843 0.207843 0.207843, 0.207843 0.207843 0.207843, 
            0.207843 0.207843 0.207843, 0.207843 0.207843 0.207843, 0.207843 0.207843 0.207843, 0.207843 0.207843 0.207843, 
            0.207843 0.207843 0.207843, 0.207843 0.207843 0.207843, 0.207843 0.207843 0.207843, 0.207843 0.207843 0.207843, 
            0.207843 0.207843 0.207843, 0.207843 0.207843 0.207843, 0.207843 0.207843 0.207843, 0.207843 0.207843 0.207843, 
            0.207843 0.207843 0.207843, 0.207843 0.207843 0.207843, 0.207843 0.207843 0.207843, 0.207843 0.207843 0.207843, 
            0.207843 0.207843 0.207843, 0.207843 0.207843 0.207843, 0.85098 0.85098 0.85098, 0.85098 0.85098 0.85098, 
            0.85098 0.85098 0.85098, 0.85098 0.85098 0.85098, 0.85098 0.85098 0.85098, 0.85098 0.85098 0.85098, 
            0.85098 0.85098 0.85098, 0.85098 0.85098 0.85098, 0.85098 0.85098 0.85098, 0.85098 0.85098 0.85098, 
            0.85098 0.85098 0.85098, 0.207843 0.207843 0.207843, 0.207843 0.207843 0.207843, 0.207843 0.207843 0.207843, 
            0.207843 0.207843 0.207843, 0.207843 0.207843 0.207843, 0.207843 0.207843 0.207843, 0.207843 0.207843 0.207843, 
            0.207843 0.207843 0.207843, 0.207843 0.207843 0.207843, 0.207843 0.207843 0.207843, 0.207843 0.207843 0.207843, 
            0.207843 0.207843 0.207843, 0.207843 0.207843 0.207843, 0.207843 0.207843 0.207843, 0.207843 0.207843 0.207843, 
            0.207843 0.207843 0.207843, 0.207843 0.207843 0.207843, 0.207843 0.207843 0.207843, 0.207843 0.207843 0.207843, 
            0.207843 0.207843 0.207843, 0.207843 0.207843 0.207843, 0.207843 0.207843 0.207843, 0.85098 0.85098 0.85098, 
            0.85098 0.85098 0.85098, 0.85098 0.85098 0.85098, 0.85098 0.85098 0.85098, 0.85098 0.85098 0.85098, 
            0.85098 0.85098 0.85098, 0.85098 0.85098 0.85098, 0.85098 0.85098 0.85098, 0.85098 0.85098 0.85098, 
            0.85098 0.85098 0.85098, 0.85098 0.85098 0.85098, 0.85098 0.85098 0.85098, 0.85098 0.85098 0.85098, 
            0.85098 0.85098 0.85098, 0.85098 0.85098 0.85098, 0.85098 0.85098 0.85098, 0.85098 0.85098 0.85098, 
            0.85098 0.85098 0.85098, 0.85098 0.85098 0.85098, 0.85098 0.85098 0.85098, 0.85098 0.85098 0.85098, 
            0.85098 0.85098 0.85098, 0.85098 0.85098 0.85098, 0.85098 0.85098 0.85098, 0.85098 0.85098 0.85098, 
            0.85098 0.85098 0.85098, 0.85098 0.85098 0.85098, 0.85098 0.85098 0.85098, 0.85098 0.85098 0.85098, 
            0.85098 0.85098 0.85098, 0.85098 0.85098 0.85098, 0.207843 0.207843 0.207843, 0.207843 0.207843 0.207843, 
            0.85098 0.85098 0.85098, 0.207843 0.207843 0.207843, 0.85098 0.85098 0.85098, 0.85098 0.85098 0.85098, 
            0.85098 0.85098 0.85098, 0.85098 0.85098 0.85098, 0.85098 0.85098 0.85098, 0.85098 0.85098 0.85098, 
            0.85098 0.85098 0.85098, 0.85098 0.85098 0.85098, 0.85098 0.85098 0.85098, 0.85098 0.85098 0.85098, 
            0.207843 0.207843 0.207843, 0.207843 0.207843 0.207843, 0.207843 0.207843 0.207843, 0.207843 0.207843 0.207843, 
            0.207843 0.207843 0.207843, 0.207843 0.207843 0.207843, 0.207843 0.207843 0.207843, 0.207843 0.207843 0.207843, 
            0.207843 0.207843 0.207843, 0.207843 0.207843 0.207843, 0.207843 0.207843 0.207843, 0.207843 0.207843 0.207843, 
            0.207843 0.207843 0.207843, 0.207843 0.207843 0.207843, 0.207843 0.207843 0.207843, 0.207843 0.207843 0.207843, 
            0.207843 0.207843 0.207843, 0.207843 0.207843 0.207843, 0.207843 0.207843 0.207843, 0.207843 0.207843 0.207843, 
            0.94902 0.760784 0.180392, 0.94902 0.760784 0.180392, 0.94902 0.760784 0.180392, 0.94902 0.760784 0.180392, 
            0.94902 0.760784 0.180392, 0.94902 0.760784 0.180392, 0.94902 0.760784 0.180392, 0.94902 0.760784 0.180392, 
            0.94902 0.760784 0.180392, 0.94902 0.760784 0.180392, 0.94902 0.760784 0.180392, 0.94902 0.760784 0.180392, 
            0.94902 0.760784 0.180392, 0.94902 0.760784 0.180392, 0.94902 0.760784 0.180392, 0.94902 0.760784 0.180392, 
            0.94902 0.760784 0.180392, 0.94902 0.760784 0.180392, 0.94902 0.760784 0.180392, 0.94902 0.760784 0.180392, 
            0.94902 0.760784 0.180392, 0.94902 0.760784 0.180392, 0.94902 0.760784 0.180392, 0.94902 0.760784 0.180392, 
            0.207843 0.207843 0.207843, 0.207843 0.207843 0.207843, 0.207843 0.207843 0.207843, 0.207843 0.207843 0.207843, 
            0.207843 0.207843 0.207843, 0.207843 0.207843 0.207843, 0.207843 0.207843 0.207843, 0.207843 0.207843 0.207843, 
            0.207843 0.207843 0.207843, 0.207843 0.207843 0.207843, 0.207843 0.207843 0.207843, 0.207843 0.207843 0.207843, 
            0.207843 0.207843 0.207843, 0.207843 0.207843 0.207843, 0.207843 0.207843 0.207843, 0.207843 0.207843 0.207843, 
            0.207843 0.207843 0.207843, 0.207843 0.207843 0.207843, 0.207843 0.207843 0.207843, 0.207843 0.207843 0.207843, 
            0.207843 0.207843 0.207843, 0.207843 0.207843 0.207843, 0.207843 0.207843 0.207843, 0.94902 0.760784 0.180392, 
            0.94902 0.760784 0.180392, 0.94902 0.760784 0.180392, 0.94902 0.760784 0.180392, 0.94902 0.760784 0.180392, 
            0.94902 0.760784 0.180392, 0.94902 0.760784 0.180392, 0.94902 0.760784 0.180392, 0.94902 0.760784 0.180392, 
            0.94902 0.760784 0.180392, 0.94902 0.760784 0.180392, 0.94902 0.760784 0.180392, 0.94902 0.760784 0.180392, 
            0.94902 0.760784 0.180392, 0.94902 0.760784 0.180392, 0.94902 0.760784 0.180392, 0.94902 0.760784 0.180392, 
            0.94902 0.760784 0.180392, 0.94902 0.760784 0.180392, 0.94902 0.760784 0.180392, 0.94902 0.760784 0.180392, 
            0.94902 0.760784 0.180392, 0.94902 0.760784 0.180392, 0.94902 0.760784 0.180392, 0.207843 0.207843 0.207843, 
            0.207843 0.207843 0.207843, 0.207843 0.207843 0.207843, 0.207843 0.207843 0.207843, 0.207843 0.207843 0.207843, 
            0.207843 0.207843 0.207843, 0.207843 0.207843 0.207843, 0.207843 0.207843 0.207843, 0.207843 0.207843 0.207843, 
            0.207843 0.207843 0.207843, 0.207843 0.207843 0.207843, 0.207843 0.207843 0.207843, 0.207843 0.207843 0.207843, 
            0.207843 0.207843 0.207843, 0.207843 0.207843 0.207843, 0.207843 0.207843 0.207843, 0.207843 0.207843 0.207843, 
            0.207843 0.207843 0.207843, 0.207843 0.207843 0.207843, 0.207843 0.207843 0.207843, 0.207843 0.207843 0.207843, 
            0.207843 0.207843 0.207843, 0.207843 0.207843 0.207843, 0.207843 0.207843 0.207843, 0.207843 0.207843 0.207843, 
            0.207843 0.207843 0.207843, 0.207843 0.207843 0.207843, 0.207843 0.207843 0.207843, 0.207843 0.207843 0.207843, 
            0.207843 0.207843 0.207843, 0.207843 0.207843 0.207843, 0.207843 0.207843 0.207843, 0.207843 0.207843 0.207843, 
            0.207843 0.207843 0.207843, 0.207843 0.207843 0.207843, 0.207843 0.207843 0.207843, 0.207843 0.207843 0.207843, 
            0.207843 0.207843 0.207843, 0.207843 0.207843 0.207843, 0.207843 0.207843 0.207843, 0.207843 0.207843 0.207843, 
            0.207843 0.207843 0.207843, 0.207843 0.207843 0.207843, 0.207843 0.207843 0.207843, 0.207843 0.207843 0.207843, 
            0.207843 0.207843 0.207843, 0.207843 0.207843 0.207843, 0.207843 0.207843 0.207843, 0.207843 0.207843 0.207843, 
            0.207843 0.207843 0.207843, 0.207843 0.207843 0.207843, 0.207843 0.207843 0.207843, 0.207843 0.207843 0.207843, 
            0.207843 0.207843 0.207843, 0.207843 0.207843 0.207843, 0.207843 0.207843 0.207843, 0.207843 0.207843 0.207843, 
            0.207843 0.207843 0.207843, 0.207843 0.207843 0.207843, 0.207843 0.207843 0.207843, 0.207843 0.207843 0.207843, 
            0.207843 0.207843 0.207843, 0.207843 0.207843 0.207843, 0.207843 0.207843 0.207843, 0.207843 0.207843 0.207843, 
            0.207843 0.207843 0.207843, 0.207843 0.207843 0.207843, 0.207843 0.207843 0.207843, 0.207843 0.207843 0.207843, 
            0.207843 0.207843 0.207843, 0.207843 0.207843 0.207843, 0.207843 0.207843 0.207843, 0.207843 0.207843 0.207843, 
            0.207843 0.207843 0.207843, 0.207843 0.207843 0.207843, 0.207843 0.207843 0.207843, 0.207843 0.207843 0.207843, 
            0.207843 0.207843 0.207843, 0.207843 0.207843 0.207843, 0.207843 0.207843 0.207843, 0.207843 0.207843 0.207843, 
            0.207843 0.207843 0.207843, 0.207843 0.207843 0.207843, 0.207843 0.207843 0.207843, 0.207843 0.207843 0.207843, 
            0.207843 0.207843 0.207843, 0.207843 0.207843 0.207843, 0.207843 0.207843 0.207843, 0.207843 0.207843 0.207843, 
            0.207843 0.207843 0.207843, 0.207843 0.207843 0.207843, 0.207843 0.207843 0.207843, 0.207843 0.207843 0.207843, 
            0.207843 0.207843 0.207843, 0.207843 0.207843 0.207843, 0.207843 0.207843 0.207843, 0.207843 0.207843 0.207843, 
            0.207843 0.207843 0.207843, 0.207843 0.207843 0.207843, 0.207843 0.207843 0.207843, 0.207843 0.207843 0.207843, 
            0.207843 0.207843 0.207843, 0.207843 0.207843 0.207843, 0.207843 0.207843 0.207843, 0.207843 0.207843 0.207843, 
            0.207843 0.207843 0.207843, 0.207843 0.207843 0.207843, 0.207843 0.207843 0.207843, 0.207843 0.207843 0.207843, 
            0.207843 0.207843 0.207843, 0.207843 0.207843 0.207843, 0.207843 0.207843 0.207843, 0.207843 0.207843 0.207843, 
            0.207843 0.207843 0.207843, 0.207843 0.207843 0.207843, 0.207843 0.207843 0.207843, 0.207843 0.207843 0.207843, 
            0.207843 0.207843 0.207843, 0.207843 0.207843 0.207843, 0.207843 0.207843 0.207843, 0.207843 0.207843 0.207843, 
            0.207843 0.207843 0.207843, 0.207843 0.207843 0.207843, 0.207843 0.207843 0.207843, 0.207843 0.207843 0.207843, 
            0.207843 0.207843 0.207843, 0.207843 0.207843 0.207843, 0.207843 0.207843 0.207843, 0.207843 0.207843 0.207843, 
            0.207843 0.207843 0.207843, 0.207843 0.207843 0.207843, 0.207843 0.207843 0.207843, 0.207843 0.207843 0.207843, 
            0.207843 0.207843 0.207843, 0.207843 0.207843 0.207843, 0.207843 0.207843 0.207843, 0.207843 0.207843 0.207843, 
            0.207843 0.207843 0.207843, 0.207843 0.207843 0.207843, 0.207843 0.207843 0.207843, 0.207843 0.207843 0.207843, 
            0.207843 0.207843 0.207843, 0.207843 0.207843 0.207843, 0.207843 0.207843 0.207843, 0.207843 0.207843 0.207843, 
            0.207843 0.207843 0.207843, 0.207843 0.207843 0.207843, 0.207843 0.207843 0.207843, 0.207843 0.207843 0.207843, 
            0.207843 0.207843 0.207843, 0.207843 0.207843 0.207843, 0.207843 0.207843 0.207843, 0.207843 0.207843 0.207843, 
            0.207843 0.207843 0.207843, 0.207843 0.207843 0.207843, 0.207843 0.207843 0.207843, 0.207843 0.207843 0.207843, 
            0.207843 0.207843 0.207843, 0.207843 0.207843 0.207843, 0.207843 0.207843 0.207843, 0.207843 0.207843 0.207843, 
            0.207843 0.207843 0.207843, 0.207843 0.207843 0.207843, 0.207843 0.207843 0.207843, 0.207843 0.207843 0.207843, 
            0.207843 0.207843 0.207843, 0.207843 0.207843 0.207843, 0.207843 0.207843 0.207843, 0.207843 0.207843 0.207843, 
            0.207843 0.207843 0.207843, 0.207843 0.207843 0.207843, 0.207843 0.207843 0.207843, 0.207843 0.207843 0.207843, 
            0.207843 0.207843 0.207843, 0.207843 0.207843 0.207843, 0.207843 0.207843 0.207843, 0.207843 0.207843 0.207843, 
            0.94902 0.760784 0.180392, 0.94902 0.760784 0.180392, 0.94902 0.760784 0.180392, 0.94902 0.760784 0.180392, 
            0.94902 0.760784 0.180392, 0.94902 0.760784 0.180392, 0.94902 0.760784 0.180392, 0.94902 0.760784 0.180392, 
            0.94902 0.760784 0.180392, 0.94902 0.760784 0.180392, 0.94902 0.760784 0.180392, 0.94902 0.760784 0.180392, 
            0.94902 0.760784 0.180392, 0.94902 0.760784 0.180392, 0.94902 0.760784 0.180392, 0.94902 0.760784 0.180392, 
            0.94902 0.760784 0.180392, 0.94902 0.760784 0.180392, 0.94902 0.760784 0.180392, 0.94902 0.760784 0.180392, 
            0.94902 0.760784 0.180392, 0.94902 0.760784 0.180392, 0.94902 0.760784 0.180392, 0.94902 0.760784 0.180392, 
            0.94902 0.760784 0.180392, 0.94902 0.760784 0.180392, 0.94902 0.760784 0.180392, 0.94902 0.760784 0.180392, 
            0.94902 0.760784 0.180392, 0.94902 0.760784 0.180392, 0.94902 0.760784 0.180392, 0.94902 0.760784 0.180392, 
            0.94902 0.760784 0.180392, 0.94902 0.760784 0.180392, 0.94902 0.760784 0.180392, 0.94902 0.760784 0.180392, 
            0.94902 0.760784 0.180392, 0.94902 0.760784 0.180392, 0.94902 0.760784 0.180392, 0.94902 0.760784 0.180392, 
            0.94902 0.760784 0.180392, 0.94902 0.760784 0.180392, 0.94902 0.760784 0.180392, 0.94902 0.760784 0.180392, 
            0.94902 0.760784 0.180392, 0.94902 0.760784 0.180392, 0.94902 0.760784 0.180392, 0.94902 0.760784 0.180392, 
            0.94902 0.760784 0.180392, 0.94902 0.760784 0.180392, 0.94902 0.760784 0.180392, 0.94902 0.760784 0.180392, 
            0.94902 0.760784 0.180392, 0.94902 0.760784 0.180392, 0.94902 0.760784 0.180392, 0.94902 0.760784 0.180392, 
            0.94902 0.760784 0.180392, 0.94902 0.760784 0.180392, 0.94902 0.760784 0.180392, 0.94902 0.760784 0.180392, 
            0.94902 0.760784 0.180392, 0.94902 0.760784 0.180392, 0.94902 0.760784 0.180392, 0.94902 0.760784 0.180392, 
            0.94902 0.760784 0.180392, 0.94902 0.760784 0.180392, 0.94902 0.760784 0.180392, 0.94902 0.760784 0.180392, 
            0.94902 0.760784 0.180392, 0.94902 0.760784 0.180392, 0.94902 0.760784 0.180392, 0.94902 0.760784 0.180392, 
            0.94902 0.760784 0.180392, 0.94902 0.760784 0.180392, 0.94902 0.760784 0.180392, 0.94902 0.760784 0.180392, 
            0.94902 0.760784 0.180392, 0.94902 0.760784 0.180392, 0.94902 0.760784 0.180392, 0.94902 0.760784 0.180392, 
            0.94902 0.760784 0.180392, 0.94902 0.760784 0.180392, 0.94902 0.760784 0.180392, 0.94902 0.760784 0.180392, 
            0.94902 0.760784 0.180392, 0.94902 0.760784 0.180392, 0.94902 0.760784 0.180392, 0.94902 0.760784 0.180392, 
            0.94902 0.760784 0.180392, 0.94902 0.760784 0.180392, 0.94902 0.760784 0.180392, 0.94902 0.760784 0.180392, 
            0.94902 0.760784 0.180392, 0.94902 0.760784 0.180392, 0.94902 0.760784 0.180392, 0.94902 0.760784 0.180392, 
            0.94902 0.760784 0.180392, 0.94902 0.760784 0.180392, 0.94902 0.760784 0.180392, 0.94902 0.760784 0.180392, 
            0.94902 0.760784 0.180392, 0.94902 0.760784 0.180392, 0.94902 0.760784 0.180392, 0.94902 0.760784 0.180392, 
            0.94902 0.760784 0.180392, 0.94902 0.760784 0.180392, 0.94902 0.760784 0.180392, 0.94902 0.760784 0.180392, 
            0.94902 0.760784 0.180392, 0.94902 0.760784 0.180392, 0.94902 0.760784 0.180392, 0.94902 0.760784 0.180392, 
            0.94902 0.760784 0.180392, 0.94902 0.760784 0.180392, 0.94902 0.760784 0.180392, 0.94902 0.760784 0.180392, 
            0.94902 0.760784 0.180392, 0.94902 0.760784 0.180392, 0.94902 0.760784 0.180392, 0.94902 0.760784 0.180392, 
            0.94902 0.760784 0.180392, 0.94902 0.760784 0.180392, 0.94902 0.760784 0.180392, 0.94902 0.760784 0.180392, 
            0.94902 0.760784 0.180392, 0.94902 0.760784 0.180392, 0.94902 0.760784 0.180392, 0.94902 0.760784 0.180392, 
            0.94902 0.760784 0.180392, 0.94902 0.760784 0.180392, 0.94902 0.760784 0.180392, 0.94902 0.760784 0.180392, 
            0.94902 0.760784 0.180392, 0.94902 0.760784 0.180392, 0.94902 0.760784 0.180392, 0.94902 0.760784 0.180392, 
            0.94902 0.760784 0.180392, 0.94902 0.760784 0.180392, 0.94902 0.760784 0.180392, 0.94902 0.760784 0.180392, 
            0.94902 0.760784 0.180392, 0.94902 0.760784 0.180392, 0.94902 0.760784 0.180392, 0.94902 0.760784 0.180392, 
            0.94902 0.760784 0.180392, 0.94902 0.760784 0.180392, 0.94902 0.760784 0.180392, 0.94902 0.760784 0.180392, 
            0.94902 0.760784 0.180392, 0.94902 0.760784 0.180392, 0.94902 0.760784 0.180392, 0.94902 0.760784 0.180392, 
            0.94902 0.760784 0.180392, 0.94902 0.760784 0.180392, 0.94902 0.760784 0.180392, 0.94902 0.760784 0.180392, 
            0.94902 0.760784 0.180392, 0.94902 0.760784 0.180392, 0.94902 0.760784 0.180392, 0.94902 0.760784 0.180392, 
            0.94902 0.760784 0.180392, 0.94902 0.760784 0.180392, 0.94902 0.760784 0.180392, 0.94902 0.760784 0.180392, 
            0.94902 0.760784 0.180392, 0.94902 0.760784 0.180392, 0.94902 0.760784 0.180392, 0.94902 0.760784 0.180392, 
            0.207843 0.207843 0.207843, 0.207843 0.207843 0.207843, 0.207843 0.207843 0.207843, 0.207843 0.207843 0.207843, 
            0.207843 0.207843 0.207843, 0.207843 0.207843 0.207843, 0.207843 0.207843 0.207843, 0.207843 0.207843 0.207843, 
            0.207843 0.207843 0.207843, 0.207843 0.207843 0.207843, 0.207843 0.207843 0.207843, 0.207843 0.207843 0.207843, 
            0.207843 0.207843 0.207843, 0.207843 0.207843 0.207843, 0.207843 0.207843 0.207843, 0.207843 0.207843 0.207843, 
            0.207843 0.207843 0.207843, 0.207843 0.207843 0.207843, 0.207843 0.207843 0.207843, 0.207843 0.207843 0.207843, 
            0.207843 0.207843 0.207843, 0.207843 0.207843 0.207843, 0.85098 0.85098 0.85098, 0.85098 0.85098 0.85098, 
            0.85098 0.85098 0.85098, 0.85098 0.85098 0.85098, 0.85098 0.85098 0.85098, 0.85098 0.85098 0.85098, 
            0.85098 0.85098 0.85098, 0.85098 0.85098 0.85098, 0.85098 0.85098 0.85098, 0.85098 0.85098 0.85098, 
            0.85098 0.85098 0.85098, 0.85098 0.85098 0.85098, 0.85098 0.85098 0.85098, 0.85098 0.85098 0.85098, 
            0.85098 0.85098 0.85098, 0.85098 0.85098 0.85098, 0.85098 0.85098 0.85098, 0.85098 0.85098 0.85098, 
            0.85098 0.85098 0.85098, 0.85098 0.85098 0.85098, 0.85098 0.85098 0.85098, 0.85098 0.85098 0.85098, 
            0.85098 0.85098 0.85098, 0.85098 0.85098 0.85098, 0.85098 0.85098 0.85098, 0.85098 0.85098 0.85098, 
            0.85098 0.85098 0.85098, 0.85098 0.85098 0.85098, 0.85098 0.85098 0.85098, 0.85098 0.85098 0.85098, 
            0.85098 0.85098 0.85098, 0.85098 0.85098 0.85098, 0.85098 0.85098 0.85098, 0.85098 0.85098 0.85098, 
            0.85098 0.85098 0.85098, 0.85098 0.85098 0.85098, 0.85098 0.85098 0.85098, 0.85098 0.85098 0.85098, 
            0.85098 0.85098 0.85098, 0.85098 0.85098 0.85098, 0.85098 0.85098 0.85098, 0.85098 0.85098 0.85098, 
            0.85098 0.85098 0.85098, 0.85098 0.85098 0.85098, 0.85098 0.85098 0.85098, 0.85098 0.85098 0.85098, 
            0.85098 0.85098 0.85098, 0.85098 0.85098 0.85098, 0.85098 0.85098 0.85098, 0.85098 0.85098 0.85098, 
            0.85098 0.85098 0.85098, 0.85098 0.85098 0.85098, 0.85098 0.85098 0.85098, 0.85098 0.85098 0.85098, 
            0.85098 0.85098 0.85098, 0.85098 0.85098 0.85098, 0.85098 0.85098 0.85098, 0.85098 0.85098 0.85098, 
            0.85098 0.85098 0.85098, 0.85098 0.85098 0.85098, 0.85098 0.85098 0.85098, 0.85098 0.85098 0.85098, 
            0.207843 0.207843 0.207843
          ]
        }
        coordIndex
        [
          0,1,2,-1, 4,0,5,-1, 5,0,2,-1, 6,4,7,-1, 8,6,9,-1, 9,6,7,-1, 
          13,8,9,-1, 10,9,11,-1, 10,12,9,-1, 9,12,13,-1, 14,15,16,-1, 16,15,17,-1, 
          16,17,18,-1, 16,18,19,-1, 20,14,21,-1, 21,14,16,-1, 25,20,21,-1, 22,21,23,-1, 
          22,24,21,-1, 21,24,25,-1, 26,27,28,-1, 28,27,29,-1, 28,29,30,-1, 28,30,31,-1, 
          1,26,3,-1, 3,26,28,-1, 20,25,27,-1, 1,0,26,-1, 26,0,4,-1, 4,6,8,-1, 
          27,26,20,-1, 20,26,4,-1, 20,4,14,-1, 14,4,8,-1, 14,8,15,-1, 15,8,13,-1, 
          9,7,5,-1, 31,23,28,-1, 28,23,21,-1, 16,19,11,-1, 11,9,16,-1, 16,9,5,-1, 
          16,5,21,-1, 21,5,2,-1, 21,2,28,-1, 28,2,3,-1, 23,30,22,-1, 22,30,29,-1, 
          22,29,24,-1, 24,29,27,-1, 24,27,25,-1, 11,18,10,-1, 10,18,17,-1, 10,17,12,-1, 
          12,17,15,-1, 12,15,13,-1, 32,33,34,-1, 34,33,1408,-1, 2,32,1409,-1, 1409,32,34,-1, 
          37,2,1409,-1, 38,3,39,-1, 39,3,37,-1, 40,38,41,-1, 41,38,39,-1, 40,41,42,-1, 
          42,41,43,-1, 42,43,44,-1, 44,43,45,-1, 44,45,46,-1, 46,45,47,-1, 46,47,48,-1, 
          48,47,49,-1, 48,49,50,-1, 50,49,51,-1, 50,51,52,-1, 52,51,53,-1, 52,53,54,-1, 
          54,53,55,-1, 54,55,56,-1, 56,55,57,-1, 56,57,58,-1, 58,57,59,-1, 60,58,61,-1, 
          61,58,59,-1, 1408,60,61,-1, 42,44,2,-1, 2,44,46,-1, 52,54,32,-1, 42,2,40,-1, 
          40,2,3,-1, 40,3,38,-1, 54,56,32,-1, 32,56,33,-1, 33,56,58,-1, 33,58,60,-1, 
          2,46,48,-1, 2,48,32,-1, 32,48,50,-1, 32,50,52,-1, 1408,61,59,-1, 55,53,34,-1, 
          55,34,57,-1, 1408,59,34,-1, 34,59,57,-1, 47,45,1409,-1, 1409,45,43,-1, 1409,43,37,-1, 
          37,43,41,-1, 37,41,39,-1, 34,53,51,-1, 34,51,1409,-1, 1409,51,49,-1, 1409,49,47,-1, 
          62,63,1410,-1, 1410,63,65,-1, 63,5,65,-1, 65,5,1411,-1, 1411,7,67,-1, 7,68,67,-1, 
          67,68,69,-1, 68,70,69,-1, 69,70,71,-1, 72,74,73,-1, 73,74,75,-1, 73,75,76,-1, 
          76,75,78,-1, 76,78,77,-1, 77,78,79,-1, 77,79,80,-1, 80,79,81,-1, 80,81,82,-1, 
          82,81,83,-1, 82,83,84,-1, 84,83,85,-1, 84,85,86,-1, 86,85,87,-1, 86,87,88,-1, 
          88,87,89,-1, 88,89,70,-1, 70,89,71,-1, 72,90,74,-1, 74,90,91,-1, 91,62,1410,-1, 
          63,73,76,-1, 63,76,77,-1, 73,63,72,-1, 72,63,62,-1, 72,62,90,-1, 63,77,80,-1, 
          63,80,5,-1, 5,80,82,-1, 5,82,84,-1, 84,86,5,-1, 5,86,88,-1, 5,88,7,-1, 
          7,88,70,-1, 7,70,68,-1, 67,69,71,-1, 79,78,65,-1, 87,85,1411,-1, 67,71,1411,-1, 
          1411,71,89,-1, 1411,89,87,-1, 78,75,65,-1, 65,75,74,-1, 65,74,1410,-1, 1410,74,91,-1, 
          1411,85,83,-1, 1411,83,65,-1, 65,83,81,-1, 65,81,79,-1, 92,93,94,-1, 94,93,95,-1, 
          94,95,96,-1, 97,19,11,-1, 98,99,100,-1, 100,99,101,-1, 100,101,102,-1, 142,97,133,-1, 
          97,142,141,-1, 97,141,103,-1, 96,131,107,-1, 141,148,103,-1, 103,148,104,-1, 103,104,23,-1, 
          104,156,31,-1, 31,156,102,-1, 102,156,105,-1, 102,105,106,-1, 23,104,31,-1, 96,107,11,-1, 
          11,107,133,-1, 11,133,97,-1, 203,202,102,-1, 102,202,183,-1, 102,183,100,-1, 96,169,131,-1, 
          131,169,108,-1, 109,106,144,-1, 109,144,108,-1, 108,144,143,-1, 108,143,131,-1, 106,109,180,-1, 
          106,180,102,-1, 102,180,203,-1, 100,183,171,-1, 100,171,95,-1, 95,171,170,-1, 95,170,165,-1, 
          95,165,96,-1, 96,165,169,-1, 94,96,90,-1, 90,96,110,-1, 92,94,62,-1, 93,92,111,-1, 
          111,92,62,-1, 95,93,112,-1, 112,93,111,-1, 100,95,113,-1, 113,95,112,-1, 98,100,114,-1, 
          114,100,113,-1, 99,98,33,-1, 33,98,114,-1, 101,99,60,-1, 102,101,115,-1, 115,101,60,-1, 
          31,102,116,-1, 116,102,115,-1, 117,31,116,-1, 103,23,118,-1, 118,23,117,-1, 97,103,119,-1, 
          119,103,118,-1, 19,97,120,-1, 120,97,119,-1, 121,19,120,-1, 96,11,110,-1, 110,11,121,-1, 
          90,110,62,-1, 62,110,112,-1, 62,112,111,-1, 110,121,119,-1, 119,121,120,-1, 110,119,112,-1, 
          112,119,118,-1, 112,118,113,-1, 113,118,33,-1, 113,33,114,-1, 117,116,118,-1, 118,116,115,-1, 
          118,115,33,-1, 33,115,60,-1, 190,122,193,-1, 123,205,204,-1, 123,204,206,-1, 123,206,124,-1, 
          123,124,122,-1, 122,124,125,-1, 122,125,160,-1, 122,190,191,-1, 205,123,182,-1, 122,160,193,-1, 
          129,227,126,-1, 127,220,128,-1, 127,128,126,-1, 126,128,129,-1, 220,215,128,-1, 227,228,126,-1, 
          217,215,220,-1, 130,215,131,-1, 131,215,132,-1, 132,217,139,-1, 217,220,133,-1, 133,220,142,-1, 
          207,135,134,-1, 135,136,134,-1, 134,136,142,-1, 217,133,139,-1, 130,131,137,-1, 136,138,142,-1, 
          137,131,140,-1, 138,141,142,-1, 140,131,143,-1, 139,133,107,-1, 139,107,132,-1, 132,107,131,-1, 
          143,144,140,-1, 140,144,145,-1, 140,145,137,-1, 137,145,146,-1, 137,146,130,-1, 130,146,147,-1, 
          130,147,225,-1, 148,141,149,-1, 149,141,138,-1, 149,138,150,-1, 150,138,136,-1, 150,136,151,-1, 
          151,136,135,-1, 151,135,207,-1, 229,228,156,-1, 228,226,156,-1, 226,227,155,-1, 155,227,154,-1, 
          152,153,106,-1, 225,147,153,-1, 147,146,153,-1, 153,146,106,-1, 152,106,105,-1, 152,105,154,-1, 
          151,229,150,-1, 146,145,106,-1, 229,156,104,-1, 229,104,150,-1, 150,104,149,-1, 145,144,106,-1, 
          154,105,155,-1, 149,104,148,-1, 155,105,156,-1, 155,156,226,-1, 157,191,158,-1, 158,190,164,-1, 
          164,193,188,-1, 188,160,168,-1, 186,159,168,-1, 159,161,168,-1, 157,158,162,-1, 161,163,168,-1, 
          162,158,166,-1, 163,167,168,-1, 188,168,169,-1, 188,169,164,-1, 164,169,165,-1, 164,165,158,-1, 
          158,165,166,-1, 166,165,170,-1, 167,108,168,-1, 168,108,169,-1, 170,171,166,-1, 166,171,172,-1, 
          166,172,162,-1, 162,172,173,-1, 162,173,157,-1, 157,173,174,-1, 157,174,195,-1, 109,108,175,-1, 
          175,108,167,-1, 175,167,176,-1, 176,167,163,-1, 176,163,177,-1, 177,163,161,-1, 177,161,178,-1, 
          178,161,159,-1, 178,159,186,-1, 178,180,179,-1, 206,204,180,-1, 202,205,181,-1, 181,182,183,-1, 
          195,174,183,-1, 174,173,183,-1, 204,203,180,-1, 178,179,177,-1, 173,172,183,-1, 177,179,176,-1, 
          172,171,183,-1, 181,183,202,-1, 176,179,175,-1, 179,180,109,-1, 179,109,175,-1, 125,184,160,-1, 
          184,185,160,-1, 186,168,160,-1, 186,160,185,-1, 157,187,191,-1, 193,164,190,-1, 190,158,191,-1, 
          191,187,189,-1, 160,188,193,-1, 191,189,192,-1, 191,192,194,-1, 191,194,122,-1, 157,195,187,-1, 
          187,195,196,-1, 187,196,189,-1, 189,196,197,-1, 189,197,192,-1, 192,197,198,-1, 192,198,194,-1, 
          194,198,123,-1, 194,123,122,-1, 178,186,199,-1, 199,186,185,-1, 199,185,200,-1, 200,185,184,-1, 
          200,184,201,-1, 201,184,125,-1, 201,125,124,-1, 123,198,182,-1, 198,197,182,-1, 197,196,182,-1, 
          195,183,182,-1, 195,182,196,-1, 182,181,205,-1, 178,199,180,-1, 205,202,203,-1, 205,203,204,-1, 
          206,180,199,-1, 206,199,200,-1, 206,200,201,-1, 206,201,124,-1, 151,207,208,-1, 208,207,209,-1, 
          208,209,210,-1, 210,209,211,-1, 210,211,212,-1, 212,211,213,-1, 212,213,214,-1, 214,213,127,-1, 
          214,127,126,-1, 127,213,134,-1, 213,211,134,-1, 211,209,134,-1, 207,134,209,-1, 134,142,220,-1, 
          130,216,215,-1, 217,132,215,-1, 215,216,218,-1, 215,218,219,-1, 215,219,221,-1, 127,134,220,-1, 
          215,221,128,-1, 129,222,153,-1, 222,223,153,-1, 223,224,153,-1, 225,153,224,-1, 151,208,229,-1, 
          152,154,227,-1, 227,226,228,-1, 229,208,210,-1, 229,210,212,-1, 228,229,212,-1, 228,212,214,-1, 
          129,153,152,-1, 129,152,227,-1, 228,214,126,-1, 130,225,216,-1, 216,225,224,-1, 216,224,218,-1, 
          218,224,223,-1, 218,223,219,-1, 219,223,222,-1, 219,222,221,-1, 221,222,129,-1, 221,129,128,-1, 
          231,230,232,-1, 231,232,233,-1, 233,232,234,-1, 233,234,235,-1, 233,235,237,-1, 237,235,236,-1, 
          237,236,238,-1, 237,238,239,-1, 239,238,240,-1, 239,240,242,-1, 239,242,241,-1, 241,242,243,-1, 
          245,244,243,-1, 243,244,241,-1, 244,245,246,-1, 244,246,248,-1, 248,246,247,-1, 248,247,251,-1, 
          251,247,249,-1, 251,249,250,-1, 251,250,253,-1, 253,250,252,-1, 253,252,254,-1, 253,254,255,-1, 
          255,254,256,-1, 255,256,258,-1, 258,256,257,-1, 258,257,259,-1, 259,257,260,-1, 259,260,261,-1, 
          262,263,264,-1, 264,263,265,-1, 267,266,264,-1, 267,264,265,-1, 266,267,268,-1, 268,267,269,-1, 
          269,270,268,-1, 270,271,268,-1, 271,272,268,-1, 268,272,273,-1, 257,230,260,-1, 256,234,232,-1, 
          257,256,230,-1, 230,256,232,-1, 256,254,234,-1, 234,254,252,-1, 234,252,250,-1, 234,250,249,-1, 
          247,246,243,-1, 242,240,249,-1, 249,240,238,-1, 249,238,236,-1, 247,243,249,-1, 249,243,242,-1, 
          236,235,249,-1, 249,235,234,-1, 246,245,243,-1, 265,263,231,-1, 265,231,233,-1, 265,233,267,-1, 
          267,233,237,-1, 267,237,269,-1, 269,237,239,-1, 269,239,270,-1, 270,239,241,-1, 270,241,271,-1, 
          271,241,244,-1, 271,244,248,-1, 271,248,272,-1, 248,251,272,-1, 272,251,273,-1, 251,253,273,-1, 
          273,253,268,-1, 253,255,268,-1, 268,255,266,-1, 255,258,266,-1, 261,262,259,-1, 259,262,264,-1, 
          259,264,258,-1, 258,264,266,-1, 263,262,231,-1, 231,262,261,-1, 231,261,230,-1, 230,261,260,-1, 
          275,276,274,-1, 274,276,281,-1, 274,281,278,-1, 285,278,281,-1, 280,279,281,-1, 281,279,277,-1, 
          279,280,282,-1, 279,282,283,-1, 279,283,284,-1, 281,277,285,-1, 279,284,286,-1, 288,289,287,-1, 
          287,289,290,-1, 289,291,290,-1, 290,291,292,-1, 292,291,293,-1, 292,293,294,-1, 294,293,296,-1, 
          294,296,295,-1, 295,296,297,-1, 297,296,298,-1, 297,298,300,-1, 297,300,299,-1, 299,300,301,-1, 
          300,302,301,-1, 301,302,303,-1, 302,305,303,-1, 303,305,304,-1, 306,307,308,-1, 308,307,304,-1, 
          308,304,305,-1, 307,287,304,-1, 290,303,287,-1, 303,304,287,-1, 292,294,301,-1, 294,295,297,-1, 
          301,294,299,-1, 303,290,301,-1, 301,290,292,-1, 294,297,299,-1, 288,274,289,-1, 289,274,278,-1, 
          289,278,291,-1, 291,278,285,-1, 291,285,277,-1, 291,277,293,-1, 293,277,279,-1, 293,279,296,-1, 
          296,279,286,-1, 286,298,296,-1, 298,286,284,-1, 298,284,283,-1, 298,283,300,-1, 300,283,282,-1, 
          300,282,302,-1, 302,282,280,-1, 302,280,281,-1, 302,281,305,-1, 305,281,276,-1, 305,276,308,-1, 
          308,276,275,-1, 308,275,306,-1, 287,307,288,-1, 288,307,306,-1, 288,306,274,-1, 274,306,275,-1, 
          309,310,312,-1, 312,310,311,-1, 312,311,313,-1, 312,313,315,-1, 315,313,314,-1, 315,314,316,-1, 
          315,316,317,-1, 317,316,318,-1, 317,318,319,-1, 317,319,320,-1, 320,319,321,-1, 320,321,323,-1, 
          323,321,322,-1, 323,322,324,-1, 323,324,325,-1, 326,325,324,-1, 325,326,328,-1, 325,328,327,-1, 
          327,328,329,-1, 327,329,332,-1, 332,329,330,-1, 332,330,331,-1, 332,331,333,-1, 333,331,334,-1, 
          333,334,335,-1, 333,335,337,-1, 337,335,336,-1, 337,336,338,-1, 337,338,339,-1, 346,342,343,-1, 
          341,344,340,-1, 340,344,345,-1, 343,342,340,-1, 343,340,345,-1, 343,347,346,-1, 346,347,348,-1, 
          346,348,349,-1, 346,349,350,-1, 350,351,346,-1, 336,310,338,-1, 335,314,313,-1, 310,336,335,-1, 
          310,335,311,-1, 311,335,313,-1, 335,334,314,-1, 334,331,314,-1, 314,331,330,-1, 314,330,329,-1, 
          321,319,329,-1, 329,319,318,-1, 328,324,329,-1, 329,324,322,-1, 329,322,321,-1, 329,318,316,-1, 
          329,316,314,-1, 324,328,326,-1, 309,312,341,-1, 341,312,344,-1, 344,312,315,-1, 344,315,345,-1, 
          345,315,317,-1, 345,317,343,-1, 343,317,320,-1, 343,320,347,-1, 347,320,323,-1, 347,323,348,-1, 
          348,323,325,-1, 348,325,349,-1, 349,325,327,-1, 349,327,350,-1, 327,332,350,-1, 350,332,351,-1, 
          332,333,351,-1, 351,333,346,-1, 333,337,346,-1, 346,337,342,-1, 339,340,337,-1, 337,340,342,-1, 
          341,340,309,-1, 309,340,339,-1, 309,339,310,-1, 310,339,338,-1, 353,354,352,-1, 352,354,355,-1, 
          352,355,356,-1, 365,356,355,-1, 358,357,359,-1, 359,357,355,-1, 355,357,360,-1, 357,358,361,-1, 
          357,361,362,-1, 357,362,363,-1, 360,364,355,-1, 355,364,365,-1, 357,363,366,-1, 368,370,367,-1, 
          367,370,369,-1, 369,370,371,-1, 369,371,373,-1, 373,371,372,-1, 373,372,374,-1, 373,374,375,-1, 
          375,374,376,-1, 375,376,377,-1, 377,376,378,-1, 377,378,380,-1, 377,380,379,-1, 380,382,379,-1, 
          379,382,381,-1, 382,384,381,-1, 381,384,383,-1, 386,385,383,-1, 386,383,384,-1, 369,381,367,-1, 
          381,383,367,-1, 367,383,385,-1, 379,373,375,-1, 381,369,379,-1, 379,369,373,-1, 375,377,379,-1, 
          368,352,370,-1, 370,352,356,-1, 370,356,371,-1, 371,356,365,-1, 371,365,372,-1, 372,365,364,-1, 
          372,364,360,-1, 372,360,374,-1, 374,360,357,-1, 374,357,376,-1, 376,357,366,-1, 376,366,363,-1, 
          376,363,378,-1, 378,363,362,-1, 378,362,380,-1, 380,362,361,-1, 380,361,382,-1, 382,361,358,-1, 
          382,358,359,-1, 382,359,384,-1, 384,359,355,-1, 384,355,354,-1, 384,354,386,-1, 386,354,353,-1, 
          367,385,368,-1, 368,385,386,-1, 368,386,352,-1, 352,386,353,-1, 393,387,388,-1, 388,389,393,-1, 
          393,389,390,-1, 390,391,392,-1, 393,390,392,-1, 389,388,398,-1, 398,388,394,-1, 394,395,398,-1, 
          398,395,399,-1, 399,397,398,-1, 397,399,396,-1, 396,399,400,-1, 399,395,393,-1, 393,395,387,-1, 
          395,394,387,-1, 387,394,388,-1, 390,396,391,-1, 391,396,400,-1, 391,400,392,-1, 392,400,399,-1, 
          392,399,393,-1, 396,390,397,-1, 397,390,398,-1, 398,390,389,-1, 407,401,402,-1, 403,404,405,-1, 
          405,404,406,-1, 406,407,405,-1, 404,403,408,-1, 402,405,407,-1, 405,402,410,-1, 410,402,409,-1, 
          414,410,415,-1, 410,411,413,-1, 409,412,410,-1, 410,412,411,-1, 410,413,415,-1, 416,414,415,-1, 
          411,412,407,-1, 407,412,401,-1, 412,409,401,-1, 401,409,402,-1, 405,410,414,-1, 405,414,403,-1, 
          403,414,416,-1, 403,416,408,-1, 408,416,415,-1, 408,415,404,-1, 411,407,413,-1, 413,407,406,-1, 
          413,406,404,-1, 413,404,415,-1, 460,417,418,-1, 418,417,419,-1, 418,419,420,-1, 420,419,421,-1, 
          420,421,422,-1, 422,421,423,-1, 422,423,424,-1, 424,423,425,-1, 424,425,426,-1, 426,425,427,-1, 
          426,427,428,-1, 428,427,429,-1, 428,429,430,-1, 430,429,431,-1, 430,431,432,-1, 432,431,433,-1, 
          432,433,434,-1, 434,433,435,-1, 434,435,436,-1, 436,435,437,-1, 436,437,438,-1, 438,437,439,-1, 
          438,439,440,-1, 440,439,441,-1, 440,441,442,-1, 442,441,443,-1, 442,443,444,-1, 444,443,445,-1, 
          444,445,446,-1, 446,445,447,-1, 446,447,448,-1, 448,447,449,-1, 448,449,450,-1, 450,449,451,-1, 
          450,451,452,-1, 452,451,453,-1, 452,453,454,-1, 454,453,455,-1, 454,455,456,-1, 456,455,457,-1, 
          456,457,458,-1, 458,457,459,-1, 458,459,460,-1, 460,459,417,-1, 441,439,421,-1, 421,439,437,-1, 
          421,437,435,-1, 421,443,441,-1, 449,447,421,-1, 421,447,445,-1, 421,445,443,-1, 453,451,421,-1, 
          421,451,449,-1, 457,455,421,-1, 421,455,453,-1, 417,459,421,-1, 421,459,457,-1, 421,419,417,-1, 
          421,427,425,-1, 421,425,423,-1, 421,431,429,-1, 421,429,427,-1, 435,433,421,-1, 421,433,431,-1, 
          436,438,460,-1, 432,434,460,-1, 460,434,436,-1, 460,430,432,-1, 460,426,428,-1, 460,428,430,-1, 
          420,422,460,-1, 460,422,424,-1, 460,424,426,-1, 460,418,420,-1, 454,456,460,-1, 460,456,458,-1, 
          450,452,460,-1, 460,452,454,-1, 446,448,460,-1, 460,448,450,-1, 460,442,444,-1, 460,444,446,-1, 
          438,440,460,-1, 460,440,442,-1, 461,462,463,-1, 463,462,464,-1, 463,464,465,-1, 465,464,466,-1, 
          465,466,467,-1, 467,466,468,-1, 467,468,469,-1, 469,468,470,-1, 469,470,471,-1, 471,470,472,-1, 
          471,472,473,-1, 473,472,474,-1, 473,474,475,-1, 475,474,476,-1, 475,476,477,-1, 477,476,478,-1, 
          477,478,479,-1, 479,478,480,-1, 479,480,500,-1, 500,480,481,-1, 500,481,482,-1, 482,481,483,-1, 
          482,483,484,-1, 484,483,485,-1, 484,485,486,-1, 486,485,487,-1, 486,487,488,-1, 488,487,489,-1, 
          488,489,490,-1, 490,489,491,-1, 490,491,492,-1, 492,491,493,-1, 492,493,494,-1, 494,493,495,-1, 
          494,495,496,-1, 496,495,497,-1, 496,497,498,-1, 498,497,499,-1, 498,499,461,-1, 461,499,462,-1, 
          483,481,472,-1, 472,481,480,-1, 487,485,472,-1, 472,485,483,-1, 491,489,472,-1, 472,489,487,-1, 
          495,493,472,-1, 472,493,491,-1, 472,497,495,-1, 462,499,472,-1, 472,499,497,-1, 466,464,472,-1, 
          472,464,462,-1, 470,468,472,-1, 472,468,466,-1, 472,476,474,-1, 480,478,472,-1, 472,478,476,-1, 
          477,479,500,-1, 500,475,477,-1, 471,473,500,-1, 500,473,475,-1, 467,469,500,-1, 500,469,471,-1, 
          463,465,500,-1, 500,465,467,-1, 498,461,500,-1, 500,461,463,-1, 500,496,498,-1, 492,494,500,-1, 
          500,494,496,-1, 488,490,500,-1, 500,490,492,-1, 484,486,500,-1, 500,486,488,-1, 500,482,484,-1, 
          501,502,503,-1, 503,502,504,-1, 503,504,505,-1, 505,504,506,-1, 505,506,507,-1, 507,506,508,-1, 
          507,508,509,-1, 509,508,510,-1, 509,510,511,-1, 511,510,547,-1, 511,547,512,-1, 512,547,513,-1, 
          512,513,514,-1, 514,513,515,-1, 514,515,516,-1, 516,515,517,-1, 516,517,518,-1, 518,517,519,-1, 
          518,519,520,-1, 520,519,521,-1, 520,521,522,-1, 522,521,523,-1, 522,523,548,-1, 548,523,524,-1, 
          548,524,525,-1, 525,524,526,-1, 525,526,527,-1, 527,526,528,-1, 527,528,529,-1, 529,528,530,-1, 
          529,530,531,-1, 531,530,532,-1, 531,532,533,-1, 533,532,534,-1, 533,534,535,-1, 535,534,536,-1, 
          535,536,537,-1, 537,536,538,-1, 537,538,539,-1, 539,538,540,-1, 539,540,541,-1, 541,540,542,-1, 
          541,542,543,-1, 543,542,544,-1, 543,544,545,-1, 545,544,546,-1, 545,546,501,-1, 501,546,502,-1, 
          523,521,547,-1, 526,524,547,-1, 547,524,523,-1, 547,530,528,-1, 547,528,526,-1, 547,534,532,-1, 
          547,532,530,-1, 540,538,547,-1, 547,538,536,-1, 547,536,534,-1, 544,542,547,-1, 547,542,540,-1, 
          502,546,547,-1, 547,546,544,-1, 506,504,547,-1, 547,504,502,-1, 510,508,547,-1, 547,508,506,-1, 
          517,515,547,-1, 547,515,513,-1, 521,519,547,-1, 547,519,517,-1, 518,520,548,-1, 548,520,522,-1, 
          514,516,548,-1, 548,516,518,-1, 511,512,548,-1, 548,512,514,-1, 507,509,548,-1, 548,509,511,-1, 
          548,505,507,-1, 545,501,548,-1, 548,501,503,-1, 548,503,505,-1, 541,543,548,-1, 548,543,545,-1, 
          537,539,548,-1, 548,539,541,-1, 548,533,535,-1, 548,535,537,-1, 548,529,531,-1, 548,531,533,-1, 
          548,525,527,-1, 548,527,529,-1, 549,550,551,-1, 551,550,552,-1, 551,552,553,-1, 553,552,554,-1, 
          553,554,555,-1, 555,554,556,-1, 555,556,557,-1, 557,556,558,-1, 557,558,559,-1, 559,558,560,-1, 
          559,560,561,-1, 561,560,562,-1, 561,562,563,-1, 563,562,564,-1, 563,564,565,-1, 565,564,566,-1, 
          565,566,598,-1, 598,566,567,-1, 598,567,568,-1, 568,567,569,-1, 568,569,570,-1, 570,569,571,-1, 
          570,571,572,-1, 572,571,573,-1, 572,573,574,-1, 574,573,575,-1, 574,575,576,-1, 576,575,577,-1, 
          576,577,578,-1, 578,577,579,-1, 578,579,580,-1, 580,579,581,-1, 580,581,582,-1, 582,581,583,-1, 
          582,583,584,-1, 584,583,585,-1, 584,585,586,-1, 586,585,587,-1, 586,587,588,-1, 588,587,589,-1, 
          588,589,590,-1, 590,589,597,-1, 590,597,591,-1, 591,597,592,-1, 591,592,593,-1, 593,592,594,-1, 
          593,594,595,-1, 595,594,596,-1, 595,596,549,-1, 549,596,550,-1, 573,571,597,-1, 577,575,597,-1, 
          597,575,573,-1, 581,579,597,-1, 597,579,577,-1, 585,583,597,-1, 597,583,581,-1, 597,589,587,-1, 
          597,587,585,-1, 594,592,597,-1, 550,596,597,-1, 597,596,594,-1, 554,552,597,-1, 597,552,550,-1, 
          558,556,597,-1, 597,556,554,-1, 564,562,597,-1, 597,562,560,-1, 597,560,558,-1, 567,566,597,-1, 
          597,566,564,-1, 571,569,597,-1, 597,569,567,-1, 568,570,598,-1, 598,570,572,-1, 598,572,574,-1, 
          561,563,598,-1, 598,563,565,-1, 555,557,598,-1, 598,557,559,-1, 598,559,561,-1, 551,553,598,-1, 
          598,553,555,-1, 595,549,598,-1, 598,549,551,-1, 591,593,598,-1, 598,593,595,-1, 598,588,590,-1, 
          598,590,591,-1, 582,584,598,-1, 598,584,586,-1, 598,586,588,-1, 578,580,598,-1, 598,580,582,-1, 
          574,576,598,-1, 598,576,578,-1, 599,600,601,-1, 601,600,602,-1, 601,602,603,-1, 603,602,604,-1, 
          603,604,605,-1, 605,604,606,-1, 605,606,607,-1, 607,606,608,-1, 607,608,609,-1, 609,608,610,-1, 
          609,610,611,-1, 611,610,612,-1, 611,612,613,-1, 613,612,614,-1, 613,614,615,-1, 615,614,616,-1, 
          615,616,617,-1, 617,616,618,-1, 617,618,619,-1, 619,618,620,-1, 619,620,621,-1, 621,620,622,-1, 
          621,622,623,-1, 623,622,642,-1, 623,642,624,-1, 624,642,625,-1, 624,625,626,-1, 626,625,627,-1, 
          626,627,628,-1, 628,627,629,-1, 628,629,630,-1, 630,629,631,-1, 630,631,632,-1, 632,631,633,-1, 
          632,633,634,-1, 634,633,635,-1, 634,635,636,-1, 636,635,637,-1, 636,637,638,-1, 638,637,639,-1, 
          638,639,640,-1, 640,639,641,-1, 640,641,599,-1, 599,641,600,-1, 629,627,642,-1, 642,627,625,-1, 
          633,631,642,-1, 642,631,629,-1, 642,635,633,-1, 639,637,642,-1, 642,637,635,-1, 600,641,642,-1, 
          642,641,639,-1, 642,604,602,-1, 642,602,600,-1, 642,608,606,-1, 642,606,604,-1, 642,612,610,-1, 
          642,610,608,-1, 616,614,642,-1, 642,614,612,-1, 622,620,642,-1, 642,620,618,-1, 642,618,616,-1, 
          623,624,630,-1, 619,621,630,-1, 630,621,623,-1, 630,615,617,-1, 630,617,619,-1, 630,611,613,-1, 
          630,613,615,-1, 630,607,609,-1, 630,609,611,-1, 630,603,605,-1, 630,605,607,-1, 640,599,630,-1, 
          630,599,601,-1, 630,601,603,-1, 630,638,640,-1, 630,634,636,-1, 630,636,638,-1, 630,632,634,-1, 
          630,624,626,-1, 630,626,628,-1, 644,643,645,-1, 644,645,646,-1, 646,645,647,-1, 646,647,648,-1, 
          648,647,649,-1, 648,649,650,-1, 650,649,651,-1, 650,651,652,-1, 652,651,653,-1, 652,653,654,-1, 
          654,653,655,-1, 654,655,656,-1, 656,655,657,-1, 656,657,658,-1, 658,657,659,-1, 658,659,660,-1, 
          660,659,661,-1, 660,661,662,-1, 662,661,663,-1, 662,663,680,-1, 680,663,664,-1, 664,663,665,-1, 
          664,665,666,-1, 666,665,667,-1, 666,667,668,-1, 668,667,669,-1, 668,669,670,-1, 670,669,671,-1, 
          670,671,672,-1, 672,671,673,-1, 672,673,674,-1, 674,673,675,-1, 674,675,676,-1, 676,675,677,-1, 
          676,677,678,-1, 678,677,679,-1, 678,679,644,-1, 644,679,643,-1, 665,663,679,-1, 679,663,661,-1, 
          669,667,679,-1, 679,667,665,-1, 679,671,669,-1, 675,673,679,-1, 679,673,671,-1, 679,677,675,-1, 
          679,645,643,-1, 679,649,647,-1, 679,647,645,-1, 679,653,651,-1, 679,651,649,-1, 657,655,679,-1, 
          679,655,653,-1, 661,659,679,-1, 679,659,657,-1, 658,660,680,-1, 680,660,662,-1, 654,656,680,-1, 
          680,656,658,-1, 680,652,654,-1, 680,648,650,-1, 680,650,652,-1, 644,646,680,-1, 680,646,648,-1, 
          678,644,680,-1, 680,676,678,-1, 672,674,680,-1, 680,674,676,-1, 680,670,672,-1, 666,668,680,-1, 
          680,668,670,-1, 680,664,666,-1, 682,681,683,-1, 682,683,684,-1, 684,683,685,-1, 684,685,686,-1, 
          686,685,687,-1, 686,687,688,-1, 688,687,689,-1, 688,689,690,-1, 690,689,691,-1, 690,691,692,-1, 
          692,691,693,-1, 692,693,694,-1, 694,693,695,-1, 694,695,696,-1, 696,695,697,-1, 696,697,698,-1, 
          698,697,699,-1, 698,699,700,-1, 700,699,701,-1, 700,701,728,-1, 728,701,702,-1, 728,702,703,-1, 
          703,702,704,-1, 703,704,705,-1, 705,704,706,-1, 705,706,707,-1, 707,706,708,-1, 707,708,709,-1, 
          709,708,710,-1, 709,710,711,-1, 711,710,712,-1, 711,712,713,-1, 713,712,714,-1, 713,714,715,-1, 
          715,714,727,-1, 715,727,716,-1, 716,727,717,-1, 716,717,718,-1, 718,717,719,-1, 718,719,720,-1, 
          720,719,721,-1, 720,721,722,-1, 722,721,723,-1, 722,723,724,-1, 724,723,725,-1, 724,725,726,-1, 
          726,725,681,-1, 726,681,682,-1, 704,702,727,-1, 708,706,727,-1, 727,706,704,-1, 712,710,727,-1, 
          727,710,708,-1, 727,714,712,-1, 719,717,727,-1, 725,723,727,-1, 727,723,721,-1, 727,721,719,-1, 
          727,681,725,-1, 727,685,683,-1, 727,683,681,-1, 727,689,687,-1, 727,687,685,-1, 727,693,691,-1, 
          727,691,689,-1, 727,697,695,-1, 727,695,693,-1, 702,701,727,-1, 727,701,699,-1, 727,699,697,-1, 
          703,705,728,-1, 728,696,698,-1, 728,698,700,-1, 692,694,728,-1, 728,694,696,-1, 728,688,690,-1, 
          728,690,692,-1, 684,686,728,-1, 728,686,688,-1, 726,682,728,-1, 728,682,684,-1, 722,724,728,-1, 
          728,724,726,-1, 716,718,728,-1, 728,718,720,-1, 728,720,722,-1, 713,715,728,-1, 728,715,716,-1, 
          709,711,728,-1, 728,711,713,-1, 705,707,728,-1, 728,707,709,-1, 729,765,730,-1, 729,730,731,-1, 
          731,730,732,-1, 731,732,766,-1, 766,732,733,-1, 766,733,734,-1, 734,733,735,-1, 734,735,736,-1, 
          736,735,737,-1, 736,737,738,-1, 738,737,739,-1, 738,739,740,-1, 740,739,741,-1, 740,741,742,-1, 
          742,741,743,-1, 742,743,744,-1, 744,743,745,-1, 744,745,746,-1, 746,745,747,-1, 746,747,748,-1, 
          748,747,749,-1, 748,749,750,-1, 750,749,751,-1, 750,751,752,-1, 752,751,753,-1, 752,753,754,-1, 
          754,753,755,-1, 754,755,756,-1, 756,755,757,-1, 756,757,758,-1, 758,757,759,-1, 758,759,760,-1, 
          760,759,761,-1, 760,761,762,-1, 762,761,763,-1, 762,763,764,-1, 764,763,765,-1, 764,765,729,-1, 
          749,747,755,-1, 755,747,745,-1, 753,751,755,-1, 755,751,749,-1, 755,759,757,-1, 763,761,755,-1, 
          755,761,759,-1, 755,765,763,-1, 755,732,730,-1, 755,730,765,-1, 755,735,733,-1, 755,733,732,-1, 
          739,737,755,-1, 755,737,735,-1, 755,741,739,-1, 745,743,755,-1, 755,743,741,-1, 742,744,766,-1, 
          766,744,746,-1, 766,740,742,-1, 736,738,766,-1, 766,738,740,-1, 766,734,736,-1, 764,729,766,-1, 
          766,729,731,-1, 760,762,766,-1, 766,762,764,-1, 766,758,760,-1, 766,754,756,-1, 766,756,758,-1, 
          750,752,766,-1, 766,752,754,-1, 746,748,766,-1, 766,748,750,-1, 769,770,64,-1, 64,771,772,-1, 
          64,772,773,-1, 773,774,64,-1, 64,774,775,-1, 64,775,776,-1, 64,776,769,-1, 770,777,64,-1, 
          64,777,778,-1, 64,778,779,-1, 64,779,771,-1, 781,782,64,-1, 64,782,783,-1, 780,784,64,-1, 
          64,784,785,-1, 64,785,786,-1, 64,786,781,-1, 783,787,35,-1, 35,787,788,-1, 64,788,789,-1, 
          64,789,790,-1, 64,790,780,-1, 767,812,791,-1, 768,792,64,-1, 64,792,793,-1, 793,794,64,-1, 
          64,794,795,-1, 64,795,791,-1, 791,795,796,-1, 797,798,768,-1, 768,798,799,-1, 768,799,792,-1, 
          796,800,791,-1, 791,800,801,-1, 791,801,768,-1, 768,801,802,-1, 768,802,797,-1, 35,803,812,-1, 
          812,803,804,-1, 812,804,805,-1, 806,807,791,-1, 791,807,808,-1, 791,808,64,-1, 64,808,809,-1, 
          64,809,35,-1, 35,809,810,-1, 35,810,803,-1, 805,811,812,-1, 791,812,813,-1, 791,813,806,-1, 
          812,767,35,-1, 814,815,816,-1, 816,815,817,-1, 816,817,818,-1, 819,820,821,-1, 821,820,822,-1, 
          821,822,823,-1, 823,822,824,-1, 793,792,825,-1, 825,792,826,-1, 827,828,794,-1, 794,828,795,-1, 
          828,827,829,-1, 829,827,825,-1, 829,825,830,-1, 830,825,831,-1, 826,832,825,-1, 825,832,833,-1, 
          833,834,825,-1, 825,834,835,-1, 825,835,831,-1, 809,808,836,-1, 836,808,837,-1, 838,839,810,-1, 
          810,839,803,-1, 840,836,841,-1, 841,836,837,-1, 840,842,836,-1, 836,842,843,-1, 836,843,844,-1, 
          839,838,845,-1, 845,838,836,-1, 845,836,846,-1, 846,836,844,-1, 847,848,849,-1, 849,848,850,-1, 
          816,847,814,-1, 814,847,849,-1, 814,849,851,-1, 851,849,1388,-1, 852,853,854,-1, 854,853,818,-1, 
          855,856,815,-1, 815,856,857,-1, 858,859,860,-1, 860,859,861,-1, 862,863,864,-1, 858,860,865,-1, 
          865,860,864,-1, 865,864,866,-1, 866,864,863,-1, 866,863,867,-1, 861,822,860,-1, 860,822,820,-1, 
          860,820,36,-1, 868,869,820,-1, 820,869,870,-1, 820,870,36,-1, 36,870,871,-1, 36,871,66,-1, 
          66,871,817,-1, 817,815,66,-1, 66,815,857,-1, 66,857,864,-1, 864,857,872,-1, 864,872,862,-1, 
          873,874,875,-1, 875,874,876,-1, 821,873,819,-1, 819,873,875,-1, 819,875,877,-1, 877,875,1359,-1, 
          860,36,878,-1, 878,36,879,-1, 878,879,767,-1, 767,879,35,-1, 864,860,880,-1, 880,860,878,-1, 
          768,64,880,-1, 880,64,881,-1, 880,881,864,-1, 864,881,66,-1, 879,36,881,-1, 881,36,66,-1, 
          882,872,883,-1, 883,872,857,-1, 883,857,850,-1, 850,857,849,-1, 817,871,818,-1, 818,871,854,-1, 
          854,871,876,-1, 876,871,870,-1, 876,870,875,-1, 822,861,824,-1, 824,861,884,-1, 861,859,884,-1, 
          884,859,885,-1, 859,858,885,-1, 885,858,886,-1, 858,865,886,-1, 886,865,887,-1, 865,866,887,-1, 
          887,866,888,-1, 866,867,888,-1, 888,867,889,-1, 867,863,889,-1, 889,863,890,-1, 863,862,890,-1, 
          890,862,891,-1, 862,872,891,-1, 891,872,882,-1, 892,893,894,-1, 894,893,895,-1, 894,895,896,-1, 
          896,895,897,-1, 896,897,898,-1, 898,897,899,-1, 898,899,900,-1, 900,899,901,-1, 902,903,904,-1, 
          904,903,905,-1, 904,905,906,-1, 906,905,907,-1, 906,907,908,-1, 908,907,909,-1, 908,909,910,-1, 
          910,909,911,-1, 912,913,925,-1, 925,913,914,-1, 925,914,915,-1, 916,917,925,-1, 925,917,918,-1, 
          925,918,912,-1, 919,920,925,-1, 925,920,921,-1, 925,921,916,-1, 922,923,925,-1, 925,923,924,-1, 
          925,924,919,-1, 925,926,927,-1, 925,927,922,-1, 928,929,925,-1, 925,929,930,-1, 931,932,925,-1, 
          925,932,933,-1, 925,933,928,-1, 915,934,925,-1, 925,934,935,-1, 925,935,931,-1, 936,937,892,-1, 
          892,937,893,-1, 910,911,938,-1, 938,911,939,-1, 940,908,823,-1, 823,908,910,-1, 941,906,940,-1, 
          940,906,908,-1, 942,904,941,-1, 941,904,906,-1, 943,902,942,-1, 942,902,904,-1, 901,903,900,-1, 
          900,903,902,-1, 900,902,944,-1, 944,902,943,-1, 945,898,944,-1, 944,898,900,-1, 946,896,945,-1, 
          945,896,898,-1, 947,894,946,-1, 946,894,896,-1, 948,949,937,-1, 937,949,950,-1, 951,952,953,-1, 
          953,952,939,-1, 899,897,895,-1, 895,893,937,-1, 903,901,905,-1, 905,901,909,-1, 905,909,907,-1, 
          895,1412,899,-1, 899,1412,901,-1, 901,1412,953,-1, 901,953,909,-1, 909,953,939,-1, 909,939,911,-1, 
          954,1412,950,-1, 950,1412,937,-1, 937,1412,895,-1, 984,956,953,-1, 984,953,1412,-1, 954,950,958,-1, 
          958,950,957,-1, 926,959,979,-1, 934,960,935,-1, 935,960,961,-1, 935,961,931,-1, 931,961,962,-1, 
          931,962,932,-1, 932,962,963,-1, 932,963,933,-1, 933,963,964,-1, 933,964,928,-1, 928,964,965,-1, 
          928,965,929,-1, 929,965,966,-1, 929,966,930,-1, 930,966,959,-1, 930,959,925,-1, 925,959,926,-1, 
          915,969,934,-1, 934,969,967,-1, 934,967,960,-1, 914,969,915,-1, 914,968,969,-1, 913,970,971,-1, 
          913,971,914,-1, 914,971,968,-1, 913,912,970,-1, 970,912,918,-1, 970,918,972,-1, 972,918,917,-1, 
          972,917,973,-1, 973,917,916,-1, 973,916,974,-1, 974,916,921,-1, 974,921,975,-1, 975,921,920,-1, 
          975,920,976,-1, 976,920,919,-1, 976,919,977,-1, 977,919,924,-1, 977,924,978,-1, 978,924,923,-1, 
          978,923,982,-1, 926,979,927,-1, 927,979,980,-1, 927,980,922,-1, 922,980,981,-1, 922,981,923,-1, 
          923,981,982,-1, 850,936,883,-1, 883,936,892,-1, 948,937,848,-1, 848,937,936,-1, 848,936,850,-1, 
          949,948,847,-1, 847,948,848,-1, 853,958,818,-1, 818,958,957,-1, 818,957,816,-1, 984,1151,1125,-1, 
          959,966,1412,-1, 1412,966,965,-1, 1412,965,983,-1, 983,965,964,-1, 983,964,963,-1, 963,962,983,-1, 
          983,962,961,-1, 983,961,960,-1, 1412,954,982,-1, 960,967,983,-1, 983,967,969,-1, 968,971,958,-1, 
          958,971,970,-1, 982,954,978,-1, 978,954,958,-1, 978,958,977,-1, 970,972,958,-1, 958,972,973,-1, 
          958,973,974,-1, 1412,982,981,-1, 1412,981,980,-1, 1412,979,959,-1, 983,969,968,-1, 983,968,958,-1, 
          974,975,958,-1, 958,975,976,-1, 958,976,977,-1, 980,979,1412,-1, 986,987,1412,-1, 988,989,1412,-1, 
          1412,989,990,-1, 1412,990,1010,-1, 1010,990,991,-1, 1010,991,992,-1, 992,993,1010,-1, 1010,993,994,-1, 
          1010,994,995,-1, 995,996,1010,-1, 1010,996,1004,-1, 985,997,983,-1, 983,997,998,-1, 983,998,999,-1, 
          987,1000,1412,-1, 1412,1000,1001,-1, 1412,1001,1009,-1, 1412,1002,988,-1, 1010,983,958,-1, 1010,1004,983,-1, 
          983,1003,1005,-1, 983,1005,985,-1, 999,1006,983,-1, 983,1006,1007,-1, 983,1007,1412,-1, 1412,1007,1008,-1, 
          1412,1008,986,-1, 1009,1002,1412,-1, 1012,1013,1412,-1, 1014,1015,1412,-1, 1412,1015,1016,-1, 1010,1016,1017,-1, 
          1010,1017,1018,-1, 1018,1019,1010,-1, 1010,1019,1020,-1, 1010,1020,1021,-1, 1021,1022,1010,-1, 1011,1023,1010,-1, 
          1010,1023,1024,-1, 1010,1024,1025,-1, 1013,1026,1412,-1, 1412,1026,1027,-1, 1412,1027,1035,-1, 1412,1028,1014,-1, 
          1010,1029,1030,-1, 1022,1029,1010,-1, 1010,1030,1031,-1, 1025,1032,1010,-1, 1010,1032,1033,-1, 1010,1033,1412,-1, 
          1412,1033,1034,-1, 1412,1034,1012,-1, 1035,1028,1412,-1, 1037,1052,955,-1, 1038,1039,955,-1, 955,1039,1040,-1, 
          955,1040,1074,-1, 1074,1040,1041,-1, 1074,1041,1042,-1, 1042,1043,1074,-1, 1074,1043,1044,-1, 1074,1044,1045,-1, 
          1045,1046,1074,-1, 1074,1046,1047,-1, 955,1048,1038,-1, 1047,1010,1074,-1, 1074,1010,958,-1, 1010,1047,1054,-1, 
          1036,1049,1010,-1, 1010,1049,1050,-1, 1010,1050,1051,-1, 955,1052,1053,-1, 955,1053,1059,-1, 1010,1054,1055,-1, 
          1010,1055,1036,-1, 1051,1056,1010,-1, 1010,1056,1057,-1, 955,1057,1058,-1, 955,1058,1037,-1, 1059,1048,955,-1, 
          1061,1079,955,-1, 1062,1063,955,-1, 955,1063,1064,-1, 955,1064,1065,-1, 1065,1064,1066,-1, 1065,1066,1067,-1, 
          1067,1068,1065,-1, 1065,1068,1069,-1, 1065,1069,1070,-1, 1070,1071,1065,-1, 1065,1071,1073,-1, 955,1072,1062,-1, 
          1073,1074,1065,-1, 1065,1074,958,-1, 1060,1076,1074,-1, 1074,1076,1077,-1, 1074,1077,1078,-1, 955,1079,1080,-1, 
          955,1080,1085,-1, 1074,1075,1081,-1, 1074,1081,1060,-1, 1078,1082,1074,-1, 1074,1082,1083,-1, 1074,1083,955,-1, 
          955,1083,1084,-1, 955,1084,1061,-1, 1085,1072,955,-1, 1087,1103,955,-1, 1088,1089,955,-1, 955,1089,1090,-1, 
          1065,1090,1091,-1, 1065,1091,1092,-1, 1092,1093,1065,-1, 1065,1093,1094,-1, 1065,1094,1095,-1, 1095,1096,1065,-1, 
          1086,1097,1065,-1, 1065,1097,1098,-1, 1065,1098,1099,-1, 955,1100,1088,-1, 1065,1101,1102,-1, 955,1103,1104,-1, 
          955,1104,1109,-1, 1096,1101,1065,-1, 1065,1102,1105,-1, 1065,1105,1086,-1, 1099,1106,1065,-1, 1065,1106,1107,-1, 
          1065,1107,955,-1, 955,1107,1108,-1, 955,1108,1087,-1, 1109,1100,955,-1, 1111,1112,1412,-1, 1113,1114,1125,-1, 
          1125,1114,1115,-1, 1125,1115,1116,-1, 1116,1117,1125,-1, 1125,1117,1127,-1, 1118,1119,1412,-1, 1412,1119,1120,-1, 
          1412,1120,1125,-1, 1125,1120,1121,-1, 1125,1121,1113,-1, 1110,1122,1065,-1, 1065,1122,1123,-1, 1065,1123,1124,-1, 
          1125,1065,958,-1, 1125,958,984,-1, 1125,1128,1065,-1, 1112,1132,1412,-1, 1412,1126,1118,-1, 1124,1129,1065,-1, 
          1065,1129,1130,-1, 1412,1130,1131,-1, 1412,1131,1111,-1, 1412,1132,1133,-1, 1133,1126,1412,-1, 1134,1135,1151,-1, 
          1134,1151,1137,-1, 1138,1139,1412,-1, 1135,1140,1151,-1, 1141,1142,1151,-1, 1142,1143,1151,-1, 1151,1143,1144,-1, 
          1151,1144,1137,-1, 1145,1153,1125,-1, 1136,1146,1125,-1, 1125,1146,1147,-1, 1125,1147,1148,-1, 1139,1158,1412,-1, 
          1412,1149,1150,-1, 1125,1151,1152,-1, 1125,1152,1145,-1, 1125,1153,1154,-1, 1125,1154,1136,-1, 1148,1155,1125,-1, 
          1125,1155,1156,-1, 1125,1156,1412,-1, 1412,1156,1157,-1, 1412,1157,1138,-1, 1412,1158,1159,-1, 1159,1149,1412,-1, 
          984,1412,1151,-1, 1151,1412,1141,-1, 1141,1412,1150,-1, 876,956,854,-1, 854,956,984,-1, 854,984,852,-1, 
          852,984,958,-1, 852,958,853,-1, 951,953,874,-1, 874,953,956,-1, 874,956,876,-1, 952,951,873,-1, 
          873,951,874,-1, 823,910,821,-1, 821,910,938,-1, 939,952,938,-1, 938,952,873,-1, 938,873,821,-1, 
          950,949,957,-1, 957,949,847,-1, 957,847,816,-1, 883,892,947,-1, 947,892,894,-1, 823,824,884,-1, 
          882,883,891,-1, 891,883,947,-1, 891,947,890,-1, 890,947,946,-1, 890,946,889,-1, 889,946,945,-1, 
          889,945,888,-1, 888,945,944,-1, 888,944,887,-1, 887,944,943,-1, 887,943,886,-1, 886,943,942,-1, 
          886,942,885,-1, 885,942,941,-1, 885,941,884,-1, 884,941,940,-1, 884,940,823,-1, 1160,1161,1177,-1, 
          1177,1161,1162,-1, 1177,1162,1163,-1, 1164,1165,1177,-1, 1177,1165,1166,-1, 1177,1166,1160,-1, 1167,1168,1177,-1, 
          1177,1168,1169,-1, 1177,1169,1164,-1, 1170,1171,1177,-1, 1177,1171,1172,-1, 1177,1172,1167,-1, 1173,1174,1177,-1, 
          1177,1174,1175,-1, 1177,1175,1170,-1, 1177,1178,1173,-1, 1179,1180,1177,-1, 1177,1180,1181,-1, 1177,1181,1176,-1, 
          1163,1182,1177,-1, 1177,1182,1183,-1, 1177,1183,1179,-1, 1174,988,1002,-1, 1182,995,1183,-1, 1183,995,994,-1, 
          1183,994,1179,-1, 1179,994,993,-1, 1179,993,1180,-1, 1180,993,992,-1, 1180,992,1181,-1, 1181,992,991,-1, 
          1181,991,1176,-1, 1176,991,990,-1, 1176,990,1177,-1, 1177,990,989,-1, 1177,989,1178,-1, 1178,989,988,-1, 
          1178,988,1173,-1, 1173,988,1174,-1, 1163,1004,1182,-1, 1182,1004,996,-1, 1182,996,995,-1, 983,1004,1162,-1, 
          1162,1004,1163,-1, 1162,1003,983,-1, 1161,985,1005,-1, 1161,1005,1162,-1, 1162,1005,1003,-1, 1161,1160,985,-1, 
          985,1160,1166,-1, 985,1166,997,-1, 997,1166,1165,-1, 997,1165,998,-1, 998,1165,1164,-1, 998,1164,999,-1, 
          999,1164,1169,-1, 999,1169,1006,-1, 1006,1169,1168,-1, 1006,1168,1007,-1, 1007,1168,1167,-1, 1007,1167,1008,-1, 
          1008,1167,1172,-1, 1008,1172,986,-1, 986,1172,1171,-1, 986,1171,987,-1, 1174,1002,1175,-1, 1175,1002,1009,-1, 
          1175,1009,1170,-1, 1170,1009,1001,-1, 1170,1001,1171,-1, 1171,1001,1000,-1, 1171,1000,987,-1, 879,881,35,-1, 
          35,881,64,-1, 878,767,880,-1, 880,767,768,-1, 1184,1014,1028,-1, 1185,1021,1186,-1, 1186,1021,1020,-1, 
          1186,1020,1187,-1, 1187,1020,1019,-1, 1187,1019,1188,-1, 1188,1019,1018,-1, 1188,1018,1189,-1, 1189,1018,1017,-1, 
          1189,1017,1190,-1, 1190,1017,1016,-1, 1190,1016,1191,-1, 1191,1016,1015,-1, 1191,1015,1192,-1, 1192,1015,1014,-1, 
          1192,1014,1207,-1, 1207,1014,1184,-1, 1193,1022,1185,-1, 1185,1022,1021,-1, 1194,1029,1193,-1, 1193,1029,1022,-1, 
          1194,1030,1029,-1, 1011,1010,1195,-1, 1195,1010,1031,-1, 1195,1031,1194,-1, 1194,1031,1030,-1, 1195,1196,1011,-1, 
          1011,1196,1197,-1, 1011,1197,1023,-1, 1023,1197,1198,-1, 1023,1198,1024,-1, 1024,1198,1199,-1, 1024,1199,1025,-1, 
          1025,1199,1200,-1, 1025,1200,1032,-1, 1032,1200,1201,-1, 1032,1201,1033,-1, 1033,1201,1202,-1, 1033,1202,1034,-1, 
          1034,1202,1203,-1, 1034,1203,1012,-1, 1012,1203,1204,-1, 1012,1204,1013,-1, 1184,1028,1205,-1, 1205,1028,1035,-1, 
          1205,1035,1206,-1, 1206,1035,1027,-1, 1206,1027,1204,-1, 1204,1027,1026,-1, 1204,1026,1013,-1, 1196,1195,1207,-1, 
          1207,1195,1194,-1, 1207,1194,1193,-1, 1199,1198,1207,-1, 1207,1198,1197,-1, 1207,1197,1196,-1, 1202,1201,1207,-1, 
          1207,1201,1200,-1, 1207,1200,1199,-1, 1206,1204,1207,-1, 1207,1204,1203,-1, 1207,1203,1202,-1, 1207,1184,1205,-1, 
          1207,1205,1206,-1, 1190,1191,1207,-1, 1207,1191,1192,-1, 1187,1188,1207,-1, 1207,1188,1189,-1, 1207,1189,1190,-1, 
          1193,1185,1207,-1, 1207,1185,1186,-1, 1207,1186,1187,-1, 1208,1038,1048,-1, 1209,1045,1210,-1, 1210,1045,1044,-1, 
          1210,1044,1211,-1, 1211,1044,1043,-1, 1211,1043,1212,-1, 1212,1043,1042,-1, 1212,1042,1213,-1, 1213,1042,1041,-1, 
          1213,1041,1231,-1, 1231,1041,1040,-1, 1231,1040,1214,-1, 1214,1040,1039,-1, 1214,1039,1215,-1, 1215,1039,1038,-1, 
          1215,1038,1216,-1, 1216,1038,1208,-1, 1217,1047,1209,-1, 1209,1047,1046,-1, 1209,1046,1045,-1, 1218,1047,1217,-1, 
          1218,1054,1047,-1, 1219,1036,1055,-1, 1219,1055,1218,-1, 1218,1055,1054,-1, 1219,1220,1036,-1, 1036,1220,1221,-1, 
          1036,1221,1049,-1, 1049,1221,1222,-1, 1049,1222,1050,-1, 1050,1222,1223,-1, 1050,1223,1051,-1, 1051,1223,1224,-1, 
          1051,1224,1056,-1, 1056,1224,1225,-1, 1056,1225,1057,-1, 1057,1225,1226,-1, 1057,1226,1058,-1, 1058,1226,1227,-1, 
          1058,1227,1037,-1, 1037,1227,1228,-1, 1037,1228,1052,-1, 1208,1048,1229,-1, 1229,1048,1059,-1, 1229,1059,1230,-1, 
          1230,1059,1053,-1, 1230,1053,1228,-1, 1228,1053,1052,-1, 1220,1219,1231,-1, 1231,1219,1218,-1, 1231,1218,1217,-1, 
          1223,1222,1231,-1, 1231,1222,1221,-1, 1231,1221,1220,-1, 1226,1225,1231,-1, 1231,1225,1224,-1, 1231,1224,1223,-1, 
          1230,1228,1231,-1, 1231,1228,1227,-1, 1231,1227,1226,-1, 1216,1208,1231,-1, 1231,1208,1229,-1, 1231,1229,1230,-1, 
          1231,1214,1215,-1, 1231,1215,1216,-1, 1211,1212,1231,-1, 1231,1212,1213,-1, 1217,1209,1231,-1, 1231,1209,1210,-1, 
          1231,1210,1211,-1, 1232,1062,1072,-1, 1233,1070,1234,-1, 1234,1070,1069,-1, 1234,1069,1235,-1, 1235,1069,1068,-1, 
          1235,1068,1236,-1, 1236,1068,1067,-1, 1236,1067,1237,-1, 1237,1067,1066,-1, 1237,1066,1255,-1, 1255,1066,1064,-1, 
          1255,1064,1238,-1, 1238,1064,1063,-1, 1238,1063,1239,-1, 1239,1063,1062,-1, 1239,1062,1240,-1, 1240,1062,1232,-1, 
          1241,1073,1233,-1, 1233,1073,1071,-1, 1233,1071,1070,-1, 1242,1073,1241,-1, 1242,1075,1074,-1, 1242,1074,1073,-1, 
          1243,1060,1081,-1, 1243,1081,1242,-1, 1242,1081,1075,-1, 1243,1244,1060,-1, 1060,1244,1245,-1, 1060,1245,1076,-1, 
          1076,1245,1246,-1, 1076,1246,1077,-1, 1077,1246,1247,-1, 1077,1247,1078,-1, 1078,1247,1248,-1, 1078,1248,1082,-1, 
          1082,1248,1249,-1, 1082,1249,1083,-1, 1083,1249,1250,-1, 1083,1250,1084,-1, 1084,1250,1251,-1, 1084,1251,1061,-1, 
          1061,1251,1252,-1, 1061,1252,1079,-1, 1232,1072,1253,-1, 1253,1072,1085,-1, 1253,1085,1254,-1, 1254,1085,1080,-1, 
          1254,1080,1252,-1, 1252,1080,1079,-1, 1244,1243,1255,-1, 1255,1243,1242,-1, 1255,1242,1241,-1, 1247,1246,1255,-1, 
          1255,1246,1245,-1, 1255,1245,1244,-1, 1250,1249,1255,-1, 1255,1249,1248,-1, 1255,1248,1247,-1, 1254,1252,1255,-1, 
          1255,1252,1251,-1, 1255,1251,1250,-1, 1240,1232,1255,-1, 1255,1232,1253,-1, 1255,1253,1254,-1, 1255,1238,1239,-1, 
          1255,1239,1240,-1, 1235,1236,1255,-1, 1255,1236,1237,-1, 1241,1233,1255,-1, 1255,1233,1234,-1, 1255,1234,1235,-1, 
          1256,1088,1100,-1, 1257,1095,1258,-1, 1258,1095,1094,-1, 1258,1094,1259,-1, 1259,1094,1093,-1, 1259,1093,1260,-1, 
          1260,1093,1092,-1, 1260,1092,1261,-1, 1261,1092,1091,-1, 1261,1091,1262,-1, 1262,1091,1090,-1, 1262,1090,1263,-1, 
          1263,1090,1089,-1, 1263,1089,1264,-1, 1264,1089,1088,-1, 1264,1088,1279,-1, 1279,1088,1256,-1, 1265,1096,1257,-1, 
          1257,1096,1095,-1, 1266,1101,1265,-1, 1265,1101,1096,-1, 1266,1102,1101,-1, 1267,1086,1105,-1, 1267,1105,1266,-1, 
          1266,1105,1102,-1, 1267,1268,1086,-1, 1086,1268,1269,-1, 1086,1269,1097,-1, 1097,1269,1270,-1, 1097,1270,1098,-1, 
          1098,1270,1271,-1, 1098,1271,1099,-1, 1099,1271,1272,-1, 1099,1272,1106,-1, 1106,1272,1273,-1, 1106,1273,1107,-1, 
          1107,1273,1274,-1, 1107,1274,1108,-1, 1108,1274,1275,-1, 1108,1275,1087,-1, 1087,1275,1276,-1, 1087,1276,1103,-1, 
          1256,1100,1277,-1, 1277,1100,1109,-1, 1277,1109,1278,-1, 1278,1109,1104,-1, 1278,1104,1276,-1, 1276,1104,1103,-1, 
          1268,1267,1279,-1, 1279,1267,1266,-1, 1279,1266,1265,-1, 1271,1270,1279,-1, 1279,1270,1269,-1, 1279,1269,1268,-1, 
          1274,1273,1279,-1, 1279,1273,1272,-1, 1279,1272,1271,-1, 1278,1276,1279,-1, 1279,1276,1275,-1, 1279,1275,1274,-1, 
          1279,1256,1277,-1, 1279,1277,1278,-1, 1262,1263,1279,-1, 1279,1263,1264,-1, 1259,1260,1279,-1, 1279,1260,1261,-1, 
          1279,1261,1262,-1, 1265,1257,1279,-1, 1279,1257,1258,-1, 1279,1258,1259,-1, 1280,1118,1126,-1, 1281,1116,1282,-1, 
          1282,1116,1115,-1, 1282,1115,1283,-1, 1283,1115,1114,-1, 1283,1114,1284,-1, 1284,1114,1113,-1, 1284,1113,1285,-1, 
          1285,1113,1121,-1, 1285,1121,1286,-1, 1286,1121,1120,-1, 1286,1120,1287,-1, 1287,1120,1119,-1, 1287,1119,1288,-1, 
          1288,1119,1118,-1, 1288,1118,1303,-1, 1303,1118,1280,-1, 1289,1127,1281,-1, 1281,1127,1117,-1, 1281,1117,1116,-1, 
          1125,1127,1290,-1, 1290,1127,1289,-1, 1290,1128,1125,-1, 1110,1065,1291,-1, 1291,1065,1128,-1, 1291,1128,1290,-1, 
          1291,1292,1110,-1, 1110,1292,1293,-1, 1110,1293,1122,-1, 1122,1293,1294,-1, 1122,1294,1123,-1, 1123,1294,1295,-1, 
          1123,1295,1124,-1, 1124,1295,1296,-1, 1124,1296,1129,-1, 1129,1296,1297,-1, 1129,1297,1130,-1, 1130,1297,1298,-1, 
          1130,1298,1131,-1, 1131,1298,1299,-1, 1131,1299,1111,-1, 1111,1299,1300,-1, 1111,1300,1112,-1, 1280,1126,1301,-1, 
          1301,1126,1133,-1, 1301,1133,1302,-1, 1302,1133,1132,-1, 1302,1132,1300,-1, 1300,1132,1112,-1, 1292,1291,1303,-1, 
          1303,1291,1290,-1, 1303,1290,1289,-1, 1295,1294,1303,-1, 1303,1294,1293,-1, 1303,1293,1292,-1, 1298,1297,1303,-1, 
          1303,1297,1296,-1, 1303,1296,1295,-1, 1302,1300,1303,-1, 1303,1300,1299,-1, 1303,1299,1298,-1, 1303,1280,1301,-1, 
          1303,1301,1302,-1, 1286,1287,1303,-1, 1303,1287,1288,-1, 1283,1284,1303,-1, 1303,1284,1285,-1, 1303,1285,1286,-1, 
          1289,1281,1303,-1, 1303,1281,1282,-1, 1303,1282,1283,-1, 1304,1150,1149,-1, 1305,1135,1306,-1, 1306,1135,1134,-1, 
          1306,1134,1307,-1, 1307,1134,1137,-1, 1307,1137,1308,-1, 1308,1137,1144,-1, 1308,1144,1309,-1, 1309,1144,1143,-1, 
          1309,1143,1310,-1, 1310,1143,1142,-1, 1310,1142,1327,-1, 1327,1142,1141,-1, 1327,1141,1311,-1, 1311,1141,1150,-1, 
          1311,1150,1312,-1, 1312,1150,1304,-1, 1313,1140,1305,-1, 1305,1140,1135,-1, 1152,1151,1314,-1, 1314,1151,1313,-1, 
          1313,1151,1140,-1, 1314,1153,1145,-1, 1314,1145,1152,-1, 1315,1136,1154,-1, 1315,1154,1314,-1, 1314,1154,1153,-1, 
          1315,1316,1136,-1, 1136,1316,1317,-1, 1136,1317,1146,-1, 1146,1317,1318,-1, 1146,1318,1147,-1, 1147,1318,1319,-1, 
          1147,1319,1148,-1, 1148,1319,1320,-1, 1148,1320,1155,-1, 1155,1320,1321,-1, 1155,1321,1156,-1, 1156,1321,1322,-1, 
          1156,1322,1157,-1, 1157,1322,1323,-1, 1157,1323,1138,-1, 1138,1323,1324,-1, 1138,1324,1139,-1, 1304,1149,1325,-1, 
          1325,1149,1159,-1, 1325,1159,1326,-1, 1326,1159,1158,-1, 1326,1158,1324,-1, 1324,1158,1139,-1, 1316,1315,1327,-1, 
          1327,1315,1314,-1, 1327,1314,1313,-1, 1319,1318,1327,-1, 1327,1318,1317,-1, 1327,1317,1316,-1, 1322,1321,1327,-1, 
          1327,1321,1320,-1, 1327,1320,1319,-1, 1326,1324,1327,-1, 1327,1324,1323,-1, 1327,1323,1322,-1, 1312,1304,1327,-1, 
          1327,1304,1325,-1, 1327,1325,1326,-1, 1327,1311,1312,-1, 1307,1308,1327,-1, 1327,1308,1309,-1, 1327,1309,1310,-1, 
          1313,1305,1327,-1, 1327,1305,1306,-1, 1327,1306,1307,-1, 1328,777,770,-1, 1328,770,1329,-1, 1329,770,769,-1, 
          1329,769,1330,-1, 1330,769,776,-1, 1330,776,1331,-1, 1331,776,775,-1, 1331,775,1332,-1, 1332,775,774,-1, 
          1332,774,1333,-1, 1333,774,773,-1, 1333,773,1334,-1, 1334,773,772,-1, 1334,772,1335,-1, 1335,772,771,-1, 
          1335,771,1336,-1, 1337,1336,779,-1, 779,1336,771,-1, 826,792,799,-1, 826,799,832,-1, 832,799,798,-1, 
          832,798,833,-1, 833,798,797,-1, 833,797,834,-1, 834,797,802,-1, 834,802,835,-1, 835,802,801,-1, 
          835,801,831,-1, 831,801,800,-1, 831,800,830,-1, 830,800,796,-1, 830,796,829,-1, 829,796,795,-1, 
          829,795,828,-1, 778,777,1338,-1, 1338,777,1328,-1, 1338,1328,1337,-1, 1337,1328,1329,-1, 1336,1337,1335,-1, 
          1335,1337,1329,-1, 1335,1329,1334,-1, 1334,1329,1330,-1, 1330,1331,1334,-1, 1334,1331,1332,-1, 1334,1332,1333,-1, 
          1339,787,783,-1, 1339,783,1340,-1, 1340,783,782,-1, 1340,782,1341,-1, 1341,782,781,-1, 1341,781,1342,-1, 
          1342,781,786,-1, 1342,786,1343,-1, 1343,786,785,-1, 1343,785,1344,-1, 1344,785,784,-1, 1344,784,1345,-1, 
          1345,784,780,-1, 1345,780,1346,-1, 1346,780,790,-1, 1346,790,1347,-1, 1348,1347,789,-1, 789,1347,790,-1, 
          837,808,807,-1, 837,807,841,-1, 841,807,806,-1, 841,806,840,-1, 840,806,813,-1, 840,813,842,-1, 
          842,813,812,-1, 842,812,843,-1, 843,812,811,-1, 843,811,844,-1, 844,811,805,-1, 844,805,846,-1, 
          846,805,804,-1, 846,804,845,-1, 845,804,803,-1, 845,803,839,-1, 788,787,1349,-1, 1349,787,1339,-1, 
          1347,1348,1346,-1, 1346,1348,1349,-1, 1346,1349,1345,-1, 1342,1343,1341,-1, 1341,1343,1340,-1, 1349,1339,1345,-1, 
          1345,1339,1340,-1, 1345,1340,1344,-1, 1344,1340,1343,-1, 810,809,838,-1, 838,809,836,-1, 1349,1348,788,-1, 
          788,1348,789,-1, 794,793,827,-1, 827,793,825,-1, 1338,1337,778,-1, 778,1337,779,-1, 1350,1351,1352,-1, 
          1352,1351,1353,-1, 868,820,877,-1, 877,820,819,-1, 1359,875,869,-1, 869,875,870,-1, 1355,1354,1357,-1, 
          1357,1354,1356,-1, 1357,1356,1358,-1, 1357,1358,877,-1, 877,1358,868,-1, 877,1359,1357,-1, 1357,1359,1360,-1, 
          1357,1360,1355,-1, 1355,1360,1361,-1, 1359,869,1362,-1, 1359,1362,1360,-1, 1360,1362,1363,-1, 1360,1363,1361,-1, 
          1361,1363,1364,-1, 1354,1364,1363,-1, 1354,1363,1356,-1, 1356,1363,1362,-1, 1356,1362,1358,-1, 1358,1362,869,-1, 
          1358,869,868,-1, 1366,1354,1367,-1, 1367,1354,1355,-1, 1367,1355,1371,-1, 1371,1355,1361,-1, 1371,1361,1365,-1, 
          1365,1361,1364,-1, 1364,1354,1365,-1, 1365,1354,1366,-1, 1366,1367,1368,-1, 1368,1367,1369,-1, 1370,1369,1367,-1, 
          1370,1367,1371,-1, 1372,1370,1371,-1, 1372,1371,1365,-1, 1365,1366,1372,-1, 1372,1366,1368,-1, 1375,1368,1373,-1, 
          1373,1368,1369,-1, 1373,1369,1376,-1, 1376,1369,1370,-1, 1376,1370,1377,-1, 1377,1370,1372,-1, 1372,1368,1377,-1, 
          1377,1368,1375,-1, 1373,1374,1375,-1, 1376,1377,1378,-1, 1374,1378,1377,-1, 1374,1377,1375,-1, 1353,1374,1352,-1, 
          1352,1374,1373,-1, 1352,1373,1350,-1, 1350,1373,1376,-1, 1350,1376,1351,-1, 1351,1376,1378,-1, 1378,1374,1351,-1, 
          1351,1374,1353,-1, 1379,1380,1381,-1, 1381,1380,1382,-1, 855,815,851,-1, 851,815,814,-1, 1388,849,856,-1, 
          856,849,857,-1, 1384,1383,1386,-1, 1386,1383,1385,-1, 1386,1385,1387,-1, 1386,1387,851,-1, 851,1387,855,-1, 
          851,1388,1386,-1, 1386,1388,1389,-1, 1386,1389,1384,-1, 1384,1389,1390,-1, 1388,856,1391,-1, 1388,1391,1389,-1, 
          1389,1391,1392,-1, 1389,1392,1390,-1, 1390,1392,1393,-1, 1383,1393,1392,-1, 1383,1392,1385,-1, 1385,1392,1391,-1, 
          1385,1391,1387,-1, 1387,1391,856,-1, 1387,856,855,-1, 1395,1383,1396,-1, 1396,1383,1384,-1, 1396,1384,1400,-1, 
          1400,1384,1390,-1, 1400,1390,1394,-1, 1394,1390,1393,-1, 1393,1383,1394,-1, 1394,1383,1395,-1, 1395,1396,1397,-1, 
          1397,1396,1398,-1, 1399,1398,1396,-1, 1399,1396,1400,-1, 1401,1399,1400,-1, 1401,1400,1394,-1, 1394,1395,1401,-1, 
          1401,1395,1397,-1, 1404,1397,1402,-1, 1402,1397,1398,-1, 1402,1398,1405,-1, 1405,1398,1399,-1, 1405,1399,1406,-1, 
          1406,1399,1401,-1, 1401,1397,1406,-1, 1406,1397,1404,-1, 1402,1403,1404,-1, 1405,1406,1407,-1, 1403,1407,1406,-1, 
          1403,1406,1404,-1, 1379,1403,1380,-1, 1380,1403,1402,-1, 1380,1402,1382,-1, 1382,1402,1405,-1, 1382,1405,1381,-1, 
          1381,1405,1407,-1, 1407,1403,1381,-1, 1381,1403,1379,-1
        ]
      }
      appearance Appearance
      {
        material Material
        {
	       ambientIntensity 0.2
	       diffuseColor 0.9 0.9 0.9
	       specularColor .1 .1 .1
	       shininess .5
        }
      }
    }
  ]
}
